canonical_id,title,author,orig_year,publication_year,description,source_flag,n_voters
OL:OL20867W,Middlemarch,George Eliot,1871,1872,"In the provincial English town of Middlemarch, the idealistic Dorothea Brooke marries the dry scholar Edward Casaubon while the ambitious young doctor Tertius Lydgate sinks into debt and a difficult marriage, their lives crossing amid the politics and gossip of the community. A long Victorian novel known for its psychological realism and interlocking provincial portraits.",Wikipedia,83
OL:OL267096W,Anna Karenina,Leo Tolstoy,1877,1877,"In imperial Russia, the married Anna Karenina abandons her husband and son for an affair with the officer Count Vronsky, while the landowner Konstantin Levin courts Kitty and searches for meaning on his estate. Known for its realism and its parallel treatment of love, marriage, and Russian society.",Wikipedia,60
OL:OL86318W,Ulysses,James Joyce,1914,1922,"Leopold Bloom wanders through Dublin over the course of a single day, June 16, 1904, crossing paths with the young Stephen Dedalus as his wife Molly waits at home. Known for its stream-of-consciousness technique and its parallels to Homer's Odyssey.",Wikipedia,58
OL:OL19350876W,Madame Bovary,Gustave Flaubert,1857,1857,"In provincial Normandy, the doctor's wife Emma Bovary, bored by her marriage to the dull Charles, pursues affairs and luxuries on credit until her debts overwhelm her. Known for its realism and the obscenity trial that followed its serialization.",Wikipedia,52
OL:OL50548W,Beloved,Toni Morrison,1987,1987,"In Ohio after the Civil War, the former slave Sethe lives in a house haunted by the daughter she killed to keep her from being returned to slavery, until a young woman calling herself Beloved arrives. A novel known for its treatment of slavery and memory, and winner of the Pulitzer Prize.",Wikipedia,52
OL:OL34381078W,The Great Gatsby,F. Scott Fitzgerald,1925,1925,"On Long Island in the 1920s, the mysterious millionaire Jay Gatsby throws lavish parties in pursuit of his lost love Daisy Buchanan, watched by his neighbor and narrator Nick Carraway. Known for its portrait of the Jazz Age and the American Dream.",Wikipedia,49
OL:OL1190289W,In Search of Lost Time,Marcel Proust,,1913–1927,"The narrator recalls his life in French high society, from childhood in Combray to love affairs and salons in Paris, his memories triggered by sensations like the taste of a madeleine. A seven-volume novel known for its length and its exploration of involuntary memory.",Wikipedia,47
OL:OL39396W,To the Lighthouse,Virginia Woolf,1927,1927,"The Ramsay family and their guests gather at a summer house on the Isle of Skye, where a planned trip to a nearby lighthouse is delayed for years across the span of the novel. Known for its stream-of-consciousness narration and shifting points of view.",Wikipedia,46
OL:OL267171W,War and Peace,Leo Tolstoy,1869,1869,"Aristocratic families including the Bezukhovs, Bolkonskys, and Rostovs live through Russia's wars against Napoleon, as Pierre, Andrei, and Natasha search for meaning amid invasion and society. A long novel known for blending domestic drama with the history of the 1812 French invasion.",Wikipedia,45
OL:OL102749W,Moby-Dick,Herman Melville,1851,1851,"Aboard the whaling ship Pequod, the sailor Ishmael joins Captain Ahab's obsessive hunt for the white whale that bit off his leg, as the voyage drives toward disaster. Known for its digressions on whaling and its symbolic ambition.",Wikipedia,42
OL:OL274505W,One Hundred Years of Solitude,Gabriel García Márquez,1967,1967,"In the founded town of Macondo, seven generations of the Buendía family live through love, war, and repetition, marked by prophecies and strange occurrences. A novel known for its magical realism and its allegory of Latin American history.",Wikipedia,38
OL:OL1095427W,Jane Eyre,Charlotte Brontë,1847,1847,"Orphaned and mistreated, Jane Eyre grows up to become governess at Thornfield Hall, where she falls in love with her employer Mr. Rochester and discovers the secret he keeps locked upstairs. Known for its first-person narration and its blend of romance and Gothic elements.",Wikipedia,37
OL:OL627084W,Lolita,Vladimir Nabokov,1955,1955,"The middle-aged European Humbert Humbert becomes obsessed with twelve-year-old Dolores Haze, marries her mother to be near her, and takes the girl on a long road trip across America after the mother's death. A novel known for its controversial subject and its elaborate prose.",Wikipedia,36
OL:OL15165350W,Pride and Prejudice,Jane Austen,1710,1813,"In rural England, Elizabeth Bennet, second of five daughters, clashes with the proud, wealthy Mr. Darcy while her family pursues advantageous marriages. Known for its wit and its treatment of class, marriage, and reputation.",Wikipedia,33
OL:OL53908W,Huckleberry Finn,Mark Twain,1884,1884,"Huckleberry Finn fakes his own death and floats down the Mississippi River on a raft with the runaway slave Jim, drifting through encounters with con men and feuding families. Known for its vernacular narration and its treatment of slavery and race.",Wikipedia,30
OL:OL26733889W,Mrs Dalloway,Virginia Woolf,1925,1925,"In London on a single day, Clarissa Dalloway prepares for an evening party while the shell-shocked veteran Septimus Smith spirals toward suicide across the city. Known for its stream-of-consciousness narration and its compression of time into one day.",Wikipedia,30
OL:OL190034W,Emma,Jane Austen,1815,1815,"In the village of Highbury, the wealthy and clever Emma Woodhouse meddles in the romances of those around her, mismatching couples while remaining blind to her own feelings for Mr. Knightley. A comic novel known for its handling of self-deception and social misjudgment.",Wikipedia,29
OL:OL32013322W,"The Life and Opinions of Tristram Shandy, Gentleman",Laurence Sterne,1759,1767,"Tristram Shandy sets out to tell the story of his own life but is constantly sidetracked by digressions, leaving his birth and family, including his father Walter and Uncle Toby, the real subject. A comic novel known for its digressive structure and typographic experiments.",Wikipedia,28
OL:OL40756300W,Persuasion,Jane Austen,1817,1817,"Years after being persuaded to reject the naval officer Frederick Wentworth, Anne Elliot encounters him again, now wealthy, as her vain father's debts force the family to economize. A novel known for its mature romance and its restrained, ironic tone.",Wikipedia,26
OL:OL14868508W,Bleak House,Charles Dickens,1853,1853,"The interminable lawsuit Jarndyce and Jarndyce drags through the Court of Chancery as Esther Summerson, Lady Dedlock, and a wide cast become entangled in its mysteries and the secrets of Esther's birth. A novel known for its satire of the English legal system and its dual narration.",Wikipedia,26
OL:OL276365W,The Portrait of a Lady,Henry James,1881,1881,"The independent young American Isabel Archer inherits a fortune and travels through Europe, rejecting suitors before marrying the cold dilettante Gilbert Osmond and learning the truth about his motives. Known for its psychological portraiture and its study of a woman's choices.",Wikipedia,25
OL:OL44222301W,Don Quixote,Miguel de Cervantes,,1615,"The aging Alonso Quijano of La Mancha reads so many chivalric romances that he names himself Don Quixote, recruits the peasant Sancho Panza as his squire, and rides out tilting at windmills he takes for giants. Often called the first modern novel and known for its satire of chivalric romance.",Wikipedia,25
OL:OL8721462W,Great Expectations,Charles Dickens,1861,1861,"The orphan Pip, raised by his sister in the Kent marshes, receives a fortune from an unknown benefactor and moves to London to become a gentleman, pining for the cold Estella. A novel known for its first-person narration and its theme of social ambition.",Wikipedia,23
OL:OL21170W,Wuthering Heights,Emily Brontë,1847,1847,"On the Yorkshire moors, the foundling Heathcliff and Catherine Earnshaw form a destructive bond that, after her marriage to another, drives Heathcliff to revenge across two generations of two families. Known for its frame narration and its bleak, passionate intensity.",Wikipedia,22
OL:OL10432709W,The Brothers Karamazov,Fyodor Dostoevsky,1880,1880,"In a Russian town, the brothers Dmitri, Ivan, and Alexei Karamazov clash with their dissolute father Fyodor, whose murder brings suspicion onto Dmitri and a trial. A novel known for its debates on faith, doubt, and morality, including the parable of the Grand Inquisitor.",Wikipedia,22
OL:OL166894W,Crime and Punishment,Fyodor Dostoevsky,1866,1866,"In St. Petersburg, the impoverished former student Raskolnikov murders a pawnbroker to test his theory that some men are above moral law, then is consumed by guilt as the detective Porfiry circles him. Known for its psychological study of crime and conscience.",Wikipedia,20
K:3b04f3eef439,Stories of Flannery O'Connor,Flannery O’Connor,,1971,"A collection of thirty-one short stories set largely in the rural American South, including ""A Good Man Is Hard to Find"" and ""Everything That Rises Must Converge,"" many ending in sudden violence or revelation. Awarded the National Book Award for Fiction and known for its dark comedy and Catholic themes.",Wikipedia,20
OL:OL495470W,Invisible Man,Ralph Ellison,1952,1952,"An unnamed Black narrator recounts his journey from a Southern college through Harlem and a political organization called the Brotherhood, concluding that society refuses to see him. A novel known for its treatment of race and identity, and winner of the National Book Award.",Wikipedia,19
OL:OL1168083W,Nineteen Eighty-Four,George Orwell,1949,1949,"In the totalitarian superstate of Oceania, the party functionary Winston Smith secretly rebels against the surveillance of Big Brother and begins an affair with Julia before the Thought Police catch them. A dystopian novel known for concepts like doublethink, Newspeak, and Room 101.",Wikipedia,19
K:6b584d1b9428,Stories of Anton Chekhov,Anton Chekhov,,c. 1880–1904,"A collection of short stories set across Russia, depicting peasants, doctors, clerks, and gentry in works such as ""The Lady with the Dog"" and ""Ward No. 6."" Known for their understated realism and lack of conventional moralizing.",FLAG: no single English Wikipedia page for this exact collection — grounded in Anton Chekhov bibliography and individual story pages on English Wikipedia,18
OL:OL498463W,The Trial,Franz Kafka,1925,1925,"The bank official Josef K. is arrested one morning by unidentified agents for a crime that is never named, and is drawn into a baffling, faceless legal bureaucracy as he tries to defend himself. A novel known for its nightmarish portrayal of an opaque justice system.",Wikipedia,18
OL:OL59048W,The Remains of the Day,Kazuo Ishiguro,1989,1989,"The English butler Stevens takes a motoring trip across the countryside in 1956, recalling his decades of service at Darlington Hall and his repressed feelings for the housekeeper Miss Kenton. A novel known for its restrained narration and winner of the Booker Prize.",Wikipedia,17
OL:OL82870W,The Sound and the Fury,William Faulkner,1929,1929,"The decline of the Compson family in Mississippi is told in four sections, including ones narrated by the disabled Benjy and the suicidal Quentin, circling the lost sister Caddy. A novel known for its stream-of-consciousness narration and fractured chronology.",Wikipedia,16
K:fbe28ea907ef,Hamlet,William Shakespeare,1600,c. 1600,"Prince Hamlet of Denmark is visited by the ghost of his murdered father, who names his uncle Claudius as the killer, and Hamlet feigns madness while plotting revenge as the court spirals toward death. A tragedy famous for its soliloquies and its hero's hesitation.",Wikipedia,16
OL:OL627081W,Pale Fire,Vladimir Nabokov,1962,1962,"The exiled scholar Charles Kinbote edits a 999-line poem by the recently murdered American poet John Shade, filling his foreword, commentary, and index with a delusional tale of his own escape as the deposed king of distant Zembla. A novel built entirely as a poem with annotations, leaving its true authorship in doubt.",Wikipedia,16
OL:OL457179W,Midnight's Children,Salman Rushdie,1981,1981,"Saleem Sinai, born at the stroke of midnight as India gains independence on August 15, 1947, finds himself telepathically linked to the other children born that hour and narrates his family's history against the nation's turbulent decades. It won the Booker Prize and was later named the best of the prize's first twenty-five years.",Wikipedia,16
OL:OL23205W,The Grapes of Wrath,John Steinbeck,1939,1939,"The Joad family, driven off their Oklahoma farm by drought and the Dust Bowl, load a truck and migrate to California seeking work, only to meet exploitation and hardship in the migrant camps. It won the Pulitzer Prize and became a defining account of the Great Depression.",Wikipedia,15
K:d2d9f9b0f145,"Absalom, Absalom!",William Faulkner,1936,1936,"Quentin Compson and others piece together the rise and fall of Thomas Sutpen, a poor man who builds a Mississippi plantation dynasty before the Civil War and is destroyed by his own designs and the secrets of his children. A novel told through layered, conflicting narrators reconstructing the same Southern past.",Wikipedia,15
OL:OL891786W,Things Fall Apart,Chinua Achebe,1958,1958,"Okonkwo, a respected wrestler and yam farmer in the Igbo village of Umuofia, governs his household by strength and pride until the arrival of British missionaries and colonial administrators unravels his world. One of the most widely read works of African literature, written in English.",Wikipedia,15
OL:OL26437W,The Prime of Miss Jean Brodie,Muriel Spark,1961,1961,"At a girls' school in 1930s Edinburgh, the charismatic teacher Jean Brodie grooms a chosen set of pupils with her ideas on art, love, and fascism, until one of them betrays her. A short novel that moves back and forth in time to reveal which girl turns against her.",Wikipedia,14
OL:OL8662242W,David Copperfield,Charles Dickens,,1850,"David Copperfield recounts his life from a harsh childhood under his cruel stepfather Murdstone, through schooling, work, and marriage, encountering figures such as Mr. Micawber, Uriah Heep, and his aunt Betsey Trotwood. A largely autobiographical novel issued in monthly serial parts.",Wikipedia,14
K:04ef5684be62,Dubliners,James Joyce,1916,1914,"Fifteen short stories trace the lives of Dublin residents, moving from childhood through adolescence and maturity to public life, and closing with ""The Dead,"" in which Gabriel Conroy confronts his wife's buried memory. A collection known for its precise realism and moments of sudden self-recognition.",Wikipedia,13
OL:OL42718662W,"Rabbit, Run",John Updike,1960,1960,"Harry ""Rabbit"" Angstrom, a twenty-six-year-old former high school basketball star stuck in a dull job and marriage in small-town Pennsylvania, abruptly abandons his pregnant wife and drifts between her and a part-time prostitute. The first of four novels following Rabbit across the decades.",Wikipedia,13
OL:OL463820W,Rabbit Is Rich,John Updike,1981,1981,"Now in his forties and running his late father-in-law's Toyota dealership during the 1979 energy crisis, Harry ""Rabbit"" Angstrom enjoys new prosperity while contending with his troubled adult son Nelson. The third Rabbit novel, which won the Pulitzer Prize.",Wikipedia,13
OL:OL463809W,Rabbit at Rest,John Updike,1990,1990,"An aging, heart-troubled Harry ""Rabbit"" Angstrom, semi-retired in Florida and still tangled with his son Nelson's addictions and the family business, moves toward a final reckoning with his own mortality. The fourth and last Rabbit novel, which won the Pulitzer Prize.",Wikipedia,13
OL:OL40879W,Blood Meridian,Cormac McCarthy,1985,1985,"A runaway teenager known as the kid falls in with the Glanton gang of scalp hunters along the Texas-Mexico borderlands around 1850, riding through relentless massacres dominated by the enormous, philosophizing Judge Holden. A novel known for its extreme violence and dense prose.",Wikipedia,13
OL:OL38663W,Heart of Darkness,Joseph Conrad,1899,1899,"The seaman Marlow recounts his journey up the Congo River for a Belgian trading company to find Kurtz, an ivory agent who has set himself up as a godlike ruler among the people of the interior. A novella widely read as a study of imperialism and moral corruption.",Wikipedia,13
K:5fcc86b529ea,Rabbit Redux,John Updike,1971,1971,"Harry ""Rabbit"" Angstrom, now a aging-feeling typesetter whose wife has left him, takes a young runaway and a Black radical named Skeeter into his Pennsylvania home as the country churns through 1969. The second Rabbit novel, set against the moon landing and racial unrest.",Wikipedia,12
OL:OL98491W,The Age of Innocence,Edith Wharton,1920,1920,"In 1870s upper-class New York, the lawyer Newland Archer is engaged to the conventional May Welland when he falls for her unconventional cousin, the Countess Ellen Olenska, who has fled a bad European marriage. It won the Pulitzer Prize and dissects the rigid codes of Gilded Age society.",Wikipedia,12
OL:OL14866824W,The Magic Mountain,Thomas Mann,1924,1924,"Hans Castorp, a young engineer, visits his cousin at a tuberculosis sanatorium high in the Swiss Alps for three weeks and ends up staying seven years, drawn into illness, ideas, and debates among the patients. A long novel of ideas set just before the First World War.",Wikipedia,12
OL:OL50564W,Song of Solomon,Toni Morrison,1977,1977,"Macon ""Milkman"" Dead, born into a well-off Black family in Michigan, travels south to trace his ancestry and a rumored cache of gold, uncovering his family's history of flight and a legend of an ancestor who flew back to Africa. It won the National Book Critics Circle Award.",Wikipedia,12
OL:OL675783W,The Handmaid's Tale,Margaret Atwood,1985,1985,"In the near-future theocracy of Gilead, which has overthrown the United States, the handmaid Offred is assigned to a Commander's household to bear children for the ruling class amid widespread infertility. A dystopian novel narrated by a woman reduced to her reproductive role.",Wikipedia,12
K:bc4aa7549271,King Lear,William Shakespeare,1605,c. 1605,"The aging King Lear divides his kingdom among his daughters by how much they flatter him, banishing the honest Cordelia and falling into madness after the scheming Goneril and Regan turn on him. A tragedy paired with a subplot of the betrayed Earl of Gloucester and his sons.",Wikipedia,11
OL:OL3140822W,To Kill a Mockingbird,Harper Lee,1960,1960,"In Depression-era Maycomb, Alabama, young Scout Finch watches her lawyer father Atticus defend Tom Robinson, a Black man falsely accused of raping a white woman, while she and her brother puzzle over their reclusive neighbor Boo Radley. It won the Pulitzer Prize and became a standard of American school reading.",Wikipedia,11
OL:OL26860869W,Frankenstein,Mary Shelley,1818,1818,"The scientist Victor Frankenstein assembles a living creature from dead matter, then flees in horror as the rejected being, denied companionship, turns to vengeance against his maker's family. An early work of science fiction told through nested narratives.",Wikipedia,11
OL:OL509889W,The Good Soldier,Ford Madox Ford,1915,1915,"John Dowell slowly pieces together how his wife Florence and his friend Edward Ashburnham carried on a long affair at a German spa, exposing the wreckage beneath two outwardly proper marriages. A novel told out of sequence by an unreliable narrator.",Wikipedia,11
OL:OL1230613W,The Outsider,Albert Camus,1942,1942,"Meursault, a detached French Algerian clerk, shows no grief at his mother's funeral and later shoots an Arab man on a sunlit Algiers beach, then faces trial more for his indifference than for the killing. A novel associated with absurdist philosophy and its emotionally flat narration.",Wikipedia,11
OL:OL151411W,Alice's Adventures in Wonderland,Lewis Carroll,1865,1865,"A bored girl named Alice follows a waistcoated white rabbit down a hole and wanders an underground world of riddles and changing sizes, meeting the Cheshire Cat, the Mad Hatter, and the Queen of Hearts. A children's book famous for its nonsense logic and wordplay.",Wikipedia,10
OL:OL41225848W,A Portrait of the Artist as a Young Man,James Joyce,1916,1916,"Stephen Dedalus grows up in late nineteenth-century Ireland, moving from a strict Catholic boyhood and Jesuit schooling toward a decision to reject religion and country and devote himself to art. A semi-autobiographical novel whose style matures alongside its protagonist.",Wikipedia,10
K:de8ae851971a,The Odyssey,Homer,,c. 8th century BCE,"The Greek hero Odysseus spends ten years struggling home from the Trojan War, surviving the Cyclops, Circe, the Sirens, and the wrath of Poseidon, while his wife Penelope holds off suitors in Ithaca. An ancient Greek epic poem and a foundation of Western literature.",Wikipedia,10
OL:OL16313W,Vanity Fair,William Makepeace Thackeray,1848,1848,"Across early nineteenth-century England, the scheming, penniless Becky Sharp climbs through society by any means while her gentle schoolmate Amelia Sedley suffers in love and fortune. A satirical novel subtitled ""A Novel without a Hero.""",Wikipedia,10
OL:OL2386322W,The Leopard,Giuseppe Tomasi di Lampedusa,1958,1958,"As Garibaldi's troops land in Sicily in 1860, the aristocrat Don Fabrizio, Prince of Salina, watches his class lose power to a rising middle order while his nephew Tancredi marries into new money. A historical novel published after its author's death.",Wikipedia,10
OL:OL27778127W,Their Eyes Were Watching God,Zora Neale Hurston,1937,1937,"Janie Crawford returns to her Florida town and recounts her life through three marriages, finding independence and love with the younger Tea Cake before tragedy strikes during a hurricane. A novel notable for its use of Black Southern vernacular speech.",Wikipedia,10
OL:OL464512W,Wolf Hall,Hilary Mantel,2009,2009,"In Tudor England, the blacksmith's son Thomas Cromwell rises to become Henry VIII's chief minister, engineering the king's break with Rome and divorce from Catherine of Aragon so he can marry Anne Boleyn. It won the Booker Prize.",Wikipedia,10
OL:OL1052133W,The God of Small Things,Arundhati Roy,1997,1997,"In Kerala, India, the twins Rahel and Estha reunite as adults and recall the childhood day in 1969 when a visiting cousin drowned and their family was torn apart by a forbidden love across caste lines. It won the Booker Prize.",Wikipedia,10
OL:OL62979W,The Sun Also Rises,Ernest Hemingway,1926,1926,"A group of American and British expatriates, including the wounded veteran Jake Barnes and Lady Brett Ashley, drift from Paris cafés to the bullfights at the Pamplona fiesta, drinking and chasing one another. A novel associated with the disillusioned postwar ""Lost Generation.""",Wikipedia,9
OL:OL98459W,Slaughterhouse-Five,Kurt Vonnegut,1969,1969,"Billy Pilgrim, an American optometrist and World War II veteran who survived the firebombing of Dresden as a prisoner of war, becomes ""unstuck in time"" and is abducted by aliens from the planet Tralfamadore. An anti-war novel that mixes autobiography, science fiction, and a fractured chronology to depict the Dresden bombing.",Wikipedia,9
OL:OL12791W,My Ántonia,Willa Cather,1918,1918,"Jim Burden recalls his Nebraska boyhood and his friendship with Ántonia Shimerda, the daughter of Bohemian immigrant homesteaders, as the two grow up on the prairie and follow separate paths into adulthood. Known for its portrait of immigrant pioneers and frontier life on the Great Plains.",Wikipedia,9
OL:OL3335245W,The Catcher in the Rye,J. D. Salinger,1951,1951,"Holden Caulfield, a teenager recently expelled from his prep school, wanders New York City over a few days, avoiding home and meeting old friends, teachers, and strangers while narrating his disgust with ""phonies."" Told in colloquial first-person voice, it became a defining novel of adolescent alienation.",Wikipedia,9
OL:OL93082W,The Divine Comedy,Dante Alighieri,1321,c. 1308–1321,"The poet, guided first by the Roman poet Virgil and later by Beatrice, journeys through Hell, Purgatory, and Paradise, meeting damned, penitent, and blessed souls across the three realms of the afterlife. An epic poem in Italian terza rima that became a foundational work of Western literature.",Wikipedia,9
OL:OL103066W,The Transit of Venus,Shirley Hazzard,1980,1980,"Two orphaned Australian sisters, Caro and Grace Bell, settle in England in the 1950s, where the astronomer Ted Tice loves Caro while she pursues the unscrupulous playwright Paul Ivory across three decades. Known for its compressed prose, ironic foreshadowing, and its tracing of love and fate.",Wikipedia,9
OL:OL1875010W,Housekeeping,Marilynne Robinson,1980,1980,"After their mother's suicide, sisters Ruth and Lucille are raised in the Idaho town of Fingerbone by a succession of relatives and finally by their drifting aunt Sylvie, whose unconventional ways pull the girls in opposite directions. Known for its prose and its themes of transience and loss.",Wikipedia,9
OL:OL500451W,Disgrace,JM Coetzee,1999,1999,"David Lurie, a Cape Town professor disgraced after an affair with a student, retreats to his daughter Lucy's smallholding, where a brutal attack by three men forces both of them to confront violence and powerlessness in post-apartheid South Africa. Won the Booker Prize.",Wikipedia,9
OL:OL31259W,The Golden Notebook,Doris Lessing,1962,1962,"The writer Anna Wulf keeps four colored notebooks recording different parts of her life—politics, her African past, a novel, and her emotional breakdown—which she tries to unify in a fifth, golden notebook. Known for its fragmented structure and its treatment of women's inner lives and 1950s communism.",Wikipedia,9
OL:OL468485W,Tender Is the Night,F. Scott Fitzgerald,1934,1934,"Dick Diver, a promising American psychiatrist, marries his wealthy patient Nicole, and the couple's glamorous life among expatriates on the French Riviera slowly unravels as his career and marriage decline. Known for its account of expatriate decadence and a deteriorating marriage in the 1920s.",Wikipedia,8
OL:OL676009W,The Master and Margarita,Mikhail Bulgakov,1966,1967,"The Devil, calling himself Professor Woland, arrives in atheist Soviet Moscow with a retinue including a talking black cat and wreaks havoc, while a parallel narrative retells Pontius Pilate's judgment of Yeshua and the imprisoned Master writes a novel about it. A satire of Soviet society combining comedy and the supernatural.",Wikipedia,8
OL:OL82929W,As I Lay Dying,William Faulkner,1930,1930,"The Bundren family of rural Mississippi hauls the coffin of their mother, Addie, across flooded country to bury her in Jefferson, each member narrating chapters that reveal private motives behind the funeral journey. Told through fifteen narrators in stream-of-consciousness chapters.",Wikipedia,8
OL:OL39316W,The Waves,Virginia Woolf,1931,1931,"Six friends—Bernard, Susan, Rhoda, Neville, Jinny, and Louis—speak in alternating interior monologues that follow them from childhood to old age, punctuated by descriptions of the sun crossing the sea over a single day. An experimental novel built almost entirely from soliloquies.",Wikipedia,8
OL:OL41368739W,Our Mutual Friend,Charles Dickens,,1865,"The presumed-drowned John Harmon returns to London under an assumed name to observe Bella Wilfer, the woman he must marry to claim his father's fortune, while the dust-heap inheritance entangles the Boffins, the Wilfers, and a cast of schemers along the Thames. The author's last completed novel, a satire of money and class.",Wikipedia,8
OL:OL88881W,Howards End,EM Forster,1910,1910,"The cultured, half-German Schlegel sisters, Margaret and Helen, become entangled with the wealthy, business-minded Wilcox family and the struggling clerk Leonard Bast, with the country house Howards End at the center of their conflicting claims. Known for its examination of class and connection in Edwardian England.",Wikipedia,8
OL:OL26099415W,The Golden Bowl,Henry James,1904,1904,"The American widower Adam Verver and his daughter Maggie each marry—she to the impoverished Italian prince Amerigo, he to Maggie's friend Charlotte—not knowing that the prince and Charlotte were once lovers and resume their affair. A late novel known for its dense style and study of marriage and adultery.",Wikipedia,8
OL:OL1858668W,Wide Sargasso Sea,Jean Rhys,1966,1966,"On a Jamaican estate after emancipation, the Creole heiress Antoinette Cosway endures a troubled marriage to an unnamed Englishman who renames her Bertha and takes her to England. A reimagining of the madwoman in Jane Eyre that explores colonialism, race, and identity in the Caribbean.",Wikipedia,7
OL:OL274518W,Love in the Time of Cholera,Gabriel García Márquez,1985,1985,"In a Caribbean port city, Florentino Ariza waits more than fifty years for Fermina Daza, who married the doctor Juvenal Urbino, and renews his courtship after Urbino dies in old age. Known for its treatment of love, aging, and patience over half a century.",Wikipedia,7
K:a63cc765d5fe,Stories of John Cheever,John Cheever,,1978,"Sixty-one stories follow suburban commuters, fading aristocrats, and adulterers through New York apartments and the Westchester suburbs, including ""The Enormous Radio,"" ""The Country Husband,"" and ""The Swimmer."" A collected volume that won the Pulitzer Prize for Fiction.",Wikipedia,7
K:ef3be8623dfc,Stories of Isaac Babel,Isaac Babel,,1920–1931,"Stories drawn chiefly from Red Cavalry, which follows a Jewish intellectual riding with Cossack troops during the 1920 Polish-Soviet war, and the Odessa Tales, which depict Jewish gangsters in the Moldavanka district. Known for compressed, vivid prose and scenes of war and Jewish life.","FLAG: collected English volume (The Collected Stories, 1955); year range reflects original Russian story publication",7
OL:OL67334W,The Tin Drum,Günter Grass,1959,1959,"In postwar Danzig, Oskar Matzerath, who willed himself to stop growing at age three and carries a tin drum, narrates his life from a mental institution, recounting his family and the city through the Nazi era. The first novel of the Danzig Trilogy, known for its grotesque comedy and treatment of German guilt.",Wikipedia,7
OL:OL98587W,The House of Mirth,Edith Wharton,1905,1905,"Lily Bart, a beautiful but unmarried woman of New York high society, gambles her dwindling resources on finding a rich husband, but missteps and gossip steadily push her down the social ladder. Known for its critique of the marriage market in Gilded Age New York.",Wikipedia,7
OL:OL455305W,The Scarlet Letter,Nathaniel Hawthorne,1850,1850,"In Puritan Boston, Hester Prynne bears a child out of wedlock and is forced to wear a scarlet ""A,"" refusing to name the father, the minister Arthur Dimmesdale, while her vengeful husband Roger Chillingworth hunts him. Known for its treatment of sin, guilt, and Puritan hypocrisy.",Wikipedia,7
OL:OL273644W,The Color Purple,Alice Walker,1982,1982,"In rural early-twentieth-century Georgia, Celie, a poor Black woman abused by her father and husband, writes letters to God and to her sister Nettie, gradually finding strength through the blues singer Shug Avery and other women. An epistolary novel that won the Pulitzer Prize.",Wikipedia,7
OL:OL276798W,Catch-22,Joseph Heller,1962,1961,"Captain John Yossarian, a World War II bombardier stationed on a Mediterranean island, tries to escape combat duty, but the catch-22 rule means anyone sane enough to want out must keep flying. A satire of war and bureaucracy built from circular logic and dark comedy.",Wikipedia,7
OL:OL103113W,A House for Mr Biswas,VS Naipaul,1961,1961,"Mohun Biswas, born into a poor Indo-Trinidadian family, marries into the domineering Tulsi clan and spends his life striving for independence and a house of his own in colonial Trinidad. Known for its tragicomic portrait of a man seeking dignity and a home.",Wikipedia,7
OL:OL74666W,American Pastoral,Philip Roth,1997,1997,"Seymour ""Swede"" Levov, a successful New Jersey businessman and former high-school athlete, sees his comfortable life destroyed when his teenage daughter Merry bombs a post office in protest of the Vietnam War. Won the Pulitzer Prize and traces an American family's collapse across postwar decades.",Wikipedia,7
OL:OL498556W,The Metamorphosis,Franz Kafka,1915,1915,"The traveling salesman Gregor Samsa wakes one morning transformed into a giant insect, and as he hides in his room his family shifts from concern to revulsion while he becomes a burden they wish to be rid of. A novella known for its treatment of alienation and dehumanization.",Wikipedia,7
OL:OL2980902W,A Fine Balance,Rohinton Mistry,1995,1995,"In 1970s India during the Emergency, the widow Dina Dalal takes in two tailors and a student boarder, and the four strangers form a fragile household amid poverty and state repression. Known for its panoramic depiction of caste, poverty, and political turmoil.",Wikipedia,7
OL:OL16520879W,My Brilliant Friend,Elena Ferrante,2011,2011,"In a poor Naples neighborhood in the 1950s, the narrator Elena Greco recounts her intense, competitive childhood friendship with the brilliant, volatile Lila Cerullo as the two girls grow up and pursue different futures. The first of the four Neapolitan Novels.",Wikipedia,7
OL:OL228702W,Giovanni's Room,James Baldwin,1956,1956,"David, a young American living in Paris, leaves his fiancée Hella while she travels and begins an affair with the Italian bartender Giovanni, struggling against his shame over his desire. A novel that treats homosexuality, denial, and self-deception.",Wikipedia,7
OL:OL4112928W,The Known World,Edward P. Jones,2003,2003,"In antebellum Manchester County, Virginia, Henry Townsend, a freed Black man, becomes himself a slaveholder, and after his death his plantation and its enslaved people fall into disorder. A novel about Black slaveowners in the American South that won the Pulitzer Prize.",Wikipedia,6
OL:OL733640W,The Red and the Black,Stendhal,1830,1830,"Julien Sorel, an ambitious carpenter's son in Restoration France, rises through the church and aristocratic society as a tutor and secretary while pursuing affairs with Madame de Rênal and Mathilde de la Mole. Known for its psychological portrait of ambition and hypocrisy.",Wikipedia,6
OL:OL501911W,Revolutionary Road,Richard Yates,1961,1961,"In 1950s suburban Connecticut, Frank and April Wheeler, who think themselves superior to their conformist neighbors, plan to move to Paris to escape their stifling lives, but the scheme collapses amid disappointment and recrimination. Known for its critique of suburban conformity.",Wikipedia,6
K:d3e96a7e3439,The Canterbury Tales,Geoffrey Chaucer,,c. 1387–1400,"A group of pilgrims traveling from London to the shrine of Thomas Becket at Canterbury pass the time in a storytelling contest, spinning tales that range from courtly romance to bawdy farce, framed by a General Prologue introducing the Knight, the Miller, the Wife of Bath, the Pardoner, and others. Written in Middle English and left unfinished, it is one of the foundational works of English literature.",Wikipedia,6
OL:OL20600W,Gulliver's Travels,Jonathan Swift,,1726,"Lemuel Gulliver, a ship's surgeon, is shipwrecked or stranded on four voyages, landing among the tiny Lilliputians, the giant Brobdingnagians, the floating island of Laputa, and the rational horse-like Houyhnhnms who rule over brutish humanlike Yahoos. A prose satire of human nature, politics, and the travel-narrative genre.",Wikipedia,6
OL:OL82931W,Light in August,William Faulkner,1932,1932,"In Mississippi, the pregnant Lena Grove walks from Alabama searching for the father of her child, while Joe Christmas, a drifter unsure whether he has Black ancestry, drifts toward violence and the murder of Joanna Burden, and the disgraced ex-minister Gail Hightower lives alone with his memories. A novel exploring race, religion, and isolation in the American South.",Wikipedia,6
OL:OL668682W,The Makioka Sisters,Junichiro Tanizaki,,1948,"The four Makioka sisters of a declining wealthy Osaka merchant family try repeatedly to arrange a marriage for the shy third sister, Yukiko, while the youngest, Taeko, pursues her own affairs, against the backdrop of the late 1930s and the approach of war. A novel chronicling the slow decline of an upper-middle-class family and its traditions.",Wikipedia,6
OL:OL46611W,The Rings of Saturn,WG Sebald,1995,1995,"A narrator on a walking tour through Suffolk in eastern England reflects on the places he passes and digresses into history, biography, and memory, ranging across silkworms, herring fishing, the Taiping Rebellion, Joseph Conrad, and the decay of country estates. A blend of fiction, travel writing, and essay illustrated with grainy photographs.",Wikipedia,6
K:1953ba5c8e84,Dead Souls,Nikolai Gogol,1842,1842,"Pavel Ivanovich Chichikov arrives in a provincial Russian town and travels its estates buying up ""dead souls,"" serfs who have died but still appear on the tax rolls, intending to mortgage them for profit while charming the local landowners and officials. A satirical novel about Russian provincial life and corruption, left unfinished.",Wikipedia,6
OL:OL46615W,Austerlitz,WG Sebald,2001,2001,"The narrator meets Jacques Austerlitz in a Belgian railway station and, over decades of chance encounters, learns how Austerlitz, raised in Wales under another name, gradually uncovers that he was sent to Britain as a child on the Kindertransport and that his mother died in the Theresienstadt ghetto. A novel about memory, loss, and the Holocaust, illustrated with photographs.",Wikipedia,6
OL:OL44986W,Jude the Obscure,Thomas Hardy,1895,1895,"Jude Fawley, a poor stonemason in rural Wessex who dreams of studying at the university town of Christminster, abandons his ambitions after marrying Arabella, then falls into a doomed relationship with his free-thinking cousin Sue Bridehead. A novel that drew controversy for its frank treatment of marriage, religion, and class.",Wikipedia,6
OL:OL14867081W,Buddenbrooks,Thomas Mann,1901,1901,"Across four generations, the prosperous Buddenbrook family of merchants in a northern German port city slowly declines in wealth, vitality, and confidence, as the sensitive Thomas, the unhappy Tony, and the frail, musical Hanno fail to sustain the family firm. A novel tracing the decay of a bourgeois merchant dynasty over the nineteenth century.",Wikipedia,6
OL:OL66530W,Mansfield Park,Jane Austen,1814,1814,"Fanny Price, a poor girl sent as a child to live with her wealthy relatives at Mansfield Park, grows up overlooked and timid but quietly principled, watching as the charming, worldly Henry and Mary Crawford disrupt the household and as she loves her cousin Edmund from a distance. A novel about morality, social position, and family.",Wikipedia,6
OL:OL757983W,Independent People,Halldór Laxness,1934,1935,"Bjartur of Summerhouses, a stubborn Icelandic sheep farmer, finally buys his own croft after eighteen years of servitude and insists on total independence, refusing all help even as poverty, harsh weather, and family tragedy grind down his wife and children. A novel about the hardship of rural Icelandic life and the cost of self-reliance.",Wikipedia,5
K:4d4b9f43727e,All the King's Men,Robert Penn Warren,1946,1946,"Jack Burden, a journalist turned political aide, narrates the rise and fall of Willie Stark, a populist Southern governor who begins as an idealistic reformer but grows ruthless and corrupt, until a personal scandal leads to his assassination. A novel about political power and moral responsibility, loosely inspired by Louisiana governor Huey Long.",Wikipedia,5
K:655dc7057956,Stories of Franz Kafka,Franz Kafka,,c. 1904–1924,"A collection gathering all of the author's short fiction outside his novels, including ""The Metamorphosis,"" in which Gregor Samsa wakes transformed into an insect, ""In the Penal Colony,"" ""A Hunger Artist,"" ""The Judgment,"" and many shorter pieces and fragments. The stories are known for their nightmarish logic, bureaucratic menace, and themes of guilt and alienation.",Wikipedia,5
OL:OL81293W,The Rainbow,DH Lawrence,1915,1915,"Across three generations of the Brangwen family on a Nottinghamshire farm, Tom marries a Polish widow, their daughter Anna marries his nephew Will, and their daughter Ursula grows into a young woman searching for independence and meaning through education, work, and a relationship with the soldier Anton Skrebensky. A novel about marriage, sexuality, and changing English life.",Wikipedia,5
K:86720a12eae7,Stories of Eudora Welty,Eudora Welty,,1936–1955,"A collection bringing together the author's short stories set largely in the American South, including ""Why I Live at the P.O.,"" in which a postmistress narrates her feud with her returning sister, ""A Worn Path,"" ""Petrified Man,"" and ""A Curtain of Green."" The stories are known for their comic dialogue, eccentric characters, and Mississippi settings.",Wikipedia,5
OL:OL43041145W,A Passage to India,E. M. Forster,1924,1924,"Adela Quested and Mrs. Moore travel to colonial India, where the Muslim doctor Aziz befriends them and arranges an excursion to the Marabar Caves, after which Adela accuses him of assault, igniting a trial that inflames tensions between the British rulers and the Indians. A novel about colonialism, friendship, and the divide between cultures.",Wikipedia,5
K:addeb3f5ad0c,Macbeth,William Shakespeare,1606,1606,"Returning from battle in Scotland, the general Macbeth meets three witches who prophesy he will become king, and, spurred on by his wife, he murders King Duncan and seizes the throne, then descends into tyranny and paranoia as he kills to keep his crown. A tragedy about ambition, guilt, and the corrupting pull of power.",Wikipedia,5
K:7d6f4598f836,Paradise Lost,John Milton,1667,1667,"After rebelling against God and being cast out of Heaven, Satan rouses his fallen angels in Hell and journeys to the newly created Earth, where he tempts Adam and Eve into eating the forbidden fruit, bringing about humanity's fall and expulsion from the Garden of Eden. An epic poem in blank verse retelling the biblical fall of man.",Wikipedia,5
OL:OL2074162W,A Dance to the Music of Time,Anthony Powell,,1951–1975,"Narrated by Nicholas Jenkins, a twelve-novel sequence follows a wide circle of English friends and acquaintances, including the ambitious Kenneth Widmerpool, from their schooldays before the First World War through the social and political upheavals of the mid-twentieth century. A roman-fleuve surveying English upper-class and artistic life over fifty years.",Wikipedia,5
OL:OL466942W,The Radetzky March,Joseph Roth,1932,1932,"Across three generations, the Trotta family rises from peasant origins after a soldier saves the emperor's life at the Battle of Solferino, and his descendants serve as officials and officers while the multiethnic Austro-Hungarian Empire drifts toward collapse in the First World War. A novel about duty, decline, and the end of the Habsburg monarchy.",Wikipedia,5
OL:OL27217159W,Robinson Crusoe,Daniel Defoe,1719,1719,"Shipwrecked and stranded alone on a deserted Caribbean island, the English sailor Robinson Crusoe survives for twenty-eight years by salvaging supplies, building shelter, farming, and keeping a journal, eventually rescuing a captive he names Friday. An early English novel framed as a castaway's first-person account of survival and self-reliance.",Wikipedia,5
K:450eb07e587b,The Bible,,,8th c. BCE – 2nd c. CE,"A compilation of sacred texts, the Hebrew Bible recounts the creation of the world, the covenant with the patriarchs, the Exodus from Egypt, and the laws, history, and prophecy of Israel, while the Christian New Testament narrates the life, teaching, death, and resurrection of Jesus and the early church. The central scripture of Judaism and Christianity, written by many authors over centuries.",Wikipedia,5
OL:OL1993508W,The Line of Beauty,Alan Hollinghurst,2004,2004,"In 1980s London, Nick Guest, a young gay graduate from a modest background, lodges with the wealthy family of Conservative MP Gerald Fedden, immersing himself in their world of money and politics during the Thatcher years and pursuing relationships as the AIDS epidemic spreads. A novel about class, sexuality, and 1980s Britain.",Wikipedia,5
OL:OL509919W,Parade's End,Ford Madox Ford,1928,1924–1928,"Christopher Tietjens, a brilliant and old-fashioned English government statistician, endures a tormenting marriage to the unfaithful Sylvia while falling in love with the young suffragette Valentine Wannop, then serves in the trenches of the First World War as the old social order collapses around him. A tetralogy about England before and during the Great War.",Wikipedia,5
OL:OL15400582W,The Big Sleep,Raymond Chandler,1939,1939,"Private detective Philip Marlowe is hired by the wealthy, dying General Sternwood to deal with a blackmailer, and his investigation in Los Angeles draws him into a tangle of pornography, gambling, missing persons, and murder involving the general's two wild daughters. A hardboiled detective novel known for its convoluted plot and wisecracking narrator.",Wikipedia,5
OL:OL27448W,The Lord of the Rings,J.R.R. Tolkien,,1954–1955,"The hobbit Frodo Baggins inherits a magic ring that turns out to be the source of the Dark Lord Sauron's power, and he sets out from the Shire with a fellowship of companions on a quest to destroy it in the fires of Mount Doom, where it was forged. An epic fantasy novel of the war for Middle-earth, published in three volumes.",Wikipedia,5
OL:OL59434W,The Talented Mr Ripley,Patricia Highsmith,1955,1955,"Tom Ripley, a young con man, is sent to Italy by a wealthy shipbuilder to persuade his idle son Dickie Greenleaf to return home, but Ripley grows obsessed with Dickie's life, murders him, and assumes his identity, evading suspicion through manipulation and further killing. A crime novel narrated from the murderer's point of view.",Wikipedia,5
OL:OL20933W,Daniel Deronda,George Eliot,,1876,"In Victorian England, the beautiful, willful Gwendolen Harleth makes a loveless marriage to the cruel Henleigh Grandcourt and turns for moral guidance to Daniel Deronda, a thoughtful young man who, uncertain of his own origins, discovers his Jewish heritage and embraces a proto-Zionist mission. A novel interweaving English society with Jewish identity and ideals.",Wikipedia,5
OL:OL118986W,Germinal,Émile Zola,1884,1885,"Étienne Lantel, a young migrant worker, takes a job in a coal mine in northern France and, appalled by the miners' brutal poverty, helps organize a strike that ends in violence, starvation, and disaster for the workers and their families. A novel depicting the harsh lives of coal miners and the conflict between labor and capital.",Wikipedia,5
OL:OL106084W,The Power and the Glory,Graham Greene,1940,1940,"During an anticlerical purge in a Mexican state where Catholicism has been outlawed, an unnamed ""whisky priest,"" weak, alcoholic, and the father of a child, flees from a relentless police lieutenant while continuing to perform his priestly duties for the peasants who shelter him. A novel about faith, sin, and martyrdom under persecution.",Wikipedia,5
OL:OL228705W,Go Tell It on the Mountain,James Baldwin,1953,1953,"On his fourteenth birthday in 1930s Harlem, John Grimes wrestles with his faith, his hatred of his stern, hypocritical stepfather Gabriel, and his own emerging identity, as a single day at the storefront Pentecostal church unfolds alongside the histories of his family. A semi-autobiographical novel about religion, family, and growing up Black in America.",Wikipedia,5
OL:OL44927W,Tess of the D'urbervilles,Thomas Hardy,1891,1891,"Tess Durbeyfield, a poor country girl sent to claim kinship with the wealthy d'Urbervilles, is seduced and made pregnant by Alec d'Urberville, then later marries the idealistic Angel Clare, who abandons her when she confesses her past, setting her on a path toward tragedy. A novel about sexual double standards, class, and injustice in rural England.",Wikipedia,5
OL:OL15297W,Invisible Cities,Italo Calvino,1972,1972,"In a frame narrative, the aging emperor Kublai Khan listens as the traveler Marco Polo describes the many fantastical cities he has visited throughout the empire, each city, named for a woman, embodying an idea about memory, desire, signs, or death. A novel made of short prose poems about imaginary cities and the nature of cities themselves.",Wikipedia,5
OL:OL500388W,Waiting for the Barbarians,J. M. Coetzee,1980,1980,"A magistrate running a frontier settlement for an unnamed Empire begins to question its policies after a Colonel arrives to torture nomadic prisoners labeled barbarians, and he is himself imprisoned when he tries to return a tortured native woman to her people. An allegorical novel about colonialism, imperial brutality, and complicity.",Wikipedia,5
OL:OL50565W,The Bluest Eye,Toni Morrison,1970,1970,"In 1940s Lorain, Ohio, Pecola Breedlove, a young Black girl treated as ugly by those around her, prays for blue eyes and is raped and impregnated by her father, while the MacTeer sisters narrate her unraveling. A first novel that examines racism, beauty standards, and the destruction of a child.",Wikipedia,5
OL:OL276386W,The Turn of the Screw,Henry James,1898,1898,"A governess takes charge of two orphaned children, Miles and Flora, at the remote country estate of Bly and becomes convinced that the ghosts of a former valet and governess, Peter Quint and Miss Jessel, are corrupting them. A ghost story whose ambiguity leaves the apparitions open to psychological interpretation.",Wikipedia,5
OL:OL63072W,A Farewell to Arms,Ernest Hemingway,1929,1929,"Frederic Henry, an American ambulance driver serving with the Italian army during World War I, falls in love with the British nurse Catherine Barkley, is wounded, and deserts after the chaotic retreat from Caporetto to flee with her to Switzerland. A war novel drawn partly from its author's own experience as an ambulance driver.",Wikipedia,5
OL:OL59038W,Never Let Me Go,Kazuo Ishiguro,2005,2005,"Kathy, Ruth, and Tommy grow up at Hailsham, an English boarding school, and gradually learn that they are clones raised to donate their vital organs, with Kathy narrating their lives as she works as a carer. A dystopian novel about love, mortality, and a society built on engineered humans.",Wikipedia,5
OL:OL39360W,Orlando,Virginia Woolf,1928,1928,"Orlando, a young Elizabethan nobleman, lives for centuries without aging and, midway through, wakes one morning transformed into a woman, moving through English history and shifting social roles across the eras. A novel partly inspired by the family history of Vita Sackville-West that plays with gender and biography.",Wikipedia,5
OL:OL5731542W,Half of a Yellow Sun,Chimamanda Ngozi Adichie,2006,2006,"In Nigeria before and during the Biafran war of the late 1960s, the twin sisters Olanna and Kainene, the houseboy Ugwu, and the Englishman Richard live through the country's collapse into civil war, starvation, and violence. A novel that depicts the Nigerian-Biafran conflict through intertwined personal lives.",Wikipedia,5
OL:OL481143W,White Teeth,Zadie Smith,2000,2000,"In multicultural London, the friendship between the Englishman Archie Jones and the Bangladeshi Samad Iqbal spans decades as their families, including Samad's twin sons and Archie's daughter Irie, navigate immigration, religion, and identity. A debut novel about race, generations, and life in contemporary England.",Wikipedia,5
OL:OL24156W,Dr. Jekyll and Mr. Hyde,Robert Louis Stevenson,1886,1886,"The London lawyer Gabriel Utterson investigates the connection between his respectable friend Dr. Henry Jekyll and the violent, repugnant Edward Hyde, eventually learning that a potion lets Jekyll transform into Hyde to indulge his darker impulses. A novella that gave a lasting metaphor for the divided self.",Wikipedia,4
OL:OL2005223W,The Third Policeman,Flann O'Brien,,1967,"An unnamed narrator who has murdered an old man for his money arrives at a strange police barracks pursuing a hidden cash box, where he meets policemen obsessed with bicycles and absurd theories, and slowly grasps that he is dead and trapped in a cyclical hell. A comic novel of surreal logic published posthumously.",Wikipedia,4
OL:OL2466637W,Lanark,Alasdair Gray,1981,1981,"The story alternates between Duncan Thaw, an artist struggling in mid-twentieth-century Glasgow, and Lanark, a man who arrives without memory in the sunless dystopian city of Unthank, where people contract literal diseases like dragonhide. A genre-blending novel that mixes realism and fantasy across four nonlinear books.",Wikipedia,4
OL:OL23166W,East of Eden,John Steinbeck,1952,1952,"In California's Salinas Valley, the intertwined Trask and Hamilton families live out conflicts echoing the story of Cain and Abel across generations, as Adam Trask raises his sons Caleb and Aron after his wife Cathy abandons them. A long family saga about good, evil, and free will.",Wikipedia,4
K:da7daa0a88e4,Ask the Dust,John Fante,1939,1939,"Arturo Bandini, a struggling young writer of Italian descent living in a Depression-era Los Angeles boarding house, pursues literary success and a turbulent romance with the Mexican waitress Camilla Lopez. A novel about poverty, ambition, and desire in 1930s California.",Wikipedia,4
K:fa6d27467a77,The Long Goodbye,Raymond Chandler,1953,1953,"The Los Angeles private detective Philip Marlowe befriends the troubled drunk Terry Lennox, helps him flee to Mexico after Lennox's wealthy wife is found murdered, and is drawn into a tangle of suicide, blackmail, and corruption when he refuses to drop the case. A detective novel often regarded as the most personal in its series.",Wikipedia,4
K:ee34a6c50dbf,The Iliad,Homer,,c. 8th c. BCE,"In the final year of the Trojan War, the Greek warrior Achilles withdraws from battle after a quarrel with Agamemnon over a captive woman, and the Greeks suffer until the death of his friend Patroclus drives him back to kill the Trojan prince Hector. An ancient Greek epic poem about rage, honor, and war.",Wikipedia,4
OL:OL7180368W,The Decameron of Boccaccio,Giovanni Boccaccio,,c. 1349–1353,"Ten young Florentines, seven women and three men, flee plague-stricken Florence to a country villa and pass ten days telling one hundred tales of love, wit, fortune, and trickery. A frame-story collection that became a landmark of Italian prose.",Wikipedia,4
K:906ffc5082cd,Stories of Alice Munro,Alice Munro,,1968–1994,"Selected short stories drawn from a Canadian writer's earlier collections follow the lives of girls and women in small-town Ontario as they navigate marriage, family, ambition, and shame across decades. Short fiction known for psychological detail and ordinary domestic settings.","FLAG: generic author collection, not a single titled work; treated as the author's selected stories",4
K:2ecba695b7ae,Stories of Ernest Hemingway,Ernest Hemingway,,1925–1940,"Short stories set across war-torn Europe, the American Midwest, Africa, and Spain follow soldiers, hunters, expatriates, and ordinary people facing violence, loss, and disillusionment, including pieces about the recurring figure Nick Adams. Short fiction marked by spare, understated prose.","FLAG: generic author collection, not a single titled work; treated as the author's collected stories",4
K:a7d082925dfc,Stories of Raymond Carver,Raymond Carver,,1976–1988,"Short stories set among working-class people in the American Pacific Northwest follow waitresses, salesmen, and alcoholics through marriages, layoffs, and small crises rendered in plain language. Minimalist short fiction associated with the ""dirty realism"" of late-twentieth-century America.","FLAG: generic author collection, not a single titled work; treated as the author's collected stories",4
K:751bbe356d28,Nine Stories,J. D. Salinger,1953,1953,"Nine short stories follow troubled and perceptive characters, several connected to the Glass family, including a soldier who shoots himself after meeting a child on a Florida beach in ""A Perfect Day for Bananafish."" A collection that gathers some of its author's best-known short fiction.",Wikipedia,4
OL:OL15859552W,Herzog,Saul Bellow,1964,1964,"Moses Herzog, a middle-aged Jewish intellectual reeling from a second divorce, writes unsent letters to friends, family, philosophers, and the dead as he tries to make sense of his collapsing life. A novel built around its protagonist's restless, comic interior monologue.",Wikipedia,4
K:ef6aa2e15e06,The Tempest,William Shakespeare,1610,c. 1610–1611,"The exiled sorcerer Prospero, former Duke of Milan, conjures a storm to wreck his usurping brother's ship on the island where he lives with his daughter Miranda and the spirit Ariel and the creature Caliban, then engineers reconciliation and his daughter's marriage. A late play built around magic, forgiveness, and renunciation.",Wikipedia,4
K:6d7a4faa0e0d,"Winesburg, Ohio",Sherwood Anderson,1919,1919,"In the small town of Winesburg, Ohio, the young reporter George Willard moves among lonely, frustrated townspeople whose private lives are revealed in linked stories before he leaves for the city. A collection of interrelated tales depicting small-town isolation.",Wikipedia,4
OL:OL479009W,Love Medicine,Louise Erdrich,1984,1984,"Across several decades on and around a North Dakota Ojibwe reservation, the interconnected Kashpaw and Lamartine families live through love affairs, marriages, and deaths narrated by many voices, beginning with the drowning of June Kashpaw. A linked-story novel about Native American families.",Wikipedia,4
K:969b47058d9c,Ficciones,Jorge Luis Borges,1944,1944,"Seventeen short stories present invented books and labyrinths, including a library containing every possible book, a man who rewrites Don Quixote word for word, and a fictional encyclopedia entry that begins reshaping reality. A collection that established its author's reputation for philosophical, fantastical fiction.",Wikipedia,4
K:2484db8decc1,Jesus' Son,Denis Johnson,1992,1992,"Linked short stories follow a drifting, drug-addicted narrator nicknamed Fuckhead through the American Midwest as he passes through car wrecks, hospitals, bars, and odd jobs in the 1970s. A spare collection of interconnected stories about addiction and grace.",Wikipedia,4
OL:OL505583W,Nightwood,Djuna Barnes,1936,1936,"In 1920s Paris and Vienna, the lives of several expatriates tangle around the elusive Robin Vote, whose relationships with Felix Volkbein, Nora Flood, and Jenny Petherbridge are dissected in the monologues of the talkative Doctor Matthew O'Connor. A modernist novel notable for its dense prose and its lesbian themes.",Wikipedia,4
OL:OL8193416W,The Picture of Dorian Gray,Oscar Wilde,1891,1891,"In London, the beautiful young Dorian Gray wishes that a portrait of himself would age in his place, then plunges into a life of corruption and cruelty while his face stays youthful and the hidden picture grows monstrous. A novel about vanity, hedonism, and moral decay.",Wikipedia,4
OL:OL842158W,The Deptford Trilogy,Robertson Davies,1983,1970–1975,"Across three linked novels, a single childhood snowball thrown in a Canadian town ripples through the lives of the schoolteacher Dunstan Ramsay, the tycoon Boy Staunton, and the magician Magnus Eisengrim. A trilogy that weaves myth, magic, and Jungian ideas through intertwined Canadian lives.",Wikipedia,4
K:c70aa81a21ba,The Aeneid,Virgil,,c. 29–19 BCE,"After Troy falls, the Trojan hero Aeneas leads survivors across the Mediterranean, pauses for a doomed love affair with Queen Dido of Carthage, descends to the underworld, and wages war in Italy to found the people who will become the Romans. A Latin epic poem written to celebrate Rome's mythic origins.",Wikipedia,4
K:312f2e675a9c,Tom Jones,Henry Fielding,1749,1749,"The good-natured foundling Tom Jones, raised by the wealthy Squire Allworthy, is cast out after misadventures and a forbidden love for Sophia Western, then journeys across England toward London amid mistaken identities before his true parentage is revealed. A long, comic novel ranging across eighteenth-century English society.",Wikipedia,4
OL:OL1503886W,"So Long, See You Tomorrow",William Maxwell,1979,1979,"An aging Midwestern man recalls his boyhood friendship with Cletus Smith and the murder on a nearby tenant farm, when Cletus's father killed a neighbor over an affair and then himself, reconstructing the events he failed to understand at the time. A short novel about memory, guilt, and a remembered crime.",Wikipedia,4
K:bbf3fa01dd65,Leaves of Grass,Walt Whitman,,1855–1892,"A collection of free-verse poems, opening with the long ""Song of Myself,"" celebrates the body, the self, democracy, nature, and the American people in a sprawling, cataloging voice. A poetry collection its author revised and expanded across many editions throughout his life.",Wikipedia,4
K:77a9e9d519f7,The Oresteia,Aeschylus,,458 BCE,"Across three linked tragedies, Agamemnon returns victorious from Troy and is murdered by his wife Clytemnestra, his son Orestes avenges him by killing her, and Orestes is then pursued by the Furies and tried before Athena in Athens. The only complete surviving trilogy of ancient Greek drama, ending with blood vengeance replaced by trial and the rule of law.",Wikipedia,4
OL:OL119436W,The Amazing Adventures of Kavalier and Clay,Michael Chabon,2000,2000,"Sammy Clay and his refugee cousin Josef Kavalier, an artist who has fled Nazi-occupied Prague, create a hit costumed superhero called the Escapist in the comic-book boom of late-1930s and 1940s New York. A novel that won the Pulitzer Prize for Fiction and ranges over the golden age of comics, World War II, and Jewish American life.",Wikipedia,4
OL:OL20769W,The Beginning of Spring,Penelope Fitzgerald,1988,1988,"In Moscow in 1913, the English printer Frank Reid is left to manage his business and three children after his wife Nellie abruptly returns to England, and he hires a young Russian woman, Lisa, to look after them. A short novel set among the British expatriate community on the eve of the Russian Revolution, shortlisted for the Booker Prize.",Wikipedia,4
OL:OL893802W,Sentimental Education,Gustave Flaubert,1869,1869,"Frédéric Moreau, a young provincial in 1840s France, comes to Paris to study law and falls into a lifelong infatuation with the married Madame Arnoux while drifting through love affairs, friendships, and the political upheavals of the 1848 Revolution. A novel tracing one man's wasted ambitions against the failures of his generation.",Wikipedia,4
OL:OL16847W,Money,Martin Amis,1984,1984,"John Self, a hard-drinking, hedonistic London advertising director, shuttles between London and New York to make his first film while a producer named Fielding Goodney bankrolls his spending and manipulates him toward ruin. A satirical novel narrated by Self about greed and excess in the 1980s.",Wikipedia,4
OL:OL66562W,Sense and Sensibility,Jane Austen,1811,1811,"After their father's death leaves them with little money, the Dashwood sisters Elinor and Marianne move to a cottage in Devonshire and navigate courtships with Edward Ferrars, Colonel Brandon, and the charming Willoughby. Known for contrasting Elinor's restraint with Marianne's emotional impulsiveness in matters of love and marriage.",Wikipedia,4
K:d4f54d0b665c,Labyrinths,Jorge Luis Borges,1964,1962,"Twenty-three short stories alongside ten essays and eight short parables, including ""Tlön, Uqbar, Orbis Tertius,"" ""The Garden of Forking Paths,"" and ""The Library of Babel,"" drawn from earlier Spanish-language collections. The English-language anthology that introduced many readers to the author's work, recurring through images of mirrors, infinity, mazes, and imaginary books.",Wikipedia,4
OL:OL276470W,The Ambassadors,Henry James,1903,1903,"Lambert Strether, a middle-aged American, is sent from Massachusetts to Paris by his wealthy fiancée to retrieve her son Chad Newsome, but he finds the young man improved by European life and begins to question his own mission. A late novel centered on Strether's awakening to experience he feels he has missed.",Wikipedia,4
K:936c038de83f,The Things They Carried,Tim O'Brien,1990,1990,"Linked stories follow the soldiers of an American infantry platoon, including Lieutenant Jimmy Cross and a narrator named Tim O'Brien, as they carry physical loads and private burdens through the Vietnam War and afterward. A work of fiction that blurs memory and invention while examining how war stories are told.",Wikipedia,4
OL:OL1150725W,Clarissa Harlowe,Samuel Richardson,,1748,"Clarissa Harlowe, a virtuous young Englishwoman pressured by her family into an odious marriage, flees with the rake Robert Lovelace, who imprisons, manipulates, and ultimately rapes her. An epistolary novel told through letters and one of the longest in the English language.",Wikipedia,4
OL:OL724067W,The Death of the Heart,Elizabeth Bowen,1938,1938,"Sixteen-year-old orphan Portia Quayne comes to live with her half-brother Thomas and his cool wife Anna in London, keeps a diary, and falls for Anna's careless friend Eddie before discovering that Anna has been reading her private writing. A novel about a naive girl's collision with adult deception between the world wars.",Wikipedia,4
OL:OL1921185W,Underworld,Don DeLillo,1997,1997,"Beginning with a 1951 baseball game at the Polo Grounds, the narrative traces the journey of the home-run ball and the entangled lives of figures like waste manager Nick Shay across the second half of the American twentieth century. A long novel that uses the Cold War, nuclear anxiety, and consumer culture as its backdrop.",Wikipedia,4
OL:OL2636675W,Gravity's Rainbow,Thomas Pynchon,1973,1973,"In the final months of World War II, American lieutenant Tyrone Slothrop is pursued across a ruined Europe because his sexual encounters seem to predict where German V-2 rockets will strike. A long, sprawling novel filled with hundreds of characters, technical digressions, paranoia, and dark comedy.",Wikipedia,4
OL:OL1865528W,The Bell Jar,Sylvia Plath,1963,1963,"Esther Greenwood, a talented college student, wins a magazine internship in New York City, then returns home to Massachusetts and sinks into mental illness, a suicide attempt, and psychiatric treatment. A semi-autobiographical novel about a young woman's breakdown and the pressures placed on women in 1950s America.",Wikipedia,4
OL:OL2564006W,The Tale of Genji,Murasaki Shikibu,,c. 1010,"At the Heian court, the emperor's son Genji, known as the Shining Prince, moves through a long series of love affairs, marriages, and political shifts before the story continues into the next generation after his death. An early Japanese work often called the world's first novel.",Wikipedia,4
OL:OL5721394W,Brideshead Revisited,Evelyn Waugh,1945,1945,"Stationed at a country house during the war, army officer Charles Ryder recalls his Oxford friendship with the charming, doomed Sebastian Flyte and his entanglement with the aristocratic, Catholic Marchmain family at their estate Brideshead. A novel about memory, faith, and the decline of the English aristocracy.",Wikipedia,4
OL:OL39329W,Jacob's Room,Virginia Woolf,1922,1922,"The life of Jacob Flanders is glimpsed indirectly through the impressions of others, from his Cambridge years and travels in Greece to his death in the First World War, his presence largely conveyed by absence. An early experimental novel built from fragmentary perceptions rather than continuous narration.",Wikipedia,4
OL:OL17661158W,Nervous Conditions,Tsitsi Dangarembga,1988,1988,"In 1960s Rhodesia, Shona girl Tambu takes her dead brother's place at her uncle Babamukuru's mission school, where she grows close to her Westernized cousin Nyasha while confronting poverty, colonialism, and the limits placed on women. A coming-of-age novel and the first published in English by a Black Zimbabwean woman.",Wikipedia,4
OL:OL59800W,The Left Hand of Darkness,Ursula K Le Guin,1969,1969,"The envoy Genly Ai arrives on the icy planet Gethen, whose inhabitants are ambisexual and assume gender only periodically, and forms a fraught alliance with the exiled politician Estraven amid the rival nations of Karhide and Orgoreyn. A science fiction novel exploring gender, politics, and trust.",Wikipedia,4
OL:OL106073W,The End of the Affair,Graham Greene,1951,1951,"In postwar London, novelist Maurice Bendrix hires a detective to investigate Sarah Miles, the married woman whose passionate wartime affair with him ended abruptly, and learns she left him because of a vow she made to God. A novel about love, jealousy, and religious faith told through Bendrix's bitter narration.",Wikipedia,4
OL:OL35616W,Kindred,Octavia E Butler,1979,1979,"On her twenty-sixth birthday in 1976 Los Angeles, the Black writer Dana is repeatedly pulled back in time to an antebellum Maryland plantation, where she must keep a white slaveholding boy named Rufus alive because he is her ancestor. A novel combining time travel with the slave narrative.",Wikipedia,4
OL:OL19690272W,Rebecca,Daphne du Maurier,1938,1938,"A shy young woman marries the wealthy widower Maxim de Winter and arrives at his Cornish estate Manderley, where the housekeeper Mrs. Danvers keeps alive the memory of his glamorous first wife, Rebecca. A Gothic novel narrated by the unnamed second wife as she uncovers the truth about Rebecca's death.",Wikipedia,4
OL:OL85892W,Dracula,Bram Stoker,1897,1897,"Solicitor Jonathan Harker travels to Transylvania to assist Count Dracula's move to England, and a group including Professor Van Helsing, Mina, and Lucy come to realize the count is a vampire spreading his curse in London. An epistolary horror novel told through journals, letters, and newspaper clippings.",Wikipedia,4
OL:OL1330246W,The Man Without Qualities,Robert Musil,,1943,"In Vienna on the eve of the First World War, the detached mathematician Ulrich is drawn into the ""Parallel Campaign,"" a committee planning a patriotic celebration of the Austro-Hungarian emperor's jubilee, while he reflects on love, science, and morality. An unfinished modernist novel of ideas left incomplete at its author's death.",Wikipedia,4
OL:OL55239W,Ragtime,EL Doctorow,1975,1975,"In early-twentieth-century New York, the intertwined stories of an upper-class family, an immigrant Jewish father and daughter, and the Black musician Coalhouse Walker unfold alongside real figures such as Houdini, J. P. Morgan, and Emma Goldman. A novel mixing historical personages with invented characters in the ragtime era.",Wikipedia,4
OL:OL17334243W,The Vegetarian,Han Kang,2007,2007,"After a violent nightmare, the Seoul homemaker Yeong-hye suddenly refuses to eat meat, a decision that escalates through her husband's anger, her brother-in-law's obsession, and her sister's despair across three connected sections. A Korean novel, winner of the International Booker Prize, narrated by those around its silent central figure.",Wikipedia,4
OL:OL11081469W,The Heart Is a Lonely Hunter,Carson McCullers,1940,1940,"In a Georgia mill town during the Depression, the deaf-mute John Singer becomes a confidant for a restless girl named Mick Kelly, a Black doctor, a café owner, and a radical drifter, who each pour their longings out to him. A novel about loneliness and the failure of people to truly connect.",Wikipedia,3
K:6c48d4f8f588,Romeo and Juliet,William Shakespeare,1595,c. 1597,"In Verona, the teenage children of the feuding Montague and Capulet families, Romeo and Juliet, fall in love and secretly marry, but a chain of misunderstandings and deaths leads the pair to take their own lives. A tragedy whose final loss reconciles the two warring families.",Wikipedia,3
K:1369db891f94,Mrs. Bridge,Evan S. Connell,1959,1959,"In 117 brief episodes, India Bridge raises three children and keeps house in an affluent Kansas City family between the world wars while her lawyer husband Walter works long hours and she struggles with her own emptiness. A novel portraying the conformity and limits of an upper-middle-class woman's life.",Wikipedia,3
K:ca7944d7d49e,Mr. Bridge,Evan S. Connell,1969,1969,"Told in short vignettes, the Kansas City lawyer Walter Bridge devotes himself to work, money, and propriety while remaining emotionally remote from his wife India and their three children between the world wars. A companion novel that retells the same household from the husband's perspective.",Wikipedia,3
K:81ff245a8bfa,Death Comes for the Archbishop,Willa Cather,1927,1927,"Sent to the newly American territory of New Mexico in 1851, the French Catholic bishop Jean Marie Latour and his vicar Joseph Vaillant travel the desert for decades to rebuild the church, contending with rebellious priests, the landscape, and local custom. A novel based on the life of Archbishop Jean-Baptiste Lamy.",Wikipedia,3
OL:OL697429W,Nights at the Circus,Angela Carter,1984,1984,"Aerialiste Sophie Fevvers, a London circus performer who claims to have hatched from an egg and grown real wings, is interviewed by skeptical American journalist Jack Walser, who then joins the circus as it tours from St. Petersburg into Siberia. A picaresque novel mixing the fantastical with turn-of-the-century settings.",Wikipedia,3
OL:OL43161739W,The Count of Monte Cristo,Alexandre Dumas,1844,1844,"Falsely accused and imprisoned in the Château d'If, the young sailor Edmond Dantès escapes after years in captivity, discovers a hidden fortune, and returns disguised as the Count of Monte Cristo to reward his friends and destroy the men who betrayed him. An adventure novel of imprisonment, escape, and elaborate revenge.",Wikipedia,3
K:338581d02713,The Wind-Up Bird Chronicle,Haruki Murakami,1994,1995,"In a Tokyo suburb, the unemployed househusband Toru Okada searches for his wife Kumiko's missing cat and then for Kumiko herself, descending into a dry well and a surreal underworld beneath ordinary life. A long novel mixing the mundane and the supernatural, with strands reaching back to Japan's wartime history in Manchuria.",Wikipedia,3
OL:OL5721561W,Vile Bodies,Evelyn Waugh,1930,1930,"Adam Fenwick-Symes loses his only manuscript to customs officers, repeatedly cannot afford to marry Nina Blount, and drifts through the parties, gossip columns, and stunts of London's Bright Young Things. A satire of fashionable interwar society that ends with its characters facing another world war.",Wikipedia,3
K:daa94665cde4,Metamorphoses,Ovid,,c. 8 CE,"In fifteen books of Latin verse, the poem recounts the history of the world from creation to the deification of Julius Caesar through more than 250 myths in which gods and mortals are transformed into animals, plants, stars, and stones. A foundational source of classical mythology that shaped later Western literature and art.",Wikipedia,3
K:93dc6897f134,Ship of Fools,Katherine Anne Porter,1962,1962,"Aboard the German passenger ship Vera sailing from Veracruz, Mexico, to Bremerhaven in 1931, a large international cast of passengers reveals its prejudices and cruelties over the long voyage. An allegorical novel that traces the social tensions and rising bigotry of the period between the world wars.",Wikipedia,3
OL:OL103095W,The Enigma of Arrival,V. S. Naipaul,1988,1987,"An Indian-Trinidadian writer rents a cottage on a decaying country estate near Salisbury in Wiltshire and, over five sections, watches the people and landscape around him change while reflecting on his own life and arrival in England. A largely autobiographical novel about displacement, memory, and gradual belonging.",Wikipedia,3
OL:OL134601W,Lonesome Dove,Larry McMurtry,1985,1985,"Former Texas Rangers Augustus McCrae and Woodrow Call run a cattle outfit in the dusty border town of Lonesome Dove until they drive a stolen herd north to settle the unspoiled grasslands of Montana, losing men along the way. A Western that won the Pulitzer Prize for Fiction.",Wikipedia,3
OL:OL1715276W,"Life, a User's Manual",Georges Perec,1978,1978,"Removing the facade of a Paris apartment block at 11 rue Simon-Crubellier, the novel moves room by room through its residents' lives, centered on the wealthy Bartlebooth, who paints watercolors worldwide and has them cut into jigsaw puzzles. An intricate work built on elaborate mathematical and structural constraints.",Wikipedia,3
OL:OL166973W,The Idiot,Fyodor Dostoevsky,1868,1868,"The epileptic, guileless Prince Myshkin returns to Russia and is drawn between the proud Nastasya Filippovna and the gentler Aglaya, his innocence colliding with a grasping, scheming St. Petersburg society. A novel that tests whether a truly good man can survive in the world.",Wikipedia,3
OL:OL38282W,The Moviegoer,Walker Percy,1961,1961,"Binx Bolling, a young New Orleans stockbroker who escapes into movies, drifts through the week of Mardi Gras alongside his troubled cousin Kate while pursuing what he calls a search for meaning. A novel of existential malaise that won the National Book Award.",Wikipedia,3
OL:OL7972956W,Ceremony,Leslie Marmon Silko,1977,1977,"Tayo, a half-white Laguna Pueblo veteran of World War II, returns home traumatized after a Japanese prison camp and the death of his cousin, and undergoes a healing ceremony guided by the medicine man Betonie. A novel that weaves Pueblo storytelling and verse through its account of recovery.",Wikipedia,3
OL:OL50567W,Sula,Toni Morrison,1973,1973,"In the Black neighborhood of the Bottom in Medallion, Ohio, the conventional Nel and the defiant Sula grow up as close friends until adulthood, marriage, and a betrayal drive them apart. A novel about female friendship, community judgment, and the lives of Black women across several decades.",Wikipedia,3
OL:OL5860211W,Small Island,Andrea Levy,2004,2004,"In 1948, the Jamaican couple Hortense and Gilbert come to London seeking a better life and lodge with Queenie, an Englishwoman whose husband Bernard returns from the war, and the four narrate clashing experiences of race and migration. A novel about postwar Caribbean immigration to Britain.",Wikipedia,3
OL:OL26424W,A Far Cry From Kensington,Muriel Spark,1988,1988,"Looking back from Italy, the war-widowed editor Mrs. Hawkins recalls 1950s South Kensington, where her loathing for a pretentious hack named Hector Bartlett costs her a job and entangles her in blackmail, anonymous letters, and a suicide. A comic novel narrated as memory of her younger self.",Wikipedia,3
K:aa9d8baf7d95,The Heart of the Matter,Graham Greene,1948,1948,"Scobie, a scrupulous British police officer in a West African colony during the war, is pushed by pity for his unhappy wife and a young widow into adultery, deception, and a crisis of his Catholic faith. A novel about conscience, sin, and despair.",Wikipedia,3
OL:OL480955W,Quartet in Autumn,Barbara Pym,1977,1977,"Four unmarried or widowed London office workers nearing retirement—Letty, Marcia, Edwin, and Norman—lead isolated lives that begin to unravel as the women leave their jobs and the eccentric Marcia withdraws. A spare, late novel about loneliness and aging that was shortlisted for the Booker Prize.",Wikipedia,3
OL:OL1063588W,Les Misérables,Victor Hugo,1862,1862,"The ex-convict Jean Valjean rebuilds his life under a new name while the relentless inspector Javert pursues him, and their fates cross with the orphan Cosette and the 1832 Paris uprising. A vast novel of poverty, justice, and redemption in nineteenth-century France.",Wikipedia,3
OL:OL1992198W,In Cold Blood,Truman Capote,1966,1966,"In November 1959, two ex-convicts murder the four members of the Clutter family in their Kansas farmhouse, and the book reconstructs the crime, the manhunt, the trial, and the killers' executions. A nonfiction novel that helped define the true-crime genre.",Wikipedia,3
K:bd646529eae4,The Possessed,Fyodor Dostoevsky,1872,1872,"In a provincial Russian town, the arrival of the charismatic, nihilistic Nikolai Stavrogin and the agitator Pyotr Verkhovensky draws a revolutionary cell into manipulation, scandal, and political murder. A novel inspired by a real radical conspiracy and aimed at the destructive ideologies of its time.",Wikipedia,3
OL:OL1230715W,The Plague,Albert Camus,1947,1947,"When rats begin dying in the Algerian city of Oran, bubonic plague takes hold and the town is sealed off, while Dr. Bernard Rieux and others labor to treat the sick and endure the quarantine. A novel often read as an allegory of occupation and of human resistance to suffering.",Wikipedia,3
OL:OL81618W,The Stand,Stephen King,1978,1978,"A government-engineered superflu called Captain Trips wipes out most of humanity, and the scattered survivors are drawn into two camps—the good gathered in Boulder around Mother Abagail and the evil ruled by Randall Flagg in Las Vegas. A long post-apocalyptic novel of a final confrontation between good and evil.",Wikipedia,3
K:9b6c22f83dd1,1984,George Orwell,1948,1949,"In the superstate Oceania, the low-ranking Party worker Winston Smith secretly rebels against the all-seeing Big Brother, falls in love with Julia, and is caught and broken by the Thought Police. A dystopian novel that introduced terms like Newspeak, doublethink, and Big Brother.",Wikipedia,3
K:f547ea8e2ecf,The Fountain Overflows,Rebecca West,1956,1956,"Through the eyes of young Rose Aubrey, the gifted but unstable Aubrey family struggles in a London suburb before the First World War, held together by their pianist mother as their charming father gambles away their security. The first novel of an unfinished trilogy drawing on the author's childhood.",Wikipedia,3
K:98c8438f910d,The Arabian Nights: Tales from a Thousand and One Nights,,,8th–14th c.,"Spared each dawn by telling her king an unfinished tale, Scheherazade spins a thousand and one nights of stories, framing folk tales of merchants, genies, sailors, and lovers such as Aladdin, Ali Baba, and Sinbad. A collection of Middle Eastern and South Asian stories gathered over many centuries.",Wikipedia,3
OL:OL17644895W,Cousin Bette,Honoré de Balzac,1847,1847,"The embittered, unmarried Lisbeth Fischer hides her envy behind a mask of devotion as she schemes, with the help of the seductress Valérie Marneffe, to ruin her prosperous Parisian relatives the Hulots. A novel of jealousy, debt, and revenge set in mid-nineteenth-century Paris.",Wikipedia,3
K:017afa232b50,The Hamlet,William Faulkner,1940,1940,"The cold, ambitious Flem Snopes arrives with his sharecropper family in the rural Mississippi community of Frenchman's Bend and steadily takes over its store, land, and economy before moving on to Jefferson. The first volume of a trilogy chronicling the rise of the Snopes clan in Yoknapatawpha County.",Wikipedia,3
OL:OL21025633W,Notes From the Underground,Fyodor Dostoevsky,1864,1864,"A bitter, unnamed retired civil servant in St. Petersburg pours out his spiteful philosophy in a rambling confession, then recounts how he humiliated old schoolmates and cruelly rejected the prostitute Liza who offered him affection. A short novel often regarded as an early work of existentialist fiction.",Wikipedia,3
K:969799e0bdc1,The Charterhouse of Parma,Stendhal,1839,1839,"The impetuous young Italian nobleman Fabrice del Dongo runs off to fight for Napoleon at Waterloo, then returns to the intrigues of the court of Parma, aided by his devoted aunt Gina and her lover Count Mosca and entangled in love and imprisonment. An early novel of literary realism.",Wikipedia,3
K:9582f8788134,Waiting for Godot,Samuel Beckett,1953,1953,"On a bare country road by a tree, the tramps Vladimir and Estragon wait for a man named Godot who never comes, passing the time with talk and routines as the brutal Pozzo and his servant Lucky pass by. A two-act tragicomedy central to the Theatre of the Absurd.",Wikipedia,3
OL:OL65906W,On the Road,Jack Kerouac,1957,1957,"Sal Paradise crisscrosses the United States and Mexico with the restless, fast-talking Dean Moriarty, chasing jazz, women, and experience in a series of frenzied road trips. A loosely autobiographical novel that became a defining work of the Beat Generation.",Wikipedia,3
OL:OL44820011W,Pnin,Vladimir Nabokov,1953,1957,"The genial, accident-prone Russian émigré Timofey Pnin teaches his native language at a small American college, struggling with English, faculty politics, and memories of his lost homeland and his ex-wife. A comic, episodic novel about an exile's dignity and isolation.",Wikipedia,3
OL:OL103108W,A Bend in the River,V. S. Naipaul,1979,1979,"Salim, an Indian Muslim shopkeeper, sets up a small business in a town at the bend of a great river in a newly independent African country, watching it lurch through upheaval under a ruler called the Big Man. A novel about exile, corruption, and the precariousness of postcolonial Africa.",Wikipedia,3
K:c34e51144bbc,For Whom the Bell Tolls,Ernest Hemingway,1940,1940,"During the Spanish Civil War, the American dynamiter Robert Jordan joins a band of Republican guerrillas in the mountains to blow up a bridge, falling in love with the young Maria over the few days before the attack. A war novel about duty, comradeship, and mortality.",Wikipedia,3
OL:OL1858631W,"Good Morning, Midnight",Jean Rhys,1939,1939,"Sasha Jansen, a lonely, drinking middle-aged Englishwoman, returns to Paris on borrowed money and wanders its cafés and streets, haunted by an unhappy marriage and a dead child until a young gigolo's attentions turn unsettling. A modernist novel of depression and vulnerability between the wars.",Wikipedia,3
K:1d1ae492ede5,Don Juan,Lord Byron,1819,1824,"Don Juan, drawn from the Spanish legend, is sent abroad after a youthful affair and drifts through shipwreck, a Greek island romance, slavery in Constantinople, the siege of Ismail, and the court of Catherine the Great, all narrated by a digressive, satirical voice. An unfinished epic poem in ottava rima that mocks the literary, political, and religious figures of its day.",Wikipedia,3
OL:OL228715W,Another Country,James Baldwin,1962,1962,"In 1950s Greenwich Village, jazz drummer Rufus Scott spirals into despair after a destructive affair with a white Southern woman and kills himself, leaving his friends and sister Ida to navigate love and grief across racial and sexual lines. The novel deals openly with bisexuality, interracial relationships, and infidelity.",Wikipedia,3
OL:OL106837W,Memoirs of Hadrian,Marguerite Yourcenar,1951,1951,"Dying and around sixty, the Roman emperor Hadrian writes a long letter to his young successor Marcus Aurelius, recalling his rise to power, his military campaigns, his love of art and philosophy, and his grief over his lover Antinous. A first-person historical novel told as the emperor's reflective memoir.",Wikipedia,3
K:c7f77816dbd2,The Man Who Loved Children,Christina Stead,1940,1940,"Sam Pollit, a self-absorbed government scientist, dominates his large family with relentless optimism while his embittered wife Henny sinks into despair and their eldest daughter Louie struggles to break free, in a household poisoned by money troubles and mutual hatred. A novel known for its portrait of a destructive family and its origins in the author's own childhood.",Wikipedia,3
OL:OL5721565W,A Handful of Dust,Evelyn Waugh,1934,1934,"Tony Last, a complacent English squire devoted to his country house Hetton, loses his son and his marriage when his wife Brenda begins an affair, then escapes on a Brazilian expedition that ends with him held captive by a deranged settler who forces him to read Dickens aloud. A satirical novel about the collapse of English upper-class values.",Wikipedia,3
OL:OL159382W,The Lover,Marguerite Duras,1984,1984,"A French girl reflects on her impoverished colonial childhood in 1920s Saigon and her affair, begun at fifteen, with a wealthy older Chinese man, alongside memories of her unstable mother and brothers. An autobiographical novel that won the Prix Goncourt.",Wikipedia,3
OL:OL15026613W,A Visit From the Goon Squad,Jennifer Egan,2010,2010,"Record executive Bennie Salazar and his assistant Sasha anchor thirteen interlinked stories that leap across decades and characters in the music industry, from the late 1970s punk scene into a near-future New York. A novel told in shifting forms, including one chapter written as a PowerPoint presentation, that won the Pulitzer Prize.",Wikipedia,3
OL:OL15202030W,The Hunchback of Notre-Dame,Victor Hugo,1831,1831,"In fifteenth-century Paris, the deformed bell-ringer Quasimodo, the Romani dancer Esmeralda, and the archdeacon Claude Frollo become entangled around Notre-Dame Cathedral, with Frollo's obsession driving Esmeralda toward the gallows. A Gothic novel that also argues for the preservation of medieval architecture.",Wikipedia,3
OL:OL1217995W,U.s.a.,John Dos Passos,1938,1930–1936,"Twelve Americans pursue their fortunes from 1900 through the Great Depression, their stories interrupted by ""Newsreel"" montages of headlines and songs, capsule biographies of public figures, and autobiographical ""Camera Eye"" passages. An experimental modernist trilogy surveying American society across three decades.",Wikipedia,3
OL:OL16246083W,Death in Venice,Thomas Mann,1912,1912,"Gustav von Aschenbach, a disciplined and aging German writer, travels to Venice and becomes consumed by his attraction to Tadzio, a beautiful Polish boy, lingering in the city even as a cholera epidemic spreads until he dies on the beach watching the child. A novella about beauty, desire, and artistic decline.",Wikipedia,3
K:3d8256fe2668,Appointment in Samarra,John O'Hara,1934,1934,"Over three days around Christmas in the small Pennsylvania city of Gibbsville, wealthy car dealer Julian English throws a drink in a man's face and sets off a chain of impulsive acts that destroy his social standing and end in his suicide. A debut novel about self-destruction and class in 1930s America.",Wikipedia,3
OL:OL2009202W,Light Years,James Salter,1975,1975,"Viri, an architect, and his wife Nedra raise two daughters in a seemingly perfect home in the Hudson Valley starting in the late 1950s, but both conduct affairs and their marriage gradually comes apart, leaving them to age separately. A novel tracing the slow dissolution of a marriage over many years.",Wikipedia,3
OL:OL40885W,Suttree,Cormac McCarthy,1979,1979,"Cornelius Suttree abandons his wealthy family to live on a houseboat and fish the Tennessee River in 1950s Knoxville, drifting among drunks, prostitutes, and outcasts in the city's underworld. A semi-autobiographical novel noted for its dense prose and dark humor.",Wikipedia,3
OL:OL953028W,Heart so White,Javier Marías,1994,1992,"Juan, a Madrid translator newly married to Luisa, grows uneasy about the secrets in his father's past and the suicide of his father's first wife, and slowly uncovers what happened. A novel about secrets, marriage, and the consequences of knowing, which won the International Dublin Literary Award.",Wikipedia,3
OL:OL4082696W,The Corrections,Jonathan Franzen,2001,2001,"Elderly Enid Lambert presses her three adult children, Gary, Chip, and Denise, to come home to the Midwest for one last Christmas as her husband Alfred declines into Parkinson's and dementia, while each child wrestles with career failures and tangled relationships. A novel about a Midwestern family and its private crises.",Wikipedia,3
OL:OL1434640W,Berlin Alexanderplatz,Alfred Döblin,1929,1929,"Franz Biberkopf leaves Berlin's Tegel prison resolved to live honestly but is pulled back into the city's criminal underworld, betrayed by the gangster Reinhold and dragged toward ruin amid the chaos of 1920s Berlin. A modernist novel using collage, slang, and shifting viewpoints to render the city.",Wikipedia,3
OL:OL1209288W,All Quiet on the Western Front,Erich Maria Remarque,1929,1929,"Paul Bäumer and his schoolmates enlist in the German army during the First World War and endure the trenches, where the slaughter, fear, and numbness strip away their illusions and kill them one by one. A novel about the physical and mental devastation of war, drawn from the author's own service.",Wikipedia,3
K:132c540db579,Sister Carrie,Theodore Dreiser,1900,1900,"Carrie Meeber leaves rural Wisconsin for Chicago in 1889, becomes the mistress of a salesman and then of the married manager Hurstwood, who abandons everything to run off with her, and rises to fame as an actress while he sinks into poverty and suicide. An early American naturalist novel about ambition and the city.",Wikipedia,3
OL:OL20665410W,The Mirror and the Light,Hilary Mantel,,2020,"In the last four years of his life, from 1536 to his execution in 1540, Thomas Cromwell serves Henry VIII at the height of his power, managing the king's marriages and enemies as his own fall approaches. The final novel in a trilogy about Cromwell's rise and fall in the Tudor court.",Wikipedia,3
OL:OL112983W,A Month in the Country,JL Carr,,1980,"Tom Birkin, a shell-shocked First World War veteran, spends a summer in the Yorkshire village of Oxgodby uncovering a medieval mural hidden under whitewash in the church, finding a measure of peace among the villagers. A short novel about recovery, memory, and a vanished rural England.",Wikipedia,3
OL:OL20771W,The Blue Flower,Penelope Fitzgerald,,1995,"In late-eighteenth-century Germany, the young Friedrich von Hardenberg, later the poet Novalis, falls in love with twelve-year-old Sophie von Kühn and pursues a courtship cut short by her early death from tuberculosis. A historical novel based on the philosopher-poet's youth, named after his image of the blue flower.",Wikipedia,3
OL:OL40873W,The Road,Cormac McCarthy,2006,2006,"A father and his young son walk south through a gray, ash-covered America destroyed by an unnamed catastrophe, scavenging for food and hiding from roving bands of cannibals as they try to reach the coast. A post-apocalyptic novel about survival and the bond between parent and child that won the Pulitzer Prize.",Wikipedia,3
OL:OL2196010W,The Summer Book,Tove Jansson,,1972,"A young girl named Sophia and her elderly grandmother spend summers together on a small island in the Gulf of Finland, talking, quarreling, and exploring while quietly carrying the absence of Sophia's dead mother. A novel told in short episodes about childhood, old age, and nature.",Wikipedia,3
OL:OL2943602W,Infinite Jest,David Foster Wallace,,1996,"Hal Incandenza trains at his late father's Enfield Tennis Academy while nearby residents of the Ennet House recovery home struggle with addiction, all set against the search for a film so entertaining it kills anyone who watches it. An encyclopedic novel known for its length and its hundreds of endnotes.",Wikipedia,3
OL:OL27871634W,Septology,Jon Fosse,,2021,"Asle, an aging painter and recent Catholic convert living on the Norwegian coast, reflects on his life, his late wife, and God during the days before Christmas while looking after a namesake double, a fellow painter dying of drink. A seven-part novel written as a single unbroken sentence.",Wikipedia,3
OL:OL44994W,The Return of the Native,Thomas Hardy,1878,1878,"On the bleak Egdon Heath, the restless Eustacia Vye marries Clym Yeobright, who has returned from Paris hoping to become a schoolmaster, but her longing for a wider life and a rekindled affair with Damon Wildeve lead to drownings and ruin. A tragic novel set across a single year in the author's fictional Wessex.",Wikipedia,3
OL:OL1731119W,Pedro Páramo,Juan Rulfo,1955,1955,"Juan Preciado travels to the town of Comala to find the father he was promised on his mother's deathbed, only to discover the place deserted and peopled by the ghosts of the dead, who recount the cruelty of the landowner Pedro Páramo. A short novel that became a foundational work of magic realism.",Wikipedia,3
OL:OL17063057W,How to Be Both,Ali Smith,,2014,"A sixteen-year-old girl named George in present-day Cambridge mourns her mother, while in another section the Renaissance painter Francesco del Cossa recalls life and work in fifteenth-century Ferrara; the two halves were printed in different orders in different copies. A novel built so its two stories can be read in either sequence.",Wikipedia,3
OL:OL17351965W,Drive Your Plow Over the Bones of the Dead,Olga Tokarczuk,,2009,"Janina Duszejko, an eccentric older woman living in a remote Polish village near the Czech border, blames the local hunters for a string of deaths and pushes her own astrological theory of the murders on the police. A mystery with an unreliable narrator by a Nobel laureate.",Wikipedia,3
OL:OL1095403W,Villette,Charlotte Brontë,,1853,"Lucy Snowe leaves England with little money and takes a teaching post at a girls' boarding school in the fictional French-speaking city of Villette, where she observes those around her and falls into a guarded attachment to the irascible teacher Monsieur Paul. A novel drawn from the author's time in Brussels.",Wikipedia,3
OL:OL157104W,Life and Fate,Vasily Grossman,1980,1980,"During the Battle of Stalingrad, the physicist Viktor Shtrum and the scattered Shaposhnikov family endure war, antisemitism, and Stalinist repression, as the narrative draws parallels between the Nazi and Soviet states. A novel suppressed by the KGB and published abroad decades after it was written.",Wikipedia,3
OL:OL102389W,The Years,Annie Ernaux,,2008,"Moving from the end of the Second World War to the early 2000s, the narrator traces French society through shared memories, photographs, songs, news, and consumer life, writing of herself only as ""she,"" ""we,"" and ""they."" A collective autobiography that blends personal and national history.","FLAG: nonfiction/memoir (collective autobiography), not a novel; grounded in English Wikipedia",3
OL:OL8996439W,The Name of the Rose,Umberto Eco,,1980,"In 1327, the Franciscan friar William of Baskerville and his young assistant Adso arrive at a northern Italian abbey for a theological dispute and instead investigate a series of deaths centered on the monastery's labyrinthine library. A historical murder mystery steeped in medieval philosophy and semiotics.",Wikipedia,3
OL:OL109724W,Barchester Towers,Anthony Trollope,,1857,"The Reverend Septimus Harding and his daughter Eleanor are caught up in the church politics of the cathedral town of Barchester, where the new bishop's wife and the oily chaplain Mr. Slope vie for control of clergy appointments against the worldly archdeacon Grantly. A Victorian comic novel about ecclesiastical rivalry and provincial society.",Wikipedia,3
OL:OL2047674W,The Go-Between,LP Hartley,1953,1953,"During a hot summer at a Norfolk country house in 1900, twelve-year-old Leo Colston carries secret messages between Marian Maudsley and the tenant farmer Ted Burgess, not grasping the affair he is enabling until it ends in catastrophe. The story is framed by the elderly Leo looking back on the events.",Wikipedia,3
OL:OL9362446W,The Easter Parade,Richard Yates,1976,1976,"Sisters Emily and Sarah Grimes grow up after their parents' divorce and follow diverging paths across the decades, with the conventional Sarah marrying into an abusive household and the intellectual Emily drifting through unsatisfying jobs and affairs. A novel tracing two women's disappointments from the 1930s to the 1970s.",Wikipedia,2
K:3e4c8a960300,Candide,Voltaire,1759,1759,"Candide, raised in a baron's castle on the optimistic philosophy that this is the best of all possible worlds, is expelled and thrown into war, earthquake, slavery, and betrayal as he wanders Europe and the Americas searching for his beloved Cunégonde. A satire ridiculing philosophical optimism, ending with the resolve to cultivate one's garden.",Wikipedia,2
K:6baf284ba2c5,Poems of Emily Dickinson,Emily Dickinson,,1890,"Several hundred short, compressed lyrics treat death, immortality, nature, love, and the inner life, most written in slant-rhymed quatrains and left unpublished during the poet's lifetime. The first collection appeared posthumously and established a reputation as a major American poet.",Wikipedia,2
OL:OL81294W,Women in Love,D. H. Lawrence,1920,1920,"Sisters Ursula and Gudrun Brangwen pursue relationships with the school inspector Rupert Birkin and the industrialist Gerald Crich in the English Midlands, their two couplings developing along sharply different lines toward love and destruction. A novel examining sexuality, marriage, and personal connection in early twentieth-century England.",Wikipedia,2
K:8a974c3db91a,Troilus and Criseyde,Geoffrey Chaucer,1381,c. 1385,"In besieged Troy during the Trojan War, the young knight Troilus falls in love with the widow Criseyde with the help of her uncle Pandarus, only for Criseyde to be traded to the Greeks and transfer her affection to Diomede. A Middle English poem in rhyme royal retelling the lovers' tragedy.",Wikipedia,2
OL:OL40690787W,Washington Square,Henry James,1880,1880,"In 1840s New York, the plain, dutiful Catherine Sloper is courted by the charming but penniless Morris Townsend, while her sharp father Dr. Sloper insists the young man is only after her inheritance and threatens to disinherit her. A short novel about a daughter caught between a suitor and a controlling father.",Wikipedia,2
OL:OL20422365W,Woodcutters,Thomas Bernhard,1984,1984,"The narrator sits in a wing chair at a late-night ""artistic dinner"" in a Viennese apartment, silently dissecting the pretentious hosts and guests while awaiting a Burgtheater actor and recalling Joana, an old friend buried that same day. A monologue novel built from obsessive, repetitive interior invective.",Wikipedia,2
K:009fc9ee2b85,"Molloy, Malone Dies, and The Unnamable",Samuel Beckett,,1951,"Three linked first-person narratives follow increasingly broken-down men, beginning with the wandering Molloy, moving to the dying Malone telling himself stories in bed, and ending with a bodiless voice unable to stop or locate itself. A prose trilogy reducing narrative and identity toward an unnamable speaking presence.",Wikipedia,2
K:95fdf062893b,Hard Times,Charles Dickens,1854,1854,"In the grim industrial town of Coketown, the fact-obsessed schoolmaster Thomas Gradgrind raises his children on hard utilitarian principle while the mill owner Josiah Bounderby exploits workers like Stephen Blackpool. A novel attacking utilitarianism and the dehumanizing effects of industrial society.",Wikipedia,2
K:a6094632e300,The Bear,William Faulkner,1942,1942,"In the Mississippi wilderness, the boy Isaac McCaslin learns hunting and woodcraft over successive years as the men pursue Old Ben, a huge and elusive bear, while Ike comes to reckon with the legacy of slavery in his family's plantation ledgers. A novella about wilderness, initiation, and inherited guilt.",Wikipedia,2
OL:OL1921196W,White Noise,Don DeLillo,1985,1985,"Jack Gladney, a professor of Hitler studies at a Midwestern college, navigates his blended family and consumer-saturated life until an ""Airborne Toxic Event"" forces an evacuation and deepens his terror of death. A novel satirizing media, consumerism, and the fear of mortality in modern America.",Wikipedia,2
OL:OL26201952W,Chronicle of a Death Foretold,Gabriel García Márquez,1983,1981,"In a Colombian town, the Vicario brothers announce all over town that they intend to kill Santiago Nasar to avenge their sister Angela's lost honor, and almost everyone knows yet no one prevents the murder. A short novel reconstructing the foretold killing through a narrator's later inquiry.",Wikipedia,2
OL:OL8972751W,The Unbearable Lightness of Being,Milan Kundera,1984,1984,"In Prague around the 1968 Soviet invasion, the surgeon and womanizer Tomas, his wife Tereza, his lover the painter Sabina, and her lover Franz move through love affairs, political pressure, and exile. A novel interweaving their relationships with reflections on weight, lightness, and recurrence.",Wikipedia,2
K:5610cd9f092e,The Killer Inside Me,Jim Thompson,1952,1952,"Lou Ford, a mild-mannered, seemingly genial deputy sheriff in a small Texas town, narrates how he conceals a violent compulsion he calls ""the sickness"" and commits a series of murders behind his polite facade. A crime novel told from inside the mind of a psychopathic lawman.",Wikipedia,2
OL:OL483391W,Charlotte's Web,E. B. White,1952,1952,"On a farm, a pig named Wilbur is saved from slaughter by the barn spider Charlotte, who spins words like ""SOME PIG"" into her web to make him famous, aided by the girl Fern and the rat Templeton. A children's novel about friendship, mortality, and the cycle of life.",Wikipedia,2
K:76ef59a89b06,Death of a Salesman,Arthur Miller,1949,1949,Aging Brooklyn salesman Willy Loman returns home exhausted and slips between present failure and memory as he clashes with his disappointed son Biff and clings to dreams of being well-liked and successful. A play about the costs of the American dream and self-delusion.,Wikipedia,2
OL:OL2384132W,"Cry, the Beloved Country",Alan Paton,1948,1948,"The Zulu pastor Stephen Kumalo travels from his rural village to Johannesburg to find his sister and son, only to learn his son has killed a white man, the son of a neighboring farmer. A novel about racial injustice and reconciliation in South Africa before apartheid.",Wikipedia,2
K:910a38647a5c,Stories of Grace Paley,Grace Paley,,1994,"Across three decades of stories, working-class New Yorkers, especially the recurring Faith Darwin, raise children, argue politics, and manage love and friendship in Greenwich Village and the Bronx. This collected volume gathers the author's short fiction known for its compressed, talky, vernacular voice.",Wikipedia,2
OL:OL103123W,Farenheit 451,Ray Bradbury,1953,1953,"Guy Montag, a fireman in a future America whose job is burning books, begins hiding and reading them after meeting his curious neighbor Clarisse and watching a woman die with her library, turning against his book-burning society. A novel about censorship, conformity, and mass media.",Wikipedia,2
K:a452f45af6bc,Grimm's Fairy Tales,,,1812–1857,"Hundreds of German folk and fairy tales, including ""Cinderella,"" ""Hansel and Gretel,"" ""Rapunzel,"" ""Snow White,"" and ""Little Red Riding Hood,"" were gathered and reshaped across successive editions. The collection became one of the most influential sources of European fairy tales.",FLAG: anonymous/compiled folk tales; grounded on Grimms' Fairy Tales Wikipedia; no single author given in worklist,2
K:23e11cce9bf8,"Speak, Memory",Vladimir Nabokov,1951,1951,"The author recounts his aristocratic childhood in pre-revolutionary Russia, his family's flight from the Bolsheviks, and his émigré years in Cambridge, Berlin, and Paris, organized around vivid recovered memories rather than strict chronology. A memoir reflecting on time, exile, and the workings of recollection.",Wikipedia,2
K:7a4667d98f9f,A Death in the Family,James Agee,1957,1957,"In 1915 Knoxville, Tennessee, six-year-old Rufus Follet and his family absorb the sudden death of his father Jay in a car accident, the household moving through grief, faith, and the children's incomplete understanding of loss. An autobiographical novel published posthumously.",Wikipedia,2
K:d269f3b1008d,The Importance of Being Earnest,Oscar Wilde,1895,1895,"Two friends, Jack Worthing and Algernon Moncrieff, both invent fictitious personas named ""Ernest"" to escape obligations and court Gwendolen and Cecily, leading to mistaken identities and the discovery of Jack's true parentage. A comedy satirizing the manners and hypocrisies of Victorian high society.",Wikipedia,2
OL:OL1326348W,A Severed Head,Iris Murdoch,1961,1961,"The wine merchant Martin Lynch-Gibbon, comfortable in his affair while married to Antonia, finds his arrangements collapsing when his wife leaves him for her psychoanalyst and he becomes entangled with the unsettling anthropologist Honor Klein. A comic novel of shifting couplings among the English upper middle class.",Wikipedia,2
K:3370e18f51ca,His Dark Materials,Philip Pullman,,1995–2000,"Across parallel worlds, the girl Lyra Belacqua and the boy Will Parry, accompanied by soul-companions called dæmons, are drawn into a cosmic conflict involving the mysterious substance Dust and a rebellion against the Authority. A fantasy trilogy blending adventure with theology, physics, and philosophy.",Wikipedia,2
K:af9b5d2a92ca,The Hours,Michael Cunningham,1998,1998,"Three women in different eras are linked by the novel Mrs Dalloway: the author writing it in 1920s England, a 1949 Los Angeles housewife reading it, and a present-day New Yorker planning a party for a dying friend. A novel structured around a single day in each woman's life.",Wikipedia,2
K:2ba7f9e2d3da,The Untouchable,John Banville,1997,1997,"The elderly art historian Victor Maskell, exposed as a Soviet double agent after decades as a respected curator, narrates his life among Cambridge spies, his hidden homosexuality, and his betrayals. A novel based loosely on the real spy Anthony Blunt.",Wikipedia,2
K:19f63e640608,The Master,Colm Tóibín,2004,2004,"Between 1895 and 1899, the American-born novelist Henry James endures the failure of his play in London and retreats to a house in Rye, working and brooding over family, friendships, and his unspoken desires. A novel reimagining several pivotal years in the writer's interior life.",Wikipedia,2
K:f5a6ea3da198,Miss Lonelyhearts,Nathanael West,1933,1933,"Miss Lonelyhearts, a male newspaper columnist who answers letters from desperate readers, is overwhelmed by their suffering and his cynical editor Shrike, sinking into a religious and emotional crisis. A short novel about despair and the futility of consolation in Depression-era New York.",Wikipedia,2
K:0cedd0859856,Stories of William Trevor,William Trevor,,1992,"Across many stories set mostly in provincial Ireland, ordinary people confront loneliness, thwarted love, religion, and small acts of cruelty and kindness in towns and farms. This gathered volume collects the author's short fiction known for its restraint and attention to ordinary lives.","FLAG: ""Stories of William Trevor"" maps to The Collected Stories (1992); year is for that collection",2
K:a66bfb050c76,The Oedipus trilogy,Sophocles,,c. 441–401 BCE,"Three Theban plays follow the doomed royal house: Oedipus unknowingly kills his father and marries his mother and is ruined, the blind exile dies at Colonus, and his daughter Antigone defies the king to bury her brother. The plays, written separately, are read together as a sequence on fate and law.",Wikipedia,2
OL:OL7982392W,"The Story of the Stone, or the Dream of the Red Chamber",Cao Xueqin,,c. 1760,"Cousins Jia Baoyu, Lin Daiyu, and Xue Baochai grow up inside the sprawling, wealthy Jia household, their entangled loves and rivalries playing out as the family slides toward ruin. A long Chinese novel of manners, widely regarded as a high point of classical Chinese fiction.",Wikipedia,2
OL:OL1337129W,"Right Ho, Jeeves",P. G. Wodehouse,1934,1934,"At his Aunt Dahlia's Brinkley Court, Bertie Wooster meddles in the romances of the newt-loving Gussie Fink-Nottle and Madeline Bassett and his cousin Angela, drunkenly botches a school prize-giving, and finally turns to his valet Jeeves to untangle the mess. A comic novel in the Jeeves series.",Wikipedia,2
K:c157e7e9d2a1,The Regeneration trilogy,Pat Barker,1995,1991–1995,"At Craiglockhart military hospital and beyond, army psychiatrist William Rivers treats shell-shocked First World War officers, including the poet Siegfried Sassoon and the fictional Billy Prior, across the war's final years. Three linked novels blending real and invented figures; the last, The Ghost Road, won the Booker Prize.",Wikipedia,2
K:3dfab6fbfe3b,One Day in the Life of Ivan Denisovich,Alexander Solzhenitsyn,1962,1962,"Ivan Denisovich Shukhov, wrongly imprisoned as a spy, works through a single freezing day in a Soviet forced-labor camp, from reveille to lights-out, scrounging extra food and laying brick with his squad. One of the first published Soviet accounts of the Gulag.",Wikipedia,2
K:5f7b8a8855e8,Airships,Barry Hannah,1978,1978,"Twenty stories range across the Vietnam War, the American Civil War, and the contemporary South, peopled by soldiers, musicians, and disappointed men chasing love and drink. A short-story collection associated with Mississippi and the postwar American South.",Wikipedia,2
OL:OL20938W,Mill on the Floss,George Eliot,1860,1860,"Maggie and Tom Tulliver grow up at Dorlcote Mill on the River Floss, and after their father loses a lawsuit and the mill, Maggie's bonds with the disabled Philip Wakem and with Stephen Guest collide with Tom's rigid sense of family honor. The novel ends with the siblings drowning together in a flood.",Wikipedia,2
OL:OL644386W,The Betrothed,Alessandro Manzoni,1827,1827,"In 1628 Lombardy under Spanish rule, the peasants Renzo and Lucia try to marry, but the local tyrant Don Rodrigo blocks them, scattering the couple across a country gripped by famine, riots, and plague. A historical novel considered a landmark of Italian literature.",Wikipedia,2
K:30993508b211,Native Son,Richard Wright,1945,1940,"Bigger Thomas, a young Black man in 1930s Chicago, takes a chauffeur job with the wealthy white Dalton family and accidentally kills their daughter Mary, setting off his flight, capture, and trial. A protest novel about racism and poverty in America.",Wikipedia,2
K:aad10973ad30,An American Tragedy,Theodore Dreiser,1925,1925,"Clyde Griffiths, an ambitious poor young man, works his way into his rich uncle's collar factory, courts the socialite Sondra while concealing his pregnant girlfriend Roberta, and plots her drowning before facing arrest and trial. A novel based on a real 1906 murder case.",Wikipedia,2
K:72452c900a94,Mike Mulligan and His Steam Shovel,Virginia Lee Burton,1939,1939,"Mike Mulligan and his aging steam shovel Mary Anne, outmoded by newer machines, take on a bet to dig the cellar for Popperville's new town hall in a single day, then must figure out how to get Mary Anne out of the hole. A picture book about a man and his machine.",Wikipedia,2
K:b7e02ad45061,The Monster at the End of this Book,Jon Stone and Mike Smollin,1971,1971,"Grover, alarmed by the title, begs the reader not to turn the pages because a monster waits at the end, tying ropes and building walls to stop them, only to discover that the monster is himself. A Sesame Street picture book that talks directly to the reader.",Wikipedia,2
K:1e0203a3004c,Sylvester and the Magic Pebble,William Steig,1969,1969,"Sylvester the donkey finds a magic pebble that grants wishes, but when a lion frightens him he wishes himself into a rock and drops the pebble, leaving his grieving parents to search for him. A picture book that won the Caldecott Medal.",Wikipedia,2
K:ab6325032b46,The Story of the Little Mole Who Went in Search of Whodunit,Werner Holzwarth and Wolf Erlbruch,1993,1989,"A mole pokes his head out of the ground and is dropped on by something, so he questions a pigeon, horse, hare, goat, cow, and pig before flies help him identify the butcher's dog as the culprit, whom he repays in kind. A children's picture book, originally German, known for its frank treatment of animal droppings.",Wikipedia,2
K:f5b2e8ed7aaf,Charlie the Tramp,Russell Hoban and Lillian Russell,1966,1966,"Charlie, a young beaver, decides he would rather be a wandering tramp than learn to chop trees and build dams, but on his first night away the sound of trickling water and his beaver instincts get the better of him. A children's picture book about work and identity.","FLAG: no English Wikipedia page — used Internet Archive, Plough, and bookseller summaries; illustrator is Lillian Hoban, not ""Lillian Russell"" as listed",2
K:a32b529baa70,In the Night Kitchen,Maurice Sendak,1970,1970,"Mickey tumbles out of his pajamas and into the Night Kitchen, where three bakers nearly bake him into the morning cake until he builds a dough airplane, fetches their milk, and crows from atop a giant milk bottle. A picture book noted for its dream imagery and recurring challenges over Mickey's nudity.",Wikipedia,2
K:e58ea2747551,"Bark, George",Jules Feiffer,2000,2000,"George the puppy cannot bark, so his mother takes him to the vet, who reaches inside and pulls out a cat, a duck, a pig, and a cow before George finally barks, only to answer ""Hello"" on the walk home. A picture book built on repetition and a final joke.","FLAG: Wikipedia lists first publication as 1999, not 2000",2
K:f5c7d89b5b99,Friday Night At Hodges' Café,Tim Egan,1996,1994,"Hodges the elephant runs a café with a strict no-tigers rule, until three tigers barge in demanding elephant schnitzel, and a brawl erupts that ends when a tiger tastes the chef's soufflé and the whole café makes peace. A children's picture book.","FLAG: no English Wikipedia page — used Kirkus, Publishers Weekly, and bookseller listings; first published 1994, not 1996",2
K:3217b8f0ad67,Frog and Toad,Arnold Lobel,,1970–1979,"Across linked easy-reader stories, the cheerful Frog and the worried Toad share the small events of friendship, planting a garden, looking for a lost button, waiting for the mail, and trying to be brave. A series of beginning-reader books known for their gentle humor.",FLAG: title is a series; grounded on Frog and Toad Are Friends (1970) and its sequels through 1979,2
OL:OL15322W,The Baron in the Trees,Italo Calvino,1957,1957,"After a quarrel over a dish of snails in 1767, the young nobleman Cosimo Piovasco di Rondò climbs into the trees of his family's estate at Ombrosa and vows never to come down, living out a full life among the branches. A philosophical novel, part of the Our Ancestors trilogy.",Wikipedia,2
OL:OL112623W,A High Wind in Jamaica,Richard Hughes,1929,1929,"The Bas-Thornton children, sent from Jamaica to England after a hurricane, are seized by pirates when their ship is boarded, and they settle into shipboard life as the relationship between them and the crew turns dangerous. A novel about childhood and the limits of innocence.",Wikipedia,2
OL:OL463834W,Couples,John Updike,1968,1968,"In the small Massachusetts town of Tarbox around 1963, ten married couples swap partners in an interlocking round of affairs centered on the contractor Piet Hanema, whose involvement with the pregnant Foxy Whitman upends two marriages. A novel about sex and middle-class life in 1960s America.",Wikipedia,2
OL:OL2005224W,At Swim-Two-Birds,Flann O'Brien,1939,1939,"An idle Dublin university student writing a novel introduces a writer named Trellis, whose own characters, drawn from cowboy tales, Irish legend, and the mad king Sweeney, rebel against their author and put him on trial. A metafictional comic novel.",Wikipedia,2
OL:OL240077W,The Private Memoirs and Confessions of a Justified Sinner,James Hogg,1824,1824,"Robert Wringhim, a fanatical Calvinist convinced he is among the saved, falls under the sway of the shape-shifting stranger Gil-Martin and is led into a series of murders, the story told first by an editor and then by Robert himself. A Scottish novel of religious fanaticism and the divided self.",Wikipedia,2
OL:OL2536262W,The Slaves of Solitude,Patrick Hamilton,1947,1947,"In the winter of 1943, the lonely middle-aged Miss Roach endures life at the Rosamund Tea Rooms boarding house, tormented by the bullying Mr Thwaites and by her German rival Vicki for the attention of an American lieutenant. A novel of wartime English boarding-house life.",Wikipedia,2
OL:OL457175W,The Satanic Verses,Salman Rushdie,1988,1988,"Two Indian actors, Gibreel Farishta and Saladin Chamcha, survive the mid-air explosion of a hijacked jet over the English Channel and fall to earth transformed, one taking on angelic traits and the other devilish, while dream sequences retell the founding of a new religion. A novel whose treatment of Islam drew protests and a fatwa.",Wikipedia,2
K:8f7a8603bc7a,The Bacchae,Euripides,,c. 405 BCE,"The god Dionysus comes to Thebes disguised as a mortal to punish King Pentheus and the city for denying his divinity, driving the women into ecstatic frenzy until Pentheus is torn apart by his own mother Agave on the mountainside. An ancient Greek tragedy performed after its author's death.",Wikipedia,2
OL:OL2276498W,Confessions of Zeno,Italo Svevo,1923,1923,"At his psychoanalyst's suggestion, the neurotic Trieste businessman Zeno Cosini writes a rambling memoir covering his endless failed attempts to quit smoking, his father's death, his marriage, and a half-hearted affair. A novel structured as a patient's confession and an early use of Freudian ideas in fiction.",Wikipedia,2
OL:OL2399772W,The Loser,Thomas Bernhard,1983,1983,"Recalling his student days studying piano in Salzburg, an unnamed narrator reflects on the suicide of his friend Wertheimer, whom the genius of fellow pupil Glenn Gould drove to abandon music and despair. A novel written as a single unbroken monologue.",Wikipedia,2
OL:OL1707618W,Oscar & Lucinda,Peter Carey,1988,1988,"Oscar Hopkins, an English clergyman, and Lucinda Leplastrier, an Australian heiress who owns a glass factory, meet aboard ship and discover a shared compulsion for gambling, leading to a wager to haul a glass church across the New South Wales wilderness. A novel that won the Booker Prize.",Wikipedia,2
OL:OL928455W,The Famished Road,Ben Okri,1991,1991,"Azaro, a spirit-child who has chosen to stay among the living, moves through the poverty, bars, and political violence of an African city while spirits keep trying to draw him back to their world. A novel mixing everyday life with African spiritual belief that won the Booker Prize.",Wikipedia,2
OL:OL2096536W,Watership Down,Richard Adams,1972,1972,"Warned by his brother Fiver's vision that their warren will be destroyed, the rabbit Hazel leads a small band across the English countryside in search of a safe home, surviving predators, a sinister warren, and the tyrannical General Woundwort. A novel using rabbits and their invented lore to tell an adventure story.",Wikipedia,2
K:6782b3c089d0,The Screwtape Letters,C. S. Lewis,1942,1942,"A senior devil named Screwtape writes thirty-one letters of advice to his nephew Wormwood, a junior tempter assigned to corrupt an ordinary British man and steer him from God toward damnation. A satirical Christian work framed as demonic correspondence.",Wikipedia,2
K:111bd5114ad8,Nothing,Henry Green,1926,1950,"Years after an affair nearly wrecked their marriages, the widow Jane Weatherby and the widower John Pomfret are thrown back together in postwar London when their grown children decide to marry, prompting Jane to scheme against the match. A comic novel told almost entirely in dialogue.",FLAG: csv year 1926 is wrong; first published 1950 per Wikipedia and other sources,2
K:9a0ea9d7f91e,The Professor's House,Willa Cather,1925,1925,"Godfrey St. Peter, a history professor in a Midwestern lake town, finishes his life's work and moves to a new house but clings to his cramped old study, dwelling on his late student Tom Outland, who discovered cliff dwellings on a New Mexico mesa. A novel about middle age, memory, and disillusionment, structured around Tom Outland's inset narrative.",Wikipedia,2
OL:OL1846845W,The Poisonwood Bible,Barbara Kingsolver,1998,1998,"Nathan Price, a Baptist missionary, drags his wife and four daughters to the Belgian Congo in 1959, where the family unravels amid disease, famine, and the violent birth of independent Zaire, narrated in turn by the mother and daughters. A novel about colonialism, faith, and an American family's reckoning with Africa.",Wikipedia,2
K:a54fc089b816,Stories of Mavis Gallant,Mavis Gallant,,1996,"Across dozens of stories, expatriates, exiles, and displaced Europeans navigate hotels, rented rooms, and uneasy marriages in postwar Paris, Montreal, and the Riviera. A collection by a Canadian writer long resident in France, known for its precise observation and detached irony.","FLAG: collection title ambiguous; grounded on author's Collected/Selected Stories (1996), no EN Wikipedia page for this exact title",2
OL:OL39108W,The Secret Agent,Joseph Conrad,1907,1907,"Adolf Verloc, a London shopkeeper and secret agent for a foreign embassy, is pressured to bomb the Greenwich Observatory and enlists his slow-witted brother-in-law Stevie, with disastrous consequences for his family. A novel about anarchists, espionage, and domestic tragedy, based loosely on the 1894 Greenwich bombing.",Wikipedia,2
OL:OL1855944W,Atonement,Ian McEwan,2001,2001,"In 1935 England, thirteen-year-old Briony Tallis misreads a moment between her sister Cecilia and Robbie Turner and accuses him of a crime he did not commit, an error whose consequences follow all three through World War II. A novel about guilt, imagination, and the limits of fiction's atonement.",Wikipedia,2
OL:OL275946W,Black Boy,Richard Wright,1945,1945,"Growing up poor and Black in the Jim Crow South, the young narrator endures hunger, family violence, and constant racial humiliation before fleeing to Chicago, where he begins to read, write, and briefly joins the Communist Party. An autobiography tracing the author's childhood and youth.",Wikipedia,2
K:3c196dac60d1,The stories of Andre Dubus,Andre Dubus,,1988,"Across twenty-three stories, working-class men and women in mill towns and military bases of New England confront marriage, divorce, faith, and violence in ordinary American lives. A collection by a writer known for his Catholic sensibility and compassion for troubled, unremarkable people.","FLAG: collection title ambiguous; grounded on author's Selected Stories (1988), no EN Wikipedia page for this exact title",2
K:3b31f95c4a6f,Mildred Pierce,James M. Cain,1941,1941,"In Depression-era Glendale, California, Mildred Pierce leaves her unfaithful husband and builds a chain of restaurants to support her two daughters, lavishing everything on the cold, ambitious Veda, who repays her with contempt. A novel about maternal sacrifice, class striving, and a destructive mother-daughter bond.",Wikipedia,2
OL:OL14858723W,A Prayer for Owen Meany,John Irving,1989,1989,"In a New Hampshire town, the diminutive, strange-voiced Owen Meany hits a foul ball that kills his best friend John's mother and grows up convinced he is God's instrument, moving toward a fate he believes he has foreseen. A novel about faith, doubt, friendship, and predestination.",Wikipedia,2
K:1deae2d6a81c,Tropic of Cancer,Henry Miller,1934,1934,"A struggling American writer scrapes by in 1930s Paris, drifting among friends, prostitutes, and odd jobs while recording his hungers, squalor, and exhilaration in frank, fragmentary episodes. A semi-autobiographical novel whose sexual explicitness led to long obscenity bans in the United States.",Wikipedia,2
K:c539f3784713,The Life of Pi,Yann Martel,2001,2001,"After a shipwreck sinks his family's cargo ship, sixteen-year-old Pi Patel survives 227 days adrift in the Pacific in a lifeboat shared with a Bengal tiger named Richard Parker. A novel about survival, religion, and storytelling, ending with two competing accounts of his ordeal.",Wikipedia,2
K:fed4131b3954,Doctor Faustus,Thomas Mann,1947,1947,"Narrated by his devoted friend Serenus Zeitblom in wartime Germany, the brilliant composer Adrian Leverkühn deliberately contracts syphilis and strikes a Faustian bargain for years of creative genius before madness overtakes him. A novel that reworks the Faust legend as an allegory of Germany's descent into Nazism.",Wikipedia,2
K:9b18dd743820,The Mayor of Casterbridge,Thomas Hardy,1886,1886,"In a fit of drunkenness at a country fair, Michael Henchard sells his wife and daughter, then reforms and rises to become mayor of the Wessex town of Casterbridge, until the past returns to undo him. A novel about pride, fate, and a self-made man's downfall.",Wikipedia,2
OL:OL1326328W,The Black Prince,Iris Murdoch,1973,1973,"Bradley Pearson, a blocked London writer in his late fifties, falls obsessively in love with the young daughter of his rival Arnold Baffin, and the affair drives him toward a murder charge. A novel framed by competing forewords and postscripts that cast doubt on its narrator.",Wikipedia,2
OL:OL506115W,Seize the Day,Saul Bellow,1956,1956,"Over a single day in a New York hotel, the unemployed, divorcing Tommy Wilhelm seeks help from his cold physician father and gambles his last savings on the commodities market through the dubious Dr. Tamkin. A novella about failure, self-deception, and a man at the end of his resources.",Wikipedia,2
OL:OL847902W,I Served the King of England,Bohumil Hrabal,1971,1971,"The diminutive Ditě recounts his rise from hotel busboy to waiter to wealthy hotelier in mid-century Czechoslovakia, marrying a German woman as the Nazis invade and losing everything under communism before retreating to solitude. A picaresque novel about ambition, complicity, and Czech history.",Wikipedia,2
K:0ed1a323eb37,The Marquise of O— and Other Stories,Heinrich von Kleist,,1808,"A widowed Italian noblewoman, finding herself inexplicably pregnant, advertises for the unknown father to come forward and marry her, in the title novella that anchors a collection of eight tales of violence, justice, and the uncanny. A set of novellas including the long story Michael Kohlhaas.",Wikipedia,2
OL:OL98585W,The Custom of the Country,Edith Wharton,1913,1913,"Undine Spragg, a beautiful and ruthless midwestern social climber, arrives in New York and marries her way upward through a series of husbands and divorces in pursuit of wealth and status. A satirical novel of manners about American materialism and the marriage market.",Wikipedia,2
K:58e8ae773c4c,A Midsummer Night’s Dream,William Shakespeare,1595,1595,"In and around Athens, four young lovers flee into a forest where a mischievous fairy's love potion scrambles their affections, while a troupe of amateur actors rehearses a play and the fairy king and queen quarrel. A comedy interweaving lovers, fairies, and tradesmen on a midsummer night.",Wikipedia,2
K:fbee4c090e26,Stones for Ibarra,Harriet Doerr,1984,1984,"Richard and Sara Everton leave California for the Mexican village of Ibarra to reopen a copper mine once run by Richard's grandfather, only to learn that Richard has a terminal illness as they slowly enter village life. A novel told in linked vignettes about an American couple among Mexican neighbors.",Wikipedia,2
K:028967a6b1e9,Alias Grace,Margaret Atwood,1996,1996,"In nineteenth-century Canada, the imprisoned servant Grace Marks, convicted of two murders, recounts her life to a young doctor investigating whether she is guilty, insane, or wrongly condemned. A novel based on a real 1843 Canadian murder case.",Wikipedia,2
OL:OL1863530W,Lucky Jim,Kingsley Amis,1954,1954,"Jim Dixon, a bored, resentful junior lecturer at a provincial English university, blunders through faculty politics, a tiresome senior professor, and a clinging colleague while pining for another man's girlfriend. A comic novel satirizing postwar British academic life.",Wikipedia,2
K:096e7d480771,The Once and Future King,T.H. White,1958,1938,"The young Arthur, called Wart, is tutored by the wizard Merlyn, draws the sword from the stone, and becomes King Arthur, founding the Round Table before his realm collapses through Lancelot's love for Guenever and Mordred's treachery. A retelling of the Arthurian legend drawn from Malory.",Wikipedia,2
OL:OL5703422W,Jonathan Strange & Mr. Norrell,Susanna Clarke,2004,2004,"In an alternate Napoleonic-era England where magic has faded into theory, the reclusive Gilbert Norrell revives practical magic and takes the bold Jonathan Strange as a pupil, until their rivalry and a malevolent fairy lead them into ruin. A novel about English magic, presented with extensive mock-scholarly footnotes.",Wikipedia,2
OL:OL43037384W,A Suitable Boy,Vikram Seth,1993,1993,"In early-1950s newly independent India, Mrs. Rupa Mehra searches for a husband for her student daughter Lata, whose three suitors and four interlinked families play out against politics, land reform, and Hindu-Muslim tension. A long family saga centered on a young woman's marriage choice.",Wikipedia,2
OL:OL498434W,The Castle,Franz Kafka,1926,1926,"A land surveyor known only as K. arrives in a village beneath a castle that has supposedly summoned him, then struggles endlessly against an impenetrable bureaucracy that denies him access to the authorities he serves. An unfinished novel about alienation and inscrutable power.",Wikipedia,2
K:0bcd22fa5600,Hedda Gabler,Henrik Ibsen,1890,1890,"Newly married and already bored, the general's daughter Hedda Tesman manipulates the lives around her, destroying a former suitor's manuscript and pushing him toward suicide before turning a pistol on herself. A four-act play about a trapped, destructive woman.",Wikipedia,2
OL:OL47266W,The Maltese Falcon,Dashiell Hammett,1930,1930,"San Francisco detective Sam Spade takes a case that leaves his partner dead and entangles him with a lying client, a band of crooks, and the hunt for a jewel-encrusted falcon statuette. A hardboiled detective novel that helped define the genre.",Wikipedia,2
K:79eacb04d3c3,London Fields,Martin Amis,1989,1989,"In a near-future London awaiting catastrophe, the femme fatale Nicola Six foresees her own murder and maneuvers two men, the brutish Keith Talent and the wealthy Guy Clinch, toward it, observed by a dying narrator. A novel narrated by a writer who chronicles the plot's unfolding.",Wikipedia,2
K:5ea8a38b90a2,The Raj Quartet,Paul Scott,,1966,"Across four novels spanning 1942 to 1947, British officials, soldiers, and Indians live through the final years of the Raj, the story turning on the rape of an Englishwoman and its long aftermath. A tetralogy about the end of British rule in India.",Wikipedia,2
OL:OL798425W,The Time of the Doves,Mercè Rodoreda,1962,1962,"In Barcelona before and during the Spanish Civil War, a young woman called Natalia, nicknamed Colometa, marries the domineering Quimet, raises children amid poverty and his obsession with breeding doves, and struggles to survive after he goes to war. A novel narrated in the first person by an ordinary working woman.",Wikipedia,2
OL:OL120601W,Two Serious Ladies,Jane Bowles,1943,1943,"Two wealthy women, the eccentric Christina Goering and Mrs. Frieda Copperfield, drift away from respectable life into bars, brothels, and strange entanglements, Copperfield in Panama and Goering among odd men, before meeting again. A modernist novel about two women's pursuit of salvation through dissolution.",Wikipedia,2
OL:OL17081245W,Those Who Leave and Those Who Stay,Elena Ferrante,2014,2013,"Now grown, Lila works as a laborer in Naples after leaving her husband while Elena earns a degree, publishes a novel, and enters educated society, their friendship straining across the political upheavals of the late 1960s and 1970s. The third of the four Neapolitan Novels.",Wikipedia,2
K:b21d24bb8eed,Either/Or: A Fragment of Life,Soren Kierkegaard,1843,1843,"Under the pseudonymous editorship of Victor Eremita, papers by an unnamed aesthete known only as ""A"" set out a pleasure-seeking way of life, while two long letters from Judge William argue for ethical commitment and marriage. A two-volume philosophical work that contrasts the aesthetic and ethical modes of existence and includes the ""Diary of a Seducer.""",Wikipedia,2
OL:OL19667678W,Wise Blood,Flannery O'Connor,1952,1952,"Hazel Motes returns from the war to Tennessee, moves to the city of Taulkinham, and preaches a ""Church Without Christ"" from the hood of his car, drawing in the museum-obsessed Enoch Emery and the fraudulent blind preacher Asa Hawks. A Southern Gothic novel about faith, doubt, and self-destruction.",Wikipedia,2
OL:OL32195W,House of Leaves,Mark Z. Danielewski,2000,2000,"Johnny Truant finds a dead man's manuscript analyzing a documentary film about Will Navidson's house on Ash Tree Lane, which proves larger inside than out and contains a shifting, impossible labyrinth. A novel told through nested narrators, footnotes, and unconventional page layouts and typography.",Wikipedia,2
OL:OL118984W,Nana,Émile Zola,1880,1880,"Anna ""Nana"" Coupeau rises from streetwalker to celebrated courtesan in the Paris of the Second Empire, ruining the rich and powerful men who pursue her before smallpox ends her life. The ninth novel in the Rougon-Macquart series, depicting prostitution and moral decay in 1860s France.",Wikipedia,2
OL:OL505439W,Under the Volcano,Malcolm Lowry,1947,1947,"Geoffrey Firmin, an alcoholic former British consul in the Mexican town of Quauhnahuac, drinks through the Day of the Dead in November 1938 as his estranged wife Yvonne and half-brother Hugh try to save him. A novel set across a single day, known for its dense symbolism and stream-of-consciousness style.",Wikipedia,2
OL:OL74676W,Portnoy's Complaint,Philip Roth,1969,1969,"Alexander Portnoy, a sexually frustrated young Jewish man, pours out his life to his psychoanalyst Dr. Spielvogel, recounting his domineering mother, his guilt, and his compulsive erotic escapades. A monologue novel that drew controversy for its explicit and comic treatment of sexuality.",Wikipedia,2
OL:OL16547664W,Bring up the Bodies,Hilary Mantel,,2012,"In 1535, Thomas Cromwell serves Henry VIII as the king tires of Anne Boleyn and turns toward Jane Seymour, and Cromwell engineers the queen's arrest, trial, and execution for adultery and treason. The second book in the Wolf Hall trilogy, which won the Booker Prize.",Wikipedia,2
OL:OL18020255W,Nora Webster,Colm Tóibín,,2014,"In County Wexford in the late 1960s, Nora Webster is left a widow with four children after her husband's death and must return to work, manage her grief, and slowly rebuild an independent life. A novel about a widow's recovery in a small Irish town.",Wikipedia,2
OL:OL26496349W,Tamarisk Row,Gerald Murnane,,1974,"In a country town in 1940s Victoria, Clement Killeaton grows up amid his father's gambling debts and his mother's piety, channeling his world into an imagined horse-racing game played in the backyard dust. A debut novel built from long single-paragraph sections, drawn from a Catholic childhood.",Wikipedia,2
OL:OL23020966W,Small Things Like These,Claire Keegan,,2021,"Bill Furlong, a coal and timber merchant in the Irish town of New Ross in December 1985, discovers a mistreated young woman while delivering to the local convent and confronts the town's silence about the Magdalene laundry. A novella based on the history of Ireland's Magdalene laundries.",Wikipedia,2
OL:OL1308096W,Suite Française,Irène Némirovsky,,2004,"In ""Storm in June,"" Parisians flee the city ahead of the advancing German army in 1940, and in ""Dolce,"" a French village lives under German occupation as a local woman is drawn to a billeted officer. Two completed parts of a planned five-part sequence, written during the war and published decades after the author's death at Auschwitz.",Wikipedia,2
OL:OL24598751W,One Thousand and One Nights,Anonymous,,c. 8th–14th centuries,"To delay her own execution, Scheherazade tells King Shahryar a chain of unfinished stories night after night, weaving together tales of merchants, genies, sailors, and caliphs across a thousand and one nights. A collection of Middle Eastern and South Asian folk tales compiled in Arabic during the Islamic Golden Age.",Wikipedia,2
OL:OL8640095W,Pather Panchali,Bibhutibhushan Bandopadhyay,,1929,"In a poor Bengali village, the Roy family struggles to survive as the priest Harihar dreams of better work and his children Apu and Durga roam the countryside, until loss drives the family to leave for Benaras. A coming-of-age novel of rural Bengal, first serialized in 1928.",Wikipedia,2
OL:OL59798W,A Wizard of Earthsea,Ursula K. Le Guin,,1968,"On the island of Gont, a gifted boy named Ged trains as a wizard, but his pride looses a deadly shadow that pursues him across the archipelago of Earthsea until he turns to face it. A fantasy novel of magic and self-knowledge, first in the Earthsea series.",Wikipedia,2
OL:OL35730490W,The Dark Is Rising,Susan Cooper,,1973,"On his eleventh birthday at the winter solstice, Will Stanton learns he is the last of the Old Ones and must gather six Signs of Power to help the Light hold off the rising Dark. A children's fantasy novel steeped in British folklore, second in The Dark Is Rising Sequence.",Wikipedia,2
OL:OL28988W,Northern Lights,Philip Pullman,,1995,"Lyra Belacqua, a girl raised at Oxford's Jordan College in a world where each person's soul takes animal form as a daemon, journeys to the Arctic to rescue children abducted for sinister experiments. The first book in the His Dark Materials trilogy, published as The Golden Compass in North America.",Wikipedia,2
OL:OL4321141W,The Secret History,Donna Tartt,,1992,"Richard Papen joins a select group of classics students under Professor Julian Morrow at Hampden College in Vermont, and after a Greek ritual leads to a death, the group murders their classmate Bunny Corcoran to protect their secret. An inverted detective story narrated years after the crime.",Wikipedia,2
OL:OL16032925W,The Buddha of Suburbia,Hanif Kureishi,,1990,"Karim Amir, a mixed-race teenager in 1970s suburban South London, follows his father Haroon, who becomes a fashionable guru, into the city's worlds of theatre, sex, and shifting identities. A coming-of-age novel about race, class, and belonging in England.",Wikipedia,2
OL:OL16607777W,Nw,Zadie Smith,,2012,"In a working-class corner of northwest London, four people raised on the same council estate, including Leah Hanwell and the barrister Natalie Blake, navigate adulthood as one of them is killed in a street robbery. A novel told through shifting narrative styles and perspectives.",Wikipedia,2
OL:OL17202418W,Station Eleven,Emily St. John Mandel,,2014,"A flu pandemic kills most of the world's population the night actor Arthur Leander dies onstage, and twenty years later a young actress named Kirsten travels the Great Lakes region with a troupe performing Shakespeare. A novel that moves between the time before and after the collapse.",Wikipedia,2
OL:OL88877W,Maurice,E. M. Forster,,1971,"Maurice Hall falls in love with the aristocratic Clive Durham at Cambridge, but after Clive marries a woman, Maurice finds a lasting relationship with the gamekeeper Alec Scudder. A novel of same-sex love in early twentieth-century England, written around 1913 and published after the author's death.",Wikipedia,2
OL:OL27052926W,Demon Copperhead,Barbara Kingsolver,,2022,"Born to a teenage mother in a trailer in the Appalachian mountains of Virginia, the red-haired boy nicknamed Demon Copperhead recounts his passage through foster care, child labor, football, and opioid addiction. A novel reworking David Copperfield in present-day Appalachia, a co-winner of the Pulitzer Prize.",Wikipedia,2
OL:OL1835957W,Fun Home,Alison Bechdel,,2006,"Alison Bechdel recounts her childhood in rural Pennsylvania with her father Bruce, a funeral director and English teacher who hid his homosexuality, and her own coming out as a lesbian shortly before his death. A graphic memoir about family, sexuality, and literature.",Wikipedia,2
OL:OL573193W,Hunger,Knut Hamsun,,1890,"A starving young writer wanders the streets of Kristiania, unable to pay his rent or sell his articles, his hunger driving him toward erratic behavior and delusion. An early psychological novel that follows its narrator's deteriorating mind.",Wikipedia,2
OL:OL21784995W,If on a Winter's Night a Traveller,Italo Calvino,,1979,"A Reader buys the new novel only to find it defective, and his attempts to obtain the complete text lead through ten opening chapters of different unfinished books and into a conspiracy involving a fraudulent translator. A novel addressed in the second person, alternating frame chapters with the openings of invented works.",Wikipedia,2
OL:OL3942386W,Palm-Wine Drinkard,Amos Tutuola,,1952,"A man devoted to palm-wine follows his dead tapster into the land of the dead, passing through forests, towns, and encounters with spirits and strange creatures before returning home with a magic egg. A novel based on Yoruba folktales, written in a nonstandard English.",Wikipedia,2
OL:OL712025W,2666,Roberto Bolaño,,2004,"Across five linked parts, European critics search for a reclusive German author, a professor and his daughter settle in the Mexican border city of Santa Teresa, and hundreds of women are murdered there as the killings go unsolved. A long posthumous novel centered on violence against women on the Mexican border.",Wikipedia,2
OL:OL77746W,Anne of Green Gables,Lucy Maud Montgomery,,1908,"Orphan Anne Shirley is mistakenly sent to the elderly siblings Marilla and Matthew Cuthbert at their farm Green Gables on Prince Edward Island, where her imagination and temper reshape the household and the village of Avonlea. A coming-of-age novel and the first in a series.",Wikipedia,2
OL:OL17616758W,The Sellout,Paul Beatty,,2015,"A Black man known as ""Bonbon"" farms on the outskirts of Los Angeles in the vanished town of Dickens, and to put it back on the map he reinstates segregation and takes on an aging former child actor as his slave, eventually facing the Supreme Court. A satirical novel about race in America that won the Booker Prize.",Wikipedia,2
OL:OL53071W,The English Patient,Michael Ondaatje,,1992,"In a bombed Italian villa near the end of World War II, the nurse Hana cares for a badly burned, unidentified man whose memories return to a doomed desert love affair, while the thief Caravaggio and the sapper Kip join them. A novel told out of sequence, joint winner of the Booker Prize.",Wikipedia,2
OL:OL115647W,Possession,A. S. Byatt,,1990,"Scholars Roland Michell and Maud Bailey uncover a hidden love affair between the Victorian poets Randolph Henry Ash and Christabel LaMotte, and their research draws them together in the present. A novel set in two time periods that won the Booker Prize.",Wikipedia,2
OL:OL464517W,A Place of Greater Safety,Hilary Mantel,,1992,"From childhood through the Terror, Georges Danton, Camille Desmoulins, and Maximilien Robespierre rise through the French Revolution until their friendship breaks and Danton and Desmoulins are sent to the guillotine in 1794. A historical novel of the Revolution told from many viewpoints.",Wikipedia,2
OL:OL25451958W,Eugene Onegin,Alexander Pushkin,,1833,"Eugene Onegin, a bored St. Petersburg dandy, retreats to a country estate, rejects the love of Tatyana Larina, kills his friend Lensky in a duel, and later finds Tatyana married and unattainable. A novel in verse written almost entirely in fourteen-line stanzas.",Wikipedia,2
OL:OL81295W,Sons and Lovers,D. H. Lawrence,,1913,"In a Nottinghamshire mining town, Gertrude Morel turns away from her coarse collier husband and pours her love into her sons, and her son Paul grows up torn between his devotion to her and his relationships with Miriam and Clara. A semi-autobiographical novel about a mother's possessive bond and a young man's struggle to find independence.",Wikipedia,2
OL:OL20893680W,Piranesi,Susanna Clarke,,2020,"Piranesi lives alone in a vast labyrinthine House of endless halls filled with statues and flooded by tides, keeping careful journals and meeting only a man he calls the Other, until clues suggest the House holds another person and a hidden truth about who he is. A novel that gradually reveals the mystery of its narrator's identity and imprisonment.",Wikipedia,2
OL:OL482454W,Cloud Atlas,David Mitchell,,2004,"Six nested stories span the South Pacific in the 1850s to a post-apocalyptic future, ranging from a notary's journal and a composer's letters to a present-day publisher's mishaps and a clone's testimony, each interrupted midway and later resumed. A novel built from interlocking narratives across centuries that share recurring motifs and a birthmark.",Wikipedia,2
OL:OL16805415W,Americanah,Chimamanda Ngozi Adichie,,2013,"Ifemelu leaves Nigeria to study in the United States, where she starts a popular blog about race, while her teenage love Obinze becomes an undocumented immigrant in London, and years later both return to Lagos. A novel about race, identity, and immigration spanning Nigeria, America, and Britain.",Wikipedia,2
OL:OL697431W,Wise Children,Angela Carter,,1991,"On their seventy-fifth birthday, retired showgirl twins Dora and Nora Chance look back over a century of their theatrical family, the illegitimate daughters of Shakespearean actor Melchior Hazard who refused to acknowledge them. A comic novel narrated by Dora that traces three generations of a stage family.",Wikipedia,2
OL:OL37832922W,We Have Always Lived in the Castle,Shirley Jackson,,1962,"Eighteen-year-old Merricat Blackwood lives in isolation with her sister Constance and ailing Uncle Julian after the rest of the family died of arsenic poisoning years earlier, shunned by the hostile village until a cousin arrives seeking the family money. A novel told by Merricat about agoraphobia, guilt, and a household under siege.",Wikipedia,2
OL:OL1888776W,The Millstone,Margaret Drabble,,1965,"Rosamund Stacey, a self-reliant young academic in 1960s London, becomes pregnant after a single encounter with a man she barely knows and decides to keep and raise the child alone. A novel about unmarried motherhood, independence, and the British welfare system of the period.",Wikipedia,2
OL:OL19663905W,Commonwealth,Ann Patchett,,2016,"When Bert Cousins kisses Beverly Keating at a christening party in 1960s Los Angeles, two marriages break apart and reform into one blended family, whose six children spend uneasy summers together over the following fifty years. A novel that moves back and forth in time to trace how a single act reshapes two families.",Wikipedia,2
OL:OL24314402W,Matrix,Lauren Groff,,2021,"Cast out of the royal court at seventeen, Marie de France is sent to run a poor, disease-ridden English abbey, where over decades she transforms it into a powerful, self-sufficient community of nuns guided by her visions. A historical novel imagining the life of the medieval poet as a prioress.",Wikipedia,2
OL:OL3991459W,The Bone People,Keri Hulme,,1984,"On the coast of New Zealand's South Island, the reclusive artist Kerewin Holmes is drawn into the lives of Joe Gillayley and his mute foster son Simon, a bond that exposes love, violence, and Māori heritage. A novel blending English and Māori that won the Booker Prize.",Wikipedia,2
OL:OL2625431W,Kafka on the Shore,Haruki Murakami,,2002,"Fifteen-year-old Kafka Tamura runs away from his Tokyo home to escape his father's prophecy, while in a parallel thread the aging Nakata, who can talk to cats, searches for something he has lost, their stories converging in a library in Shikoku. A surreal novel weaving two narratives full of dreams, metaphysics, and the supernatural.",Wikipedia,2
OL:OL1057179W,Swami and Friends,R. K. Narayan,,1935,"In the fictional South Indian town of Malgudi, schoolboy Swaminathan navigates lessons, cricket, and quarrels with friends like Rajam and Mani against the backdrop of British colonial rule. A novel about boyhood, friendship, and school life, the first book set in Malgudi.",Wikipedia,2
OL:OL37582070W,Praiseworthy,Alexis Wright,,2023,"In the town of Praiseworthy on Australia's northern coast, an Aboriginal man called Cause Man Steel pursues a scheme to herd donkeys into a transport empire against coming climate collapse, while his wife Dance dreams of China and their sons are pulled apart by assimilation and despair. A long, satirical novel about Indigenous sovereignty, colonialism, and ecological crisis.",Wikipedia,2
OL:OL2163649W,The Hitch Hiker's Guide to the Galaxy,Douglas Adams,,1979,"Moments before Earth is demolished to make way for a hyperspace bypass, Arthur Dent is rescued by his friend Ford Prefect, an alien researcher for a galactic guidebook, and the two hitchhike across space alongside the two-headed Zaphod Beeblebrox and a depressed robot. A comic science-fiction novel that began as a radio series.",Wikipedia,2
OL:OL26435W,The Girls of Slender Means,Muriel Spark,,1963,"In a London hostel for young single women in 1945, the residents of the May of Teck Club share clothes, romances, and ambitions in the months between VE Day and VJ Day, until a fire and a hidden danger upend their lives. A short novel set against the end of the Second World War.",Wikipedia,2
OL:OL74293W,Riddley Walker,Russell Hoban,,1980,"Generations after a nuclear catastrophe, a young man named Riddley Walker comes of age in a primitive, half-literate England, narrating in a broken future dialect as he uncovers fragments of lost knowledge and a Punch-and-Judy myth. A novel written entirely in an invented degraded English.",Wikipedia,2
OL:OL3958403W,Paradise,Abdulrazak Gurnah,,1994,"Yusuf, a boy in early twentieth-century East Africa, is pawned by his indebted father to a merchant named Aziz and travels with trading caravans into the interior as German colonial power tightens its grip. A novel about servitude and coming of age on the eve of the First World War.",Wikipedia,2
OL:OL931688W,Lives of Girls and Women,Alice Munro,,1971,"Del Jordan grows up in the small Ontario town of Jubilee in the 1940s, moving through childhood, school, religion, first love, and her ambition to become a writer, observed alongside her encyclopedia-selling mother. A book of linked stories following one girl's coming of age.",Wikipedia,2
OL:OL39379W,A Room of One's Own,Virginia Woolf,,1929,"Asked to speak on women and fiction, the narrator argues through a series of reflections, including the invented figure of Shakespeare's gifted sister, that a woman needs money and a room of her own to write. An extended essay on women, literature, and the conditions of creativity.",Wikipedia,2
OL:OL107195W,The Pilgrim's Progress,John Bunyan,,1678,"Christian, burdened by sin, flees the City of Destruction and journeys toward the Celestial City, passing through the Slough of Despond, Vanity Fair, and other allegorical trials with companions like Faithful and Hopeful. A Christian allegory of the believer's spiritual journey, written partly in prison.",Wikipedia,2
OL:OL17764836W,Human Acts,Han Kang,,2014,"After a teenage boy named Dong-ho is killed during the 1980 Gwangju uprising in South Korea, a series of narrators connected to him, including the dead, survivors, and a grieving mother, recount the massacre and its long aftermath. A novel told through linked voices about state violence and its survivors.",Wikipedia,2
OL:OL21678662W,Afterlives,Abdulrazak Gurnah,,2020,"On the East African coast under German colonial rule, Ilyas returns from being conscripted as a colonial soldier while the orphaned Afiya and the young Hamza, who served in the German army, build lives shadowed by war across the first half of the twentieth century. A novel tracing ordinary lives through colonialism and its wars.",Wikipedia,2
OL:OL1875009W,Gilead,Marilynne Robinson,,2004,"In 1956 Iowa, the elderly Congregationalist minister John Ames, dying of heart disease, writes a long letter to his young son recalling his father and abolitionist grandfather and the return of his namesake, a prodigal godson. A novel in the form of one preacher's testament to his child.",Wikipedia,2
OL:OL1449782W,All Our Yesterdays,Natalia Ginzburg,,1952,"In an Italian provincial town before and during the Second World War, Anna and her siblings come of age amid family troubles, fascism, and the war, as Anna's marriage to the older Cenzo Rena draws her into the resistance and its losses. A novel about two families living through Italy's fascist era and the war.",Wikipedia,2
OL:OL1103093W,Cranford,Elizabeth Gaskell,,1853,"In the small English town of Cranford, a community of genteel, mostly unmarried older women led by Miss Matty Jenkyns manage on small incomes, guarding social proprieties through small dramas, a railway, and sudden misfortune. A series of linked sketches of provincial life narrated by a younger visitor.",Wikipedia,2
OL:OL506116W,The Adventures of Augie March,Saul Bellow,,1953,"Augie March grows up poor in Depression-era Chicago and drifts through a string of jobs, schemes, and lovers, from book theft and union work to eagle-hunting in Mexico, refusing to be pinned to any single fate. A picaresque novel narrated in exuberant first-person voice.",Wikipedia,2
OL:OL11728724W,Too Loud a Solitude,Bohumil Hrabal,,1976,"For thirty-five years Hanťa has compacted wastepaper and discarded books in a Prague cellar, secretly rescuing volumes and absorbing their learning, until a new automated press threatens his trade. A short novel narrated by a self-taught crusher of books under a repressive regime.",Wikipedia,2
OL:OL11690127W,The Memory Police,Yoko Ogawa,,1994,"On an unnamed island, objects and concepts vanish one by one and the inhabitants forget them, enforced by the Memory Police who hunt down those who still remember, while a novelist hides her editor to protect his lingering memories. A dystopian novel about memory, loss, and surveillance.",Wikipedia,2
OL:OL17370186W,A Little Life,Hanya Yanagihara,,2015,"Four college friends, Willem, JB, Malcolm, and the brilliant, damaged lawyer Jude St. Francis, build careers and lives in New York over decades, as Jude's hidden history of abuse continues to mark him. A long novel centered on trauma, friendship, and self-harm.",Wikipedia,2
OL:OL27905681W,Siddhartha,Hermann Hesse,,1922,"In ancient India, the Brahmin's son Siddhartha leaves home to seek enlightenment, passing through asceticism, sensual love with the courtesan Kamala, and wealth before finding wisdom beside a river and its ferryman. A novel about one man's spiritual search set in the time of the Buddha.",Wikipedia,2
OL:OL112769W,"Lolly Willowes, Or, the Loving Huntsman",Sylvia Townsend Warner,,1926,"Laura Willowes, an unmarried Englishwoman expected to spend her life serving her brother's household, breaks away to a remote village called Great Mop, where she discovers it is full of witches and makes a pact with the Devil. A novel about a spinster's escape into independence and witchcraft.",Wikipedia,2
OL:OL32028W,Who Will Run the Frog Hospital?,Lorrie Moore,,1994,"Middle-aged Berie Carr, unhappily married and traveling in Paris, recalls the summer of 1972 in upstate New York, when at fifteen she worked at an amusement park and idolized her bolder best friend Sils. A short novel about adolescent friendship recalled from adulthood.",Wikipedia,2
OL:OL16810448W,Life After Life,Kate Atkinson,,2013,"Ursula Todd is born in England in 1910 and dies repeatedly, living her life over and over with variations that send her through both World Wars and, in one version, toward a plan to kill Hitler. A novel structured around a woman who relives her life many times.",Wikipedia,2
OL:OL1437339W,The Tartar Steppe,Dino Buzzati,,1940,"Giovanni Drogo, a young officer, is posted to the remote Bastiani Fortress on the edge of a desert, where he spends his life waiting for an enemy invasion across the northern steppe that never comes. A novel about anticipation and the passing of time, often compared to the work of Kafka.",Wikipedia,2
OL:OL26427W,Loitering With Intent,Muriel Spark,,1981,"In London around 1949, aspiring novelist Fleur Talbot takes a job running the Autobiographical Association for the controlling Sir Quentin Oliver, then discovers that events from her unfinished novel are bleeding into real life as Quentin plagiarizes and exploits her manuscript. A short, autobiographical novel shortlisted for the Booker Prize, about the blurring of fiction and life.",Wikipedia,2
OL:OL15196311W,The Piano Teacher,Elfriede Jelinek,,1983,"Erika Kohut, a repressed piano teacher at the Vienna Conservatory who still shares a bed with her domineering mother, begins a sadomasochistic relationship with her student Walter Klemmer that ends in violence. A novel by the Austrian writer who later won the Nobel Prize, adapted into a 2001 film.",Wikipedia,2
OL:OL23199W,Cannery Row,John Steinbeck,,1945,"On Cannery Row in Monterey, California, the marine biologist Doc, the Chinese grocer Lee Chong, and Mack and his gang of unemployed drifters live among the sardine canneries, and the men try to throw Doc a party that goes badly wrong. A short, episodic novel about life among the poor of a coastal town.",Wikipedia,2
OL:OL20877028W,Restoration,Rose Tremain,,1989,"Robert Merivel, a medical student in the reign of Charles II, wins royal favor by curing the king's dog and is made a sham husband to one of the king's mistresses, but his fall from grace leads him through the plague and the Great Fire of London. A historical novel shortlisted for the Booker Prize.",Wikipedia,2
OL:OL37572547W,The Safekeep,Yael van der Wouden,,2024,"In 1961 rural Netherlands, the reclusive Isabel guards her late mother's house until her brother's girlfriend Eva comes to stay for the summer, and their wary relationship turns to desire as Isabel uncovers how the family acquired the home during the war. A debut novel that won the Women's Prize for Fiction.",Wikipedia,2
OL:OL55238W,The Book of Daniel,E. L. Doctorow,,1971,"Daniel Isaacson, a graduate student in the radical politics of the 1960s, reconstructs the story of his parents Paul and Rochelle, communists executed as atomic spies in a case modeled on the Rosenbergs, while his sister Susan breaks down. A novel told through fragmented narration and shifting perspectives.",Wikipedia,2
OL:OL1244914W,La Princesse De Cleves,Madame de La Fayette,,1678,"At the court of Henri II of France, the young and virtuous Princesse de Clèves falls in love with the Duc de Nemours but stays loyal to her husband, even confessing her passion to him rather than act on it. Published anonymously, it is regarded as one of the first psychological novels.",Wikipedia,2
OL:OL17873642W,Outline,Rachel Cusk,,2014,"A British writer flies to Athens to teach a summer writing course, and across ten encounters she mostly listens as strangers, students, and friends tell her about their marriages, ambitions, and disappointments, revealing herself only by reflection. The first book in a trilogy, built almost entirely from reported conversation.",Wikipedia,2
OL:OL671818W,The Dirty Dust,Máirtín Ó Cadhain,,1949,"In a Connemara graveyard, the recently buried dead keep talking, and Caitríona Pháidín carries on her lifelong feud with her sister Neil amid the gossip, grudges, and scandal of the corpses around her. Written in Irish and considered a landmark of the language's modern literature.",Wikipedia,2
K:cc83b0188ed4,The Confidence-Man: His Masquerade,Herman Melville,1857,1857,"On April Fool's Day, a series of con men board the Mississippi steamboat Fidèle and test the trust of the passengers, taking on disguises as a beggar, an herb doctor, and a genial cosmopolitan in a string of episodes and debates. The last novel its author published in his lifetime, a satire of American optimism and credulity.",Wikipedia,1
K:d47d8cd099f0,The Book of Evidence,John Banville,1989,1989,"Freddie Montgomery, a cultured and amoral scientist returned to Ireland in debt, tries to steal a Dutch painting from a family friend and bludgeons to death a maid who catches him, then narrates his crime and trial from prison. A novel shortlisted for the Booker Prize and the first of a trilogy.",Wikipedia,1
K:8a9c82a087df,The Lost Father,Mona Simpson,1992,1992,"Mayan Atassi, a medical student in New York, becomes obsessed with finding the Egyptian father who abandoned her and her mother in childhood, hiring detectives and searching across the United States and the Middle East before tracing him to California. A sequel that continues the story of the narrator of an earlier novel.",Wikipedia,1
K:ffa3f721b881,Sergeant Getulio,João Ubaldo Ribeiro,1971,1971,"Sergeant Getúlio, a brutal policeman in the backlands of Sergipe, Brazil, is ordered to transport a political prisoner across the state and presses on with the journey even after being told to release the man, narrating his violence in a long monologue. A novel told in the sergeant's rough vernacular voice.",Wikipedia,1
K:1a0c06d3d2a9,Closely Watched Trains,Bohumil Hrabal,1965,1965,"At a small railway station in German-occupied Czechoslovakia near the end of the war, the young apprentice dispatcher Miloš Hrma struggles with his sexual inexperience and a suicide attempt while the lecherous Hubička plots to sabotage a German munitions train. A novella adapted into an Oscar-winning Czech film.",Wikipedia,1
K:d5233d03a440,Olive Kitteridge,Elizabeth Strout,2008,2008,"Across thirteen linked stories set in the coastal town of Crosby, Maine, the blunt retired schoolteacher Olive Kitteridge appears at the center or the edges of her neighbors' lives, enduring her husband's stroke, her son's distance, and her own old age. A book of stories that won the Pulitzer Prize for Fiction.",Wikipedia,1
K:3514747cc632,Edwin Mullhouse : The Life and Death of an American Writer 1943-1954 by Jeffrey Cartwright,Steven Millhauser,1972,1972,"Jeffrey Cartwright writes a meticulous biography of his childhood neighbor Edwin Mullhouse, a suburban boy who composes a novel called Cartoons and dies mysteriously at age eleven, chronicling Edwin's life from baby talk to his final feverish work. A debut novel framed as the biography of a child genius.",Wikipedia,1
K:4887539c2e6c,Anywhere but Here,Mona Simpson,1986,1986,"Adele August and her twelve-year-old daughter Ann drive west from Bay City, Wisconsin, to Beverly Hills in an unpaid-for Lincoln so Ann can become a child star, while relatives left behind tell their own side of the story. A novel about an unstable, ambitious mother and her daughter, narrated across several voices.",Wikipedia,1
K:8af4cd2c59d0,Save Me the Waltz,Zelda Fitzgerald,1934,1932,"Alabama Beggs, a Southern judge's daughter, marries the painter David Knight and lives a glamorous Jazz Age life in New York and Europe before throwing herself into ballet, until an infected foot ends her hope of becoming a prima ballerina. A semi-autobiographical novel and its author's only published novel.",Wikipedia,1
K:79ce80bb8360,The World According to Garp,John Irving,1978,1978,"T. S. Garp, conceived when his nurse mother Jenny Fields impregnates herself by a dying soldier, grows up to become a writer and family man whose life is marked by wrestling, fiction, and sudden violence amid his mother's rise as a feminist icon. A bestselling novel later adapted into a film.",Wikipedia,1
K:7caeae871bb0,A Sportsman's Notebook,Ivan Turgenev,1852,1852,"A hunting gentleman wanders the Russian countryside and recounts his encounters with the peasants and landowners he meets, in a cycle of sketches that quietly expose the cruelties of serfdom. A collection credited with helping turn public opinion toward the abolition of serfdom.",Wikipedia,1
K:fc982ab632c4,A Personal Matter,Kenzaburo Oë,1969,1964,"Bird, a frustrated young man in Japan whose wife gives birth to a brain-damaged baby, drifts through drink and an affair while wrestling with whether to let the infant die or accept responsibility for it. A semi-autobiographical novel by a writer who later won the Nobel Prize.",Wikipedia,1
K:0b5a2838b308,Henry V,William Shakespeare,1599,c. 1599,"The young King Henry V presses his claim to the French throne, invades France, and against overwhelming odds wins the Battle of Agincourt before wooing the French princess Katherine to seal peace between the two crowns. A history play known for its patriotic speeches, including the St Crispin's Day oration.",Wikipedia,1
K:f0a6ce516e75,Hombre,Elmore Leonard,1961,1961,"John Russell, a white man raised by Apaches, is shunned by the other passengers of a stagecoach until outlaws rob them and strand them in the desert, where his survival skills make him their reluctant leader. A western novel later adapted into a film starring Paul Newman.",Wikipedia,1
K:dc15508e1ca2,Oryx and Crake,Margaret Atwood,2003,2003,"Snowman, who may be the last human alive, survives among genetically engineered Crakers after a plague, and recalls his earlier life as Jimmy alongside his brilliant friend Crake and the woman Oryx in a corporate-run world. The first book of a speculative trilogy, shortlisted for the Booker Prize.",Wikipedia,1
K:d27ac1dd1b67,Montana 1948,Larry Watson,1993,1993,"In the small town of Bentrock, Montana, twelve-year-old David Hayden watches his sheriff father confront his own brother, a respected war-hero doctor accused of sexually assaulting Native American women, forcing the family to choose between loyalty and justice. A short novel narrated by David as an adult.",Wikipedia,1
K:46d79f6e7173,A Fan’s Notes,Frederick Exley,1968,1968,"A man named Fred Exley drifts through upstate New York, bars, and mental hospitals, obsessed with the New York Giants and the football star Frank Gifford, as he reckons with alcoholism, failure, and his distance from the American dream. A semi-autobiographical work subtitled a fictional memoir.",Wikipedia,1
K:d36692a00746,True Grit,Charles Portis,1968,1968,"Fourteen-year-old Mattie Ross hires the hard-drinking, one-eyed U.S. marshal Rooster Cogburn to track down Tom Chaney, the hired hand who murdered her father, and insists on riding into Indian Territory with him and a Texas Ranger named LaBoeuf. A western narrated by Mattie as an old woman, twice adapted into film.",Wikipedia,1
K:dd4cd6f4f20e,Clockers,Richard Price,1992,1992,"In the fictional New Jersey city of Dempsy, low-level cocaine dealer Strike works the housing-project trade while homicide detective Rocco Klein investigates a killing that Strike's straight-arrow brother has confessed to, suspecting Strike is really to blame. A crime novel later adapted into a film by Spike Lee.",Wikipedia,1
K:efbff58fd7a8,Pricksongs & Descants,Robert Coover,1969,1969,"A collection of experimental short fictions that retell fairy tales, biblical stories, and folk myths in fractured forms, including ""The Babysitter,"" which spins one evening into dozens of overlapping versions. An influential early work of American postmodern fiction.",Wikipedia,1
K:6417f1b08a9e,The Railway Children,E. Nesbit,1906,1906,"After their father is imprisoned on a false charge of spying, Roberta, Peter, and Phyllis move with their mother to a cottage called Three Chimneys near a railway line, where they befriend an old gentleman who eventually helps clear their father's name. A children's classic set beside an English railway.",Wikipedia,1
K:4c60eb382dfb,JR,William Gaddis,1975,1975,"Eleven-year-old J R Vansant, inspired by a school field trip to Wall Street, uses payphones and mail orders to parlay penny stocks into a sprawling paper empire of companies, with his music teacher's friend Edward Bast pulled in to front it. A novel told almost entirely in unattributed dialogue, winner of the National Book Award.",Wikipedia,1
K:dc6a20c417be,Voyage of the 'Dawn Treader',C. S. Lewis,1952,1952,"Edmund and Lucy Pevensie and their cousin Eustace are pulled into Narnia aboard King Caspian's ship the Dawn Treader, which sails east past strange islands toward the world's end in search of seven lost lords, accompanied by the valiant mouse Reepicheep. The third published book of the Narnia series.",Wikipedia,1
K:6e30a694fd3c,The Lorax,Dr,1971,1971,"The Once-ler recounts how he chopped down the colorful Truffula trees to manufacture Thneeds, ignoring the Lorax who speaks for the trees until the land is polluted and barren. A rhymed children's picture book about environmental destruction and corporate greed.",Wikipedia,1
K:8ef0f612f76c,The War with the Newts,Karel Capek,1936,1936,"A sea captain discovers a race of intelligent newts near Sumatra, and humans soon enslave and exploit them for pearl diving and coastal engineering until the newts acquire human knowledge, multiply, and wage war to flood the continents for living space. A satirical science fiction novel mocking nationalism, racial theory, and colonial exploitation.",Wikipedia,1
K:6a5199e9f862,Auto-da-Fé,Elias Canetti,1935,1935,"Peter Kien, a reclusive Viennese philologist devoted to his vast library, marries his greedy housekeeper Therese, who throws him out into the city's underworld, and his unraveling ends when he sets fire to his books. A novel known for its grotesque comedy and its portrait of an isolated intellectual's descent into madness.",Wikipedia,1
K:896212b4cae6,Red the Fiend,Gilbert Sorrentino,1995,1995,"Red, a brutalized Irish-American boy, lives with his mother in his grandparents' Brooklyn home, where his sadistic grandmother torments him with beatings, spoiled food, and cruel errands until he grows into a violent adolescent. A novel built from short repetitive episodes that traces how abuse shapes a child.",Wikipedia,1
K:2eac8d90cd3c,Masquerade and Other Stories,Robert Walser,,1899–1933,"Sketches, scenes, and short prose pieces wander through landscapes, dreamscapes, and city streets, observing servants, clerks, and ordinary moments with skewed comparisons and sudden shifts of perspective. A selection of the author's short prose written across his career, valued for its playful, digressive style.",Wikipedia,1
K:5de38993394d,"Goodbye, Columbus",Philip Roth,1959,1959,"Neil Klugman, a Newark library clerk, spends a summer romancing Brenda Patimkin, a wealthy Radcliffe student from suburban Short Hills, and their class differences strain the affair. The title novella appears with five short stories on Jewish-American life; the book won the National Book Award.",Wikipedia,1
K:c38bae3f9782,The Way of All Flesh,Samuel Butler,1903,1903,"Ernest Pontifex grows up under his domineering clergyman father Theobald, drifts into a disastrous marriage and prison, and finally breaks free of his family's expectations, all narrated by his godfather Overton. A semi-autobiographical novel, published posthumously, that attacks Victorian family life and religious hypocrisy.",Wikipedia,1
K:90e7c6ad9946,Cane,Jean Toomer,1923,1923,"Interlinked stories, poems, and a dramatic sketch move from rural Georgia through the urban North and back south, depicting Black women, men, and communities. An experimental work mixing prose, verse, and drama, associated with the Harlem Renaissance.",Wikipedia,1
K:ddb8f05c3627,A Clockwork Orange,Anthony Burgess,1962,1962,"Alex, the teenage leader of a gang who speaks the invented slang Nadsat and delights in violence, is jailed and subjected to aversion therapy that strips him of free will. A dystopian novel exploring conditioning, criminality, and moral choice.",Wikipedia,1
K:ec96ab3c1683,Angle of Repose,Wallace Stegner,1971,1971,"Lyman Ward, a wheelchair-bound retired historian, pieces together the marriage of his grandparents, the genteel artist Susan Burling and the engineer Oliver Ward, as they move through frontier mining towns in the nineteenth-century American West. A novel about marriage, ambition, and the settling of the West that won the Pulitzer Prize.",Wikipedia,1
K:5e80ea6b9d08,Bluebeard,Kurt Vonnegut,1987,1987,"Rabo Karabekian, an aging one-eyed Armenian-American painter once part of the Abstract Expressionist movement, writes his autobiography at his East Hampton estate while refusing to reveal what he keeps locked in his potato barn. A novel about art, war, and the Armenian genocide framed as a fictional memoir.",Wikipedia,1
K:f4b1dfef3b9c,Tell Me a Riddle,Tillie Olsen,1961,1961,"The title novella follows an elderly married couple, Russian-Jewish immigrants, who quarrel over how to spend their final years as the wife is dying of cancer and revisits the ideals of her youth. A collection of a novella and three stories about working-class women and family life.",Wikipedia,1
K:4c91ce3a8a63,Works of William Shakespeare,William Shakespeare,,c. 1589–1613,"The plays, sonnets, and narrative poems gather tragedies such as Hamlet and King Lear, comedies, English histories, and the sonnet sequence. The collected works of the English playwright, central to the literary canon and continuously performed worldwide.",Wikipedia,1
K:ee0cb4357f1c,The Thin Man,Dashiell Hammett,1932,1932,Retired detective Nick Charles and his wealthy wife Nora are drawn into the disappearance of an eccentric inventor and a related murder while drinking their way through New York society. A hardboiled detective novel known for its witty banter between the married sleuths.,Wikipedia,1
K:1e17977a66bd,Parables and Paradoxes,Franz Kafka,1935,1946,"Short parables and aphorisms rework myths and biblical and classical figures, including Prometheus, the Sirens, the Tower of Babel, and Sancho Panza, alongside fragments drawn from notebooks and letters. A posthumous compilation of brief enigmatic pieces by the author.","FLAG: posthumous English compilation (Schocken, 1946/1958); component pieces written c. 1917–1923; worklist year 1935 incorrect",1
K:01d151000e8d,Fiskadoro,Denis Johnson,1985,1985,"Decades after a nuclear holocaust, in the Florida Keys town of Twicetown, the teenage Fiskadoro and his clarinet teacher Mr. Cheung live among survivors who have lost most memory of the past, including a hundred-year-old grandmother who recalls the fall of Saigon. A post-apocalyptic novel about memory, culture, and survival.",Wikipedia,1
K:1553218ce7b2,The Messiah of Stockholm,Cynthia Ozick,1987,1987,"Lars Andemening, a lonely book reviewer in Stockholm, believes he is the son of the Polish writer Bruno Schulz, and his world is upended when a woman appears claiming to hold the manuscript of Schulz's lost novel The Messiah. A short novel about Holocaust memory, literary obsession, and forgery.",Wikipedia,1
K:db767ae52941,Lucy,Jamaica Kincaid,1990,1990,"Lucy, a nineteen-year-old from the Caribbean, takes a job as an au pair for a wealthy white couple in a North American city, observing their unraveling marriage while reckoning with her anger toward her mother and her colonial upbringing. A novel about migration, identity, and a young woman's break from her past.",Wikipedia,1
K:dc60bff5362f,V.,Thomas Pynchon,1963,1963,Benny Profane drifts among a crew of New York bohemians while Herbert Stencil pursues clues to a mysterious woman or entity known only as V. across decades and continents. A debut novel weaving two storylines into an intricate puzzle of history and conspiracy.,Wikipedia,1
K:bd7c5b4ada3f,The White Album,Joan Didion,1979,1979,"Essays examine California and American life in the late 1960s and 1970s, covering the Manson murders, the Black Panthers, Hollywood, water politics, and the author's own experiences. A collection of journalism that surveys the unraveling of the era's culture.",Wikipedia,1
K:62b0567b695e,Last Exit to Brooklyn,Hubert Selby,1964,1964,"Linked stories set among the bars, factories, and tenements of 1950s Brooklyn depict prostitutes, dockworkers, a striking labor union, a transvestite, and a brutal gang rape. A novel told in stark vernacular that drew an obscenity trial in Britain.",Wikipedia,1
K:252d8e6a371c,Stories of Carson McCullers,Carson McCullers,,1936–1955,"Stories follow lonely and yearning characters across small Southern towns, among them a deaf-mute, a boy who hires himself out, and a wife discovering her husband's affair. A gathering of the author's short fiction, including ""The Ballad of the Sad Café.""",Wikipedia,1
K:8ea95c8da16e,Long Day’s Journey into Night,Eugene O’Neill,1956,1956,"Over one long day at their Connecticut summer home, the Tyrone family confronts the mother's morphine addiction, the father's miserliness, and the sons' drinking and illness, as old grievances resurface. A largely autobiographical play, published and staged after the author's death, that won the Pulitzer Prize.",Wikipedia,1
K:efb5a50a426d,The Prelude,William Wordsworth,,1850,"In blank verse, the poet traces his own life from childhood through his schooling, his time in revolutionary France, a spiritual crisis, and his recovery, examining how nature shaped his imagination. A long autobiographical poem published after the poet's death.",Wikipedia,1
K:f9197dea01cf,Casa Guidi Windows,Elizabeth Barrett Browning,1851,1851,"From the windows of her Florence home, the speaker watches the Italian struggle against Austrian rule, voicing early hope for the Risorgimento in the first part and sober disappointment in the second. A long political poem in two parts on Italian unification.",Wikipedia,1
K:338726f56a1d,The Giving Tree,Shel Silverstein,1964,1964,"A tree gives a boy her apples, branches, and finally her trunk over the course of his life, asking nothing in return as he grows old. A children's picture book about generosity and the relationship between giving and taking.",Wikipedia,1
K:5ffdad6601d4,Bertha,,1959,1959,"Bertha, a Norwegian queen, repeatedly leads her people into war against barbarian invaders whenever she grows bored with peacetime rule, demanding fresh conquests and ceremonies. A short comic verse play.","FLAG: author blank in worklist; this is Kenneth Koch's one-act play, produced 1959",1
K:b874087092e5,Blithe Spirit,Noël Coward,1941,1941,"The novelist Charles Condomine holds a séance with the eccentric medium Madame Arcati that accidentally summons the ghost of his first wife Elvira, visible only to him, to the dismay of his second wife Ruth. A comedy about a haunted second marriage.",Wikipedia,1
K:424e6fcde8db,When I Grow Too Old to Dream,Oscar Hammerstein,1935,1934,"A romantic ballad whose lyrics promise that even when youth and dreams fade, the singer will remember a beloved, introduced in the film The Night Is Young. A popular song standard of the 1930s.","FLAG: this is a song (music by Sigmund Romberg, lyrics by Hammerstein), not a book; first published 1934",1
K:155118d6152f,Seven Pillars of Wisdom,T. E. Lawrence,1925,1926,"The author recounts his role advising the Arab Revolt against the Ottoman Empire during the First World War, describing desert guerrilla campaigns, the capture of Aqaba and Damascus, and his own divided loyalties. An autobiographical account of the Arabian campaign.",Wikipedia,1
K:7aacbb2da237,Man’s Fate,André Malraux,1933,1933,"During the failed 1927 Communist uprising in Shanghai, revolutionaries including the half-French Kyo and the terrorist Chen fight Chiang Kai-shek's forces and face capture and execution. A novel about revolution, terror, and the meaning of action, which won the Prix Goncourt.",Wikipedia,1
K:c5bdc240b49e,Black Lamb and Grey Falcon: A Journey Through Yugoslavia,Rebecca West,1941,1941,"An account of the author's travels through Yugoslavia in the late 1930s interweaves Balkan landscapes and people with long digressions on the region's history, religion, and politics. A travel book over a thousand pages long, widely regarded as a major work of the genre.",Wikipedia,1
K:8454daa94c7a,Darkness at Noon,Arthur Koestler,1940,1940,"Rubashov, an old Bolshevik imprisoned during the Stalinist purges, is interrogated by the regime he helped build and pressured to confess to crimes he did not commit. A novel about totalitarianism and the show trials.",Wikipedia,1
K:4572192529ff,Homage to Catalonia,George Orwell,1940,1938,"A memoir of fighting in the Spanish Civil War, recounting the author's training in Barcelona, service on the Aragon front with the POUM militia, a throat wound, and the May 1937 street fighting that turned him against Soviet-backed suppression of his own side. A firsthand account of the war that shaped his political outlook.",Wikipedia,1
K:214345a72a1d,Kaputt,Curzio Malaparte,1944,1944,"A war correspondent travels the Eastern Front of World War II, moving through the siege of Leningrad, dinners with Nazi officials, and corpse-laden trains in devastated Romania, in six sections each named for an animal. A largely fictionalized witness account written by a former fascist sympathizer.",Wikipedia,1
K:a84147873529,Kidnapped,Robert Louis Stevenson,1886,1886,"Orphaned David Balfour goes to claim his inheritance from his miserly uncle Ebenezer in mid-eighteenth-century Scotland, is kidnapped onto a ship bound for the Carolina plantations, and after a shipwreck flees across the Highlands with the Jacobite Alan Breck Stewart. An adventure novel of David's journey to recover his rights.",Wikipedia,1
K:ce25ec2e8db5,The Europeans,Henry James,1878,1878,"Eugenia Münster and her brother Felix Young, two Europeanized siblings, arrive in mid-nineteenth-century New England to visit their plain-living Wentworth relatives, and the contrast in manners reshapes everyone's plans for marriage. A short comedy about the meeting of Old World and New World attitudes.",Wikipedia,1
K:c446848d2470,The English Teacher,R. K. Narayan,1945,1945,"Krishna, an English lecturer at a college in Malgudi, settles into family life when his wife Susila and daughter Leela join him, then loses Susila to typhoid and turns to communicating with her through a medium. An autobiographical novel about grief and the search for inner peace.",Wikipedia,1
K:ba0db5877d24,Gaudy Night,Dorothy L. Sayers,1935,1935,"Harriet Vane returns to her Oxford women's college, Shrewsbury, for a reunion and is drawn into investigating a campaign of poison-pen letters and vandalism, eventually with help from Lord Peter Wimsey. A detective novel that centers on women's right to academic life.",Wikipedia,1
K:234979824b21,Daybook: The Journey of an Artist,Anne Truitt,1982,1982,"Over seven years of journal entries, a sculptor reflects on her shift from psychology to art, her Maryland childhood, and the daily work of making color-driven sculpture while raising a family. A journal that examines the demands of an artist's life.",Wikipedia,1
K:ae686b9f3f5e,The Birthday Party,Harold Pinter,1958,1958,"Stanley Webber, a former pianist hiding out in a seaside boarding house run by Meg and Petey, is visited by two strangers, Goldberg and McCann, who interrogate him and take him away after a birthday party held in his honor. A play whose details are left deliberately uncertain.",Wikipedia,1
K:47e0fe1f5575,The Homecoming,Harold Pinter,1965,1965,"Teddy, a philosophy professor in America, brings his wife Ruth to meet his all-male working-class family in North London, where his father Max and brothers propose Ruth stay behind to live among them. A play that ends with Teddy leaving without her.",Wikipedia,1
K:2f9cd8e7abef,The Zoo Story,,1958,1958,"Jerry, a lonely drifter, approaches Peter, a comfortable publishing executive, on a Central Park bench and forces a conversation about his rooming house and a landlady's dog before provoking a struggle over the bench that ends in his own death. A one-act play about isolation in the city.",Wikipedia,1
K:4fa2340b7789,Bullet Park,John Cheever,1967,1969,"In a New York commuter suburb, advertising executive Eliot Nailles tries to reach his withdrawn son Tony while a disturbed newcomer named Paul Hammer settles nearby and fixes on murdering Tony at a church altar. A novel about suburban anxiety that builds to a near-sacrifice.",Wikipedia,1
K:ad9ddab46bc3,Disturbing the Peace,Richard Yates,1975,1975,"John Wilder, a New York advertising-space salesman, sinks into drinking and adultery, breaks down at a convention, threatens his family, and is committed to the psychiatric ward at Bellevue. A semi-autobiographical novel tracing an alcoholic's mental collapse.",Wikipedia,1
K:dd6318e3c408,Manchild in the Promised Land,Claude Brown,1965,1965,"Sonny narrates his coming of age in Harlem during the 1940s and 1950s, moving through theft, drugs, reform school, and the street life around him before finding a way out. An autobiographical work that drew wide attention to ghetto life during the civil rights era.",Wikipedia,1
K:eec2f45b4e0a,The Loved One,Evelyn Waugh,1948,1948,"Dennis Barlow, an out-of-work English poet in Hollywood, takes a job at a pet mortuary and courts Aimée Thanatogenos, a cosmetician at the lavish Whispering Glades funeral park, while competing with the mortician Mr. Joyboy. A satire of the Los Angeles funeral business and British expatriates.",Wikipedia,1
K:23ded9392b69,Flat Stanley,Jeff Brown,1964,1964,"Stanley Lambchop wakes up flattened by a fallen bulletin board and turns his new shape to advantage, sliding under doors, flying as a kite, traveling by mail, and posing as a painting to catch art thieves before his brother pumps him back to normal. A children's book of an ordinary boy's flat adventures.",Wikipedia,1
K:0b1ced26bddf,The Blazing World,Siri Hustvedt,2014,2014,"Harriet Burden, an installation artist ignored by the New York art world, exhibits her work under three male front men to test whether it will be better received, then struggles to be believed when she claims authorship. Presented as documents compiled by a scholar after her death.",Wikipedia,1
K:b6a27884a317,Survival in Auschwitz,Primo Levi,1947,1947,"A chemist deported from Italy describes daily survival in Auschwitz, recording the labor, hunger, selections, and routines of the camp and the ways prisoners held onto their humanity. A memoir of his year in the Nazi camp.",Wikipedia,1
K:0a09f6895a0f,The Lottery and Other Stories,Shirley Jackson,,1949,"Twenty-five stories, closing with ""The Lottery,"" in which a small town gathers for an annual drawing that ends in a stoning, alongside other pieces tracing everyday menace and unease in ordinary American life. The only collection of her stories published in her lifetime.",Wikipedia,1
K:7fdb16d0611a,The Stone Diaries,Carol Shields,1995,1993,"Daisy Goodwill, whose mother dies giving birth to her in 1905 Manitoba, narrates her own life as it moves through marriage, widowhood, gardening, and old age across Canada and the United States. A fictional autobiography that won the Pulitzer Prize.",Wikipedia,1
K:84f983ef2571,The Beggar Maid,Alice Munro,1978,1978,"Ten linked stories follow Rose, a girl raised by her practical stepmother Flo in small-town Ontario, as she wins a scholarship, marries, divorces, and builds a career away from home over nearly forty years. Published in Canada as ""Who Do You Think You Are?"" and a Governor General's Award winner.",Wikipedia,1
K:311923238ca3,The Plot Against America,Philip Roth,,2004,"In an alternate 1940, aviator Charles Lindbergh defeats Franklin Roosevelt for the presidency, signs accords with Germany and Japan, and stokes antisemitism, all witnessed by the Roth family in Newark and narrated by a boy named after the author. An alternate-history novel of creeping fascism in America.",Wikipedia,1
K:d9591b1f5d49,Fancies and Goodnights,John Collier,1951,1951,"Fifty stories of dark comedy, murder, and the supernatural, including ""The Chaser,"" ""Evening Primrose,"" and ""Wet Saturday,"" marked by ironic twists and macabre wit. A collection that won the International Fantasy Award and an Edgar Award.",Wikipedia,1
K:2e6a85d46d4c,Larry's Party,Carol Shields,1997,1997,"Larry Weller, a Winnipeg florist who discovers a gift for designing garden mazes, moves through two marriages and twenty years of work and self-doubt, the chapters mirroring the turns of his labyrinths. A novel about an ordinary man's life that won the Orange Prize.",Wikipedia,1
K:8af39279a369,Don't Let's Go to the Dogs Tonight,Alexandra Fuller,2001,2001,"The author recalls her childhood on farms in war-torn Rhodesia and later Malawi and Zambia, amid family hardship, her mother's drinking, the deaths of siblings, and the violence of the Rhodesian Bush War. A memoir of growing up white in southern Africa.",Wikipedia,1
K:adfba3021149,Lies of Silence,Brian Moore,1990,1990,"Belfast hotel manager Michael Dillon, about to leave his wife for a younger woman, is taken hostage with her by the Provisional IRA and ordered to drive a car bomb into his own hotel, then faces a choice about whether to inform on the gunmen. A novel about the Troubles and personal conscience.",Wikipedia,1
K:d9e576e5e9b8,Cal,Bernard MacLaverty,1983,1983,"Cal, a young Catholic in 1980s Northern Ireland who served as getaway driver in the IRA killing of a policeman, falls in love with the dead man's widow Marcella while wracked by guilt. A novel of the Troubles and a doomed relationship.",Wikipedia,1
K:a3fdf9ab88d1,That Night,Alice McDermott,1987,1987,"A grown woman recalls a night in her 1960s Long Island suburb when Rick and his friends drove up looking for his girlfriend Sheryl, whose mother had sent her away after a pregnancy, sparking a brawl on the lawn. A novel narrated by a child who watched it happen.",Wikipedia,1
K:42fc701268b1,The Human Stain,Philip Roth,2000,2000,"Coleman Silk, a classics professor at a small Massachusetts college, is forced out after a remark deemed racist, concealing that he is a light-skinned Black man who has passed as white for decades, then takes up with a younger cleaning woman. Narrated by Nathan Zuckerman against the backdrop of the 1998 Clinton scandal.",Wikipedia,1
K:5e6a219f1f98,Wheat That Springeth Green,J. F. Powers,1975,1988,"Joe Hackett, a Midwestern boy who dreams of sainthood, becomes a Catholic priest, drifts into worldly comforts of baseball and beer as a suburban pastor, then moves toward a plainer faith. A novel tracing one priest's spiritual life across decades.",FLAG: csv year 1975 wrong; first published 1988 per Wikipedia,1
K:0b6de2d1f716,The Adventures of Tom Sawyer,Mark Twain,1876,1876,"Tom Sawyer, a mischievous boy in the Mississippi River village of St. Petersburg, tricks friends into whitewashing a fence, witnesses a graveyard murder by Injun Joe, runs off to play pirate, and hunts for buried treasure with Huckleberry Finn. A novel of boyhood along the river.",Wikipedia,1
K:d99a5155c78c,The Black Book,Orhan Pamuk,1990,1990,"Galip, an Istanbul lawyer whose wife Rüya has vanished, searches the city for her and for her half-brother Celal, a famous newspaper columnist who is also missing, eventually moving into Celal's flat and taking over his column. A novel that weaves stories of Istanbul into a search for identity.",Wikipedia,1
K:7218170b4f39,The haiku of Matsuo Basho,,,c. 1660–1694,"A collection of haiku by the Japanese master of the form, short seventeen-syllable poems on seasons, travel, and nature drawn from his life as a wandering poet. Verses by the figure regarded as the greatest writer of haiku.",FLAG: collection has no single EN Wikipedia page; grounded on Matsuo Bashō author article; year is span of his working life,1
K:980abe074752,"I, Claudius",Robert Graves,1934,1934,"Written as the secret memoir of the stammering, limping Claudius, dismissed as a fool by his family, the book recounts the murders, intrigues, and poisonings of the Julio-Claudian dynasty from Augustus through Caligula. A historical novel that won the James Tait Black Prize.",Wikipedia,1
K:57af164fa280,Eleven Kinds of Loneliness,Richard Yates,1962,1962,"Office clerks, soldiers, jazz musicians, and cab drivers move through New York and its suburbs in eleven stories, each centered on a person cut off from the people around them. The debut collection is known for its plain prose and its bleak portraits of mid-century American disappointment.",Wikipedia,1
K:22d8a45acf9c,The Three Musketeers,Alexandre Dumas,1844,1844,"In 1620s France, the young Gascon d'Artagnan travels to Paris to join the King's Musketeers and befriends Athos, Porthos, and Aramis, who together oppose Cardinal Richelieu and his agent Milady de Winter over a scandal involving the queen's diamonds. A historical adventure novel famous for the rallying cry ""all for one and one for all.""",Wikipedia,1
K:44a6e161192f,Mother's Milk,Edward St,2006,2006,"Across four successive Augusts from 2000 to 2003, Patrick Melrose watches his marriage strain as his wife devotes herself to their two young sons and his mother signs the family's French estate over to a New Age guru. The fourth Patrick Melrose novel, it was shortlisted for the Booker Prize.",Wikipedia,1
K:e544d536217c,Patrimony,Philip Roth,1991,1991,"A son cares for his eighty-six-year-old father as the retired insurance man declines from a brain tumor, recording his stubbornness, his memories, and the physical indignities of his final illness. A memoir about a father and son that won the National Book Critics Circle Award.",Wikipedia,1
K:02b36d7b19db,The Road to Wellville,T.C. Boyle,1993,1993,"At his Battle Creek sanitarium in 1907, the cereal magnate and health crusader John Harvey Kellogg subjects guests like the ailing Will Lightbody to enemas, electrotherapy, and a strict vegetarian regimen, while con men and rival cereal makers scheme nearby. A comic historical novel about the early American health-food industry.",Wikipedia,1
K:39ac4c40de96,The Confessions of Nat Turner,William Styron,1967,1967,"Awaiting execution in a Virginia jail in 1831, the enslaved preacher Nat Turner narrates the visions, grievances, and bloody slave rebellion that left dozens of white people dead in Southampton County. A first-person novel that won the Pulitzer Prize and drew sharp criticism from some Black writers for its portrayal of Turner.",Wikipedia,1
K:f5c99485bebc,Rites of Passage,William Golding,1980,1980,"Aboard a warship bound for Australia in the early nineteenth century, the young aristocrat Edmund Talbot keeps a journal recording the voyage and the humiliation and death of the clergyman Robert Colley at the hands of crew and passengers. The first book of the To the Ends of the Earth trilogy, it won the Booker Prize.",Wikipedia,1
K:965aa95cc729,The Rime of the Ancient Mariner,Samuel Taylor Coleridge,1798,1798,"An old sailor stops a wedding guest and tells how he shot an albatross at sea, dooming his ship to drift through becalmed and supernatural waters as his crewmates die and he alone survives to do penance. A long narrative poem that opened Lyrical Ballads and became a landmark of English Romanticism.",Wikipedia,1
K:b71de4b4c34d,Impressions of Africa,Raymond Roussel,1910,1910,"Shipwrecked European travelers stage an elaborate gala of bizarre performances and machines for the coronation of Talou VII in the imaginary African kingdom of Ponukele, after which the narrative doubles back to explain each spectacle. A novel built from a secret method of puns that influenced the Surrealists and Oulipo.",Wikipedia,1
K:1b84fbb9cd5b,Correction,Thomas Bernhard,1975,1975,"In a garret in an Austrian forest, an unnamed narrator sorts through the papers of his dead friend Roithamer, a scientist who built a perfect cone-shaped house for his sister and then, after her death, endlessly revised his manuscript before killing himself. A novel written in dense, looping prose obsessed with revision and self-correction.",Wikipedia,1
K:a18626111ae6,Stories and Texts for Nothing,Samuel Beckett,1955,1955,"Three stories follow expelled, wandering narrators through cities and rooms, paired with thirteen short prose pieces in which a disembodied voice circles the impossibility of speaking or existing. Originally written in French, the collection extends the bare, monologic style of the author's postwar fiction.",Wikipedia,1
K:13778f54d567,Woman Hollering Creek,Sandra Cisneros,1991,1991,"Mexican American girls and women across Texas and the border move through childhood, marriage, and disappointment in twenty-two stories, including one in which a young wife named Cleófilas flees an abusive husband. A story collection drawing on Chicana life and the folklore of La Llorona.",Wikipedia,1
K:afe7479aaf9f,Dhalgren,Samuel R. Delany,1974,1974,"A young amnesiac known only as the Kid arrives in Bellona, a midwestern city cut off from the rest of America by an unexplained catastrophe, where time and geography warp and he joins a roaming gang and writes poetry. A long, experimental science fiction novel known for its dense structure and circular ending.",Wikipedia,1
K:5e444245aa75,Dawn,Octavia Butler,1987,1987,"Centuries after a nuclear war, Lilith Iyapo wakes aboard the ship of the alien Oankali, who have saved humanity but intend to interbreed with the survivors before returning them to a healed Earth. The first novel of the Xenogenesis trilogy, it examines consent, race, and biological difference.",Wikipedia,1
K:2c5e83e0ac55,Texaco,Patrick Chamoiseau,1992,1992,"Marie-Sophie Laborieux recounts the founding and defense of Texaco, a shantytown on the edge of Fort-de-France, tracing her family from slavery through generations of struggle to build a community against demolition. A novel mixing French and Creole that won the Prix Goncourt.",Wikipedia,1
K:e50b74904533,The Woman Warrior,Maxine Hong Kingston,1976,1976,"A Chinese American girl growing up in California weaves her mother's ""talk-stories,"" family history, and Chinese legend into five linked accounts, including the tale of a woman warrior and a suicidal ""no-name"" aunt. A memoir that blends autobiography and myth and helped define Asian American literature.",Wikipedia,1
K:7787f9851a27,Distant Star,Roberto Bolaño,1996,1996,"The narrator Arturo B. traces the career of Carlos Wieder, a pilot and poet who exploits the 1973 Chilean coup to write verse in the sky while murdering women, until a detective sets out to track him down years later. A short novel about art, fascism, and violence under the Pinochet dictatorship.",Wikipedia,1
K:c4f21abbbc5f,The Children's Bach,Helen Garner,1984,1984,"In suburban Melbourne, the settled marriage of Athena and Dexter is unsettled when Dexter's old friend Elizabeth arrives with her sister, her lover Philip, and his young daughter, drawing the couple into new desires and values. A short novel about music, family, and ordinary domestic life.",Wikipedia,1
K:d0df8db93983,Train Dreams,Denis Johnson,2011,2011,"Robert Grainier, a day laborer in the early twentieth-century American West, loses his wife and daughter to a wildfire and lives out his days alone in the woods of Idaho among loggers, railroads, and his own grief. A novella that was a Pulitzer Prize finalist.",Wikipedia,1
K:6271ee36187d,Binocular Vision: New and Selected Short Stories,Edith Pearlman,2011,2011,"Thirty-four stories span Jewish family life, wartime Europe, and the fictional Boston suburb of Godolphin, following ordinary people through love affairs, displacement, and small reckonings. A career-spanning collection of new and selected stories that won the National Book Critics Circle Award.",Wikipedia,1
K:231bca317353,Lucy Gayheart,Willa Cather,1935,1935,"Lucy Gayheart, a young woman from a small Nebraska town, goes to Chicago to study music and falls in love with an aging singer, a passion that pulls her away from her hometown and a steady local suitor. A late novel about ambition, longing, and small-town life.",Wikipedia,1
K:0dc8a61b0116,McKay's Bees,Thomas McMahon,1979,1979,"In 1855, Gordon McKay leads his wife, her twin brother, and a band of German craftsmen from Massachusetts to Kansas to found a town and make a fortune from beekeeping, only to face border violence, disease among the hives, and his own unraveling. A historical novel that mingles fictional settlers with figures like Thoreau and John Brown.",Wikipedia,1
K:baf4e47c178b,The Little Disturbances of Man,Grace Paley,1959,1959,"Men and women in and around New York talk their way through love affairs, marriages, and family troubles in ten stories, several narrated by sharp-tongued Bronx and Greenwich Village women. A debut collection known for its comic, vernacular voices.",Wikipedia,1
K:8e2c404ad22c,Starting Out in the Evening,Brian Morton,1997,1997,"Heather Wolfe, an ambitious graduate student, talks the forgotten elderly novelist Leonard Schiller into helping with her thesis, and their sessions reshape his life and that of his daughter Ariel before a stroke intervenes. A novel about literary ambition, aging, and reputation.",Wikipedia,1
K:ecda3b6d23cc,My Life and Other Stories,Anton Chekhov,,1896–1899,"A provincial governor's son rejects his class to work as a common house-painter in ""My Life,"" joined by other stories of Russian peasants, doctors, and disappointed lovers from the author's mature period. The title novella and its companions depict everyday Russian provincial life around the turn of the century.","FLAG: compilation collection assembled by later editors; title story ""My Life"" (1896) plus other stories; no single original-publication Wikipedia page for this exact collection",1
K:ca1e830c3408,Collected Poems of Elizabeth Bishop,Elizabeth Bishop,,1927–1979,"Poems set in Nova Scotia, Florida, and Brazil observe fish, maps, filling stations, and lost things with exact, restrained attention, gathering work written across the poet's life including ""The Fish,"" ""The Moose,"" and ""One Art."" A posthumous collected edition of a major American poet's verse.","FLAG: title is a collected/complete edition (The Complete Poems 1927-1979, 1983) rather than a single original work; grounded in Wikipedia coverage of the poet and the editions",1
OL:OL5721472W,Scoop,Evelyn Waugh,1938,1938,"John Boot, a mild nature columnist, is mistaken for a famous novelist and dispatched by a London newspaper to cover a civil war in the fictional African country of Ishmaelia, where bungling reporters invent the news they file. A satire of Fleet Street and foreign correspondence.",Wikipedia,1
K:3b88c3e85b6a,The Life of Henri Brulard,Stendhal,1890,1890,"Looking back from middle age, the narrator recounts his unhappy childhood in Grenoble, his hatred of his father, and his joy at joining Napoleon's army on its march into Italy. An unfinished autobiography written in the 1830s and published decades after the author's death.",Wikipedia,1
K:9104123dca5b,The Bottle Factory Outing,Beryl Bainbridge,1974,1974,"Two London bottle-factory workers, Freda and Brenda, join a staff outing into the English countryside that goes wrong, ending in death and a clumsy attempt to dispose of a body. A short comic novel that won the Guardian Fiction Prize.",Wikipedia,1
K:66969004ba8b,The Death of A Beekeeper,Lars Gustafsson,1978,1978,"Told through the recovered notebooks of Lars Lennart Westin, a divorced former schoolteacher who keeps bees by a Swedish lake, the book follows his thoughts after he learns he has terminal cancer and chooses not to seek treatment. A novel about solitude, pain, and mortality.",Wikipedia,1
K:0698a31697cc,Wolf Whistle,Lewis Nordan,1993,1993,"In Arrow Catcher, Mississippi, in 1955, a Black boy called Bobo is murdered for whistling at a white woman and his killers are tried and acquitted, witnessed by townspeople including the teacher Alice Conroy. A novel that fictionalizes the murder of Emmett Till using elements of magic realism.",Wikipedia,1
K:307944949e96,With,Donald Harrington,2004,2004,"After a state trooper named Sog Alan abducts eight-year-old Robin Kerr to a remote Ozark mountaintop and then dies, she grows to adulthood alone in the wild, kept company by animals and the ghost of a boy who once lived there. A novel set in the author's invented Arkansas town of Stay More.",Wikipedia,1
K:7e4cb1cf59ac,Taking Care,Joy Williams,1982,1982,"Ordinary people face illness, marriage, and loss in sixteen stories, including a lay preacher caring for his infant granddaughter while his wife is hospitalized. A collection known for its oblique, unsettling treatment of domestic life.",Wikipedia,1
K:1dc5ba74ec0c,The Comedians,Graham Greene,1966,1966,"Brown, an English hotel owner, returns to Port-au-Prince under François Duvalier and the Tontons Macoutes, finding a government minister dead in his pool and his lover Martha married to a South American ambassador, while a con man named Jones drifts toward the rebels. A novel set in Haiti to attack the Duvalier regime, which condemned the book in response.",Wikipedia,1
K:3a143b2c0545,Ninety-two in the Shade,Thomas McGuane,1973,1973,"Thomas Skelton, a college dropout in Key West, decides to set up as a skiff fishing guide despite a death threat from the established guide Nichol Dance, who has already killed a man and burns Skelton's boat. The standoff between the two builds toward a violent end.",Wikipedia,1
K:1f288c612b3c,Phineas Finn: The Irish Member,Anthony Trollope,1869,1869,"Phineas Finn, a young Irishman newly admitted to the bar, wins a seat in the British Parliament and rises through London political society while entangled with Lady Laura Standish, Violet Effingham, and Madame Max Goesler before resigning over the question of Irish tenant rights. The second of the Palliser political novels.",Wikipedia,1
K:2269bb9ee4d7,Pictures from an Institution,Randall Jarrell,1954,1954,"At Benton, an exclusive women's college, an unnamed narrator records the academic year and the arrival of novelist Gertrude Johnson, who mines the place for her next book, among a cast of professors and their families. A campus satire built from character sketches rather than plot.",Wikipedia,1
K:e7524b57d0d3,Adolphe,Benjamin Constant,1816,1816,"Adolphe, a restless young man, seduces Ellénore, the older mistress of a count, then finds himself trapped in a relationship he no longer wants, unable to leave her even as his pursuit of a career pulls them apart. A short French novel known for its analysis of a failing love affair.",Wikipedia,1
K:d2e22cdb10e6,Anton Reiser,Karl Philipp Moritz,,1790,"Anton Reiser endures a harsh Pietist childhood in Hanover and a miserable apprenticeship as a hatter in Brunswick, escaping into books and an obsession with the theatre as he wanders in pursuit of an acting career. One of the earliest psychological novels, drawn closely from its author's own life.",Wikipedia,1
K:d1f9c293a49b,The Golovlyev Family,Mikhail Saltykov,1876,1880,"On the Golovlyovo estate, the matriarch Arina Petrovna rules her serfs and family until power passes to her hypocritical, pious son Porfiry, nicknamed Little Judas, whose scheming accompanies the family's drinking, ruin, and successive deaths. A Russian novel about the decay of a landowning family.",Wikipedia,1
K:cd83dfc92563,The Tale of the Genji,Shikibu Murasaki,,c. 1010,"Hikaru Genji, the handsome son of an emperor and a low-ranking concubine, is made a commoner and moves through the Heian court in a long series of love affairs, including his marriage to the young Murasaki, while the later chapters follow his descendants. Often called the world's first novel.",Wikipedia,1
K:20113bd8060f,The Dukays,Lajos Zilahy,1949,1949,"Count István Dukay and Countess Menti ignore the collapse of their world as their four children scatter across interwar and wartime Europe, from a daughter in love with a dying monarch to a son drawn into Nazism. A novel tracing the decline of a Hungarian aristocratic family after the First World War.","FLAG: no English Wikipedia page — used Kirkus, Goodreads, and the author's English Wikipedia page",1
K:2118bf5ef223,Effi Briest,Theodor Fontane,1896,1895,"Seventeen-year-old Effi Briest is married off to the much older Baron von Innstetten and moves to a remote Pomeranian town, where loneliness leads to a brief affair with Major Crampas; years later her husband finds the letters, kills Crampas in a duel, and casts Effi out. A German realist novel of marriage and adultery.",Wikipedia,1
K:fec9ed81ecd9,The Maias,Eca de Queiroz,1888,1888,"In nineteenth-century Lisbon, the aristocrat Carlos da Maia idles away his days with his friend João da Ega and falls in love with Maria Eduarda, not knowing she is his sister, bringing tragedy to the last generation of the declining Maia family. A Portuguese realist novel satirizing Lisbon society.",Wikipedia,1
K:db109b1e87a7,Bhagavadgita,,,c. 1st–2nd century CE,"On the field of Kurukshetra, the warrior Arjuna falters before battle against his own kinsmen, and his charioteer Krishna, an avatar of Vishnu, counsels him on duty, action, and devotion across eighteen chapters of verse. A Hindu scripture embedded in the Mahabharata that sets out core ideas of dharma and yoga.",Wikipedia,1
K:128cdaa33246,Mahabharata,,,c. 400 BCE–400 CE,"Two branches of a royal family, the Pandavas and the Kauravas, quarrel over the throne of Hastinapura until their dispute erupts into the great war at Kurukshetra, told across roughly 100,000 verses interwoven with myth, genealogy, and moral discourse. One of the two major Sanskrit epics of ancient India.",Wikipedia,1
K:b691062fe51f,Galpo Guccho,Rabindranath Tagore,1912,1891–1917,"Across eighty-four stories set largely in rural Bengal, ordinary people face poverty, marriage, caste, and the pull of modern ideas, observed against the riverside landscape of their villages. A three-volume collection that remains among the most widely read works of Bengali short fiction.",Wikipedia,1
K:4c98833a4f69,The Selected Poems of Pablo Neruda,Pablo Neruda,1970,1970,"A bilingual selection drawing on the full range of the Chilean poet's career, from early love poems and the surrealist Residence on Earth to the political Canto General and the everyday Elemental Odes, with Spanish and English on facing pages. A comprehensive single-volume anthology of his poetry.",FLAG: no English Wikipedia page for this anthology — used publisher and bibliographic records and the poet's English Wikipedia page,1
K:2a36d724bd0a,The Power of Now: A Guide to Spiritual Enlightenment,Eckhart Tolle,1997,1997,"A spiritual teacher lays out, partly in question-and-answer form, the idea that emotional suffering comes from identifying with the mind and that liberation lies in living fully in the present moment, with exercises and concepts such as the ""pain-body."" A self-help book drawing on Buddhist and other spiritual traditions.",Wikipedia,1
K:08cd5694dbf4,The Executioner's Song,Norman Mailer,1979,1979,"Across Utah and the Western states, the paroled convict Gary Gilmore commits two murders, is sentenced to death, and demands his own execution by firing squad rather than appeal, in the first U.S. execution after the death penalty's reinstatement. A documentary novel assembled from interviews and records that won the Pulitzer Prize.",Wikipedia,1
K:99a3f7848da8,The Quiet American,Graham Greene,1956,1955,"Thomas Fowler, a jaded British journalist in 1950s Saigon, watches the idealistic young American Alden Pyle, a covert CIA agent, draw close to his Vietnamese companion Phuong and meddle in the war as French colonial rule collapses. A novel that anticipated American involvement in Vietnam.",Wikipedia,1
K:ab419a1d43cc,Jazz,Toni Morrison,1992,1992,"In 1920s Harlem, the salesman Joe Trace shoots his teenage lover Dorcas, and his wife Violet slashes the dead girl's face at the funeral, after which the narrative reaches back through their pasts into the nineteenth-century South. The second novel in a trilogy that began with Beloved.",Wikipedia,1
K:0906563c5cec,Stop-Time,Frank Conroy,1967,1967,"A man recalls his poor, unsettled childhood and adolescence shuttling between New York City and rural Florida, including a difficult stepfather and an institutionalized father, in episodes told with the detail of fiction. A memoir that influenced many later American writers.",Wikipedia,1
K:560a5a213fc5,Saturday,Ian McEwan,2005,2005,"Henry Perowne, a London neurosurgeon, moves through a single Saturday in February 2003 as an anti-war march fills the streets, his day disrupted by a car accident and a violent confrontation with a man named Baxter that follows him home. A novel set on one day against the run-up to the Iraq War.",Wikipedia,1
K:a90d7fbfdbe6,Sleepless Nights,Elizabeth Hardwick,1979,1979,"A woman named Elizabeth looks back over her life in fragments, recalling her Kentucky childhood, years in New York, Amsterdam, and Boston, and the men and women she has known, in a book that abandons plot for memory. An early example of what is now called autofiction.",Wikipedia,1
K:7ebf1ebfbc39,Speedboat,Renata Adler,1976,1976,"Jen Fain, a young New York journalist, narrates her life in disconnected fragments, observations, and vignettes spanning boarding school, teaching, political speechwriting, and city life, with no continuous storyline. A novel built from episodic fragments that won the Hemingway Award for a first novel.",Wikipedia,1
K:89f0af62ddc6,The Furies,Janet Hobhouse,1993,1993,"Helen, the last of several generations of New York women who flee mothers they cannot live with, recalls a chaotic childhood, an English education at Oxford, a marriage to the wealthy Edward, her mother's suicide, and her own brush with cancer. An autobiographical novel published after its author's death.","FLAG: no English Wikipedia page for the novel — used the author's English Wikipedia page, Kirkus, and NYRB",1
K:431d0058d78e,Beautiful Ruins,Jess Walter,2013,2012,"In 1962, an Italian innkeeper named Pasquale watches a dying American starlet arrive by boat at his tiny coastal village, a chance encounter that the novel traces across fifty years and into present-day Hollywood, with the filming of Cleopatra in the background. A satire of fame that moves between Italy and Hollywood.",Wikipedia,1
K:4d5d604ff4ca,Runaway,Alice Munro,2004,2004,"Across eight stories, including a linked trio about a woman named Juliet, characters confront marriage, escape, and betrayal, among them a young wife who cannot bring herself to leave her husband. A collection that won the Giller Prize.",Wikipedia,1
K:7b9f9939d12b,The Book of Laughter and Forgetting,Milan Kundera,1978,1979,"In seven loosely linked parts, Czech characters under Communist rule try to recover or erase love letters, memories, and a vanished past, among them the dissident Mirek and the widow Tamina, in a book the author compared to a musical composition. A novel about memory, laughter, and political forgetting.",Wikipedia,1
K:084e65163770,The Green House,Mario Vargas Llosa,1965,1966,"Over some forty years in Peru, intertwined stories link the desert town of Piura, where a man builds a brothel called the Green House, with the Amazon jungle near the Marañón, following nuns, smugglers, soldiers, and an Indian girl. A novel told through fragmented, shifting timelines.",Wikipedia,1
K:e755c669d849,Dune,Frank Herbert,1965,1965,"On the desert planet Arrakis, the only source of the spice melange, young Paul Atreides survives the betrayal and murder of his father, flees into the dunes with his mother, and joins the Fremen as he rises to lead them and seize control of the empire. One of the best-selling science fiction novels.",Wikipedia,1
K:3b1ea60fa0c9,Red Dragon,Thomas Harris,1981,1981,"Retired FBI profiler Will Graham is drawn back to hunt a serial killer who slaughters whole families at the full moon, consulting the imprisoned cannibal Hannibal Lecter for insight while the killer, Francis Dolarhyde, acts out a delusion drawn from a William Blake painting. The first novel to feature Lecter.",Wikipedia,1
K:b16667acb539,The Thin Red Line,James Jones,1962,1962,"C-for-Charlie Company lands on Guadalcanal and fights its way across the island against entrenched Japanese forces, with men such as Captain Stein and First Sergeant Welsh facing fear, exhaustion, and death. A World War II novel drawn from its author's combat experience.",Wikipedia,1
K:37f1230ecf68,Fear of Flying,Erica Jong,1973,1973,"Isadora Wing, a twenty-nine-year-old poet, flies to a psychoanalysts' conference in Vienna with her husband and embarks on an affair, narrating her sexual fantasies and her search for freedom from conventional marriage. A novel known for its frank treatment of female sexuality and its place in second-wave feminism.",Wikipedia,1
K:1a1889c95894,The Silence of the Lambs,Thomas Harris,1988,1988,"FBI trainee Clarice Starling is sent to interview the imprisoned cannibal Hannibal Lecter for help catching a serial killer called Buffalo Bill, who skins his female victims, trading personal disclosures for Lecter's clues. The sequel to Red Dragon and the best-known book in the Lecter series.",Wikipedia,1
K:21a1935dbe9f,Stranger in a Strange Land,Robert A. Heinlein,1961,1961,"Valentine Michael Smith, born on Mars and raised by Martians, comes to Earth as a young man and, baffled by human customs, gathers followers and founds a Martian-influenced Church of All Worlds. A science fiction novel that uses Smith's outsider view to question religion, money, monogamy, and death, and that coined the word ""grok.""",Wikipedia,1
K:90279cddc790,Fuzz,Ed McBain,1968,1968,"In the 87th Precinct, detectives receive extortion notes demanding money or city officials will be killed, and the assassinations begin, pointing to their recurring nemesis the Deaf Man, while Carella goes undercover to catch someone setting sleeping vagrants on fire. One of the 87th Precinct police procedurals, the fourth to feature the Deaf Man.",Wikipedia,1
K:e46b6ba3a6a4,Alligator,Shelley Katz,1977,1977,"When a huge alligator begins killing in the Florida swamplands, wealthy Rye Whitman hires the local guide Lee Ferris to hunt it, and the two men are driven together by mutual need and hatred through storms, fire, and bloodshed. A killer-creature thriller released in the wake of Jaws that questions whether the hunters or the beast are the real monsters.","FLAG: no English Wikipedia page — used Goodreads, SpookyBooky review, publisher listings",1
K:7cf4197a34ab,The Sum of All Fears,Tom Clancy,1991,1991,"Jack Ryan, now Deputy Director of the CIA, works to defuse a Middle East crisis as Palestinian and former East German terrorists detonate a nuclear bomb at the Super Bowl in Denver and stage a false-flag attack to push the United States and Soviet Union toward nuclear war. A political thriller and the sixth Jack Ryan novel.",Wikipedia,1
K:32360bf742ca,The Emigrants,W. G. Sebald,1992,1992,"A narrator recounts the lives of four Jewish émigrés who left Germany for England and the United States, piecing together their histories of exile, memory, and loss alongside unlabeled black-and-white photographs. A prose work that blends biography, fiction, and documentary and deals with the long aftermath of the Holocaust.",Wikipedia,1
K:15dff4e8c1b2,A Legacy,Sybille Bedford,1956,1956,"Two very different German families joined by marriage, the wealthy Jewish Merzes of Berlin and the Catholic aristocratic von Feldens of Baden, move through tumults and tragedies in the decades before the First World War, narrated by Francesca, daughter of Baron Julius von Felden. A semi-autobiographical novel based on the author's own family.",Wikipedia,1
K:17da81fb1052,The Duel,Anton Chekhov .,1891,1891,"In a seaside town in the Caucasus, the disillusioned civil servant Laevsky tires of his married mistress Nadezhda and runs up debts, while the Social Darwinist zoologist Von Koren goads him into a duel. A novella that contrasts their opposed worldviews and ends with Laevsky's chastened change of heart.",Wikipedia,1
K:ac3c75abbf8c,"W, or The Memory of Childhood",Georges Perec,1975,1975,"Alternating chapters pair the author's uncertain memories of his French wartime childhood with a fictional account of W, an island off Tierra del Fuego founded by Olympic enthusiasts where life is organized entirely around brutal athletic competition. A work that uses the island as an allegory for totalitarian regimes and the Nazi camps.",Wikipedia,1
K:76f8b9527010,The Sheltering Sky,Paul Bowles,1949,1949,"Port and Kit Moresby, a married American couple from New York, travel into the North African desert with their friend Tunner, their marriage fraying as they move deeper into the Sahara until Port's stolen passport and a bout of meningitis turn the journey deadly. A first novel about alienation and disintegration among Western travelers in postwar Algeria and Morocco.",Wikipedia,1
K:224747d4604b,Going to Meet the Man,James Baldwin,1965,1965,"Eight stories range from Black boys growing up in Harlem to a jazz pianist's struggle with addiction in ""Sonny's Blues"" and a white Southern deputy's memories of a lynching in the title story. The author's only collection of short fiction, gathering work published between 1948 and 1965.",Wikipedia,1
K:76d530224b46,Tennessee Williams: Plays 1937–1955,,1944,1937–1955,"Collects the early and major plays, among them The Glass Menagerie, A Streetcar Named Desire, Summer and Smoke, The Rose Tattoo, Camino Real, and Cat on a Hot Tin Roof, along with earlier works such as Spring Storm and Battle of Angels. A Library of America volume covering the dramatist's rise and most celebrated period.","FLAG: anthology, no single-work English Wikipedia page — used Library of America and bookseller listings",1
K:e64e736a51a8,The Book of Love: Poems of Ecstasy and Longing,Rumi,,2003,"A themed selection of love poems by the thirteenth-century Persian Sufi mystic, arranged around states of love from sudden infatuation and union to grief and friendship, in English versions by Coleman Barks. A popular modern compilation of the poet's verse on human and divine love.","FLAG: no English Wikipedia page — used publisher, Amazon, Goodreads listings",1
K:990969c891b1,Sophie’s Choice,William Styron,1979,1979,"In a Brooklyn boardinghouse in 1947, the young Southern writer Stingo befriends the Polish Catholic Auschwitz survivor Sophie Zawistowska and her brilliant, unstable Jewish lover Nathan Landau, and learns of the impossible choice Sophie was forced to make at the camp. A novel about the Holocaust and its aftermath that won the National Book Award.",Wikipedia,1
K:fa54fed8dbb3,A Confederacy of Dunces,John Kennedy Toole,1980,1980,"Ignatius J. Reilly, an overweight, misanthropic medieval scholar who lives with his mother in early-1960s New Orleans, is pushed to find work and stumbles through misadventures with French Quarter characters. A picaresque comic novel published after the author's death that won the Pulitzer Prize.",Wikipedia,1
K:7080743d9f68,The Sot-Weed Factor,John Barth,1960,1960,"A fictionalized Ebenezer Cooke is named Poet Laureate of Maryland and sails from London to the colony to write its praises, undergoing a sprawling series of adventures while striving to keep his virginity. A long satirical novel written in mock eighteenth-century style that marked the author's turn to postmodernism.",Wikipedia,1
K:d5042792cf40,Some Other Place. The Right Place,Donald Harington,1972,1972,"Just out of Sarah Lawrence, Diana discovers that eighteen-year-old Day can, under hypnosis, become her dead grandfather Daniel Lyam Montross, and the two travel to the places he lived as Day reveals Montross's full life story. A novel of reincarnation, suppressed memory, and family secrets told across musical movements.",Wikipedia,1
K:aa06efa6ffb9,Answered Prayers,Truman Capote,1987,1987,"P.B. Jones, a bisexual hustler and would-be writer, moves through the literary and high-society world of mid-century New York, recounting scandalous confidences drawn from the rich and famous. An unfinished novel published after the author's death, including the chapter that exposed his socialite friends.",Wikipedia,1
K:6071bcc4c2a5,The Ice Age,Margaret Drabble,1977,1977,"Anthony Keating, a former BBC producer turned property developer, takes stock of his life from a Yorkshire cottage after a heart attack while his friends face IRA bombings, collapsing property deals, and a daughter imprisoned behind the Iron Curtain. A state-of-England novel set during the economic crises of 1970s Britain.",Wikipedia,1
K:a3a5d5c3c211,The Radiant Way,Margaret Drabble,1987,1987,"Three Cambridge-educated friends, the psychiatrist Liz Headleand, the prison teacher Alix Bowen, and the art scholar Esther Breuer, are followed through seven years of 1980s Britain that begin at Liz's New Year's Eve party and unfold against a London serial killer. A social novel critiquing Thatcher-era England.",Wikipedia,1
K:5edf5b07c259,Play It as It Lays,Joan Didion,1970,1970,"Maria Wyeth, a minor actress whose marriage and career are falling apart, drifts through Los Angeles and the Nevada desert, recovering in a psychiatric hospital as she recalls the breakdown that brought her there. A novel of 1960s emptiness told in short, fragmented chapters.",Wikipedia,1
K:0c9bc31275dd,Fight Club,Chuck Palahniuk,1996,1996,"An insomniac office worker finds relief in support groups, then meets the charismatic Tyler Durden and starts an underground bare-knuckle fighting club that grows into the anti-consumerist cult Project Mayhem, until he realizes he and Tyler are the same person. A debut novel about masculinity and consumer culture.",Wikipedia,1
K:844116884044,Decline and Fall,Evelyn Waugh,1928,1928,"Theology student Paul Pennyfeather is wrongly expelled from Oxford, takes a teaching post at a shabby Welsh school, becomes entangled with the wealthy Margot Beste-Chetwynde and her white-slavery dealings, and ends up imprisoned before returning to his studies. A first novel that satirizes 1920s British society with black comedy.",Wikipedia,1
K:8b14ad140aeb,Breaking and Entering,Joy Williams,1988,1988,"Willie and Liberty, lovers since their teens, drift through the Florida Keys breaking into vacant vacation homes to live in them while the owners are away, as Liberty senses Willie pulling away and their aimless life turning dangerous. A novel about two rootless drifters on the edges of affluent Florida.",Wikipedia,1
K:051a111d303b,Collected Stories of Elizabeth Bowen,Elizabeth Bowen,,1980,"Seventy-nine stories span the author's career from the 1920s through the postwar years, many centered on women and on Anglo-Irish life, often turning on transience, unease, and wartime London. A comprehensive gathering of the Irish writer's short fiction.","FLAG: no dedicated English Wikipedia page for the collection — used EBSCO, Penguin, ISFDB listings",1
K:fd173963c7a7,We Were the Mulvaneys,Joyce Carol Oates,1996,1996,"The seemingly perfect Mulvaney family of rural Mt. Ephraim, New York, unravels over fifteen years after daughter Marianne is raped following a school dance, as the father's drinking, lost reputation, and bankruptcy scatter the family. A family novel narrated by the youngest son, Judd.",Wikipedia,1
K:e4d6b7a4689e,Night,Elie Wiesel,1958,1956,"A teenage boy and his father are deported from their Transylvanian town to Auschwitz and then Buchenwald, where he witnesses and endures the horrors of the camps and the collapse of his faith. A memoir of the Holocaust, first written in Yiddish, that became a cornerstone of Holocaust literature.",Wikipedia,1
K:cea4e1a79452,Masters of the Dew,Jacques Roumain,1947,1944,"Manuel returns to the drought-stricken Haitian village of Fonds Rouge after years cutting cane in Cuba and, drawing on the political solidarity he learned abroad, searches for water and tries to unite the feuding villagers through collective labor. A peasant novel of human suffering and social awakening in rural Haiti.","FLAG: no English Wikipedia page — used The Modern Novel, Literariness, publisher listings",1
K:b2ed6357b917,A Tale of Two Cities,Charles Dickens,1859,1859,"Dr. Manette, freed after eighteen years in the Bastille, is reunited in London with his daughter Lucie, whose suitors include the exiled French aristocrat Charles Darnay and the dissolute barrister Sydney Carton, all drawn into the Reign of Terror in Paris. A historical novel set in London and Paris during the French Revolution, ending in Carton's sacrifice.",Wikipedia,1
K:4ed9d5c4ad28,The Folded Leaf,William Maxwell,1945,1945,"In 1920s suburban Chicago, the bookish, motherless Lymie Peters and the athletic Spud Latham form an intense adolescent friendship that carries into college, where their rivalry over Sally Forbes builds toward a crisis and Lymie's attempt on his own life. A novel about male friendship with an undercurrent of unspoken attraction.",Wikipedia,1
K:10f18a0254cc,The Gate of Angels,Penelope Fitzgerald,1990,1990,"In 1912 Cambridge, the young physicist Fred Fairly, a fellow of the fictional college St Angelicus, collides on his bicycle with Daisy Saunders in the dark, and the two are mistakenly put to bed together to recover, after which Fred falls in love but loses track of her. A historical novel, the author's only one with a happy ending.",Wikipedia,1
K:fee34cabb897,The Member of the Wedding,Carson McCullers,1946,1946,"During a hot Georgia summer, twelve-year-old tomboy Frankie Addams becomes obsessed with her brother's wedding and convinces herself she will leave town with the couple, passing her days in the kitchen with the cook Berenice and her young cousin John Henry. A coming-of-age novel about loneliness and belonging.",Wikipedia,1
K:5a6ed0245636,Break It Down,Lydia Davis,1986,1986,"Thirty-four very short stories, including the title piece in which a man at a desk tallies the dollar cost of a love affair, work through brevity, understatement, and sudden shifts of voice. An early collection that helped establish the author's compressed, precise form of short fiction.",Wikipedia,1
K:9f3328e101b2,Joseph Andrews,Henry Fielding,1742,1742,"Joseph Andrews, a virtuous young footman dismissed by Lady Booby for refusing her advances, travels from London toward Somersetshire to reunite with his beloved Fanny, falling in with the absent-minded Parson Abraham Adams and meeting robbers and mishaps along the road. A comic novel its author called a ""comic epic poem in prose.""",Wikipedia,1
K:ecccc5395ea7,On the Eve,Ivan Turgenev,1860,1859,"Elena Stakhova, a Russian gentlewoman courted by a sculptor and a scholar, instead falls for Dmitri Insarov, a Bulgarian revolutionary, and secretly marries him to follow him toward the coming war for his homeland. A third novel set on the eve of the Crimean War, built around a heroine who chooses purpose over comfort.",Wikipedia,1
K:6d4d03ec89c9,Where Angels Fear to Tread,E. M. Forster,1905,1905,"The widowed Lilia Herriton travels to Tuscany and marries Gino, a younger Italian dentist's son, prompting her late husband's English family to send her brother-in-law Philip to Monteriano, where a struggle over her infant son ends in the baby's death. A first novel contrasting English propriety with Italian life.",Wikipedia,1
K:bf599939f01f,Cold Mountain,Charles Frazier,1997,1997,"W. P. Inman, a wounded Confederate deserter, walks home across the Carolinas toward Ada Monroe, while Ada and a drifter named Ruby struggle to keep her late father's farm near Cold Mountain alive. A first novel set in the last months of the American Civil War that alternates between the two characters' journeys.",Wikipedia,1
K:45d423f10268,Red Shift,Alan Garner,1973,1973,"Three pairs of lovers in the same Cheshire landscape are linked across time: teenagers Tom and Jan in the present, the epileptic Macey among Roman deserters, and Thomas Rowley during a Civil War massacre. A novel told largely in clipped dialogue, with events in different eras echoing one another.",Wikipedia,1
K:9bc0b5729601,Les Liaisons Dangereuses,Pierre Choderlos de Laclos,1782,1782,"The Marquise de Merteuil and the Vicomte de Valmont, former lovers and amoral rivals, scheme through letters to corrupt the young Cécile de Volanges and seduce the virtuous Madame de Tourvel, until their plots destroy them both. An epistolary novel exposing the cruelty and vanity of French aristocratic society.",Wikipedia,1
K:ced3e731d0b5,Oldest Living Confederate Widow Tells All,Allan Gurganus,1989,1989,"Ninety-nine-year-old Lucy Marsden, speaking from a North Carolina rest home, recounts her marriage at fifteen to Confederate veteran ""Captain Willie"" Marsden and the lives entangled with his, including his former slave Castalia. A long monologue that retells the American South across a century through one woman's voice.",Wikipedia,1
K:ec3fd432acea,The Passion,Jeanette Winterson,1987,1987,"Henri, a young soldier cooking chickens for Napoleon, and Villanelle, a web-footed Venetian boatman's daughter who works in a casino, cross paths amid the wreckage of the Russian campaign and make their way to Venice. A novel mixing the Napoleonic Wars with fantasy and questions of passion.",Wikipedia,1
K:0fb96ea874bc,Ulverton,Adam Thorpe,1992,1992,"Across twelve stories in differing voices and forms, the fictional English village of Ulverton passes through three hundred years of births, deaths, farming, and change from Cromwell's era to the 1980s. A first novel that pieces together a place's history through diaries, letters, sermons, and a television script.",Wikipedia,1
K:1dc9509e5ec7,"Othello, The Moor of Venice",William Shakespeare,1604,1604,"In Venice and Cyprus, the Moorish general Othello, manipulated by his resentful ensign Iago, comes to believe his wife Desdemona has betrayed him with his lieutenant Cassio, and smothers her before learning of her innocence and killing himself. A major tragedy centered on jealousy, manipulation, and deception.",Wikipedia,1
K:e62e1fa9cb0f,The Old Forest and Other Stories,Peter Taylor,1985,1985,"Fourteen stories set in the American South between the 1930s and 1950s, including the title piece in which a Memphis man recalls how a young woman vanished into a city forest after a car accident a week before his wedding. A collection drawn from fifty years of work, several pieces first appearing in The New Yorker.",Wikipedia,1
K:657587407b2f,Henderson the Rain King,Saul Bellow,1956,1959,"Eugene Henderson, a restless, wealthy American haunted by an inner voice crying ""I want, I want,"" flees to the African interior and is improbably crowned rain king by the Wariri. A comic novel about midlife restlessness and the search for meaning, reportedly its author's favorite.",Wikipedia,1
K:63a6f8d4a3cf,At Play in the Fields of the Lord,Peter Matthiessen,1965,1965,"In a malarial outpost on the upper Amazon, the missionary Martin Quarrier tries to convert the Niaruna people while Lewis Moon, a part-Indian mercenary hired to drive them out, instead parachutes in and joins them. A novel of clashing outsiders that examines missionary faith and the destruction of native cultures.",Wikipedia,1
K:f3d3d81a13a1,Sacred Hunger,Barry Unsworth,1992,1992,"Aboard the slave ship Liverpool Merchant in the 1750s, the physician Matthew Paris joins a triangular-trade voyage that ends in mutiny, while his cousin Erasmus Kemp, the owner's son, later hunts down the survivors who founded a settlement in Florida. A novel about greed and the Atlantic slave trade.",Wikipedia,1
K:4915c4a456eb,Gargantua and Pantagruel,François Rabelais,,1532–1564,"The giant Gargantua and his son Pantagruel move through a series of bawdy, fantastical adventures alongside the rogue Panurge, mixing crude comedy with learned satire of medieval scholarship, religion, and law. A collective title for five comic novels that became landmarks of French Renaissance literature.",Wikipedia,1
K:0b33bb451da1,Finnegans Wake,James Joyce,1939,1939,"Through the dreaming night of Dublin innkeeper Humphrey Chimpden Earwicker, his wife Anna Livia Plurabelle, and their children Shem and Shaun, the book cycles through guilt, gossip, and the river Liffey in an invented multilingual language. A work known for being among the most difficult in English literature.",Wikipedia,1
K:aaeea62a115f,Seven Gothic Tales,Isak Dinesen,1934,1934,"Seven long tales set mostly in the nineteenth century, among them ""The Deluge at Norderney"" and ""The Monkey,"" involving aristocrats, storms, and questions of identity and fate, told with embedded stories and narrative irony. The debut collection that established its Danish author's reputation in the English-speaking world.",Wikipedia,1
K:16e06883edc4,Silence,Shusaku Endo,1969,1966,"Sebastião Rodrigues, a Portuguese Jesuit, slips into seventeenth-century Japan to find his apostatized mentor and minister to hidden Christians, but is captured and pressed to trample on an image of Christ to end the torture of others. A novel about persecution, apostasy, and the silence of God.",Wikipedia,1
K:40880fd45ba7,Heat and Dust,Ruth Prawer Jhabvala,1975,1975,"In two interwoven stories, the Englishwoman Olivia leaves her civil-servant husband during the 1920s Raj for an Indian prince, while decades later her step-granddaughter retraces Olivia's path through the same Indian town. A novel that won the Booker Prize, set across colonial and post-independence India.",Wikipedia,1
K:b38daef16aea,The Book of Mark.,,,c. 70 CE,"The shortest of the four canonical gospels narrates the ministry of Jesus from his baptism by John the Baptist through his teaching, healings, and exorcisms to his crucifixion, burial, and empty tomb. The earliest of the gospels, written in plain Greek and a source for Matthew and Luke.",Wikipedia,1
K:aafaa386e9f2,The Dead,James Joyce,1916,1914,"Gabriel Conroy attends his aunts' Christmas party in Dublin, then learns at the hotel afterward that his wife Gretta has long carried the memory of Michael Furey, a boy who died young for love of her. The closing, longest story of the Dubliners collection, ending with snow falling over Ireland.",Wikipedia,1
K:3dc75f99b576,Stories of Nathaniel Hawthorne,Nathaniel Hawthorne,,1837–1854,"A gathering of tales by the New England author, including ""Young Goodman Brown,"" ""The Birthmark,"" and ""Rappaccini's Daughter,"" dealing with sin, guilt, science, and Puritan hypocrisy, often through allegory and the supernatural. Stories drawn from collections such as Twice-Told Tales and Mosses from an Old Manse.","FLAG: ""Stories of Nathaniel Hawthorne"" is a generic compilation title, not one specific edition; grounded on Hawthorne's standard story collections via Wikipedia.",1
K:9df5ca05129f,"Little, Big",John Crowley,1981,1981,"Smoky Barnable walks from the City to marry Daily Alice Drinkwater at Edgewood, a strange house outside New York, and is drawn into a family saga spanning generations whose members commune with fairies and live inside a ""Tale."" A fantasy novel about a family and the unseen realm at the edge of their world.",Wikipedia,1
K:625b79762741,The Pillow-Book of Sei Shonagon,,1592,c. 1002,"A court lady to Empress Teishi in Heian-era Japan sets down lists, anecdotes, poems, and sharp observations of palace life, recording what she finds elegant, vexing, or absurd. A foundational work of Japanese prose and one of the best sources on tenth-century court society.",Wikipedia,1
K:f8c105f058d5,Doting,Henry Green,1950,1950,"At two dinner parties bracketing the story, Arthur and Diana Middleton, their teenage son Peter, and a pair of younger women drift through flirtations and half-affairs in postwar London. The author's last novel, written almost entirely in dialogue, drawing a line between doting and loving.",Wikipedia,1
K:534ca77bf091,Blindness,Henry Green,1952,1926,"John Haye, a schoolboy with literary ambitions, is blinded when a boy throws a stone through his train window, and must remake his life in the country with his stepmother and a local girl named Joan. The author's first novel, written while he was still at Eton.",Wikipedia,1
K:1fbb54b59724,How German Is It,Walter Abish,1980,1980,"Ulrich Hargenau, son of a man executed for the 1944 plot against Hitler, returns to the German town of Würtenburg, where the new community of Brumholdstein stands on the site of a former concentration camp. A postmodern novel probing how postwar Germany lives with its recent past.",Wikipedia,1
K:bd00376b9180,The Assistant,Bernard Malamud,1957,1957,"Morris Bober, an aging Jewish grocer barely scraping by in Brooklyn, takes on Frank Alpine, a drifter who had helped rob him, as an unpaid assistant, and Frank falls for Morris's daughter Helen while wrestling with his own guilt. A novel about poverty, conscience, and moral struggle.",Wikipedia,1
K:225e0e2f049d,The Fall,Albert Camus,1956,1956,"In an Amsterdam bar, the former Paris lawyer Jean-Baptiste Clamence delivers a long confession to a stranger, recounting his fall from self-satisfied respectability after he failed to save a woman who drowned. A monologue novel that examines guilt, judgment, and bad faith.",Wikipedia,1
K:50d0889fba0e,"Tinker, Tailor, Soldier, Spy",John Le Carré,1974,1974,"The aging spymaster George Smiley is brought out of retirement to hunt a Soviet mole burrowed at the top of British intelligence, narrowing the suspects among his own former colleagues at the ""Circus."" The first book of the Karla trilogy, drawing on Cold War betrayal and the Philby case.",Wikipedia,1
K:276c1877072e,Splendeurs et misères des courtisanes (A Harlot High and Low),Honoré de Balzac,1847,1847,"Lucien de Rubempré rises in Paris under the secret control of the criminal Vautrin, who poses as a Spanish priest, until Lucien's love for the courtesan Esther van Gobseck and a banker's obsession with her bring them to ruin and arrest. A continuation of Lost Illusions within the author's Human Comedy cycle.",Wikipedia,1
K:524993036073,The Maigret series of detective novels,Georges Simenon,,1930–1972,"Commissaire Jules Maigret, a pipe-smoking inspector of the Paris crime brigade, solves murders less by deduction than by absorbing the atmosphere and psychology of the people and places involved. A series of seventy-five novels and many stories that reshaped detective fiction.",Wikipedia,1
K:0230eeaf324c,Nice Work,David Lodge,1988,1988,"Robyn Penrose, a young academic at Rummidge University, is paired with Vic Wilcox, the managing director of a struggling engineering firm, in a shadowing scheme that forces the worlds of literary theory and industry together. A campus novel set in 1980s Thatcher-era England.",Wikipedia,1
K:80f80a40eeab,Changing Places,,1975,1975,"Two professors, the cautious Englishman Philip Swallow and the brash American Morris Zapp, swap jobs and lives for six months between Rummidge in England and the campus of Euphoria State in California. A campus novel told in shifting forms, from letters to news clippings to a screenplay.",Wikipedia,1
K:2d245b5f48f1,Small World,,1984,1984,"Young Irish literary critic Persse McGarrigle chases the beautiful Angelica Pabst from one academic conference to another, while veteran scholars like Morris Zapp and Philip Swallow compete across a globe-trotting circuit of literary theory and intrigue. The second book in the Campus Trilogy, a satire of academic conferences and rival schools of criticism shortlisted for the Booker Prize.",Wikipedia,1
K:f78f2190768a,Cities of the Red Night,William S. Burroughs,1981,1981,"A band of radical pirates tries to live by the freedom articles of Captain Mission while, in a near-present strand, a detective hunts a boy abducted for a sex ritual and a virus tied to the cities of the red night spreads. The first volume of the Red Night Trilogy, told in a nonlinear, fragmented structure across different times and places.",Wikipedia,1
K:a7dff9c2e44e,A Disaffection,James Kelman,1989,1989,"Over one week, 29-year-old Glasgow schoolteacher Patrick Doyle grows bitter about his work and his life, drinks heavily, and pines for a married fellow teacher, Alison Houston, who rejects him. Written in Glasgow dialect and stream of consciousness, it won the James Tait Black Memorial Prize and was shortlisted for the Booker Prize.",Wikipedia,1
K:61c9c451d3cd,Men at Arms,Evelyn Waugh,1952,1952,"Guy Crouchback, heir to a declining English Roman Catholic family, returns from Italy at the start of the Second World War and joins the Royal Corps of Halberdiers, training under Brigadier Ritchie-Hook alongside the eccentric Apthorpe. The first novel of the Sword of Honour trilogy, it won the James Tait Black Memorial Prize.",Wikipedia,1
K:87dd2eb9156a,Officers and Gentlemen,,1955,1955,"Guy Crouchback joins a commando brigade training on a Scottish island, then is caught up in the chaotic British evacuation of Crete, where he meets the slippery Corporal-Major Ludovic and barely escapes by boat to Egypt. The second novel of the Sword of Honour trilogy, covering the early war and the Crete debacle.",Wikipedia,1
K:1735e32fc58c,Unconditional Surrender,,1961,1961,"Now forty and judged too old for active service, Guy Crouchback knocks about wartime London, remarries his ex-wife Virginia to take responsibility for her child by another man, and finally undertakes a liaison mission to Yugoslav partisans. The closing novel of the Sword of Honour trilogy, published in North America as The End of the Battle.",Wikipedia,1
K:c49562153000,The Man Who Cried I Am,John A.Williams,1967,1967,"Max Reddick, a Black American novelist and journalist dying of cancer, travels through Europe to attend a friend's funeral and recover papers exposing the King Alfred Plan, a secret government scheme to intern Black Americans. Several characters are modeled on figures such as Richard Wright, Chester Himes, and James Baldwin.",Wikipedia,1
K:a03d515550d1,And Then We Heard the Thunder,John Oliver Killens,1962,1962,"Solly Saunders, a Harvard-trained Black GI, serves in a segregated U.S. Army unit during the Second World War, moving through Indochina, Australia, and a racial riot in South Brisbane that pushes him toward Black activism. A novel about racism in the armed forces during the war.",Wikipedia,1
K:b13d439ea66c,Days Without Weather,Cecil Brown,1983,1983,"Jonah Drinkwater, a young Black migrant from the rural South, tries to break into the Los Angeles entertainment world as a comedian and screenwriter, attempting to film a slave-revolt story amid Hollywood's stereotyping and betrayals. The narrative weaves stand-up comedy material through its portrait of Black performers and writers in the film industry.","FLAG: no English Wikipedia page — used Project MUSE review, AALBC, and publisher/bookseller summaries",1
K:501f494331a3,The Wig,Charles Wright,1966,1966,"Lester Jefferson, a young Black man in 1960s New York, uses hair straightener to grow silken curls he calls ""The Wig,"" believing it will let him join the Great Society, and stumbles through a series of absurd misadventures and rejections. A satirical novel using absurd humor to expose the era's racial dynamics.",Wikipedia,1
K:b5d527740304,Black Magic,Amiri Baraka,1967,1969,"Three sequences of poems, Sabotage, Target Study, and Black Art, collect work written between 1961 and 1967 that moves from recognizing American racial injustice toward a militant Black nationalist manifesto. A collection marking the poet's break from white culture and turn to Black nationalism.",FLAG: no dedicated English Wikipedia page — grounded on author's Wikipedia page and LibraryThing/Amazon catalog records,1
K:9cc5b917e8b7,Snake-back Solos,Quincy Troupe,1978,1978,"Selected poems written between 1969 and 1977 mix jazz rhythms, street speech, and personal and political subjects from an African American poet's voice. The collection won an American Book Award.",FLAG: no dedicated English Wikipedia page — grounded on author's Wikipedia page and publisher/bookseller listings,1
K:a17eec71ce8a,Solitudes Crowded with Loneliness: Selected Poems 1969-1977,Bob Kaufman,1965,1965,"A decade of poems gathers odes to Charles Mingus, Hart Crane, Ray Charles, and Albert Camus alongside love lyrics, political rants, prison poems, and the prose meditation ""Second April."" The first collection by a San Francisco Beat poet known for spontaneous, jazz-inflected oral verse.",FLAG: no dedicated English Wikipedia page — grounded on New Directions publisher page and author's Poetry Foundation profile,1
K:61ba8d737730,Sitting Pretty,Al Young,1976,1976,"Over one year, Sidney J. Prettymon, a divorced and unemployed San Francisco man known as Sit, philosophizes about life on a radio call-in show, fights drinking and jail time, reconnects with his cancer-stricken ex-wife, and lands work pitching shows. A comic novel carried by Prettymon's first-person voice.","FLAG: no English Wikipedia page — grounded on SuperSummary, Kirkus, and publisher/bookseller summaries",1
K:bf8d0f88d122,The Big Sky,A. B. Guthrie,1947,1947,"Hot-tempered young Boone Caudill flees an abusive Kentucky home in the 1830s, heads up the Missouri River, and becomes a fur trapper and mountain man, marrying the Blackfoot woman Teal Eye before jealousy drives him to kill his closest friend. The first of six novels in a sequence tracing the American West, noted for depicting frontier life without romanticism.",Wikipedia,1
K:95d47d6a83b3,The Moon and Sixpence,W. Somerset Maugham,1919,1919,"Charles Strickland, a middle-aged London stockbroker, abruptly abandons his wife and children to become a painter, lives in poverty in Paris, ruins a friend's marriage, and finally settles in Tahiti with a young woman. The story is loosely based on the life of the painter Paul Gauguin.",Wikipedia,1
K:96f5809e4069,Aesop's Fables,,,c. 6th c. BCE,"Short tales, most featuring talking animals, each end in a moral lesson about virtues and vices such as cunning, vanity, and the consequences of one's actions. A collection credited to a Greek storyteller and passed down and expanded over centuries as the best-known body of fables.",Wikipedia,1
K:511f77d53adb,The legends of King Arthur and the Knights of the Round Table,,,15th c.,"Retold tales of King Arthur, his wizard Merlin, Queen Guinevere, and the knights of Camelot, who gather at the Round Table, swear a code of chivalry, and undertake quests including the search for the Holy Grail. A retelling of the Arthurian legends drawn from the medieval tradition behind works such as Le Morte d'Arthur.",FLAG: anonymous/compiled retelling with no single matching English Wikipedia page — grounded on general Arthurian-legend reference sources,1
K:d20e64b8c042,"Henry IV, Parts I",William Shakespeare,,c. 1597,"King Henry IV faces rebellion from the fiery Hotspur and his allies while his son Prince Hal idles in taverns with the boastful Sir John Falstaff, then redeems himself by killing Hotspur at the Battle of Shrewsbury. A history play balancing court politics, comic tavern scenes, and Hal's coming of age.",Wikipedia,1
K:e75a67015493,The Ballad of the Sad Café,Carson McCullers,1943,1943,"In an isolated Southern town, the strong, solitary Miss Amelia Evans takes in a hunchbacked stranger, Cousin Lymon, and opens a café, until her ex-husband Marvin Macy returns and Lymon's infatuation with him brings on a brawl that ruins her. A novella about a love triangle, first published in a magazine and later collected with short stories.",Wikipedia,1
K:fa57ad62d5c6,La Bête Humaine,Émile Zola,1890,1890,"Engine driver Jacques Lantier, afflicted by an urge to kill women, works the Paris–Le Havre railway line in the late 1860s and becomes entangled with stationmaster Roubaud and his wife Séverine after Roubaud murders a man aboard a train. The seventeenth novel in the Rougon-Macquart series, set among railway workers.",Wikipedia,1
K:c22e8571b3fc,Geek Love,Katherine Dunn,1989,1989,"Carnival owners Al and Lil Binewski deliberately breed deformed children using drugs and radioactive material, and their albino dwarf daughter Olympia narrates how her brother Arturo, born with flippers, builds a cult whose followers have their limbs amputated. A novel about a traveling family freak show that was a National Book Award finalist.",Wikipedia,1
K:f495c2bbe6aa,Almost Paradise,Susan Isaacs,1984,1984,"Nicholas and Jane Cobleigh meet as students at Brown, marry despite different backgrounds, and rise to fame as he becomes a Hollywood star and she overcomes agoraphobia, before career strain and infidelity pull them apart and an accident leaves Jane near death. A novel tracing the rise and unraveling of a celebrity marriage.","FLAG: no English Wikipedia page — grounded on author's site, BookRags study guide, and publisher/bookseller summaries",1
K:8cc7ecd87308,Shining Through,Susan Isaacs,1988,1988,"Linda Voss, a secretary from Queens secretly in love with her Wall Street lawyer boss, marries him and is drawn into wartime intelligence work for the OSS, eventually going undercover in Nazi Berlin. A Second World War novel later adapted into a 1992 film.",Wikipedia,1
K:1fd1f5c65114,A Tree Grows in Brooklyn,Betty Smith,1943,1943,"Beginning in 1912, eleven-year-old Francie Nolan grows up poor in the Williamsburg tenements of Brooklyn with her brother Neely, hardworking mother, and charming but alcoholic father, navigating poverty and the hopes of an Irish-German immigrant family. A semi-autobiographical coming-of-age novel.",Wikipedia,1
K:99a15e609eba,Sheila Levine Is Dead and Living in New York,Gail Parent,1972,1972,"Past thirty, unmarried, and exhausted from searching for a nice Jewish husband, Sheila Levine decides to kill herself and writes a long suicide note recounting her misadventures in New York. A dark comic novel framed entirely as that suicide note.",Wikipedia,1
K:9dba8bbf7481,Pearl,Tabitha King,1988,1988,"Pearl Dickinson arrives in the small town of Nodd's Ridge, Maine, takes over the local diner, and wins the affection of garage owner Reuben Styles and the unstable poet David Christopher, drawing her into the town's tangled web of love, jealousy, and old secrets. A novel set in a close-knit Maine community.","FLAG: no English Wikipedia page — grounded on Publishers Weekly, FantasticFiction, and bookseller summaries",1
K:f3bd7d9cd95b,Everybody Pays,Andrew Vachss,1999,1999,"Crime stories take readers into the workings of evil through figures such as a fugitive blues musician, urban mercenaries, and the crook Cross, whose crew breaks a young woman out of a Peruvian jail in the title novella. A collection of thirty-eight stories, the author's second.","FLAG: no English Wikipedia page — grounded on Kirkus, Publishers Weekly, and publisher summaries",1
K:657b2b4a5716,Rule of the Bone,Russell Banks,1995,1995,"Chappie, a 14-year-old who drops out of school and gets a tattoo that earns him the name Bone, drifts through trouble in upstate New York before traveling to Jamaica under the guidance of a Rastafarian migrant worker called I-Man. A coming-of-age novel told in the narrator's voice.",Wikipedia,1
K:6e39cb76d442,Gone with the Wind,Margaret Mitchell,1936,1936,"Willful Southern belle Scarlett O'Hara struggles to hold onto her family's Georgia plantation, Tara, through the Civil War and Reconstruction, pining for the married Ashley Wilkes while clashing with the roguish Rhett Butler. A best-selling novel that won the 1937 Pulitzer Prize and inspired the 1939 film.",Wikipedia,1
K:5b01431b2a0f,The Paper Bag Princess,Robert Munsch,1980,1980,"When a dragon burns down her castle and carries off Prince Ronald, Princess Elizabeth, left with only a paper bag to wear, tracks the dragon to its cave, tricks it into exhausting itself, and frees Ronald, who then complains about her appearance. A children's picture book that reverses the princess-and-dragon fairy tale.",Wikipedia,1
K:85c796e3a0f0,Turtle Moon,Alice Hoffman,1992,1992,"In Verity, Florida, recently divorced Lucy Rosen's troubled son Keith finds an abandoned baby and flees after the infant's mother is found murdered, leading cop Julian Cash to search for the boy and uncover the killing. A novel set during the May turtle-nesting season.",Wikipedia,1
K:39d2beb10b6e,The Time Traveler's Wife,Audrey Niffennegger,2003,2003,"Henry DeTamble, a Chicago librarian with a genetic disorder that pulls him uncontrollably through time, repeatedly meets the artist Clare Abshire at different ages, and the two build a marriage strained by his unpredictable disappearances. A debut novel told in alternating first-person perspectives and later adapted for film and television.",Wikipedia,1
K:429ebb6de68d,The Patron Saint of Liars,Ann Patchett,1992,1992,"Rose, unhappily married and newly pregnant in California, abandons her husband and drives to St. Elizabeth's, a Kentucky home for unwed mothers, where she stays on, marries the caretaker, and conceals her first marriage for the rest of her life. A debut novel told in turn by Rose, her husband, and her daughter Sissy.",Wikipedia,1
K:186d7e7da316,"Ill Seen, Ill Said",Samuel Beckett,1981,1981,"An aging, solitary woman moves through a bleak landscape between her cabin and a gravestone, watched by an unnamed observing eye that struggles to see and describe her clearly. A short late prose work that pushes language toward minimalism and silence.",Wikipedia,1
K:9529cd67cb83,Dirty Snow,Georges Simenon,1950,1948,"Frank, the nineteen-year-old son of a brothel keeper in a German-occupied town, drifts into theft and murders an officer while deliberately letting a neighbor witness the killing, then sinks further into crime during a relentless winter. A bleak study of a young criminal's mind, written outside the author's detective fiction.",Wikipedia,1
K:f3bef513288a,New Grub Street,George Gissing,1891,1891,"In the literary and journalistic world of 1880s London, the talented but uncommercial novelist Edwin Reardon watches his health and marriage collapse, while the cynical, self-promoting journalist Jasper Milvain rises to wealth and influence. A novel about poverty and ambition in the Victorian publishing trade.",Wikipedia,1
K:adc0c3e969c5,"Go Down, Moses",William Faulkner,1942,1942,"Across seven linked stories, the McCaslin-Beauchamp family of Mississippi moves from slavery to the eve of World War II, centered on Isaac McCaslin, who in ""The Bear"" learns the woods and later renounces his tainted inheritance. The book traces race, kinship, and the history of the American South.",Wikipedia,1
K:86c79232ad7b,Letters to Yesenin,Jim Harrison,1973,1973,"In thirty prose-poem letters addressed to the Russian poet Sergei Yesenin, who hanged himself in 1925, the writer confides his own depression, suicidal thoughts, poverty, and daily life on a Michigan farm. A book of poems written during a period of personal crisis.",Wikipedia,1
K:f15eab275905,Big Bad Love,Larry Brown,1990,1990,"Ten stories follow rural Mississippi men who drink too much, chase women, and drive pickup trucks, including a writer on trial for plagiarism and another chronicling his struggle to get published. A collection about working-class Southern lives, sex, and obsession.",Wikipedia,1
K:43a7a41f5606,The Complete Poems of Anna Ahkmatova,Anna Ahkmatova,,1912–1922,"More than eight hundred poems gather the lifetime work of a Russian poet, drawn from her early books through her later sequences on love, loss, and life under Soviet repression. The definitive English-language edition of her collected verse.","FLAG: collected poems (work spans c. 1912–1965); year reflects the original Russian books rather than the English collection, first published 1990",1
K:b8f63c3e8554,Self-Portrait with Woman,Andrzej Szczypiorski,1995,1990,"Kamil, a Warsaw sociologist summoned to Geneva for an oral-history project on the fall of Eastern European communism, recounts his life through portraits of the women he has loved against six decades of Polish history. A novel of memory, love, and political survival, originally published in Polish.","FLAG: no English Wikipedia page — used publisher (Grove Atlantic), Publishers Weekly, and Google Books; original Polish publication 1986",1
K:5c6f63dda7c1,Hugging the Shore: Essays and Criticism,John Updike,1983,1983,"A large gathering of book reviews and essays surveys writers including Nabokov, Melville, Hawthorne, Whitman, Edmund Wilson, and Muriel Spark, along with pieces on figures such as Doris Day and Louise Brooks. A critical collection that won the National Book Critics Circle Award.","FLAG: no English Wikipedia page — used publisher listings, Washington Post, and Internet Archive",1
K:0a427d1f8faf,The Painted Bird,Jerzy Kosinski,1965,1965,"A dark-eyed boy taken for a Jew or Gypsy wanders alone through villages in wartime Eastern Europe after his foster mother dies, enduring beatings, abuse, and cruelty from superstitious peasants. A novel about a child's survival amid the violence of World War II.",Wikipedia,1
K:7b6996b5e5d9,The Last Chronicle of Barset,Anthony Trollope,1867,1867,"In the cathedral county of Barsetshire, the poor, proud curate Josiah Crawley is accused of stealing a cheque, an accusation that strains his family and friends, while subplots follow Grace Crawley's courtship and the death of Mrs. Proudie. The final novel in the Barsetshire series.",Wikipedia,1
K:1d2a45e65297,Summer Lightning,P. G. Wodehouse,1929,1929,"At Blandings Castle, Lord Emsworth's prize pig the Empress is stolen and his brother Galahad's scandalous memoirs threaten the family's reputation, as several thwarted couples scheme amid mistaken identities. A comic novel in the Blandings Castle series.",Wikipedia,1
K:10150da613f8,Edisto,Padget Powell,1984,1984,"Simons Manigault, a precocious twelve-year-old raised on a remote stretch of the South Carolina coast by his eccentric mother, befriends a mysterious drifter named Taurus who introduces him to the wider adult world. A coming-of-age novel narrated by the boy.",Wikipedia,1
K:2753623cf2c8,Nausea,Jean,1938,1938,"Antoine Roquentin, a solitary historian living in the seaside town of Bouville while researching an eighteenth-century figure, is overtaken by waves of revulsion he calls ""the Nausea"" as ordinary objects lose their familiar meaning. A philosophical novel in diary form, central to existentialism.",Wikipedia,1
K:1142c6098f6d,The Histories,Herodotus,,c. 430 BCE,"A long prose account in nine books traces the rise of the Persian Empire and the causes and course of the Greco-Persian Wars, weaving in geography, customs, and stories of the peoples of the known world. An early work of history by the writer called the ""Father of History.""",Wikipedia,1
K:fc55a5b4798e,The Good Soldier Svejk,Jaroslav Hasek,,1923,"Josef Svejk, a Prague dog dealer of dubious wits, is drafted into the Austro-Hungarian army during World War I and bumbles through arrests, asylums, and the front, his cheerful obedience exposing the absurdity of the war machine. An unfinished satirical novel in multiple volumes.",Wikipedia,1
K:97c74aaee58b,Novellas,Leo Tolstoy,,1886–1912,"A collection of shorter fiction gathers works such as ""The Death of Ivan Ilyich,"" ""Master and Man,"" ""The Kreutzer Sonata,"" and ""Hadji Murad,"" ranging over death, faith, marriage, and war. Short novels and tales from the author's later career.","FLAG: ""Novellas"" is a generic collection title with varying contents; year range and stories reflect the commonly anthologized late works",1
K:3dff16151b37,Burning Your Boats: The Collected Short Stories,Angela Carter,,1962–1993,"Forty-two stories, gathering the author's four published collections along with early and uncollected work, retell fairy tales and folklore and range from Japan and jazz to Gothic and surreal modern settings. A posthumous volume of her complete short fiction.",Wikipedia,1
K:18a93d157004,The House of Breath,William Goyen,1950,1950,"The narrator addresses the people and places he recalls from his childhood in the small Texas town of Charity, including the relative Folner who left and returns home in a cheap coffin. A first novel built from plotless, image-driven meditations on memory, family, and place.",Wikipedia,1
K:19d0058befb1,Sixty Stories,Donald Barthelme,1981,1981,"Sixty stories drawn from the author's first six collections mix collage, parody, and absurd invention, treating modern anxieties with fragmented and unconventional forms. A gathering of his short fiction, much of it first published in The New Yorker.",Wikipedia,1
K:1eb8c32d422e,The Street of Crocodiles,Bruno Schulz,1934,1934,"In a Galician town, the boy Jozef narrates the decline of his father Jacob, a merchant slipping into psychosis, amid transformations of objects, seasons, and the disreputable district of the title. A collection of interlinked stories, originally published in Polish.",Wikipedia,1
K:20121da40aef,Amours de Voyage,Arthur Hugh Clough,1858,1858,"Among English tourists in Rome during the Roman Republic of 1848, the hesitant young Claude falls for Mary Trevellyn but cannot bring himself to act, and the two repeatedly fail to connect as the French army besieges the city. A verse novel told through letters.",Wikipedia,1
K:4c52ca01da6f,The Woman in the Dunes,Kobo Abe,1962,1962,"Jumpei Niki, a Tokyo teacher collecting insects, misses his bus and is lodged by villagers in a house at the bottom of a sand pit, where he is trapped and made to shovel back the encroaching sand alongside the woman who lives there. A novel about confinement and the meaning of existence.",Wikipedia,1
K:bf7805dad43e,Life & Times of Michael K,J. M. Coetzee,1983,1983,"Michael K, a simple Cape Town gardener with a cleft lip, sets out during a civil war to carry his dying mother to her rural birthplace, then lives alone tending a garden as authorities repeatedly detain him in camps. A novel set in a war-torn South Africa that won the Booker Prize.",Wikipedia,1
K:711ea85aabb6,A Man of the People,Chinua Achebe,1966,1966,"Odili, a young teacher in a newly independent African country, grows disillusioned with his former schoolmaster Chief Nanga, a corrupt government minister, and after a personal betrayal joins a rival party to oppose him until a military coup intervenes. A satirical novel of postcolonial politics.",Wikipedia,1
K:0ebceaccfbc5,For Bread Alone,Mohamed Choukri,1973,1973,"Beginning in the famine-struck Rif in 1942, the narrator recounts a childhood of hunger and a brutal father, then his life as a homeless adolescent in Tangier amid theft, drugs, and prostitution before he learns to read at twenty. The first volume of the author's autobiography, originally written in Arabic.",Wikipedia,1
K:a643b2fb24c7,A Wrinkle in Time,Madeline L'Engle,1962,1962,"Meg Murry, her brother Charles Wallace, and their friend Calvin travel through space and time, guided by three otherworldly beings, to rescue Meg's scientist father and confront the dark force IT on the planet Camazotz. A children's science-fantasy novel that won the Newbery Medal.",Wikipedia,1
K:67787770c51b,The Ponder Heart,Eudora Welty,1954,1954,"In rural Clay County, Mississippi, the wealthy, childlike Uncle Daniel gives away the family fortune and drifts through marriages until he lands in a murder trial, all retold by his garrulous niece Edna Earle. A short comic novel driven by Edna Earle's talkative narration.",Wikipedia,1
K:1a7a36a0d16e,Kristin Lavransdatter,Sigrid Undset,,1920–1922,"In fourteenth-century Norway, Kristin Lavransdatter defies her father to marry the man she desires, then lives through a turbulent marriage, motherhood, sin, and faith before dying of plague in a convent. A trilogy of historical novels set in the Middle Ages.",Wikipedia,1
K:341323661942,The Sheltered Life,Ellen Glasgow,1932,1932,"In a declining Richmond neighborhood before World War I, young Jenny Blair Archbald idolizes her beautiful neighbor Eva Birdsong and grows attracted to Eva's unfaithful husband George, until Eva discovers them and shoots him dead. A novel about the evasions of genteel Southern society.",Wikipedia,1
K:a16808037043,River of Earth,James Still,1940,1940,A young boy watches his Appalachian family in eastern Kentucky waver between scratching out a living as independent farmers and taking uncertain work in the coal mines. A novel of mountain life narrated by the child.,Wikipedia,1
K:375a9e07d437,Arcadia,Tom Stoppard,1993,1993,"At an English country house, two timelines unfold side by side: in the early 1800s the young mathematician Thomasina works with her tutor Septimus, while in the present academics Hannah and Bernard piece together what happened there. A play that interweaves science, Romanticism, and the limits of knowledge.",Wikipedia,1
K:10471e0b18f2,The Chronicles of Narnia,C.S. Lewis,,1950–1956,"Four English children pass through a wardrobe into Narnia, a land of talking animals and mythical creatures ruled by the lion Aslan, and across seven books they help free it from the White Witch and other tyrants. A fantasy series with Christian allegory, illustrated by Pauline Baynes.",Wikipedia,1
K:0fca861b17e1,Paris Trout,Pete Dexter,1988,1988,"In a small Georgia town in the 1950s, the bigoted store owner and loan shark Paris Trout shoots and kills a young Black girl and wounds her mother over a car-deal dispute, then bribes and blackmails his way clear of real punishment as his grip on reality unravels. It won the National Book Award for Fiction.",Wikipedia,1
K:78a38f583c34,The Book of Leviathan,Peter Blegvad,2001,1992–1999,"Levi, a faceless baby clutching a stuffed rabbit, drifts through surreal episodes alongside a talking cat in a comic strip that ran in The Independent on Sunday, collected here in one volume. Known for blending dream logic with childhood whimsy.",Wikipedia,1
K:1e0a4d7bcb95,"1982, Janine",Alasdair Gray,1984,1984,"Jock McLeish, a divorced and alcoholic alarm-system supervisor nearing fifty, spends a sleepless night in a Scottish hotel room assembling an elaborate pornographic fantasy while memories of his real life break in and drive him toward a suicide attempt. Known for its typographic experimentation and its use of pornography as a narrative device.",Wikipedia,1
K:f3f337c3afb6,"The Beans of Egypt, Maine",Carolyn Chute,1985,1985,"In the poor rural town of Egypt, Maine, the large and hard-living Bean family struggles with drink, the law, and grinding poverty, all watched across the road by young Earlene, who lives with her widowed father. It established the author's fictional Egypt and its working-class characters.",Wikipedia,1
K:51e6b95a9cd3,Letourneau's Used Auto Parts,Carolyn Chute,1988,1988,"In Egypt, Maine, and the neighboring shantytown of Miracle City, the junkyard owner Big Lucien Letourneau shelters the destitute, elderly, and homeless along with his many children and ex-wives while struggling to pay the men who work his auto-salvage yard. A second novel set in the author's impoverished fictional Maine.",Wikipedia,1
K:1add81b78f3d,Merry Men,Carolyn Chute,1994,1994,"Across two generations in Egypt, Maine, the Barrington and Johnson families live out poverty and eccentricity, from tree-planting Lloyd Barrington to road-keeper Forest Johnson, while a hunting death and a widow's return stir the town's tensions of class and privilege. A novel continuing the author's portrait of rural Maine.",FLAG: no dedicated English Wikipedia page — grounded in the author's Wikipedia article plus Kirkus and Publishers Weekly,1
K:46a4b1d05491,The Horse's Mouth,Joyce Cary,1944,1944,"Just out of jail, the aging and irrepressible painter Gulley Jimson scrounges money from patrons, chases an old painting held by his former wife Sara, and pursues grand mural visions across London until a stroke ends his work. Told in the artist's voice, the third book of the author's First Trilogy.",Wikipedia,1
K:55139e036082,Death of the Fox,George Garrett,1971,1971,"Sir Walter Raleigh, fallen from favor and condemned under James I, awaits and faces execution while his memories reconstruct Elizabethan England and his service to Queen Elizabeth I. A long historical novel, the first volume of the author's Elizabethan Trilogy.",Wikipedia,1
K:2472ca9a8402,The Succession,George Garrett,1983,1983,"As Elizabeth I's reign nears its end, the aging queen and James VI of Scotland maneuver through letters, rivalries, and intrigue over who will inherit the English throne. A historical novel built from period documents, the second volume of the author's Elizabethan Trilogy.",FLAG: no dedicated English Wikipedia page — grounded in the author's Wikipedia article plus seller and reference descriptions,1
K:9f73cdf60017,Entered from the Sun,George Garrett,1990,1990,"In 1597, four years after Christopher Marlowe's killing, the out-of-work actor Joseph Hunnyman and the scarred former soldier William Barfoot are hired by rival factions to investigate the playwright's death in Elizabethan London. A historical novel, the third volume of the author's Elizabethan Trilogy.",FLAG: no dedicated English Wikipedia page — grounded in the author's Wikipedia article plus Modern Novel and seller descriptions,1
K:c984175795c3,Continental Drift,Russell Banks,1985,1985,"Bob Dubois, a discontented New Hampshire oil-burner repairman, moves his family to Florida chasing a better life and slides into crime, while Vanise Dorsinville flees Haiti by boat toward the same coast, their paths converging fatally in Miami's Little Haiti. A novel about American greed, immigration, and economic desperation.",Wikipedia,1
K:87301aefcad9,Street of Lost Footsteps,Lyonel Trouillot,1998,1998,"Over one violent night in Port-au-Prince, a brothel madam, a taxi driver, and a postal worker narrate the chaos of an uprising pitting the Prophet's followers against the dictator Deceased Forever-Immortal. Translated from French, it sets present-day bloodshed against centuries of Haitian history.","FLAG: no English Wikipedia page — grounded in University of Nebraska Press, Free Library, and seller descriptions",1
K:326fa432a334,The Conference of the Birds,Farid ud,,c. 1177,"The birds of the world gather to seek a king and set out under the hoopoe's guidance to find the legendary Simorgh, crossing seven valleys until only thirty survive and discover the divine they sought within themselves. A Persian Sufi allegorical poem of more than four thousand lines.",Wikipedia,1
K:f8d2878ae6e1,The Complete Aubrey/Maturin Novels,Patrick O'Brian,,1969–2004,"Captain Jack Aubrey of the Royal Navy and his ship's surgeon and intelligence agent Stephen Maturin form a lasting friendship across twenty completed naval novels set during the Napoleonic Wars. A historical sequence collected here, noted for its period detail and its central male friendship.",Wikipedia,1
K:abe0b2fd942d,Antony and Cleopatra,William Shakespeare,1606,1607,"Torn between his passion for Cleopatra in Egypt and his duties as a Roman triumvir, Mark Antony marries Octavius Caesar's sister but returns to the queen, leading to war at Actium and, after defeat, the suicides of both lovers. A tragedy drawn from Plutarch's account of the Roman world.",Wikipedia,1
K:f4a7c850e2d0,The Three Sisters,Anton Chekhov,1901,1901,"Stuck in a provincial Russian town, the cultured Prozorov sisters Olga, Masha, and Irina long to return to Moscow while their brother Andrei's marriage and debts erode the family's hopes and the army garrison that enlivens their lives departs. A play about thwarted longing and provincial stagnation.",Wikipedia,1
K:318a64542de6,The Old Wives' Tale,Arnold Bennett,1908,1908,"Constance and Sophia Baines, daughters of a draper in the Staffordshire town of Bursley, follow very different paths over sixty years, the steady Constance staying home while the bold Sophia elopes to Paris, until the sisters are reunited in old age. A realist novel tracing two ordinary lives.",Wikipedia,1
K:2640473d9825,Sunset Song,Lewis Grassic Gibbon,1932,1932,"Chris Guthrie comes of age on a farm in the fictional parish of Kinraddie in northeast Scotland, enduring her mother's suicide, her harsh father, marriage, childbirth, and widowhood as the First World War shatters her rural community. Written in Scots-inflected prose, the first part of the trilogy A Scots Quair.",Wikipedia,1
K:82d873c938c3,A Simple Heart,Gustave Flaubert,1877,1877,"Félicité, a devoted servant in provincial Normandy, gives her affection over a lifetime to her mistress's children, her nephew, and finally a parrot, losing each in turn until she dies imagining the bird as the Holy Ghost. A short story published in the collection Three Tales.",Wikipedia,1
K:c44bc6707def,Far from the Madding Crowd,Thomas Hardy,1874,1874,"Bathsheba Everdene, a headstrong young woman who inherits a farm in rural Wessex, is courted by the steadfast shepherd Gabriel Oak, the obsessive landowner William Boldwood, and the reckless soldier Sergeant Troy, whom she marries to her cost. The author's first major success, serialized anonymously in Cornhill Magazine.",Wikipedia,1
K:4c8daf6025b8,Charming Billy,Alice McDermott,1998,1998,"At Billy Lynch's funeral in an Irish Catholic community in Queens, family and friends recall his lifelong drinking and the lost love of Eva, an Irish girl whose desertion was hidden from him by a cousin's lie that she had died. It won the National Book Award for Fiction.",Wikipedia,1
K:93826f95527b,The Age of Grief,Jane Smiley,1987,1987,"A thirty-five-year-old dentist gradually realizes his wife, his professional partner, is in love with another man, and he struggles over whether to confront her or feign ignorance while caring for their three young daughters. The title novella, paired with five short stories.",FLAG: no dedicated English Wikipedia page — grounded in the author's Wikipedia article plus Kirkus and Pan Macmillan descriptions,1
K:551d456e5736,The Feast of Love,Charles Baxter,2000,2000,"Walking the predawn streets of Ann Arbor, an insomniac writer meets his neighbor Bradley, who recounts overlapping stories of love among friends and lovers, including Bradley's two failed marriages and the longings of Chloé, Oscar, and others. A novel told through interwoven first-person accounts.","FLAG: no dedicated English Wikipedia page — grounded in publisher, SuperSummary, and Kirkus descriptions",1
K:8536b3d2e012,Harriet the Spy,Louise Fitzhugh,1964,1964,"Eleven-year-old Harriet M. Welsch roams her Upper East Side neighborhood recording blunt observations of everyone in a secret notebook, until classmates find it, read her harsh judgments, and turn on her. A children's novel often cited as a landmark in the genre.",Wikipedia,1
K:7d841d955f13,Gusev,Anton Chekhov,,1890,"Aboard a ship carrying discharged soldiers home from the Far East, the dying peasant Gusev lies in the sick-bay arguing with the consumptive intellectual Pavel Ivanitch, drifting into homesick delirium before his death and burial at sea. A short story drawn from the author's own voyage from Sakhalin.",Wikipedia,1
K:181ab9076020,Peter Pan,J. M. Barrie,1904,1904,"Peter Pan, the boy who refuses to grow up, flies into the Darlings' London nursery and carries Wendy and her brothers to Neverland, where they join the Lost Boys and face the pirate Captain Hook. A stage play later expanded into the novel Peter and Wendy.",Wikipedia,1
K:e815f844e746,The Diary of a Country Priest,Georges Bernanos,1937,1936,"A young, sickly priest newly assigned to the parish of Ambricourt in northern France records in his journal his struggles with a hostile flock, his own doubts, and the stomach cancer that is killing him. A novel framed as the priest's diary, awarded the Grand Prix du roman de l'Académie française.",Wikipedia,1
K:5fe6c7acdf20,"Pale Horse, Pale Rider",Katherine Anne Porter,1939,1939,"Three short novels include the title story, in which the newspaperwoman Miranda and the soldier Adam fall in love in Denver during the 1918 influenza epidemic that nearly kills her and does kill him, alongside ""Old Mortality"" and ""Noon Wine."" A volume of short fiction.",Wikipedia,1
K:6c0d609d9d64,Armies of the Night,Norman Mailer,1968,1968,"Recounting the October 1967 March on the Pentagon against the Vietnam War, the author casts himself in the third person as a participant among hippies, pacifists, and intellectuals, then shifts to a wider historical account of the protest. A nonfiction novel that won the Pulitzer Prize and National Book Award.",Wikipedia,1
K:2f4c8d677be7,Begin Again: Collected Poems,Grace Paley,2001,2000,"Poems gathered from a lifetime range over New York City life, rural Vermont, friendship, and political protest, combining the author's two earlier collections with previously unpublished work. A collected volume by a writer better known for short fiction.",FLAG: no English Wikipedia page — grounded in Macmillan/FSG publisher and seller descriptions,1
K:f7a78d944a1a,Duty of Delight: The Diaries of Dorothy Day,,2008,2008,"Spanning 1934 to 1980, these diaries record the daily life, faith, and activism of the Catholic Worker movement's co-founder, from its founding through the days before her death, drawn from journals sealed for twenty-five years. Edited by Robert Ellsberg and published by Marquette University Press.",FLAG: no English Wikipedia page — grounded in Marquette University Press and National Catholic Reporter descriptions,1
K:dc3157e14d3a,Every War Has Two Losers,William Stafford,2003,2003,"Excerpts from the poet's daily journals between 1951 and 1991, along with questions and reflections, lay out a lifelong case against war drawn from his experience as a World War II conscientious objector. A posthumously published selection from a lifetime of journals.","FLAG: no English Wikipedia page — grounded in Milkweed Editions, Lewis & Clark, and WorldCat descriptions",1
K:757e916ddfbf,Nothing Ever Dies: Vietnam and the Memory of War,Viet Nguyen,2016,2016,"Drawing on history, film, literature, and museum studies, the book examines how the Vietnam War is remembered and forgotten in the United States, Vietnam, and beyond, arguing that all wars are fought twice, first on the battlefield and then in memory. A work of cultural criticism that calls for an ethics of ""just memory"" recognizing the humanity of all sides. A finalist for the National Book Award in nonfiction.","FLAG: no English Wikipedia page — grounded in Harvard University Press, JSTOR, and National Book Foundation",1
K:3a782691b2f8,Peace is Every Step,Thich Nhat Hanh,1992,1992,"Across three sections, a Zen monk offers meditations, exercises, and personal anecdotes for practicing mindfulness in daily life, beginning with conscious breathing and moving through transforming difficult emotions toward peace and engaged action. A widely read introduction to Buddhist mindfulness practice for Western readers.","FLAG: no English Wikipedia page — grounded in publisher (Penguin Random House, Plum Village) and Goodreads",1
K:ed1f9faeb251,A Primer for Forgetting,Lewis Hyde,2019,2019,"Drawing on figures from Hesiod to Borges and on personal experience including his mother's dementia, the book gathers collage-like entries arguing that forgetting is not only loss but a path to peace, renewal, and the ability to move past trauma. A blend of scholarship, memoir, and social criticism organized around an imaginary Museum of Forgetting.",FLAG: no English Wikipedia page — grounded in publisher (Macmillan/FSG) and the author's site,1
K:b76811e41ab1,"Veterans of War, Veterans of Peace",Maxine Hong Kingston,2006,2006,"Compiled from writing-and-meditation workshops led for hundreds of war veterans, the anthology gathers poems and prose by combatants, war widows, children, conscientious objectors, and survivors of abuse, spanning five wars. A collection focused on trauma, healing, and the aftermath of violence.","FLAG: no English Wikipedia page — grounded in publisher and reviews (Goodreads, Poetry Foundation)",1
K:4d294337a579,War Is a Force That Gives Us Meaning,Chris Hedges,2002,2002,"Drawing on classical literature and his years as a war correspondent in Central America and the Balkans, the author argues that war seduces whole societies with myths and a sense of purpose, and can become exhilarating and addictive even as it destroys. A finalist for the National Book Critics Circle Award and a bestseller.",Wikipedia,1
K:ccbd99f8db96,Scaramouche,Rafael Sabatini,1921,1921,"Andre-Louis Moreau, a young lawyer in Revolution-era France, vows vengeance after a nobleman provokes and kills his idealistic friend in a duel, then hides among traveling commedia dell'arte players as the clown Scaramouche before becoming a fencing master and revolutionary. A historical adventure set during the French Revolution.",Wikipedia,1
K:0bbe1409ea00,Tales of Mystery and Imagination,Edgar Allan Poe,,1902,"Suspenseful Gothic and detective tales collected under this title, including ""The Fall of the House of Usher,"" ""The Tell-Tale Heart,"" ""The Pit and the Pendulum,"" ""The Cask of Amontillado,"" and the Dupin stories ""The Murders in the Rue Morgue"" and ""The Purloined Letter."" The first collection to gather these Gothic and mystery stories under this enduring title.",Wikipedia,1
K:08a7cf1a0712,The Day of the Locust,Nathanael West,1939,1939,"Tod Hackett, a young set designer at a Hollywood studio, becomes entangled with a crowd of failed actors, hangers-on, and disappointed people who came to California to die, while planning a painting called ""The Burning of Los Angeles."" It ends in a frenzied mob at a film premiere. A novel about Hollywood and the disillusionment behind the American dream.",Wikipedia,1
K:d0a40c7217af,One Flew Over the Cuckoo's Nest,Ken Kesey,1962,1962,"On a psychiatric ward ruled by the controlling Nurse Ratched, the brash con man Randle McMurphy feigns insanity to avoid prison labor and incites the patients to rebel, narrated by the silent, supposedly deaf Chief Bromden. A novel about institutional authority and individuality that ends in lobotomy and a mercy killing.",Wikipedia,1
K:4f66351958b2,The Public Burning,Robert Coover,1976,1977,"Vice President Richard Nixon narrates the days before the 1953 execution of Julius and Ethel Rosenberg, which becomes a public spectacle staged in Times Square, presided over by a folksy, foul-mouthed Uncle Sam battling the communist Phantom. A satirical novel mixing real and fictional figures from Cold War America.",Wikipedia,1
K:87c8463799ea,Dom Casmurro,Joaquim Maria Machado de Assis,1899,1899,"Bento Santiago, an elderly Brazilian man nicknamed Dom Casmurro, looks back on his youth in Rio de Janeiro, his love for his childhood sweetheart Capitu whom he abandons the seminary to marry, and his growing suspicion that she betrayed him with his best friend Escobar. A novel known for its unreliable narrator and deliberate ambiguity about Capitu's guilt.",Wikipedia,1
K:9d1689f04b64,Outer Dark,Cormac McCarthy,1968,1968,"In a remote, turn-of-the-century Appalachian landscape, Rinthy Holme sets out to find the infant her brother Culla fathered with her and abandoned in the woods, while Culla wanders the country pursued by a mysterious, murderous trio. A bleak novel of incest, guilt, and violence told in alternating chapters.",Wikipedia,1
K:1d6d9be6aabe,Varieties of Religious Experience,William James,,1902,"Drawn from the author's Gifford Lectures at Edinburgh in 1901-1902, the book studies individual religious experience and mysticism across traditions, focusing on personal conversion, saintliness, and ""religious geniuses"" rather than institutions. A foundational work in the psychology of religion.",Wikipedia,1
K:102159e87fc4,Spring in Fialta,,1936,1936,"Victor, a Russian emigre, recounts his chance meetings over the years with Nina, a married fellow exile he has flirted with since a first kiss in Russia, culminating in a final encounter in the fictional Mediterranean town of Fialta. A story about memory and lost love that gives its name to a collection by the same author.",FLAG: title work is a single short story by Vladimir Nabokov (author column blank); grounded in English Wikipedia,1
K:93e28f48bab5,Lord Jim,Joseph Conrad,1900,1900,"The seaman Marlow pieces together the story of Jim, a young officer who abandons the pilgrim-crowded steamship Patna in a moment of panic, is publicly disgraced, and seeks redemption as a trader in the remote settlement of Patusan. A novel about guilt, honor, and a single failure that defines a life.",Wikipedia,1
K:8c4c6c09644e,Death in Midsummer and Other Stories,Yukio Mishima,1968,1966,"Nine stories selected by the author for translation, ranging from a family destroyed by a drowning at a seaside resort to a young officer and his wife committing ritual suicide in ""Patriotism,"" alongside tales set among temples, actors, and modern Japanese life. A collection that spans realism, Noh drama, and traditional Japanese themes.",Wikipedia,1
K:1853076a8c85,A Streetcar Named Desire,Tennessee Williams,1947,1947,"The fading Southern belle Blanche DuBois arrives at the cramped New Orleans apartment of her sister Stella and Stella's brutish husband Stanley Kowalski, who exposes Blanche's hidden past, ruins her chance at marriage, and drives her toward a breakdown. A Pulitzer Prize-winning play that ends with Blanche taken away to an institution.",Wikipedia,1
K:477c9d08e620,A Raisin in the Sun,Lorraine Hansberry,1959,1959,"On Chicago's South Side, the Younger family awaits a ten-thousand-dollar insurance check after the father's death, with Walter Lee wanting to invest in a liquor store, Mama hoping to buy a house, and Beneatha needing tuition, until a move into a white neighborhood tests them. A play about a Black family confronting racism and deferred dreams.",Wikipedia,1
K:2646e0cbd1fb,"Gorilla, My Love",Toni Cade Bambara,1972,1972,"Fifteen stories portray African Americans in urban settings from the late 1950s to the early 1970s, many narrated by sharp, streetwise young Black girls, including the title story and ""The Lesson,"" in which children confront wealth disparity on Fifth Avenue. A collection noted for its vernacular voice and everyday community life.",Wikipedia,1
K:1bf59004ee1f,China Men,Maxine Hong Kingston,1980,1980,"Four generations of Chinese American men are recounted through blended history and myth, from a great-grandfather on Hawaiian sugar plantations and a grandfather building the transcontinental railroad to the author's laundryman father and a brother serving in Vietnam. A work of memoir and legend that won the National Book Award for nonfiction.",Wikipedia,1
K:fcd0044b6f11,Call It Sleep,Henry Roth,1934,1934,"Six-year-old David Schearl grows up in the Jewish immigrant tenements of New York's Lower East Side, caught between his loving mother Genya and his aloof, violent father Albert, while absorbing fragments of family secrets and Hebrew scripture. A modernist novel of immigrant childhood told largely through a child's perceptions.",Wikipedia,1
K:7c9dee7eea81,A Rage in Harlem,Chester Himes,1957,1957,"In Harlem, the gullible, devout Jackson is swindled out of his savings by his lover Imabelle and a con man's fake money-multiplying scheme, then turns to his cross-dressing twin brother Goldy as detectives Coffin Ed Johnson and Grave Digger Jones move through the chaos. The first novel in the author's Harlem crime cycle.",Wikipedia,1
K:f3ee75551dbf,What I Loved,Siri Hustvedt,2003,2003,"The art historian Leo Hertzberg narrates twenty-five years of friendship with the painter Bill Wechsler in New York, following the intertwined lives of their wives and sons until tragedy and a son's monstrous deceptions tear at the families. A novel about love, art, loss, and psychology.",Wikipedia,1
K:f1f161897fa8,The Mambo Kings Play Songs of Love,Oscar Hijuelos,1989,1989,"Cuban brothers Cesar and Nestor Castillo come to 1950s New York, form a mambo band, and reach a peak appearance on I Love Lucy, after which Nestor's death and fading fame leave the aging Cesar looking back on lovers, music, and a vanished way of life. A novel that won the Pulitzer Prize for Fiction.",Wikipedia,1
K:de786bfe883b,Falling Angel,William Hjortsberg,,1978,"In 1959 New York, down-and-out private investigator Harry Angel is hired by the mysterious Louis Cyphre to find a missing crooner named Johnny Favorite, and his search leads through black magic, voodoo, and a string of murders toward a damning revelation. A hardboiled detective story with supernatural horror, later filmed as Angel Heart.",Wikipedia,1
K:587bd9af598e,The Outward Room,Millen Brand,1937,1937,"After a breakdown following her brother's death, Harriet Demuth escapes a mental hospital, rides the rails into Depression-era New York, and pawns her belongings to survive until she meets a machine-shop worker named John and slowly rebuilds a sense of self. A novel about recovery from mental illness and an emerging love.","FLAG: no English Wikipedia page — grounded in NYRB, Penguin Random House, and reviews",1
K:c7e7d2f655c6,Uncle Vanya,Anton Chekhov,1895,1897,"On a decaying Russian country estate, the retired professor Serebryakov and his young second wife Yelena disrupt the lives of Vanya and his niece Sonya, who have worked the land for years, as Vanya and the doctor Astrov fall for Yelena and Vanya's resentment boils over into a botched shooting. A play about wasted lives and missed chances.",Wikipedia,1
K:91b0a9fa0abe,The Evening of the Holiday,Shirley Hazzard,1966,1966,"Sophie, a young woman of English and Italian parentage, falls into a summer love affair with Tancredi, an Italian separated from his wife, in the Italian countryside during a festival, knowing from the start that he cannot fully commit. A short first novel about a brief romance and its subtle emotional shifts.",FLAG: no English Wikipedia page — grounded in publisher (Macmillan) and reviews,1
K:44c5d47ee599,The Towers of Trebizond,Rose Macaulay,1956,1956,"The narrator Laurie travels from Istanbul toward legendary Trebizond with her eccentric Aunt Dot, a high Anglican priest, and a temperamental camel on a mission to convert Turkish women, encountering spies and absurd misadventures before the journey turns to a serious crisis of faith. A comic travel novel that becomes a meditation on belief and doubt.",Wikipedia,1
K:f1ab318088af,The Chateau,William Maxwell,1961,1961,"In 1948, the young American couple Harold and Barbara Rhodes travel through war-battered France on holiday, staying as paying guests at a chateau in the Loire Valley run by the genteel but impoverished Madame Vienot, puzzling over the reserve of the people they meet. A novel about postwar France and the bafflement of traveling abroad.","FLAG: no English Wikipedia page — grounded in Britannica, publisher, and reviews",1
K:f01b5be61f50,What's for Dinner?,James Schuyler,1978,1978,"In three small-town American households, the childless Norris and Lottie Taylor drift through a comfortable but troubled marriage as Lottie drinks herself toward collapse and goes off to dry out, while a Catholic family struggles with unruly twin sons and a widow looks for love. A novel told largely in dialogue across overlapping domestic lives.","FLAG: no English Wikipedia page — grounded in NYRB, Penguin Random House, and reviews",1
K:2b24f3659ce7,A Voice Through a Cloud,Denton Welch,1950,1950,"An art student is struck by a car while cycling to visit his uncle on a holiday, and the narrative follows his long ordeal in hospital wards and a nursing home, recording the staff, fellow patients, visitors, and memories with close attention. An unfinished autobiographical novel left incomplete at the author's death.",Wikipedia,1
K:d6a7af191ac4,Medea,Euripides,,431 BCE,"In Corinth, the sorceress Medea, abandoned by Jason for the daughter of King Creon, takes revenge by sending the bride a poisoned dress and crown that kill her and her father, then murders her own two sons before escaping to Athens. A Greek tragedy first performed in 431 BCE.",Wikipedia,1
K:aa2ae157f2a5,Life on the Mississippi,Mark Twain,1883,1883,"A young man trains as a steamboat pilot on the Mississippi River before the Civil War, then returns decades later to travel the river by steamboat and record how it and the towns along it have changed. A memoir blending pilot reminiscences with travel reporting and history of the river.",Wikipedia,1
K:9c46bcbe4006,The White Tiger,Aravind Adiga,2008,2008,"Balram Halwai, the son of a rickshaw puller from a poor Indian village, narrates his rise from servant and chauffeur to a Bangalore entrepreneur in a series of letters addressed to the Chinese premier, recounting how he murdered his employer to escape servitude. A picaresque novel about class and corruption in modern India that won the Booker Prize.",Wikipedia,1
K:93056a9c86fa,The Book of Ebenezer Le Page,G. B. Edwards,1981,1981,"Ebenezer Le Page, a Guernsey islander who never marries, looks back over his long life from the late nineteenth century to the 1960s, recalling family quarrels, two world wars, and his search for an heir before he befriends the young artist Neville Falla. Written in Guernsey English and published posthumously, it is known for capturing the island's character and dialect.",Wikipedia,1
K:b57874a47c85,Harold and the Purple Crayon,Crockett Johnson,1955,1955,"Harold, a small boy with a purple crayon, draws a moon, a path, and a whole world around himself as he goes for a walk, conjuring and erasing landscapes until he finds his way back to bed. A picture book in which the child's drawings become the events of the story.",Wikipedia,1
K:26a310599722,Essays,Michel de Montaigne,,1580–1595,"In hundreds of short prose pieces, the writer examines himself and topics ranging from friendship, education, and cannibals to fear, idleness, and death, drawing on classical authors and his own experience. The founding work of the personal essay form, expanded across three books over fifteen years.",Wikipedia,1
K:11db7aaa5eac,Little Women,Louisa May Alcott,1868,1869,"The four March sisters—Jo, Meg, Beth, and Amy—grow up with their mother in Massachusetts while their father serves as a chaplain in the Civil War, facing poverty, illness, romance, and the deaths and marriages of early adulthood. A domestic novel originally issued in two volumes and partly based on the author's own family.",Wikipedia,1
K:a7c3b274f87c,The Love Song of J. Alfred Prufrock,T. S. Eliot,1915,1915,"J. Alfred Prufrock, a hesitant, aging man, addresses an unnamed companion as he wanders through a city evening, agonizing over whether to ask an ""overwhelming question"" and measuring out a life of social anxiety and missed chances. A dramatic monologue regarded as a founding poem of literary modernism.",Wikipedia,1
K:e0e175903a2c,The Epic of Gilgamesh,,,c. 18th–13th c. BCE,"Gilgamesh, the tyrannical king of Uruk, is matched and then befriended by the wild man Enkidu, and together they kill the forest guardian Humbaba and the Bull of Heaven; after Enkidu dies, Gilgamesh wanders in search of immortality and meets the flood survivor Utnapishtim. An ancient Mesopotamian poem preserved on cuneiform tablets and among the earliest known works of literature.",Wikipedia,1
K:ddf7db56b887,The Celestina,,1499,1499,"Calisto, a young nobleman, becomes infatuated with Melibea and hires the old bawd and procuress Celestina to win her, an intrigue that ends with Celestina murdered by Calisto's servants over their reward and the deaths of both lovers. A work written entirely in dialogue and a foundational text of Spanish literature.",Wikipedia,1
K:6a405b4c5ae0,Whoroscope,,,1930,"The seventeenth-century philosopher René Descartes mutters a rambling monologue while waiting for his breakfast egg, weaving together memories, his ideas, and details of his life as he meditates on time. A dense, allusion-packed poem that was the first separately published work by its author.","FLAG: no English Wikipedia page — grounded in Britannica, EBSCO, and poets.org",1
K:0f8ff0529f09,El Señor Presidente,,,1946,"In an unnamed Latin American country, a dictator known only as the President tightens his grip on power after a colonel's killing, ordering his aide Miguel Cara de Ángel to ruin General Canales, though the aide instead falls in love with the general's daughter Camila. A dictator novel that makes early use of techniques later called magic realism.",Wikipedia,1
K:0e16b3a111b7,This Side of Paradise,F. Scott Fitzgerald,1920,1920,"Amory Blaine, a handsome and self-absorbed young Midwesterner, attends Princeton, drifts through romances and friendships, serves in World War I, and gropes toward a sense of himself amid the disillusionment of his generation. A loosely autobiographical first novel that made its author famous.",Wikipedia,1
K:41363635176b,Franny and Zooey,J. D. Salinger,1961,1961,"Franny Glass suffers a spiritual and emotional breakdown over a college weekend, obsessing over a Russian prayer book, while her brother Zooey, an actor, tries to talk her back to herself in their family's New York apartment. Two linked stories about the precocious, religiously searching Glass siblings.",Wikipedia,1
K:c99f3f06678b,"Look Homeward, Angel",Thomas Wolfe,1929,1929,"Eugene Gant grows up in the mountain town of Altamont in the fictional state of Old Catawba, the youngest child of a stonecutter father and a boardinghouse-keeping mother, and yearns to escape his family and small-town life. A largely autobiographical first novel tracing the protagonist from birth to young manhood.",Wikipedia,1
K:13977efd1a72,Doctor Zhivago,Boris Pasternak,1957,1957,"Yuri Zhivago, a physician and poet, is swept up in the Russian Revolution and civil war, torn between his wife Tonya and his love for Lara as the upheaval scatters and breaks his family. A novel banned in the Soviet Union and first published in Italy whose author was awarded the Nobel Prize.",Wikipedia,1
K:b88ea723aa90,The Wings of the Dove,Henry James,1902,1902,"Milly Theale, a dying young American heiress, arrives in London and Venice, where the penniless Kate Croy steers her own secret fiancé Merton Densher to court Milly and inherit her fortune. A late novel known for its psychological depth and moral ambiguity.",Wikipedia,1
K:c254788e9d13,A Connecticut Yankee in King Arthur’s Court,Mark Twain,1889,1889,"Hank Morgan, a nineteenth-century Connecticut factory engineer, is knocked unconscious and wakes in sixth-century Britain at King Arthur's court, where he uses modern know-how to pass as a magician and tries to modernize the medieval kingdom. A satirical novel mixing comedy with criticism of monarchy, chivalry, and superstition.",Wikipedia,1
K:e196441b3ce0,Embers,Sándor Márai,1942,1942,"An elderly Hungarian general receives a visit from Konrad, the friend who vanished forty-one years earlier, and over a single night's dinner reopens the betrayal involving the general's late wife Krisztina through a long confrontation of speeches and silences. A novel built almost entirely around one night's conversation.",Wikipedia,1
K:070d3b8bcaf9,The Old Man and the Sea,Ernest Hemingway,1952,1952,"Santiago, an old Cuban fisherman who has gone eighty-four days without a catch, hooks a giant marlin far out in the Gulf Stream and battles it for days, only to have sharks devour the fish as he tows it home. A short novel cited when its author won the Nobel Prize.",Wikipedia,1
K:ac5b6d062e10,A Room with a View,E. M. Forster,1908,1908,"Lucy Honeychurch, a young Englishwoman traveling in Florence, is unsettled by the free-spirited George Emerson, then returns home to Surrey and her conventional fiancé Cecil Vyse while struggling to admit her real feelings. A comedy of manners contrasting English propriety with passion and honesty.",Wikipedia,1
K:cb2fc13975c7,The Ten Thousand Things,Maria Dermout,1955,1955,"Felicia returns to her grandmother's spice estate on a Moluccan island in the Dutch East Indies with her young son Himpies, settling into island life among its objects and legends until violent deaths, including her son's, force her to reckon with loss. A novel set in colonial Indonesia and structured around the island and its bays.",Wikipedia,1
K:03915260da83,The Burning Plain and Other Stories,Juan Rulfo,1953,1953,"Across seventeen short stories, peasants, drifters, and killers move through the drought-stricken plains of rural Mexico in the wake of the Revolution and the Cristero War, enduring poverty, vengeance, and isolation. A story collection that helped establish its author's reputation.",Wikipedia,1
K:51b945ee82cf,La Flor de Lis,Elena Poniatowska,1988,1988,"Mariana, born into a French aristocratic family, emigrates with her mother and sister to Mexico during World War II while her father fights in Europe, and gradually learns the country and herself, falling under the influence of the troubling priest Father Teufel. A semi-autobiographical coming-of-age novel.",Wikipedia,1
K:308cbc3a6913,Borderlands/La Frontera,Gloria Anzaldúa,1999,1987,"Mixing essays, poetry, history, and personal memoir, the book examines life on the Texas–Mexico border and the figure of the new mestiza, drawing on the author's upbringing and moving among English, Spanish, and Spanglish. A foundational work of Chicana and borderlands theory.",Wikipedia,1
K:695a2abbc378,The Book of Embraces,Eduardo Galeano,1989,1989,"Dozens of very short prose pieces blend autobiography, dreams, anecdotes, political reflection, and parable, accompanied by the author's own line drawings and grouped into thematic sections. A fragmentary book responding in part to the author's exile from Uruguay.",Wikipedia,1
K:e17f60d00c46,Dreamtigers,Jorge Luis Borges,1964,1960,"A collection of short prose pieces and poems gathers parables, sketches, and reflections on mirrors, tigers, dreams, blindness, and the act of writing. Considered by its author his most personal book, originally published in Spanish as El hacedor.",Wikipedia,1
K:045279d14d64,Maud Martha,Gwendolyn Brooks,1953,1953,"In thirty-four brief vignettes, Maud Martha Brown grows up, marries, and raises a daughter on Chicago's South Side, meeting everyday slights of race, class, and colorism. Noted for its compact, poetic prose and its focus on an ordinary Black woman's everyday life.",Wikipedia,1
K:dc73aeed2ba3,The Brief Wondrous Life of Oscar Wao,Junot Diaz,2007,2007,"Oscar de León, an overweight Dominican American science-fiction fan growing up in New Jersey and desperate for love, is shadowed by a family curse called fukú, with the narration reaching back to his mother's and grandfather's suffering under the Trujillo dictatorship. A novel mixing slang, footnotes, and genre references that won the Pulitzer Prize.",Wikipedia,1
K:fd3d08694663,On Writing,Stephen King,2000,2000,"Part memoir of the author's life and reading habits and part practical guide, the book recounts his early years and recovery from a near-fatal accident while setting out his advice on grammar, story, and the writer's daily work. A nonfiction book on the craft of writing.",Wikipedia,1
K:194791ccb5ba,Sonnets,William Shakespeare,,1609,"Across 154 poems, the speaker urges a beautiful young man to marry and reproduce, then addresses time, mortality, and the immortalizing power of verse, before turning to a sensual and faithless ""Dark Lady."" A sequence of sonnets first collected in a 1609 quarto.",Wikipedia,1
K:c683eff1be4e,"Enemies, A Love Story",Isaac Bashevis Singer,1972,1972,"Herman Broder, a Holocaust survivor living in postwar New York, juggles three women—his peasant wife Yadwiga who hid him, his volatile mistress Masha, and his first wife Tamara, who reappears after he believed her dead. A novel about a survivor's guilt and entanglements among Jewish refugees.",Wikipedia,1
K:c363338a638c,The Story of a New Name,Elena Ferrante,2013,2012,"Lila, newly and unhappily married to Stefano, and her friend Lenù, who is winning her way through school, come of age in 1960s Naples as Lila begins an affair with Nino on the island of Ischia and Lenù leaves for university in Pisa. The second of the Neapolitan Novels, continuing the two women's lifelong friendship.",Wikipedia,1
K:169fd6846378,The Story of a Lost Child,Elena Ferrante,2015,2014,"Lenù returns to Naples to live with Nino while Lila builds a business in the old neighborhood, and the two friends raise their daughters side by side until Lila's child Tina vanishes and is never found, decades before Lila herself disappears. The fourth and final Neapolitan Novel.",Wikipedia,1
K:275b5f71a8ce,Faust,Johann Wolfgang von Goethe,,1832,"Heinrich Faust, an aging scholar dissatisfied with knowledge, strikes a wager with the devil Mephistopheles, who serves him on earth in exchange for his soul, and embarks on a journey that includes seducing and ruining the young Gretchen. A two-part dramatic poem widely regarded as a central work of German literature.",Wikipedia,1
K:77395a1b3d2c,The Hour of the Star,Clarice Lispector,1977,1977,"Macabéa, a poor, sickly typist from the northeastern backlands living in the slums of Rio de Janeiro, loves movies and Coca-Cola and drifts through a bleak life narrated by the self-conscious writer Rodrigo S.M. The final novel published before its author's death, known for its experimental narration and its portrait of poverty.",Wikipedia,1
K:045ff572e567,The I Ching (Book of Changes),,,c. 1000–750 BCE,"A book of divination built around sixty-four hexagrams formed from broken and unbroken lines, each paired with cryptic judgments and commentaries used to interpret change and guide decisions. One of the oldest Chinese classics, later layered with philosophical appendices known as the Ten Wings.",Wikipedia,1
K:dd91428bf960,Howl,Allen Ginsberg,1956,1956,"The opening line announces that the best minds of a generation have been destroyed by madness, and the long-lined poem catalogs hipsters, addicts, poets, and outcasts before invoking the industrial monster Moloch and addressing the institutionalized Carl Solomon. A defining work of the Beat Generation that became the subject of an obscenity trial.",Wikipedia,1
K:9ee9a85c69af,She Had Some Horses,Joy Harjo,1983,1983,"Across these poems women confront fear, despair, abuse, and survival, with recurring horses serving as a binding image for the speaker's past, present, and future selves and for Native experience in the American landscape. A poetry collection drawing on Muscogee heritage, chant, and prayer.",Wikipedia,1
K:b76210de9d29,The Branch Will Not Break,James Wright,1963,1963,"These poems move through the rural American Midwest, observing horses in a field, a drunk in a ditch, and small towns at nightfall in spare free verse marked by sudden interior leaps. A collection that broke from the author's earlier formal style and influenced the Deep Image movement.",Wikipedia,1
K:30ead11b9ea3,Plays of Molière,Molière,,1622–1673,"These comedies stage doctors, misers, hypocrites, and social climbers, from the religious fraud Tartuffe to the jealous Arnolphe and the miserly Harpagon, exposing human vanity and pretension through farce and verse. A body of French stage comedy that became a foundation of the classical repertoire.",Wikipedia,1
K:5f36c5d443e5,The Golden Argosy,"Van H. Cartmell & Charles Grayson, editors",,1947,"This anthology gathers widely reprinted short stories in the English language, bringing together classic tales by many well-known authors in a single volume. A popular general-reader collection often cited as a favorite by Stephen King.","FLAG: no English Wikipedia page — used Internet Archive listing, biblio.com, and Amazon catalog records",1
OL:OL1794911W,McTeague,Frank Norris,1899,1899,"McTeague, a brutish, unlicensed dentist in San Francisco, marries Trina, who wins a lottery and grows miserly, and their union collapses into poverty, violence, and a fatal pursuit into Death Valley. A naturalist novel tracing how greed and heredity drive its characters to ruin.",Wikipedia,1
K:6e28afa38b7a,Lord of the Flies,William Golding,1955,1954,"British schoolboys stranded on a deserted island after a plane crash try to govern themselves under Ralph and the intellectual Piggy, but Jack's hunters descend into savagery, fear of a ""beast,"" and killing. An allegorical novel about the fragility of civilization and the human capacity for cruelty.",Wikipedia,1
K:0b4e8412f576,The Awakening,Kate Chopin,1899,1899,"Edna Pontellier, a wife and mother summering in Grand Isle and New Orleans, awakens to her own desires and independence, takes up painting, leaves her husband's home, and pursues an attraction to Robert Lebrun. A novel about a woman's sexual and personal awakening that was widely condemned at publication.",Wikipedia,1
K:ac0e26c055a2,A Doll's House,Henrik Ibsen,1879,1879,"Nora Helmer, who secretly borrowed money to save her husband Torvald's health, is blackmailed by the clerk Krogstad, and when the truth surfaces she confronts the hollowness of her marriage and walks out. A play known for its closing scene and its critique of nineteenth-century marriage and gender roles.",Wikipedia,1
K:a138dd8423fd,Ahab's Wife,Sena Jeter Naslund,1999,1999,"Una, who declares that Ahab was neither her first husband nor her last, recounts her life from a Kentucky childhood to a lighthouse near New Bedford, a whaling voyage disguised as a boy, and marriage to the captain of the Pequod. A novel that imagines a full life for a woman mentioned only briefly in Moby-Dick.",Wikipedia,1
K:e3054b98467a,Treasure Island,Robert Louis Stevenson,,1883,"Young Jim Hawkins discovers a treasure map at his family's inn and sails aboard the Hispaniola, where the ship's cook Long John Silver leads a mutiny in a hunt for buried pirate gold. An adventure novel that shaped popular ideas of pirates, treasure maps, and the sea quest.",Wikipedia,1
K:a80f75f0262c,Voss,Patrick White,1957,1957,"The German explorer Johann Ulrich Voss leads an expedition to cross the Australian continent in 1845 while maintaining an intense, partly telepathic bond with Laura Trevelyan, a young woman in Sydney, as his party perishes in the outback. A novel by a Nobel laureate based loosely on the explorer Ludwig Leichhardt.",Wikipedia,1
K:c04a7bb2098d,Eugénie Grandet,Honoré de Balzac,1833,1833,"In provincial Saumur, the miser Félix Grandet hoards a fortune while his sheltered daughter Eugénie falls in love with her ruined cousin Charles, gives him her savings, and waits years for a return that betrays her. A novel of provincial avarice that forms part of the author's Comédie humaine.",Wikipedia,1
K:e0f9a8053cb0,Stoner,John Williams,1965,1965,"William Stoner, the son of Missouri farmers, becomes an English professor at the University of Missouri and endures an unhappy marriage, academic feuds, and a brief love affair while quietly devoting himself to teaching. A novel about an ordinary academic life that found a wide readership decades after publication.",Wikipedia,1
K:7b543bc3522c,Of a Fire on the Moon,Norman Mailer,1971,1970,"Reporting from inside NASA at Houston and Cape Kennedy, the narrator recounts the Apollo 11 mission, the Saturn V launch, and the first Moon landing while reflecting on technology, the astronauts, and the meaning of the achievement. A work of literary nonfiction first serialized in Life magazine.",Wikipedia,1
K:ae7bc4876491,The Widow's Children,Paula Fox,1976,1976,"On the eve of a trip to Africa, Laura Maldonada Clapper gathers her brother Carlos, her timid daughter Clara, and an editor friend in a New York hotel and restaurant while concealing that her mother has died that morning, and the evening curdles into family cruelty. A novel built around a single night of escalating family conflict.",Wikipedia,1
K:a6471b33c355,Shah of Shahs,Ryszard Kapuscinski,1982,1982,"Locked in a Tehran hotel room, the narrator studies photographs and notes to reconstruct the fall of Mohammad Reza Pahlavi, the last Shah of Iran, his secret police, and the 1979 revolution that brought Ayatollah Khomeini to power. A work of literary reportage on the Iranian Revolution.",Wikipedia,1
K:4a1582700162,Dog Soldiers,Robert Stone,1973,1974,"John Converse, a journalist in Vietnam, arranges to smuggle heroin to the United States through the merchant sailor Ray Hicks, but when the deal goes wrong Hicks goes on the run with the drugs and Converse's wife Marge. A novel about the drug trade and the collapse of 1960s idealism that shared the National Book Award.",Wikipedia,1
K:f529982965ab,Snowblind: A Brief Career in the Cocaine Trade by Robert Sabbag,,1998,1976,"Working from interviews, the narrator traces the career of Zachary Swan, a pseudonymous American smuggler who ran cocaine from Colombia into New York in the early 1970s using elaborate scams to evade customs and protect his accomplices. A work of literary nonfiction credited as an early account of the cocaine trade.",Wikipedia,1
K:2953c272b0db,Endgame,Samuel Beckett,1957,1957,"In a bare room, the blind, chair-bound Hamm and his servant Clov bicker and depend on each other while Hamm's legless parents, Nagg and Nell, live in two ashbins, all amid a dead world outside. A one-act play associated with the Theatre of the Absurd.",Wikipedia,1
K:ff6d975a1944,Paradise,Toni Morrison,1997,1997,"In the all-Black Oklahoma town of Ruby, the leading men attack a nearby former mansion called the Convent where a group of women with troubled pasts have taken refuge, and the novel circles back to trace both the town's founding and the women's stories. A novel completing a trilogy that began with Beloved.",Wikipedia,1
K:c60a0eea87b7,End Zone,Don DeLillo,1972,1972,"Gary Harkness, a blocking back at tiny Logos College in west Texas, narrates a season of football alongside a growing obsession with nuclear war fed by his modern-warfare class and Major Staley. A novel that treats the language and violence of football as a meditation on warfare.",Wikipedia,1
K:a1f43a005993,Père Goriot,Honoré de Balzac,1834,1834,"In a shabby Paris boarding house, the retired merchant Goriot beggars himself for his two ungrateful married daughters while the ambitious young Eugène de Rastignac learns the ruthless ways of society from the criminal Vautrin. A novel central to the author's Comédie humaine.",Wikipedia,1
K:492220bfdfb3,L'Assommoir (The Dram Shop),,1877,1877,"Gervaise, a laundress in working-class Paris, builds a modest life and her own shop, but her husband Coupeau's drinking after an accident drags the household into alcoholism, debt, and ruin. A naturalist novel about poverty and drink in the slums, part of the Rougon-Macquart cycle.",Wikipedia,1
K:f2fd0db8a049,Bel-Ami,Guy de Maupassant,1885,1885,"Georges Duroy, a poor former soldier in Paris, uses his looks and a series of affairs with influential women to climb through the world of newspapers, finance, and society. A novel of social ambition and seduction in the Belle Époque press world.",Wikipedia,1
K:06f29fad4727,BUtterfield 8,John O'Hara,1935,1935,"Gloria Wandrous wakes in a married executive's apartment, takes his wife's mink coat, and moves through the speakeasies and café society of early-1930s New York toward a destructive end. A novel loosely based on the death of socialite Starr Faithfull.",Wikipedia,1
K:8c937ec47a21,The Studs Lonigan trilogy,,1932,1932–1935,"William ""Studs"" Lonigan grows up among lower-middle-class Irish Catholics on Chicago's South Side, drifting from a tough adolescence into street gangs, drink, failed ambitions, and decline through the boom years and the onset of the Depression. A trilogy of social-realist novels tracing one man's wasted life.",Wikipedia,1
K:dc87d80d15af,Our Town,Thornton Wilder,1938,1938,"A Stage Manager directly addresses the audience and guides scenes of daily life, love, marriage, and death in the small New Hampshire town of Grover's Corners, centered on George Gibbs and Emily Webb. A play performed on a nearly bare stage that became a staple of American theater.",Wikipedia,1
K:a3b2c0f514f1,Strangers in Paradise: Stories,Lee K. Abbott,1986,1986,"These stories follow ordinary men in the American Southwest, from a golf club in the Mimbres Valley to soldiers in Vietnam, dwelling on fathers and sons, marriage, loss, and obsession in an ornate, talkative voice. A collection that includes O. Henry and Pushcart prize-winning stories.","FLAG: no English Wikipedia page for the collection — used the author's Wikipedia page, Putnam catalog, and Google Books description",1
K:dd748adf6a89,The Infinities,John Banville,2010,2009,"As the mathematician Adam Godley lies comatose and dying, his family gathers at the country house while the Greek gods Hermes, Zeus, and Pan move among them, with Zeus seducing the younger Adam's wife Helen. A novel narrated by Hermes and adapted from Kleist's play Amphitryon.",Wikipedia,1
K:46174f5902ed,No Country for Old Men,Joel and Ethan Coen,2007,2005,"Hunting near the Texas-Mexico border, Vietnam veteran Llewelyn Moss stumbles on a drug deal gone wrong and takes a satchel holding $2.4 million, drawing the hitman Anton Chigurh and aging sheriff Ed Tom Bell into his pursuit. A crime novel that became the basis for the Coen brothers' Academy Award-winning film.",Wikipedia,1
K:2bd4e83e8ced,Winter's Tale,Mark Helprin,1983,1983,"Peter Lake, a turn-of-the-century burglar in a mythical New York, breaks into the Penn mansion and falls in love with the dying heiress Beverly, while a magical white horse and the spans of a century carry the story across time. A magic realism novel set in a reimagined New York City.",Wikipedia,1
K:46995cafc66f,Island: The Collected Stories,Alistair MacLoed,2000,1976–2000,"Sixteen stories, most set among the miners, fishermen, and farmers of Cape Breton, follow families bound to a hard landscape and their Scottish Highland past across generations. A collection gathering the author's two earlier story volumes plus two previously unpublished pieces.",Wikipedia,1
K:8d2e8c06fc69,The Love of a Good Woman: Stories,Alice Munro,1998,1998,"Across eight stories set largely in small-town Ontario, women and men face secrets, betrayals, and turning points in ordinary lives, including the title story in which boys find a drowned optometrist and a nurse weighs what she suspects about a death. A collection that won the Giller Prize and the National Book Critics Circle Award.",Wikipedia,1
K:9305502d9df8,Running in the Family,Michael Ondaatje,1982,1982,"Returning to Sri Lanka, the island once called Ceylon, the narrator pieces together the lives of his Dutch-Burgher family, centered on his hard-drinking father Mervyn and his grandmother Lalla, mixing memory, poems, and travel writing. A fictionalized memoir told in fragments rather than chronological order.",Wikipedia,1
K:a7499dcf0afb,Mason & Dixon,Thomas Pynchon,1997,1997,"Surveyors Charles Mason and Jeremiah Dixon meet in London, travel to South Africa and St. Helena, then map the boundary line between Pennsylvania and Maryland through colonial America, their adventures narrated years later by Reverend Wicks Cherrycoke. A historical novel written in a style imitating eighteenth-century English prose.",Wikipedia,1
K:e1f9510c3e82,The Fever,Wallace Shawn,1990,1990,"Alone in a hotel room in an unnamed, war-torn country, a feverish, unnamed traveler delivers a long monologue examining personal comfort, poverty, and complicity in the suffering of the world's poor. A one-person play first performed by its author in private apartments.",Wikipedia,1
K:1805d8e86b3f,Resurrection,Leo Tolstoy,1899,1899,"Nobleman Dmitri Nekhlyudov recognizes a prostitute on trial for murder as Katyusha Maslova, the servant he once seduced and abandoned, and follows her toward Siberian exile as he tries to atone and gives away his land. The author's last major novel, sharply critical of the legal system, church, and aristocracy.",Wikipedia,1
K:ab3d90b147f7,Norwood,Charles Portis,1966,1966,"Naive ex-Marine Norwood Pratt leaves Ralph, Texas, to collect a seventy-dollar debt in New York City, agreeing to drive cars north for a con man and meeting a circus performer, a college-educated chicken, and a young woman he marries on the bus home. A deadpan comic road novel.",Wikipedia,1
K:2b69cf0b1a11,The Postman Always Rings Twice,James M. Cain,1934,1934,"Drifter Frank Chambers stops at a roadside California diner, begins an affair with the owner's young wife Cora, and conspires with her to murder her older husband Nick for the insurance money. A crime novel notorious on publication and frequently banned, later adapted to film several times.",Wikipedia,1
OL:OL26504281W,Old Filth Trilogy,Jane Gardam,,2004–2013,"Across three novels, the elderly retired barrister Edward Feathers, nicknamed Old Filth for ""Failed in London Try Hong Kong,"" his wife Betty, and his rival Terry Veneering recall their lives from colonial Hong Kong to retirement in England, each book retelling events from a different perspective. A trilogy centered on a child of British colonials sent back to England for schooling.",Wikipedia,1
OL:OL34028309W,North Woods,Daniel Mason,,2023,"A yellow house in the woods of western Massachusetts passes through four centuries of occupants, among them Puritan lovers, an apple-growing soldier, twin spinster sisters, a crime reporter, and a panther, told through prose, letters, poems, and case notes. A work of historical fiction tracing one place across generations.",Wikipedia,1
OL:OL19956847W,Foster,Claire Keegan,,2010,"In 1981 rural Ireland, a young girl is sent to stay with the Kinsellas, distant relatives on a Wexford farm, while her mother prepares to give birth, and there she finds a warmth and attention absent from her own crowded home. A novella later adapted into the Irish-language film An Cailín Ciúin.",Wikipedia,1
OL:OL16142488W,The Patrick Melrose Novels,Edward St Aubyn,,1992–2011,"Five novels follow Patrick Melrose from a childhood in the south of France marked by his father's abuse and his mother's neglect, through heroin addiction in New York, into marriage, parenthood, and a reckoning at his mother's death. A semi-autobiographical sequence about surviving an upper-class English family.",Wikipedia,1
OL:OL2772007W,The Yellow Wallpaper,Charlotte Perkins Gilman,,1892,"Confined for a rest cure in an upstairs room by her physician husband John, a new mother forbidden to write keeps a secret journal and becomes fixated on the room's yellow wallpaper, behind which she comes to believe a woman is trapped. An early work of American feminist literature about a woman's mental breakdown.",Wikipedia,1
OL:OL1400708W,Little Boy Lost,Marghanita Laski,,1949,"After his French wife is killed by the Gestapo and their infant son vanishes in wartime France, Englishman Hilary Wainwright travels to a small-town orphanage to determine whether a boy living there is the child he lost. A novel later adapted into a Bing Crosby film.",Wikipedia,1
OL:OL2435539W,Mrs. Palfrey at the Claremont,Elizabeth Taylor,,1971,"Recently widowed Mrs. Palfrey moves into the genteel Claremont Hotel in South Kensington among other lonely elderly residents and, after a fall, befriends a young aspiring writer named Ludo, whom she passes off to the others as her grandson. A novel shortlisted for the Booker Prize.",Wikipedia,1
OL:OL11103938W,Dr Gully,Elizabeth Jenkins,,1972,"Florence Ricardo, trapped in marriage to the alcoholic Captain Ricardo, begins a passionate affair with the older physician James Manby Gully, and after she remarries the barrister Charles Bravo and he is fatally poisoned, suspicion falls on Gully. A novel based on the unsolved 1876 Charles Bravo poisoning case.",FLAG: no dedicated English Wikipedia page for the novel — grounded on author's Wikipedia page plus the Charles Bravo Wikipedia article,1
OL:OL890896W,The Vicar of Wakefield,Oliver Goldsmith,,1766,"The clergyman Dr. Charles Primrose, his wife, and children lose their fortune, suffer a daughter's seduction, a house fire, and the vicar's imprisonment before a series of revelations restores their happiness. A first-person novel read as both a sentimental tale and a satire of one.",Wikipedia,1
OL:OL17838472W,Golden Hill,Francis Spufford,,1746,"A young stranger named Mr. Smith steps off a ship in colonial New York carrying a bill for one thousand pounds, refuses to explain his business, and unsettles the city's merchants and politicians as suspicion grows about who he really is. A historical novel that won the Costa First Novel Award and the Ondaatje Prize.",Wikipedia,1
OL:OL2824324W,The Long View,Elizabeth Jane Howard,,1956,"Antonia Fleming faces solitude in 1950s London as her marriage to Conrad has emptied out, and the narrative moves backward in time, tracing their relationship from war years and motherhood to their first meeting in the 1920s. A novel built on reverse chronology.",Wikipedia,1
OL:OL3128704W,The Plains,Gerald Murnane,,1982,"A young filmmaker from ""Outer Australia"" travels inland to the plains to make a film about the region and its landowners, attaches himself to a wealthy patron, and spends twenty years in his library taking notes for a film he never makes. A short novel read as a parable about appearance, meaning, and the Australian interior.",Wikipedia,1
OL:OL35382740W,Latecomers,Anita Brookner,,1988,"Thomas Hartmann and Thomas Fibich, two Jewish men who came to England as boys via the Kindertransport, sustain a lifelong friendship and a greeting-card business across decades, the expansive Hartmann set against the anxious, grief-haunted Fibich. A novel about two refugees, their wives, and their children.",FLAG: no dedicated English Wikipedia page for the novel — grounded on author's Wikipedia page plus Britannica,1
OL:OL166434W,Family and Friends,Anita Brookner,,1985,"The widowed matriarch Sofka presides over a wealthy Jewish family in interwar London as her four children take divergent paths, the dutiful Alfred running the business, the pleasure-seeking Frederick and Betty leaving for the Riviera and Hollywood, and the passive Mimi remaining at home. A novel bookended by two wedding photographs decades apart.",FLAG: no dedicated English Wikipedia page for the novel — grounded on author's Wikipedia page plus publisher and review sources,1
OL:OL1863387W,Reading Turgenev,William Trevor,,1991,"Mary Louise Dallon, a farm girl in southeastern Ireland trapped in an unconsummated marriage to the older draper Elmer Quarry, falls in love with her invalid cousin Robert, who reads her Turgenev, and after his death retreats into the attic to preserve his memory. One of two novellas published together as Two Lives, shortlisted for the Booker Prize.",Wikipedia,1
OL:OL221348W,The Last Samurai,Helen Dewitt,,2000,"Single mother Sibylla raises her precociously gifted son Ludo in a London flat, showing him Kurosawa's Seven Samurai as a substitute father figure, while the boy, fluent in many languages by childhood, sets out to identify and test a series of candidates for his real father. A debut novel later named to a New York Times list of the century's best books.",Wikipedia,1
OL:OL1993499W,The Swimming-Pool Library,Alan Hollinghurst,,1988,"In early 1980s London, the privileged young gay aristocrat William Beckwith saves an elderly man, Lord Nantwich, from collapse in a public toilet and is drawn into writing his biography, uncovering a history of homosexual life and the persecution that shaped it. A debut novel set on the eve of the AIDS crisis.",Wikipedia,1
OL:OL31098954W,Tom Lake,Ann Patchett,,2023,"During the spring of 2020, Lara tells her three grown daughters, gathered at the family's cherry orchard in northern Michigan, the story of her youthful romance with the actor Peter Duke at a summer theater company called Tom Lake, where she once played Emily in Our Town. A novel threaded with Thornton Wilder and Chekhov.",Wikipedia,1
OL:OL10987860W,The Improvement of Human Reason,Ibn Tufayl,,c. 1160,"Raised alone on a desert island by a gazelle, the feral child Hayy ibn Yaqdhan reasons his way from observation of nature toward knowledge of the soul, the cosmos, and the divine, and later encounters human society and its religion. A twelfth-century Arabic philosophical tale that influenced later European thinkers.",Wikipedia,1
OL:OL14867079W,Joseph and His Brothers,Thomas Mann,,1933–1943,"Retelling the Book of Genesis, the four-part novel follows Jacob and then his favored son Joseph, who is sold into slavery by his brothers, rises in Egypt through Potiphar's house and prison, and finally feeds his family during famine. A tetralogy the author considered his greatest work.",Wikipedia,1
OL:OL74650W,Operation Shylock,Philip Roth,,1993,"A narrator named Philip Roth travels to Israel, attends the war-crimes trial of John Demjanjuk, and discovers an impostor using his name and promoting ""Diasporism,"" a plan to resettle Israeli Jews in Europe, before being drawn into an intelligence operation. A novel that blurs fact and fiction and is subtitled A Confession.",Wikipedia,1
OL:OL14860424W,Hopscotch,Julio Cortázar,,1963,"Horacio Oliveira drifts through 1950s Paris with the woman called La Maga and a circle of bohemian intellectuals, then returns to Buenos Aires, in a book whose chapters can be read straight through or by jumping among them in a prescribed order. An experimental novel offering multiple reading sequences.",Wikipedia,1
OL:OL515754W,Flowers for Algernon,Daniel Keyes,,1966,"Charlie Gordon, a man with an IQ of 68, undergoes an experimental surgery that triples his intelligence, recording his transformation in progress reports as he outpaces his doctors and watches the lab mouse Algernon, who had the same operation, decline and die. A novel expanded from an award-winning short story, told entirely through Charlie's journal entries.",Wikipedia,1
OL:OL17434786W,The Thing About December,Donal Ryan,,2013,"Over one year in a rural Irish village, Johnsey Cunliffe, a gentle, slow young man, loses both parents, inherits the family farm, and becomes the target of bullies and land-grabbers who want his property as developers move in. A debut novel narrated through Johnsey's bewildered, lonely voice.",Wikipedia,1
OL:OL15723140W,The Spy Who Came in From the Cold,John le Carré,,1963,"British agent Alec Leamas is sent on a final Cold War mission to East Germany, posing as a defector in a scheme to discredit a senior East German intelligence officer, only to discover he is a pawn in a deeper plot. An espionage novel that rejected the glamour of the spy genre for moral murkiness.",Wikipedia,1
OL:OL67238W,The Country of the Pointed Firs,Sarah Orne Jewett,,1896,"A Boston writer spends a summer in the small coastal town of Dunnet Landing, Maine, boarding with the herbalist and widow Almira Todd and coming to know the fishermen, retired sea captains, and aging residents of the community. A collection of linked sketches associated with American regionalism.",Wikipedia,1
OL:OL12827W,Shadows on the Rock,Willa Cather,,1931,"In late seventeenth-century Quebec, the apothecary Euclide Auclair and his daughter Cécile build a settled life on the rock of the colonial town, keeping French customs through harsh winters as governors, bishops, and missionaries pass through. A novel built from small episodes of frontier colonial life.",Wikipedia,1
OL:OL1518582W,I Capture the Castle,Dodie Smith,,1948,"Seventeen-year-old Cassandra Mortmain records in her journal the impoverished life of her eccentric family in a crumbling English castle, where her father's writer's block has left them destitute until two American brothers inherit the nearby estate. A coming-of-age novel told through Cassandra's diary entries.",Wikipedia,1
OL:OL12996734W,The Ice Palace,Tarjei Vesaas,,1963,"In a Norwegian village, eleven-year-old Siss forms an intense bond with the newcomer Unn, who the next day wanders alone into a frozen waterfall of ice caves and disappears, leaving Siss bound by grief and a private vow. A short novel about friendship and loss, translated from Norwegian.",Wikipedia,1
OL:OL60148W,Fire and Hemlock,Diana Wynne Jones,,1984,"Clearing her room, Polly Whittacker uncovers a hidden second set of memories of her friendship with cellist Thomas Lynn, whose life is bound to the otherworldly Laurel in a reworking of the ballads ""Tam Lin"" and ""Thomas the Rhymer."" A young-adult fantasy weaving folklore into modern English life.",Wikipedia,1
OL:OL20026655W,The Lie Tree,Frances Hardinge,,2015,"On the remote Victorian island of Vane, fourteen-year-old Faith Sunderly investigates her naturalist father's mysterious death and discovers a strange tree that yields visions of truth only when fed lies that must then be spread among people. A historical fantasy that won the Costa Book of the Year.",Wikipedia,1
OL:OL1930756W,The Hounds of the Morrigan,Pat O'Shea,,1985,"In a Galway bookshop, ten-year-old Pidge frees an ancient serpent from a book and is drawn with his five-year-old sister Brigit into a quest to recover a blood-stained pebble before the goddess the Morrigan can destroy all that is good. A long children's fantasy steeped in Irish mythology.",Wikipedia,1
OL:OL457172W,Haroun and the Sea of Stories,Salman Rushdie,,1990,"Young Haroun sets out to restore his storyteller father Rashid's lost gift, traveling to the moon Kahani where the Sea of Stories is being poisoned by the silence-loving ruler Khattam-Shud. A children's fantasy that doubles as an allegory about storytelling and free speech.",Wikipedia,1
OL:OL2539795W,The Slap,Christos Tsiolkas,,2008,"At a suburban Melbourne barbecue, a man slaps a misbehaving child who is not his own, and the fallout from this single act is told across eight chapters from the viewpoints of eight people who witnessed it. A novel examining family, class, and ethnicity in contemporary Australia.",Wikipedia,1
OL:OL8026340W,The Cider House Rules,John Irving,,1985,"Homer Wells grows up in the St. Cloud's orphanage in rural Maine under Dr. Wilbur Larch, an ether-addicted obstetrician who secretly performs abortions and trains Homer as his successor before the young man leaves to make his own way. A novel that examines abortion, fate, and belonging.",Wikipedia,1
OL:OL27442749W,Cloudstreet,Tim Winton,,1991,"Two working-class families, the Pickles and the Lambs, share a sprawling house on Cloud Street in Perth over twenty years, weathering accidents, drownings, business ventures, and reconciliations. An Australian novel tracing the entwined lives of two families after the Second World War.",Wikipedia,1
OL:OL505944W,The Razor's Edge,William Somerset Maugham,,1944,"Returning from the First World War, American pilot Larry Darrell rejects a conventional career and his engagement to Isabel Bradley, traveling through Paris and India in search of spiritual meaning while a narrator tracks his circle over twenty-four years. A novel drawing on Indian mysticism and self-realization.",Wikipedia,1
OL:OL471932W,The Murder of Roger Ackroyd,Agatha Christie,,1926,"In the village of King's Abbot, the wealthy Roger Ackroyd is found stabbed soon after learning a secret about a recent suicide, and the retired detective Hercule Poirot investigates with the help of the local doctor who narrates the case. A detective novel famous for its controversial twist ending.",Wikipedia,1
OL:OL1326310W,"The Sea, the Sea",Iris Murdoch,,1978,"Retired theatre director Charles Arrowby withdraws to a remote seaside house to write his memoirs, but his solitude collapses when he discovers his lost first love Hartley living nearby and becomes obsessed with winning her back. A novel narrated by Charles that won the Booker Prize.",Wikipedia,1
OL:OL1921191W,Falling Man,Don DeLillo,,2007,"After escaping the collapsing World Trade Center on September 11, lawyer Keith Neudecker returns dazed to his estranged wife Lianne and their son, while a performance artist restages the image of a man falling from the towers. A novel about the aftermath of the September 11 attacks.",Wikipedia,1
OL:OL166482W,The Affirmation,Christopher Priest,,1981,"Unemployed and grieving a breakup, Peter Sinclair retreats to a country cottage and writes a fantasy version of himself who has won an immortality treatment in the Dream Archipelago, until his two identities begin to merge and the real one becomes impossible to tell. A novel of unreliable, shifting reality.",Wikipedia,1
OL:OL13632840W,Darkmans,Nicola Barker,,2007,"In the Kent town of Ashford, reshaped by the Channel Tunnel, the laundry-supervising Beede, his drug-dealing son Kane, a chiropractor, and others find their lives disrupted by the lingering spirit of a medieval court jester named John Scogin. A long novel mixing comedy, history, and the supernatural.",Wikipedia,1
OL:OL17921667W,Family Life,Akhil Sharma,,2014,"In late-1970s Queens, eight-year-old Ajay Mishra and his immigrant family build a new American life until his older brother Birju is left brain-damaged by a swimming-pool accident, reshaping the household around his care. An autobiographical novel that won the Folio Prize.",Wikipedia,1
OL:OL1822527W,Sag Harbor,Colson Whitehead,,2009,"Fifteen-year-old Benji Cooper spends the summer of 1985 in the Black middle-class beach community of Sag Harbor, working a job scooping ice cream and navigating friendships, BB-gun fights, and music with his brother and friends. A coming-of-age novel told in loosely linked episodes.",Wikipedia,1
OL:OL2897798W,Watchmen,Alan Moore,,1986,"In an alternate 1985 where costumed vigilantes are outlawed and nuclear war looms, the murder of a former hero named the Comedian draws masked figures including Rorschach, Nite Owl, and the godlike Doctor Manhattan into uncovering a wider conspiracy. A graphic novel that reshaped the superhero form.",Wikipedia,1
OL:OL20032812W,Problems,Jade Sharma,,2016,"Maya, a married graduate-school dropout in New York with a stalled thesis, an affair with a former professor, and a heroin habit, watches her marriage and life unravel as her addiction deepens. A debut novel about addiction told in short, blunt sections.",Wikipedia,1
OL:OL501810W,Breath,Tim Winton,,2008,"On the coast of Western Australia, middle-aged paramedic Bruce Pike recalls his teenage years surfing with his friend Loonie under the reckless former champion Sando, who pushes them toward ever more dangerous waves. A novel about risk, fear, and coming of age.",Wikipedia,1
OL:OL17635446W,Exit West,Mohsin Hamid,,2017,"As civil war engulfs their unnamed city, young lovers Nadia and Saeed flee through mysterious doors that open onto other countries, joining a global wave of migrants in Greece, London, and California. A novel about migration that uses magical doorways between places.",Wikipedia,1
OL:OL2056818W,Maus,Art Spiegelman,,1980,"Cartoonist Art interviews his father Vladek, a Polish Jewish Holocaust survivor, about his ordeal in Nazi-occupied Poland and Auschwitz, with Jews drawn as mice and Germans as cats. A graphic memoir, serialized over a decade, that won a special Pulitzer Prize.",Wikipedia,1
OL:OL28856510W,Bee Sting,Paul Murray,,2023,"In a small Irish town after the 2008 financial crash, the Barnes family unravels as car-dealer Dickie's business fails, his wife Imelda sells off jewelry, their daughter Cass drifts, and young PJ retreats online, each carrying buried secrets. A novel told in long sections from each family member's view.",Wikipedia,1
OL:OL42396177W,Stag Dance,Torrey Peters,,2025,"In an illegal winter logging camp, a group of lumberjacks plan a dance in which some will attend as women, and the largest, plainest axman volunteers, igniting jealousy and obsession over a younger jack. The title novella in a collection of three stories and one novel about gender and transition.",Wikipedia,1
OL:OL11295370W,Trout Fishing in America,Richard Brautigan,,1967,"Loosely linked chapters use the phrase ""Trout Fishing in America"" as a title, a character, a hotel, and an act, ranging across the narrator's Pacific Northwest childhood, his life in San Francisco, and an Idaho camping trip. A book that blends anecdote and comic critique of American culture.",Wikipedia,1
OL:OL11221642W,Union Street,Pat Barker,,1982,"On a single street in a declining northeastern English town, seven working-class women, from the eleven-year-old Kelly to the dying Old Alice and the aging prostitute Dinah, face poverty, violence, and the collapse of local industry. A debut novel built from seven linked stories.",Wikipedia,1
OL:OL1812933W,American Psycho,Bret Easton Ellis,,1991,"Wealthy young Manhattan investment banker Patrick Bateman narrates his life of designer clothes, restaurant reservations, and status obsession alongside escalating accounts of torture and murder that may or may not be real. A satirical novel about 1980s consumerism that drew controversy for its violence.",Wikipedia,1
OL:OL15706660W,Something Happened,Joseph Heller,,1974,"Middle-aged corporate executive Bob Slocum delivers a long interior monologue about his fears, his unhappy marriage, his troubled children, and his anxieties at the office, circling toward a dread he cannot name. A novel told entirely through one man's anxious inner voice.",Wikipedia,1
OL:OL14934891W,Summertime,J. M. Coetzee,,2009,"A fictional biographer interviews five people who knew the late writer John Coetzee about his life in 1970s Cape Town, compiling their unflattering recollections alongside fragments from his notebooks. A metafictional memoir, the third of three autobiographical volumes, that presents its author as already dead.",Wikipedia,1
OL:OL98454W,Cat's Cradle,Kurt Vonnegut,,1963,"The narrator sets out to write about the day the atomic bomb fell and instead tracks the children of its co-inventor and the substance ice-nine to the impoverished Caribbean island of San Lorenzo, where the outlawed religion of Bokononism holds sway. A satirical science-fiction novel about science, religion, and the end of the world.",Wikipedia,1
OL:OL857552W,Conversation in the Cathedral,Mario Vargas Llosa,,1969,"Santiago Zavala, the disaffected son of a Peruvian government insider, meets his father's former chauffeur Ambrosio by chance and the two talk for hours in a Lima bar called The Cathedral, unraveling lives shaped by the 1950s dictatorship of Manuel Odría. A long novel that interweaves many voices and timelines to portray corruption across Peruvian society.",Wikipedia,1
OL:OL1682158W,Leviathan,Paul Auster,,1992,"Peter Aaron recounts the life of his friend Benjamin Sachs, a writer who, after a near-fatal fall, abandons his old life and becomes a bomber who blows up replicas of the Statue of Liberty before dying when one of his devices detonates by a Wisconsin roadside. A novel about American radicalism, identity, and chance.",Wikipedia,1
OL:OL36506504W,James,Percival L. Everett,,2024,"Jim, an enslaved man on the Mississippi who learns he is about to be sold, flees and travels with the runaway boy Huck, retelling the events of Huckleberry Finn from his own perspective as a literate, calculating narrator. A reimagining of Mark Twain's novel that won the Pulitzer Prize and National Book Award.",Wikipedia,1
OL:OL11927W,The Golden Gate,Vikram Seth,,1986,"In 1980s San Francisco, lonely tech worker John Brown is set up through a personal ad placed by his friend Janet, beginning a romance with lawyer Liz that founders amid jealousy and the city's anti-nuclear politics. A novel written entirely in rhymed sonnets modeled on Pushkin's Eugene Onegin.",Wikipedia,1
OL:OL754948W,Wittgenstein's Mistress,David Markson,,1988,"Kate, a woman who believes she is the last person alive on earth, types fragmentary first-person statements from a house on a beach, drifting among memories, errors, and references to Western art and philosophy. An experimental novel built from short, often self-correcting sentences about memory, language, and isolation.",Wikipedia,1
OL:OL1139069W,Oblomov,Ivan Aleksandrovich Goncharov,,1859,"Ilya Ilyich Oblomov, a young Russian nobleman, can barely leave his bed or room, and even a love affair with the lively Olga and the prodding of his energetic friend Stolz fail to rouse him from his indolence. A novel whose hero gave the Russian language the term ""Oblomovism"" for dreamy inertia.",Wikipedia,1
OL:OL14857300W,Boredom,Alberto Moravia,,1960,"Dino, a wealthy Roman painter who has stopped working and feels cut off from reality, takes up with Cecilia, the young model of a neighbor who has just died, and slides into a jealous obsession with possessing her. A novel about alienation and erotic fixation that won the Viareggio Prize.",Wikipedia,1
OL:OL35997793W,Aunt Julia and the Script-Writer,Mario Vargas Llosa,,1977,"Eighteen-year-old Mario, who writes news bulletins at a Lima radio station, falls in love with his older divorced relative Julia while the station's manic scriptwriter Pedro Camacho churns out radio serials that grow increasingly deranged. A partly autobiographical novel that alternates the love story with Camacho's wild soap-opera episodes.",Wikipedia,1
OL:OL19926957W,Strange Tales From a Chinese Studio,Pu Songling,,1766,"Close to five hundred classical Chinese tales of fox spirits, ghosts, scholars, demons, and transcendents, blurring the line between the supernatural and ordinary life and often turning on the theme of passionate attachment. A collection written over decades during the Qing dynasty and published after its author's death.",Wikipedia,1
OL:OL5846570W,The Translator,Leila Aboulela,,1999,"Sammar, a Sudanese widow working as an Arabic translator at a university in Aberdeen, grows close to Rae, a secular Scottish Middle East scholar, but their relationship runs into barriers of faith and culture. A novel set between Scotland and Khartoum about love, religion, and exile.",Wikipedia,1
OL:OL816266W,Marabou Stork Nightmares,Irvine Welsh,,1995,"Roy Strang lies in a coma in an Edinburgh hospital, narrating from a fantasy African expedition to hunt a marabou stork while memories surface of his brutal Scottish upbringing and his part in a gang rape. A novel that moves between coma fantasy, past, and present to confront violence and guilt.",Wikipedia,1
OL:OL3958400W,By the Sea,Abdulrazak Gurnah,,2001,"Saleh Omar, an elderly Zanzibari man, arrives in England seeking asylum on a passport bearing another man's name, and his story becomes entangled with that of Latif Mahmud, the son of the man whose identity he took. A novel told in two voices about exile, betrayal, and memory between Zanzibar and England.",Wikipedia,1
OL:OL37871715W,Home to Harlem,Claude McKay,,1928,"Jake Brown deserts the U.S. Army in World War I, returns to Harlem, and searches the neighborhood's nightlife for a woman named Felice while befriending Ray, an educated Haitian dining-car worker. A novel of Harlem working-class life that became a best seller during the Harlem Renaissance.",Wikipedia,1
OL:OL20914620W,Telephone,Percival L. Everett,,2020,"Zach Wells, a geology professor whose young daughter is dying of a terminal neurological disease, finds a note reading ""help me"" sewn into a shirt he ordered and travels to New Mexico in search of its source. A novel released in three slightly different versions, each with a different ending.",Wikipedia,1
OL:OL14861047W,The Wings of a Dove,Henry James,,1902,"Milly Theale, a dying young American heiress, travels to London and Venice, where the penniless Kate Croy encourages her own secret fiancé to court Milly so they can inherit her money. A late novel known for its psychological depth and moral ambiguity.","FLAG: worklist title ""The Wings of a Dove"" is a variant of the standard title ""The Wings of the Dove"" (1902)",1
OL:OL11376124W,Tarka the Otter,Henry Williamson,,1927,"Tarka, an otter born in an Devon holt, learns to swim and hunt, loses his mother and a mate, fathers cubs, and is pursued through the rivers Taw and Torridge by a pack of otterhounds led by the hound Deadlock. A closely observed account of an otter's life that won the Hawthornden Prize.",Wikipedia,1
OL:OL16846W,The Information,Martin Amis,,1995,"Richard Tull, a failing forty-year-old London novelist, is consumed by envy of his old friend Gwyn Barry, whose mediocre book has made him rich and famous, and sets out to ruin him by enlisting violent men he cannot control. A novel about literary rivalry and male resentment.",Wikipedia,1
OL:OL258416W,The Bridge on the Drina,Ivo Andrić,,1945,"Across roughly four centuries, the Ottoman-built bridge over the Drina at Višegrad stands witness to the townspeople and the upheavals of empire, from its sixteenth-century construction to its damage in World War I. A historical novel by a Nobel laureate spanning generations of Bosnian, Serbian, and Muslim life.",Wikipedia,1
OL:OL48286W,The Alexandria Quartet ,Lawrence Durrell,,1957,"In Alexandria before and during World War II, the narrator Darley reconstructs the tangled love affairs and political intrigues binding Justine, her husband Nessim, the writer Pursewarden, and others, with three books retelling the same events from shifting perspectives and a fourth carrying the story forward. A tetralogy that experiments with viewpoint and time.",Wikipedia,1
OL:OL1980233W,Pig Earth,John Berger,,1979,"Peasants in a French Alpine village work the land, slaughter pigs, make hay, and endure long winters, their lives rendered in linked stories, poems, and essays, including the tale of the exiled Lucie Cabrol. The first book of a trilogy about peasant life and its displacement.",Wikipedia,1
OL:OL35358393W,By Grand Central Station I Sat Down and Wept,Elizabeth Smart,,1945,"A woman recounts in heightened, biblical prose her consuming love affair with a married man, moving from California through arrest at the U.S. border to grief and longing. A short novel in prose poetry based on the author's affair with the poet George Barker.",Wikipedia,1
OL:OL26743128W,Zone,Mathias Enard,,2008,"Francis Mirković, a Croatian war veteran turned French intelligence agent, rides a train from Milan to Rome carrying a briefcase of secrets and turning over memories of Mediterranean wars, atrocities, and his own past. A novel written almost entirely as a single sentence over its narrator's journey.",Wikipedia,1
OL:OL100040W,Omeros,Derek Walcott,,1990,"On the island of Saint Lucia, the fishermen Achille and Hector both love the beautiful housemaid Helen, while a retired English officer and his wife and the blind seer Seven Seas move through a narrative loosely echoing Homer. An epic poem written in terza rima by a Nobel laureate.",Wikipedia,1
OL:OL545415W,Tree of Smoke,Denis Johnson,,2007,"William ""Skip"" Sands, a young CIA officer running psychological operations in Vietnam under his larger-than-life uncle Colonel Francis Sands, becomes caught in a murky intelligence scheme as the Houston brothers drift through the same war. A novel of the Vietnam War that won the National Book Award.",Wikipedia,1
OL:OL26004554W,"Tomorrow, and Tomorrow, and Tomorrow",Gabrielle Zevin,,2022,"Childhood friends Sam Masur and Sadie Green reunite as students in Cambridge, Massachusetts, and build a hit video game together, then found a company and weather creative clashes, love, and tragedy over three decades. A novel about friendship, collaboration, and game design.",Wikipedia,1
OL:OL260101W,The Tenant of Wildfell Hall,Anne Brontë,,1848,"Gilbert Markham becomes fascinated by Helen Graham, a mysterious widow who has taken refuge at Wildfell Hall with her young son, and her journal reveals that she has fled her dissolute, abusive husband Arthur Huntingdon. A novel framed by letters and a diary, often called an early feminist work.",Wikipedia,1
OL:OL466987W,The Tale of the 1002nd Night,Joseph Roth,,1939,"When the Shah of Persia visits late nineteenth-century Vienna and desires a noblewoman, the cavalry officer Baron Taittinger arranges a substitute from a brothel, setting off a chain of misfortunes that ruins Taittinger and his former mistress Mizzi Schinagl. The author's final novel, completed in exile and published posthumously.",Wikipedia,1
OL:OL3032583W,Journey by Moonlight,Antal Szerb,,1937,"Mihály, a Budapest man on his honeymoon in Italy, becomes separated from his bride and wanders from city to city toward Rome, pursued by figures from a bohemian youth haunted by sex and death. A Hungarian novel about a man unable to leave his past behind.",Wikipedia,1
OL:OL20844W,Red Badge of Courage,Stephen Crane,,1895,"Henry Fleming, a young Union recruit in the American Civil War, flees in panic during his first battle, then returns to his regiment wrestling with shame and a longing to prove his courage. A short novel known for its psychological study of fear and its impressionistic battle scenes.",Wikipedia,1
OL:OL3412512W,The Recognitions,William Gaddis,,1955,"Wyatt Gwyon, a New England minister's son who abandons religion for painting, falls in despair and begins forging Old Master canvases for a dealer who sells them as genuine, while a sprawling cast pursues authenticity in postwar New York and Europe. A long novel about forgery, art, and faith.",Wikipedia,1
OL:OL17635834W,Lincoln in the Bardo,George Saunders,,2017,"Over a single night in 1862, the spirits in a Georgetown cemetery observe President Lincoln cradling the body of his dead son Willie, while the boy lingers among the dead in a Buddhist-inflected limbo. A novel built from fragmentary voices and quotations that won the Booker Prize.",Wikipedia,1
OL:OL471565W,And Then There Were None,Agatha Christie,,1939,"Ten strangers are lured to an isolated island off the Devon coast by an absent host, accused by a recording of past killings they were never punished for, and murdered one by one in the pattern of a nursery rhyme. A mystery in which the guests must reckon with a killer among them.",Wikipedia,1
OL:OL17762217W,Pachinko,Min Jin Lee,,2017,"Sunja, the daughter of a poor family in early twentieth-century Korea, becomes pregnant by a married man and instead marries a kind minister who takes her to Japan, where four generations of the family endure poverty and discrimination across the colonial era and into the late 1980s. A multigenerational saga about Koreans living as a marginalized minority in Japan.",Wikipedia,1
OL:OL1815834W,Possessing the Secret of Joy,Alice Walker,,1992,"Tashi, an African woman from the Olinka people who appeared in The Color Purple, undergoes ritual genital cutting as a young woman, suffers lasting physical and psychological damage, and eventually returns to confront and kill the woman who performed it, standing trial for the murder. A novel that examines female genital mutilation and its effects.",Wikipedia,1
OL:OL19721019W,In the Distance,Hernán Díaz,,2017,"Håkan Söderström, a young Swedish emigrant separated from his brother in the chaos of a New York-bound voyage, lands in California and walks eastward across the nineteenth-century American West, encountering prospectors, settlers, and scientists while struggling with a language he does not speak. A reverse-frontier Western about a solitary immigrant.",Wikipedia,1
OL:OL1636262W,The Phantom Tollbooth,Norton Juster,,1961,"Milo, a bored boy who receives a mysterious tollbooth, drives his toy car into the Kingdom of Wisdom and, with the watchdog Tock and the Humbug, sets out to rescue the banished princesses Rhyme and Reason. A children's fantasy built on wordplay and puns about the value of learning.",Wikipedia,1
OL:OL836970W,The Third Lie,Ágota Kristóf,,1991,"Lucas, who fled his unnamed Central European country decades earlier, returns after the fall of the Iron Curtain and tries to reconcile with the past, while his twin brother Klaus, who stayed behind, offers a contradictory account of their shared history. The final book of a trilogy about identical twins, war, and unreliable memory.",Wikipedia,1
OL:OL28192620W,Promise at Dawn,Romain Gary,,1960,"Recollections of a boyhood spent in Vilnius, Poland, and the French Riviera, dominated by an adoring Russian former actress mother who is certain her son is destined for greatness, followed by his years as a wartime aviator for France. An autobiographical work about a mother's fierce ambition for her son.",Wikipedia,1
OL:OL23105227W,In Diamond Square,Mercè Rodoreda,,1962,"Natàlia, a young shop-girl in the working-class Gràcia district of Barcelona, is courted at a dance in Diamond Square by the forceful Quimet, marries him, and raises children through poverty and the upheaval of the Spanish Civil War as her husband goes off to fight. A first-person account of an ordinary woman's life amid war.",Wikipedia,1
OL:OL25437676W,June Rain,Jabbour Douaihy,,2006,"Eliyya returns to his Lebanese village forty years after a 1957 church massacre that killed his father and divided the town into two feuding clans, gathering conflicting accounts from those who witnessed or survived the killings. A novel based on a real sectarian massacre, told from many viewpoints.",Wikipedia,1
OL:OL1603637W,Men in the Sun and Other Palestinian Stories,Ghassan Kanafani,,1962,"Three Palestinian refugees of different generations, Abu Qais, Assad, and the teenaged Marwan, pay a driver to smuggle them in the empty water tank of a lorry from Iraq across the desert to find work in Kuwait. The title novella heads a collection of stories about Palestinian displacement after 1948.",Wikipedia,1
OL:OL13648915W,The Book of Night Women,Marlon James,,2009,"Lilith, born into slavery on a Jamaican sugar plantation at the end of the eighteenth century, is drawn by a group of enslaved women who sense a dark power in her and are plotting a violent revolt. A novel about slavery, brutality, and rebellion narrated in Jamaican patois.",Wikipedia,1
OL:OL20384700W,Ghost Wall,Sarah Moss,,2018,"Seventeen-year-old Silvie spends two weeks in northern England on an Iron Age reenactment with her abusive, nationalist father, an archaeology professor, and his students, foraging and living as ancient Britons until the experiment turns dangerous. A short novel about controlling fathers, class, and the appeal of an imagined past.",Wikipedia,1
OL:OL2504658W,The Joys of Motherhood,Buchi Emecheta,,1979,"Nnu Ego, born in the Igbo village of Ibuza, moves to colonial Lagos through an arranged marriage and sacrifices everything to raise many children, only to find that the rewards she expected from motherhood never arrive. A novel about womanhood and motherhood in colonial Nigeria.",Wikipedia,1
OL:OL2645473W,Quicksand,Nella Larsen,,1928,"Helga Crane, the daughter of a white Danish mother and an absent West Indian father, drifts restlessly from a Southern Black school to Chicago, Harlem, and Copenhagen, never finding acceptance, before marrying a preacher and sinking into rural poverty and constant childbearing. A Harlem Renaissance novel about a mixed-race woman's search for belonging.",Wikipedia,1
OL:OL20799434W,The Vanishing Half,Brit Bennett,,2020,"Identical twins Desiree and Stella flee their small Louisiana town of light-skinned Black residents in 1954, after which Stella disappears to live as a white woman in California while Desiree returns home with a dark-skinned daughter, the two lives later intersecting through their children. A novel about racial passing and its consequences across generations.",Wikipedia,1
OL:OL19753331W,Ordinary People,Diana Evans,,2018,"Two Black British couples in South London, Melissa and Michael and Stephanie and Damian, navigate the strains of long-term relationships, parenthood, and middle age over the years between Obama's election and Michael Jackson's death. A novel about modern marriage and family life.",Wikipedia,1
OL:OL20642211W,"To Be Taught, If Fortunate",Becky Chambers,,2019,"Ariadne and three fellow astronauts aboard the ship Merian travel beyond the Solar System to study life on four distant worlds, adapting their bodies to each planet, until messages from a crippled Earth suggest no one may be left to receive their findings. An epistolary science fiction novella about space exploration and human curiosity.",Wikipedia,1
OL:OL2917008W,Gormenghast,Mervyn Peake,,1950,"Titus Groan, seventy-seventh Earl of the crumbling castle Gormenghast, grows from boyhood chafing against its endless rituals while the ruthless kitchen boy Steerpike murders and schemes his way toward power, leading to a final confrontation amid a great flood. The second novel in a fantasy sequence set in a vast, decaying castle.",Wikipedia,1
OL:OL27420W,Blindness,José Saramago,,1995,"An unexplained epidemic of white blindness sweeps an unnamed city, and the afflicted are herded into a filthy quarantined asylum where order collapses, while a doctor's wife who secretly retains her sight guides a small group through the breakdown of society. A novel about social collapse following a mass loss of sight.",Wikipedia,1
OL:OL26398W,Memento Mori,Muriel Spark,,1959,"A circle of elderly upper-class Londoners, centered on Dame Lettie Colston, begin receiving anonymous phone calls from a voice that tells each of them, ""Remember you must die,"" prompting suspicion, investigation, and reflection on their own mortality. A novel about old age and death told with dark comedy.",Wikipedia,1
OL:OL43775W,Samskara,U. R. Anantha Murthy,,1965,"When Naranappa, a Brahmin who flouted caste rules by drinking, eating meat, and living with a low-caste woman, dies in a South Indian agrahara, the respected scholar Praneshacharya cannot determine who may perform the funeral rites, and his crisis deepens after he sleeps with the dead man's mistress. A novel about caste, ritual, and a Brahmin's loss of certainty.",Wikipedia,1
OL:OL2009183W,Sport and a Pastime,James Salter,,1967,"In provincial France in the early 1960s, an American college dropout, Phillip Dean, conducts an affair with a young French woman, Anne-Marie, as the couple drives between towns and hotels, all of it imagined and reconstructed by an unnamed narrator who is largely absent from the events. A novel known for its erotic frankness and unreliable narration.",Wikipedia,1
OL:OL2465642W,The Sportswriter,Richard Ford,,1986,"Frank Bascombe, a failed novelist turned New Jersey sportswriter divorced and grieving the death of his young son, moves through the events of one Easter weekend marked by a botched date, a friend's suicide, and his own detached search for contentment. The first novel in a series following an ordinary suburban American man.",Wikipedia,1
OL:OL15210983W,Molloy,Samuel Beckett,,1951,"In the first half, the vagrant Molloy sets out on a crippled, meandering journey to find his mother and ends up in a ditch; in the second, the agent Jacques Moran is sent to track Molloy down and gradually disintegrates into a similar wandering decline. An experimental novel in two monologues about decay and futility.",Wikipedia,1
OL:OL10429255W,Caught,Henry Green,,1943,"Richard Roe, an upper-class widower, serves in London's Auxiliary Fire Service in the months of waiting before the Blitz under the working-class officer Pye, whose deranged sister once abducted Roe's young son, complicating the two men's strained relationship. A novel about the home front and the early air raids on London.",Wikipedia,1
OL:OL2085293W,The Spiral Ascent,Edward Upward,,1962–1977,"Alan Sebrill, a would-be poet from modest origins who teaches to earn a living, joins the Communist Party, marries, and spends decades trying to reconcile his commitment to political struggle with his desire to write. An autobiographical trilogy about a poet's lifelong tension between art and politics.","FLAG: no English Wikipedia page for the work — used author's Wikipedia page, themodernnovel.org, and Goodreads",1
OL:OL1206495W,Elders and Betters,Ivy Compton-Burnett,,1944,"The Donne family moves to the country to be near their relatives, and when the dying Aunt Sukey leaves two conflicting wills, her niece Anna destroys the wrong one, setting off a contest of self-interest that strains the two families' good manners. A novel told almost entirely in dialogue about family power and inheritance.",Wikipedia,1
OL:OL35623W,Parable of the Sower,Octavia E. Butler,,1993,"In a near-future California wrecked by climate disaster and social collapse, teenage Lauren Olamina, who feels others' pain as her own, flees her destroyed walled community and leads survivors north while developing a new belief system she calls Earthseed. A dystopian novel about survival and the founding of a religion.",Wikipedia,1
OL:OL1970213W,The Birthday Boys,Beryl Bainbridge,,1991,"Five members of Robert Falcon Scott's 1910–1913 expedition to Antarctica, including Scott himself, Edward Wilson, and Lawrence Oates, each narrate a stretch of the doomed race to the South Pole, where the Norwegian Amundsen beats them and the returning party perishes. A novel reconstructing the Scott expedition through its members' voices.",Wikipedia,1
OL:OL3171069W,The Haunting of Hill House,Shirley Jackson,,1959,"Dr. John Montague invites several people with reported paranormal experiences to spend a summer in the sinister Hill House, where the fragile, lonely Eleanor Vance grows increasingly attached to the place as the group experiences mounting supernatural disturbances. A gothic horror novel that leaves its hauntings ambiguous.",Wikipedia,1
OL:OL136820W,The Garden of the Finzi-Continis,Giorgio Bassani,,1962,"In 1930s Ferrara, the narrator falls in love with Micòl, daughter of the wealthy and aristocratic Jewish Finzi-Contini family, whose walled garden and tennis court become a refuge for young Jews barred from society as Mussolini's racial laws tighten toward deportation. A novel about Jewish life in Italy under fascism.",Wikipedia,1
OL:OL16672348W,All That Is,James Salter,,2013,"Philip Bowman, who survives a kamikaze attack as a young naval officer in the Pacific, returns to become a New York book editor in the decades after the war, moving through a failed marriage and a string of love affairs and betrayals. A novel tracing one man's loves and career across postwar America.",Wikipedia,1
OL:OL551015W,Fingersmith,Sarah Waters,,2002,"In 1860s England, Sue Trinder, a young thief raised among London criminals, is sent to pose as a maid to the sheltered heiress Maud Lilly as part of a swindler's plot to seize her fortune, but the two women fall in love and the scheme reveals deeper deceptions. A Victorian-set novel of crime, deception, and reversals.",Wikipedia,1
OL:OL1863359W,Felicia's Journey,William Trevor,,1994,"Felicia, a pregnant eighteen-year-old Irish girl, crosses to the English Midlands to search for the boyfriend who abandoned her, where she falls into the orbit of Joseph Hilditch, a mild-mannered catering manager who has preyed on vulnerable young women before. A novel about a naive girl and a predatory man.",Wikipedia,1
OL:OL14919676W,Strangers,Anita Brookner,,2009,"Paul Sturgis, a retired London bank manager resigned to bachelorhood, dutifully visits his cousin's widow Helena and, to dodge her Christmas invitation, takes a holiday in Venice where he meets the younger, divorcing Vicky Gardner. A late novel built almost entirely from one solitary man's memories and reflections on loneliness.","FLAG: no English Wikipedia page — grounded on Kirkus, BookBrowse, and publisher summaries",1
OL:OL553752W,American Tabloid,James Ellroy,,1995,"Pete Bondurant, Kemper Boyd, and Ward Littell, three rogue operatives moving between the FBI, the CIA, the Mafia, and the Kennedy circle, become entangled in election rigging, the Bay of Pigs, and ultimately the plot to assassinate John F. Kennedy. The first book of the Underworld USA Trilogy, mixing fiction with documented history of American corruption.",Wikipedia,1
OL:OL7920206W,Titus Groan,Mervyn Peake,,1946,"In the vast crumbling castle of Gormenghast, the birth of Titus, heir to Lord Sepulchrave, disrupts centuries of rigid ritual while the ruthless kitchen boy Steerpike climbs from the kitchens toward power. The first novel in the Gormenghast sequence, known for its elaborate Gothic world and grotesque characters.",Wikipedia,1
OL:OL15723133W,Smiley's People,John le Carré,,1979,"Called out of retirement, George Smiley investigates the murder of an old agent, an exiled Soviet general in London, and follows the trail through émigré circles toward a final reckoning with the Soviet spymaster Karla. The third and last novel of the Karla Trilogy, ending Smiley's long duel with his adversary.",Wikipedia,1
OL:OL262505W,The Valley of Fear,Arthur Conan Doyle,,1915,"Sherlock Holmes deciphers a coded warning from a Moriarty agent and travels to Birlstone manor, where the master of the house has been found dead from a shotgun blast; the second half recounts the American secret-society events behind the killing. The fourth and final Holmes novel, split between an English mystery and a backstory drawn from the Molly Maguires.",Wikipedia,1
OL:OL15008W,The Collector,John Fowles,,1963,"Frederick Clegg, a withdrawn clerk and butterfly collector who comes into money, abducts the art student Miranda Grey and imprisons her in the cellar of his isolated cottage, the story told first from his viewpoint and then from her diary. A debut thriller alternating between captor and captive and threaded with British class conflict.",Wikipedia,1
OL:OL29907510W,Sorrows of Young Werther,Johann Wolfgang von Goethe,,1774,"Werther, a young man staying at Wahlheim, falls in love with Lotte, who is engaged and then married to Albert, and his hopeless passion deepens into despair until he takes his own life, all recounted in his letters. An epistolary novel of the Sturm und Drang movement that made its author famous across Europe.",Wikipedia,1
OL:OL52449W,Elective Affinities,Johann Wolfgang von Goethe,,1809,The nobleman Eduard and his wife Charlotte settle into married life on their country estate until the arrival of the Captain and Charlotte's niece Ottilie draws the four into crossed attractions that end in tragedy. A novel that frames human passion through an extended metaphor of chemical affinities.,Wikipedia,1
OL:OL16938494W,Simplicissimus,Hans Jakob Christoffel von Grimmelshausen,,1668,"A nameless peasant boy whose farm is destroyed by marauding soldiers grows up amid the Thirty Years' War, serving as fool, soldier, and rogue across a ravaged Holy Roman Empire. Often called the first major German novel, a picaresque account of war, cruelty, and survival.",Wikipedia,1
OL:OL8193478W,The Adventures of Oliver Twist,Charles Dickens,,1837,"Oliver Twist, an orphan raised in a brutal workhouse, runs away to London and falls in with Fagin's gang of young pickpockets, the menacing Bill Sikes, and the kindly Nancy as his true parentage is gradually uncovered. A novel that exposed the workhouse system and London's criminal underworld.",Wikipedia,1
OL:OL1940374W,Trilby,George du Maurier,,1894,"In bohemian 1850s Paris, the tone-deaf artist's model Trilby O'Ferrall is hypnotized by the sinister musician Svengali, who transforms her into a celebrated singer wholly under his control until his death breaks the spell. A sensation novel that gave the English language the figure of Svengali.",Wikipedia,1
OL:OL30274067W,Roxana,Daniel Defoe,,1724,"Roxana, abandoned penniless with five children after her husband squanders their money, becomes the mistress of a landlord, a French prince, and other wealthy men, amassing a fortune while concealing her past until a grown daughter threatens to expose her. A first-person narrative of a woman trading virtue for financial independence.",Wikipedia,1
OL:OL13116995W,The Monk,Matthew Gregory Lewis,,1796,"Ambrosio, a revered monk in Madrid, is seduced by Matilda, a woman who has entered the monastery disguised as a man, and descends through lust, rape, and murder to a pact with the devil and his own destruction. A Gothic novel notorious in its day for its sexual and blasphemous content.",Wikipedia,1
OL:OL109871W,The Way We Live Now,Anthony Trollope,,1875,"The financier Augustus Melmotte arrives in London with a mysterious past and a fraudulent railway scheme, drawing aristocrats, speculators, and fortune-hunters into his orbit before his credit collapses and he poisons himself. A long satirical novel attacking the greed and dishonesty of Victorian society.",Wikipedia,1
OL:OL64465W,Point Counter Point,Aldous Huxley,,1928,"A large cast of London intellectuals and socialites, including the novelist Philip Quarles, the writer Walter Bidlake, and figures modeled on real contemporaries, pursue tangled love affairs and clashing ideas. A novel structured like musical counterpoint, with parallel plots set against each other.",Wikipedia,1
OL:OL106079W,Stamboul Train,Graham Greene,,1932,"Passengers on the express train from Ostend to Istanbul, among them the currant trader Myatt, the chorus girl Coral Musker, and the exiled revolutionary Dr. Czinner, see their lives intersect over the three-day journey. The novel that brought its author his first commercial success.",Wikipedia,1
OL:OL1921184W,The Names,Don DeLillo,,1982,"James Axton, an American risk analyst living in Greece, is drawn into the mystery of a cult that murders its victims to match their initials with place names, even as his marriage to an archaeologist falls apart. A novel preoccupied with language, naming, and American power abroad.",Wikipedia,1
OL:OL1858636W,Voyage in the Dark,Jean Rhys,,1934,"Anna Morgan, brought from her Caribbean home to a cold England by her stepmother, drifts through life as a chorus girl, becomes the kept mistress of an older man, and spirals downward after he leaves her. A novel told in fragmented, memory-laced narration about displacement and decline.",Wikipedia,1
OL:OL59794W,Earthsea,Ursula K. Le Guin,,1968–1972,"In the island archipelago of Earthsea, the gifted young mage Ged unleashes a deadly shadow through pride, then pursues it across the seas to confront and reckon with it, with later volumes following the priestess Tenar and the dying of magic. A fantasy sequence beginning with A Wizard of Earthsea and built around true names and balance.",Wikipedia,1
OL:OL863735W,The Heart of Midlothian,Walter Scott,,1818,"After the 1736 Porteous Riot in Edinburgh, Jeanie Deans refuses to lie to save her sister Effie, condemned for child murder, and walks to London to plead with the queen for a pardon. A historical novel set in eighteenth-century Scotland, often considered its author's finest.",Wikipedia,1
OL:OL52114W,The War of the Worlds,H. G. Wells,,1898,"Cylinders fall from Mars near Woking, and the Martians emerge with heat-rays and towering tripods to devastate southern England, while the narrator struggles to survive and reach his wife. A pioneering alien-invasion story in which the invaders are finally killed by Earth's bacteria.",Wikipedia,1
OL:OL166496W,The Inverted World,Christopher Priest,,1974,"Helward Mann comes of age in Earth City, a settlement winched endlessly along railway tracks across a planet to stay near a shifting ""optimum,"" and his work beyond the city reveals the warped truth about their world. A science fiction novel that measures time in distance and turns on a final shift in perspective.",Wikipedia,1
OL:OL17062866W,Citizen,Claudia Rankine,,2014,"Across prose, poetry, and images, an unnamed second-person ""you"" accumulates the everyday racial slights and larger traumas of Black life in America, from microaggressions to the deaths of Trayvon Martin and others and incidents involving Serena Williams. A book-length lyric on race that mixes essay, verse, and visual art.",Wikipedia,1
OL:OL547745W,Bridget Jones's Diary,Helen Fielding,,1996,"Bridget Jones, a single thirtysomething Londoner, records a year of resolutions, weight counts, and cigarettes in her diary while juggling her caddish boss Daniel Cleaver and the reserved barrister Mark Darcy. A diary novel loosely based on Pride and Prejudice and credited with launching modern chick lit.",Wikipedia,1
OL:OL25516127W,Nightcrawling,Leila Mottley,,2022,"Kiara Johnson, a teenager scraping by in an East Oakland apartment complex, turns to sex work to cover the rent and care for the neglected boy next door, then becomes a key witness in a police sexual-abuse scandal. A debut novel based on a real Oakland Police Department case.",Wikipedia,1
OL:OL36045730W,Where We Come From,Oscar Casares,,2019,"In Brownsville, Texas, the retired schoolteacher Nina secretly shelters an undocumented teenager named Daniel in a rental house, a situation that grows dangerous when her visiting twelve-year-old godson Orly discovers him. A novel about family, the border, and the risks of harboring migrants.","FLAG: no English Wikipedia page — grounded on Kirkus, Publishers Weekly, and BookBrowse summaries",1
OL:OL21671152W,Poor,Caleb Femi,,2020,"Poems paired with original photography trace the lives of young Black boys growing up on the North Peckham estate in south London, set against its concrete walls, violence, and gentrifying streets. A debut collection written in south-London dialect that won the Forward Prize for Best First Collection.","FLAG: no English Wikipedia page — grounded on publisher (Penguin), New Statesman, and reviews",1
OL:OL4126109W,Noughts & Crosses,Malorie Blackman,,2001,"In an alternate Britain where dark-skinned Crosses rule over light-skinned Noughts under harsh segregation, Sephy, a Cross politician's daughter, and Callum, a Nought, sustain a forbidden love as violence and terrorism tear their world apart. A young-adult novel that inverts racial hierarchy to examine prejudice, the first of a series.",Wikipedia,1
OL:OL2191789W,Sister Outsider,Audre Lorde,,1984,"Fifteen essays and speeches written between 1976 and 1984 examine race, sexism, homophobia, class, and the uses of anger from the standpoint of a Black lesbian poet and activist. A foundational work of Black feminist and intersectional thought.",Wikipedia,1
OL:OL36270985W,House on the Borderland,William Hope Hodgson,,1908,Two men fishing in remote western Ireland find a ruined house above an abyss and a recluse's journal recounting his besiegement by monstrous swine-creatures and his visions of the sun's death and the end of the universe. An early cosmic-horror novel that influenced later weird-fiction writers.,Wikipedia,1
OL:OL11294796W,The Journal of Albion Moonlight,Kenneth Patchen,,1941,"The shape-shifting Albion Moonlight and his companions wander across America and the battlefields of Europe in a fragmented, surreal journal that rages against war and fascism as Europe falls in 1940. An experimental antiwar work that the author had to self-publish by subscription.","FLAG: no English Wikipedia page — grounded on New Directions publisher page, Goodreads, and the author's Wikipedia article",1
OL:OL2066160W,The Spider's House,Paul Bowles,,1955,"In Fez during Morocco's 1954 uprising against French colonial rule, the lives of the American expatriate writer Stenham and a poor Arab boy, Amar, who backs the rebellion, become entwined amid the turmoil. A novel about the gulf between cultures set during a real political crisis.",Wikipedia,1
OL:OL26414465W,Who Was Changed and Who Was Dead,Barbara Comyns,,1954,"The Willoweed family endures a summer flood and then a wave of madness and grisly deaths in their English village, watched by the sisters Emma and Hattie under the tyranny of their grandmother. A tragicomic novel banned in Ireland on its release.",Wikipedia,1
OL:OL1326349W,The Unicorn,Iris Murdoch,,1963,"Marian Taylor arrives as governess at Gaze Castle on a remote Irish coast and finds no children to teach, only Hannah Crean-Smith, a beautiful woman confined to the house for seven years as punishment for betraying her husband. A Gothic novel in which the surrounding characters debate whether Hannah is a captive innocent or a willing prisoner of guilt.",Wikipedia,1
OL:OL7171684W,Europe After the Rain,Alan Burns,,1965,"An unnamed narrator moves through a ruined, unnamed country where a war some say has ended but whose violence continues, searching for a girl whose father and brother are tied to rebel activity. An experimental novel, named after a Max Ernst painting, that uses collage and cut-up techniques to blur the line between wartime and peace.",Wikipedia,1
OL:OL27820956W,After Sappho,Selby Wynn Schwartz,,2022,"In cascading first-person-plural vignettes, a chorus of women writers, painters, and performers across late-nineteenth and early-twentieth-century Europe, among them Colette, Sarah Bernhardt, Eleonora Duse, Natalie Barney, and Virginia Woolf, take Sappho as their model. A novel that reimagines feminist and lesbian artists fighting for liberation and control over their own lives.","FLAG: no standalone English Wikipedia page — used Booker Prize, NPR, and publisher (Norton/Galley Beggar) sources",1
OL:OL55221W,A Flag for Sunrise,Robert Stone,,1981,"An American anthropologist, a nun losing her faith, and a violent ex-Coast Guard drifter are drawn into a revolution in the fictional Central American republic of Tecan, where the anthropologist agrees to gather information for the CIA. A novel about American intervention abroad and the collision of political and religious idealism with moral ambiguity.",Wikipedia,1
OL:OL1855887W,The Child in Time,Ian McEwan,,1987,"Two years after his three-year-old daughter Kate is snatched from a supermarket, Stephen Lewis, a writer of children's books, drifts through grief while his marriage to Julie comes apart and he sits on a government committee on childcare. A novel that won the Whitbread Award and weaves domestic loss together with ideas about time and memory.",Wikipedia,1
OL:OL25687457W,Aubrey-Maturin Series,Patrick O'Brian,,1969–1999,"Captain Jack Aubrey of the Royal Navy and his ship's surgeon and friend Stephen Maturin, a physician, naturalist, and intelligence agent, sail through the French Revolutionary and Napoleonic Wars from 1800 toward Waterloo. A sequence of twenty completed nautical historical novels known for their detailed period accuracy and the central friendship.",Wikipedia,1
OL:OL20494708W,A Girl Is a Half-Formed Thing,Eimear McBride,,2013,"An unnamed Irish girl grows up alongside her older brother, whose childhood brain tumour shadows the family, while she contends with a religious mother and abuse, narrating her life from inside her fractured thoughts. A debut novel told in a fragmented stream-of-consciousness style that breaks ordinary grammar and syntax.",Wikipedia,1
OL:OL19344016W,Milkman,Anna Burns,,2018,"An eighteen-year-old known only as middle sister, living in an unnamed city during the Troubles, is pursued by an older married paramilitary called Milkman, and rumours of an affair turn her community and her mother against her. A novel that won the Booker Prize, narrated in long, digressive sentences without proper names.",Wikipedia,1
OL:OL2527681W,A Question of Power,Bessie Head,,1973,"Elizabeth, a mixed-race South African who has fled to the Botswanan village of Motabeng to teach and garden, slides into a mental breakdown haunted by two men, Sello and Dan, who may not be real. A semi-autobiographical novel that moves between everyday village work and hallucinatory nighttime visions of power and madness.",Wikipedia,1
OL:OL1863366W,The Story of Lucy Gault,William Trevor,,2002,"On the Cork coast in the early 1920s, nine-year-old Lucy Gault runs away rather than leave her family's threatened house, and a series of mistakes convinces her parents she has drowned, so they flee abroad while she is found alive and raised by servants. A novel about the lifelong consequences of that misunderstanding.",Wikipedia,1
OL:OL20032791W,Grief Is the Thing With Feathers,Max Porter,,2015,"In a London flat, a Ted Hughes scholar and his two young sons reel from the sudden death of their wife and mother, and a talking crow arrives as trickster, babysitter, and healer who vows to stay until the family no longer needs him. A short book that mixes prose, poetry, and fable.",Wikipedia,1
OL:OL27482W,The Hobbit,J.R.R. Tolkien,,1937,"Bilbo Baggins, a comfort-loving hobbit, is swept up by the wizard Gandalf and thirteen dwarves on a journey across Middle-earth to reclaim their treasure from the dragon Smaug, finding a magic ring along the way. A children's fantasy novel that became a classic and led to its sequel, The Lord of the Rings.",Wikipedia,1
OL:OL41078W,The Fall of the House of Usher,Edgar Allan Poe,,1839,"An unnamed narrator visits his boyhood friend Roderick Usher at the family's decaying mansion, where Roderick's twin sister Madeline is entombed while still alive and returns to bring about the siblings' deaths as the house itself collapses into the tarn. A Gothic short story built on a haunted house, illness, and doubling.",Wikipedia,1
OL:OL27411628W,Emily Wilde's Encyclopaedia of Faeries,Heather Fawcett,,2023,"In 1909, Emily Wilde, a brilliant and prickly Cambridge dryadologist, travels to the remote Scandinavian village of Hrafnsvik to study its faeries for her encyclopaedia, aided and irritated by her charming rival Wendell Bambleby. A fantasy novel told through Emily's journal as she investigates the hidden fae of the surrounding forest.","FLAG: no standalone English Wikipedia page — used author website, Kirkus, and Penguin Random House",1
OL:OL5280446W,Bear,Marian Engel,,1976,"Lou, a lonely Toronto archivist, is sent to a remote northern Ontario island to catalogue the library of the late Colonel Cary's estate, where she forms an increasingly intimate, sexual bond with the property's resident bear. A short Canadian novel about isolation and renewal, often called the country's most controversial book.",Wikipedia,1
OL:OL20783698W,On Earth We're Briefly Gorgeous,Ocean Vuong,,2019,"Little Dog, a young Vietnamese American man, writes a letter to his illiterate mother that reconstructs the family's history from wartime Vietnam through their life in Hartford, recalling his grandmother Lan and his first love, Trevor. A novel in the form of an unsent letter exploring race, class, and masculinity.",Wikipedia,1
OL:OL1259171W,Proxopera,Benedict Kiely,,1977,"Granda Binchey, an elderly retired teacher, is held hostage with his family by masked IRA men who force him to drive a bomb into his Irish town while the others are kept under guard. A short novel about the Troubles, written in response to the proxy bombings that used ordinary people to deliver explosives.",Wikipedia,1
OL:OL12104489W,Coming Through Slaughter,Michael Ondaatje,,1976,"In 1907 New Orleans, cornet player Buddy Bolden juggles barbering, family, and music through his last sane months as an early jazz pioneer, until his behaviour grows erratic and his friend, the detective Webb, searches for him. A fragmented, jazz-influenced fictionalization of a real musician's collapse.",Wikipedia,1
OL:OL24364471W,Rig Veda,Anonymous,,c. 1500–1000 BCE,"The collection gathers 1,028 hymns in Vedic Sanskrit, arranged in ten books, addressed to deities such as Indra, Agni, and Soma and used in ritual, with sections on cosmology and creation. One of the oldest religious texts in any Indo-European language and the foundational scripture of the Vedas.",Wikipedia,1
OL:OL63250W,All About H. Hatterr,G. V. Desani,,1948,"H. Hatterr, the son of a European merchant officer and a woman from Penang and raised in Calcutta missionary schools, travels to seven Oriental cities to consult seven sages, escaping each encounter more battered than enlightened. A comic novel known for its exuberant, mongrel English mixing slang, archaisms, and Indian idiom.",Wikipedia,1
OL:OL1884862W,Silent Spring,Rachel Carson,,1962,"Marshalling evidence on DDT and other synthetic pesticides, this environmental science book documents how chemical spraying poisons ecosystems, kills birds and other wildlife, and endangers human health, and accuses the chemical industry of spreading disinformation. It is widely credited with launching the modern environmental movement and helping bring about a U.S. ban on agricultural DDT.",Wikipedia,1
OL:OL627069W,The Real Life of Sebastian Knight,Vladimir Nabokov,,1941,"The narrator V. sets out to write a biography of his late half-brother, the Russian-born English novelist Sebastian Knight, tracking down Sebastian's Cambridge contemporaries, former lovers, and his secretary to refute a misleading earlier account. The first English-language novel by its author, often cited as a forerunner of the postmodernist novel.",Wikipedia,1
OL:OL31256W,The Grass Is Singing,Doris Lessing,,1950,"On a failing farm in 1940s Southern Rhodesia, Mary Turner enters a loveless marriage to the unsuccessful farmer Dick and is found murdered by their black servant Moses, the rest of the book retracing the events that led there. A first novel that examines the racial politics of white-ruled colonial Africa.",Wikipedia,1
OL:OL33658345W,The Coming Bad Days,Sarah Bernstein,,2021,"An unnamed woman leaves the man she lives with and moves to a stone cottage in a university town to research the poet Paul Celan, then befriends the decisive, assured Clara as an unexplained curfew, missing girls, and deteriorating weather grip the city. A debut novel concerned with femininity, isolation, and dread.","FLAG: no English Wikipedia page — used Granta, Spectator, Irish Times and other reviews",1
OL:OL863837W,A Kestrel for a Knave,Barry Hines,,1968,"Over a single day in a South Yorkshire mining village, fifteen-year-old Billy Casper endures a neglectful home, a brutal school, and a paper round, finding purpose only in training a kestrel named Kes, until his brother Jud takes revenge on the bird. A novel about a working-class boy failed by the education system, filmed as Kes.",Wikipedia,1
OL:OL816259W,Trainspotting,Irvine Welsh,,1993,"Mark Renton and a circle of heroin users, con men, and brawlers including Sick Boy, Spud, and the violent Begbie drift through the housing schemes of Leith, Edinburgh, cycling through addiction, withdrawal, and attempts at escape. Written in Scots dialect across loosely linked stories, it became a cult novel and the basis for the 1996 film.",Wikipedia,1
OL:OL60988W,"How Late It Was, How Late",James Kelman,,1994,"Sammy, a Glasgow ex-convict, wakes in a lane after a drinking binge, fights with plainclothes police, and comes to realize he has gone blind, then struggles through interrogations and the benefits bureaucracy as he adjusts. Written in working-class Glaswegian dialect and stream of consciousness, it won the 1994 Booker Prize.",Wikipedia,1
OL:OL1707638W,True History of the Kelly Gang,Peter Carey,,2000,"In his own ungrammatical voice, the Australian bushranger Ned Kelly recounts his hardscrabble Irish-immigrant childhood, his slide into outlawry, the shootout at Stringybark Creek, and the gang's final armoured stand against police. A fictional memoir modelled on Kelly's Jerilderie Letter that won the 2001 Booker Prize.",Wikipedia,1
OL:OL2916988W,The Gormenghast Novels,Mervyn Peake,,1946–1959,"Within the vast, decaying castle of Gormenghast, bound by endless ritual, the heir Titus Groan is born and grows up while the ambitious kitchen boy Steerpike schemes his way upward through murder and manipulation, until Titus finally leaves to wander the outside world. A trilogy comprising Titus Groan, Gormenghast, and Titus Alone.",Wikipedia,1
OL:OL472250W,Sleeping Murder,Agatha Christie,,1976,"Newlywed Gwenda Reed buys an old English house she feels she somehow knows, and a sudden memory of witnessing a strangling leads her and Miss Marple to investigate the long-ago disappearance of her stepmother Helen. Written during the Second World War but published posthumously as the last Miss Marple novel.",Wikipedia,1
OL:OL48197W,The Street,Ann Petry,,1946,"Lutie Johnson, a young single Black mother, leaves her unfaithful husband and moves with her son Bub into a tenement on 116th Street in 1944 Harlem, where poverty and male predation steadily close in until she kills a man and flees. A novel about race, gender, and class, the first by a Black woman to sell over a million copies.",Wikipedia,1
OL:OL465059W,The Amazing Mr Blunden,Antonia Barber,,1969,"Caretaking an abandoned London house, Lucy and Jamie meet the ghosts of Sara and Georgie Latimer, children from a century earlier, and use a book of instructions to travel back in time and save them from the murderous Wickenses, aided by the lawyer Mr. Blunden. A children's time-travel fantasy first published as The Ghosts.",Wikipedia,1
OL:OL1647068W,Soldiers of Salamis,Javier Cercas,,2001,"A writer named Javier Cercas investigates how the Falangist poet Rafael Sánchez Mazas escaped execution at the end of the Spanish Civil War when a Republican soldier found him hiding yet chose not to give him away, and tracks down an old veteran, Miralles, who may have been that soldier. A novel blending fact and fiction about war and memory.",Wikipedia,1
OL:OL712021W,By Night in Chile,Roberto Bolaño,,2000,"Father Sebastián Urrutia Lacroix, an aging Jesuit priest and literary critic, delivers a feverish deathbed monologue recalling his career under the Pinochet dictatorship, including lessons on Marxism he gave to the general and his officers. A short novel that satirizes the Chilean literary establishment's complicity with the regime.",Wikipedia,1
OL:OL14861980W,The Man Who Planted Trees,Jean Giono,,1953,"Hiking through a desolate valley in Provence in 1913, the narrator meets Elzéard Bouffier, a solitary shepherd who spends decades planting acorns and saplings until the barren land becomes a living forest dotted with streams and settlers. A short allegorical tale about one person's patient, anonymous restoration of the land.",Wikipedia,1
OL:OL2196005W,Moominland Midwinter,Tove Jansson,,1957,"Moomintroll wakes early from winter hibernation while his family sleeps and must survive a strange snow-covered world, befriending Too-ticky and Little My and encountering the deadly Lady of the Cold. The sixth Moomin book, marking a darker and more introspective turn in the series.",Wikipedia,1
OL:OL1984734W,Flaubert's Parrot,Julian Barnes,,1984,"Geoffrey Braithwaite, a widowed retired English doctor, travels through France chasing details of Gustave Flaubert's life, fixating on which of two museums holds the stuffed parrot that sat on the writer's desk. A postmodern work mixing biography, criticism, and fiction, with Braithwaite's own grief surfacing throughout.",Wikipedia,1
OL:OL1793164W,Three Men in a Boat,Jerome K. Jerome,,1889,"George, Harris, and the narrator J., along with the dog Montmorency, take a two-week boating holiday up the Thames from Kingston to Oxford, their trip filled with mishaps and digressions. A comic novel that began as a serious travel guide before the humor took over.",Wikipedia,1
OL:OL7922785W,The Fish Can Sing,Halldór Laxness,,1957,"The orphaned boy Álfgrímur grows up among eccentrics at Brekkukot, a turf cottage in early twentieth-century Reykjavík, and becomes fascinated by Garðar Hólm, a celebrated Icelandic singer whose returns prompt him to question his own future. A coming-of-age novel built from character sketches and episodes.",Wikipedia,1
OL:OL15125374W,Seasons of Anomy,Wole Soyinka,,1973,"Ofeyi, an advertising executive in an unnamed African nation, spreads revolutionary ideas from the commune of Aiyéró and then crosses a country torn by massacres to search for his abducted lover, Iriyise. The author's second novel, retelling the Orpheus myth against Nigeria's 1966 violence.","FLAG: worklist title ""Seasons of Anomy""; the work is ""Season of Anomy"" (1973)",1
OL:OL661946W,Allah Is Not Obliged,Ahmadou Kourouma,,2000,"Birahima, a ten-year-old orphan, leaves Ivory Coast for Liberia to find his aunt, falls in with the marabout Yacouba, and becomes a child soldier carrying a Kalashnikov through the civil wars of Liberia and Sierra Leone. The narrator recounts the brutality in crude, profane language.",Wikipedia,1
OL:OL954635W,A River Called Time,Mia Couto,,2002,"Mariano, raised in the city, returns to his village for his grandfather's funeral only to find the old man caught between life and death, and begins receiving letters apparently written by him that reveal the secret of his own birth. A novel blending Mozambican tradition with the boundary between the living and the dead.",FLAG: no English Wikipedia page — used publisher and Goodreads descriptions,1
OL:OL24141556W,Crooked Plow,Itamar Vieira Junior,,2018,"Sisters Bibiana and Belonísia find a knife hidden in their grandmother's room and one is left mute after it cuts her tongue, binding the two together as they grow up among tenant farmers in the Chapada Diamantina of Bahia. A family saga about Afro-Brazilian laborers living under the long aftermath of slavery.",Wikipedia,1
OL:OL50557W,Tar Baby,Toni Morrison,,1981,"Jadine, a Black Sorbonne graduate and model sponsored by a wealthy white family, falls for Son, a drifter who washes up at their Caribbean estate, and their affair exposes the tensions binding the household. The author's fourth novel, examining race, class, and identity among Black Americans.",Wikipedia,1
OL:OL9907660W,Record of a Night Too Brief,Kawakami Hiromi,,1996,"Three stories run from a woman's surreal journey through an endless night with a shifting companion, to a family preparing for the wedding of a brother who has vanished, to a worker whose accidental step on a snake brings it into her apartment claiming to be her mother. Three novellas mixing folklore and the fantastic, awarded the Akutagawa Prize.",Wikipedia,1
OL:OL3923952W,No Longer Human,Osamu Dazai,,1948,"Through notebooks he leaves behind, Ōba Yōzō recounts a life of alienation, hiding his fear of people behind clowning before sliding into alcohol, drugs, and a failed double suicide. A novel of postwar Japanese literature, published shortly after its author's own suicide.",Wikipedia,1
OL:OL11334034W,Ice,Anna Kavan,,1967,"An unnamed narrator pursues a fragile, nameless young woman across a world being engulfed by advancing ice after a nuclear catastrophe, repeatedly losing and finding her amid hallucinations and collapsing societies. A surreal, dreamlike novel that blurs reality and the narrator's delusions.",Wikipedia,1
OL:OL1845165W,Confessions of a Mask,Yukio Mishima,,1949,"Kochan, a frail boy growing up in militarist and wartime Japan, traces his developing attraction to other men, hides it behind a performed ""normal"" self, and courts a woman named Sonoko to maintain the disguise. A largely autobiographical novel that brought its author early fame.",Wikipedia,1
OL:OL25803691W,Scattered All Over the Earth,Yoko Tawada,,2018,"Hiruko, a climate refugee from a Japan that has vanished from the map, teaches immigrant children in Denmark using her invented Pan-Scandinavian language and sets off across Europe with the linguist Knut to find anyone who still speaks her mother tongue. The first book of a trilogy about language, migration, and identity.",Wikipedia,1
OL:OL37277W,The Autobiography of Alice B. Toklas,Gertrude Stein,,1933,"Written in the voice of the author's companion Alice B. Toklas, the book recounts their life together at the rue de Fleurus apartment in Paris and their circle of artists and writers including Picasso, Matisse, and Hemingway. A memoir cast as someone else's autobiography.",Wikipedia,1
OL:OL1184871W,Chéri,Colette,,1920,"Léa, a forty-nine-year-old retired courtesan, ends her six-year affair with Chéri, a beautiful and selfish young man half her age, when his arranged marriage to the young Edmée pulls him away, though he keeps returning to her. A novel about the parting of an aging woman and her much younger lover.",Wikipedia,1
OL:OL267174W,Ivan Ilyitch,Leo Tolstoy,,1886,"A high-court judge in nineteenth-century Russia, having lived a conventional and self-satisfied life, suffers a fall and a fatal illness, and as his family and colleagues recoil he confronts the emptiness of his existence and the simple compassion of his servant Gerasim. A novella about mortality and the meaning of a life.",Wikipedia,1
OL:OL1002138W,The Passion According to G.h.,Clarice Lispector,,1964,"G.H., a well-off Rio sculptor, enters her departed maid's room, panics at a cockroach, crushes it in a wardrobe door, and the sight triggers a mystical breakdown that ends with her eating the dead insect. A philosophical monologue regarded as a landmark of Latin American literature.",Wikipedia,1
OL:OL37505411W,Martyr!,Kaveh Akbar,,2024,"Cyrus Shams, a queer Iranian-American poet in Indiana recovering from addiction, becomes obsessed with martyrdom and travels to a Brooklyn museum to meet Orkideh, a dying artist whose performance leads him toward the truth about his mother, killed when her plane was shot down. A novel about grief, addiction, and the search for a meaningful death.",Wikipedia,1
OL:OL53069W,In the Skin of a Lion,Michael Ondaatje,,1987,"Patrick Lewis leaves rural Ontario for Toronto in the 1920s, working as a searcher for a missing millionaire and among the immigrant laborers who build the city's bridge and waterworks, before his radicalization leads him toward a bombing. A novel recovering the hidden lives of the immigrants who built early Toronto.",Wikipedia,1
OL:OL12163507W,Maps,Nuruddin Farah,,1986,"Askar, orphaned in the Ogaden, is raised by Misra, a woman from the contested borderlands, and as he grows up and moves to Mogadishu he struggles with his identity even as Somalia fights over its own. The first book of a trilogy, partly told in the second person.",Wikipedia,1
OL:OL8911551W,A Mind at Peace,Ahmet Hamdi Tanpınar,,1949,"In Istanbul on the eve of World War II, the young scholar Mümtaz loves Nuran, a recently divorced woman, while his mentor İhsan lies ill and the tormented Suat works to break the couple apart. A novel about Turkish identity caught between Ottoman past and republican present.",Wikipedia,1
OL:OL2957601W,On the Edge of Reason,Miroslav Krleža,,1938,"A respectable fifty-two-year-old lawyer ruins his comfortable life when he speaks an unwelcome truth at a dinner party, calling out an industrialist's boast of murder, and is then dragged through slander, a trial, imprisonment, and ruin. A first-person novel of bureaucratic satire and the cost of honesty.",Wikipedia,1
OL:OL1806976W,The Dew Breaker,Edwidge Danticat,,2004,"A Haitian immigrant in Brooklyn, long taken by his daughter Ka for a former prisoner of the Duvalier regime, confesses that he was in fact a torturer, and surrounding stories follow the lives his victims and their families lead in exile. Linked stories that can be read as a novel, set among Haitians marked by the dictatorship.",Wikipedia,1
OL:OL20681799W,Eighth Life,Nino Haratischvili,,2014,"Niza, a Georgian living in Germany, recounts a century of her family's history to her runaway niece Brilka, tracing six generations from the Russian Revolution through Soviet rule and civil war, all tied to a cursed family recipe for hot chocolate. A multigenerational saga of Georgia across the twentieth century.",Wikipedia,1
OL:OL2718328W,The Outsiders,S. E. Hinton,,1967,"Ponyboy Curtis, a teenage greaser in 1960s Tulsa, narrates the escalating violence with the wealthier Socs after his friend Johnny kills a boy who attacks them, sending the two into hiding and toward tragedy. A coming-of-age novel written when its author was a teenager.",Wikipedia,1
OL:OL34173139W,Things We Lost in the Fire,Mariana Enriquez,,2016,"Across twelve stories, women and girls in contemporary Argentina face haunted houses, disappearances, addiction, and an epidemic of women setting themselves on fire, with the country's troubled history simmering beneath. A horror story collection that joins the supernatural to social violence.",Wikipedia,1
OL:OL3198244W,The Lonely Londoners,Samuel Selvon,,1956,"Moses Aloetta, a Trinidadian who has lived in London for years, meets newcomers like the young Galahad at Waterloo Station and gathers with other West Indian immigrants whose Sunday talks reveal the work, racism, and loneliness of postwar London. A novel narrated in Caribbean creolized English.",Wikipedia,1
OL:OL26582938W,Golden Age,Wang Xiaobo,,1991,"Wang Er, a young man sent to a commune in Yunnan during the Cultural Revolution, drifts into an affair with the doctor Chen Qingyang, and when they are exposed he turns the public struggle sessions into something close to absurd performance. A novella using sex and absurdity to portray the Maoist era.",Wikipedia,1
OL:OL59863W,The Dispossessed,Ursula K. Le Guin,,1974,"Shevek, a physicist from the anarchist moon Anarres, travels to the capitalist sister planet Urras to share his work on a unifying theory of time, finding rejection and frustration on both worlds, told in alternating chapters of his two lives. A science fiction novel exploring anarchism, capitalism, and the limits of utopia.",Wikipedia,1
OL:OL3846785W,Amongst Women,John McGahern,,1990,"Michael Moran, an aging IRA veteran of Ireland's War of Independence, rules his County Leitrim household with a controlling and often cruel hand, while his second wife Rose and his children both love and fear him and his sons leave for London. A novel told largely through the family's memories of the past.",Wikipedia,1
OL:OL166437W,Hotel Du Lac,Anita Brookner,,1984,"Edith Hope, a romance novelist sent into exile by her friends after a scandalous affair, settles at a calm lakeside hotel on Lake Geneva and observes the other English guests, including the brittle Mrs Pusey and the self-possessed Mr Neville, who proposes a marriage of convenience. It won the 1984 Booker Prize.",Wikipedia,1
OL:OL41597565W,A Sentimental Journey,Laurence Sterne,,1768,"The Reverend Mr. Yorick travels through France with his servant La Fleur, recording his encounters and emotional responses to the people he meets along the way. Left unfinished at the author's death, it gave new currency to the word ""sentimental"" and helped shape the literature of sensibility.",Wikipedia,1
OL:OL16821748W,Sudden Death,Álvaro Enrigue,,2013,"Caravaggio and the poet Francisco de Quevedo face each other in a tennis match in Rome, while interlocking episodes range across the Counter-Reformation, the conquest of Mexico under Hernán Cortés, and a ball made from the hair of the beheaded Anne Boleyn. A genre-crossing historical novel that mixes fiction, essay, and documentary fragments.",Wikipedia,1
OL:OL10426441W,Towards the End of the Morning,Michael Frayn,,1967,"John Dyson, a journalist stuck in the crossword and nature-notes department of an obscure national newspaper in the declining years of Fleet Street, dreams of fame and a chance on television, while his younger colleague Bob drifts through work and an unwanted engagement. A comic novel about newspaper life and ambition.",Wikipedia,1
OL:OL16809803W,The Goldfinch,Donna Tartt,,2013,"Thirteen-year-old Theo Decker survives a bombing at the Metropolitan Museum of Art that kills his mother, and in the chaos he takes a small Dutch painting of a goldfinch, which he keeps hidden as his life carries him through New York, Las Vegas, and the antiques trade. It won the 2014 Pulitzer Prize for Fiction.",Wikipedia,1
OL:OL37487420W,Cartucho,Nellie Campobello,,1931,"In short vignettes drawn from a young girl's memories of Parral and Villa Ocampo, soldiers, executions, and gun battles of the Mexican Revolution unfold around the figure of Pancho Villa's forces. Often described as the only account of the Revolution written from a woman's perspective.",Wikipedia,1
OL:OL4100647W,The Empty Book,Josefina Vicens,,1958,"José García, a gray accountant in Mexico City, buys two notebooks meaning to draft random notes in one and compose a real book in the other, but finds he has nothing to say and writes only about that emptiness. An early Mexican metafictional novel that won the Xavier Villaurrutia Award.",Wikipedia,1
OL:OL20942111W,Murphy,Samuel Beckett,,1938,"Murphy, an idle Irishman in London who would rather sit naked in his rocking chair than work, evades the woman who wants to marry him and takes a job as an attendant at a mental asylum, where he feels he has found his kindred spirits. An early comic novel by a writer better known for his later plays.",Wikipedia,1
OL:OL698192W,Memory of Fire,Eduardo Galeano,,1982–1986,"Across three volumes, hundreds of short numbered episodes retell the history of the Americas from creation myths and pre-Columbian times through conquest, colonialism, and the twentieth century. A genre-blurring work of history, myth, and literature that gives voice to the conquered and the poor.",Wikipedia,1
OL:OL19670981W,The Moor's Account,Laila Lalami,,2014,"Mustafa, a Moroccan slave renamed Estebanico, accompanies the disastrous Narváez expedition to Florida in 1527, and as the party dwindles to four survivors who cross the continent living among Indigenous peoples, he sets down his own account of the journey. A finalist for the 2015 Pulitzer Prize for Fiction.",Wikipedia,1
OL:OL21364937W,Slave Old Man,Patrick Chamoiseau,,1997,"An old slave on a Martinique sugar plantation suddenly flees into the dense forest, pursued by his master and a fearsome mastiff, and loses all sense of self as he runs through the night toward freedom. A short novel of the Créolité movement, translated into English in 2018.",Wikipedia,1
OL:OL20801026W,Minor Detail,Adania Shibli,,2017,"In the summer of 1949 in the Negev desert, Israeli soldiers kill a group of Bedouin and capture a young woman whom they rape, murder, and bury in the sand; decades later a woman in Ramallah becomes obsessed with uncovering the full story after noticing it happened on her birthday. Based on a documented wartime crime.",Wikipedia,1
OL:OL3440705W,Savushun,Simin Daneshvar,,1969,"In Shiraz during the Allied occupation of Iran in the final years of the Second World War, Zari struggles to hold her family together as her husband Yusuf refuses to sell his crops to feed the foreign troops. Widely regarded as the first novel published in Persian by a woman.",Wikipedia,1
OL:OL1168007W,Animal Farm,George Orwell,,1945,"The animals of Manor Farm drive out their drunken owner and run the farm themselves, but the pigs Napoleon and Snowball vie for control until Napoleon seizes power and the ideals of equality give way to a new tyranny. An allegory of the Russian Revolution and the rise of Stalin.",Wikipedia,1
OL:OL796465W,The Alchemist,Paulo Coelho,,1988,"Santiago, an Andalusian shepherd, follows a recurring dream to the Egyptian pyramids in search of treasure, crossing North Africa and meeting a crystal merchant, an Englishman, and an alchemist who teaches him to read the world's signs. One of the best-selling books ever published, translated into dozens of languages.",Wikipedia,1
OL:OL8398736W,The Blind Owl,Sadegh Hedayat,,1936,"An unnamed narrator who paints designs on pen cases withdraws into isolation and recounts his obsession with a mysterious woman and his descent into madness, in a narrative where memory, dream, and murder blur together and the second half distorts the first. A foundational work of modern Iranian fiction.",Wikipedia,1
OL:OL16273321W,Invitation to a Beheading,Vladimir Nabokov,,1936,"Cincinnatus C., a prisoner in a fictitious country, is condemned to death for ""gnostical turpitude"" and spends his final days in a cell among absurd jailers and a fellow inmate who turns out to be his executioner. A novel about an individual marked for death by a conformist world.",Wikipedia,1
OL:OL3827330W,After Midnight,Irmgard Keun,,1937,"Nineteen-year-old Sanna, who has fled to Frankfurt after being arrested in Cologne for a remark about Hitler, tries to live and love among friends and family as Nazi rule tightens and informers surround her. Written in exile by an author whose books were burned by the regime.",Wikipedia,1
OL:OL1451547W,Michael Kohlhaas,Heinrich von Kleist,,1810,"The horse dealer Michael Kohlhaas, cheated and humiliated by a Saxon nobleman who seizes two of his horses, is denied justice in the courts and raises an armed band that burns towns in pursuit of redress until he is captured and executed. A novella based on the real sixteenth-century case of Hans Kohlhase.",Wikipedia,1
OL:OL751418W,A Model Childhood,Christa Wolf,,1976,"A narrator returns with her family to the Polish town where she grew up as Nelly Jordan, a girl shaped by Nazi schooling and propaganda, and addresses her own past self in the second person as she tries to write about that childhood. A novel about memory and complicity under the Third Reich.",Wikipedia,1
OL:OL891814W,Arrow of God,Chinua Achebe,,1964,"Ezeulu, chief priest of the god Ulu in the Igbo villages of Umuaro, clashes with rivals, British colonial officials, and Christian missionaries in 1920s Nigeria, and his refusal to call the New Yam Feast brings famine and turns his people away from the old gods. The third of the author's African novels.",Wikipedia,1
OL:OL2970107W,Season of Migration to the North,Tayeb Salih,,1966,"A young Sudanese man returns to his village on the Nile after years studying in England and befriends Mustafa Sa'eed, an enigmatic newcomer who reveals a violent past among the women of London. Often named the most important Arabic novel of the twentieth century.",Wikipedia,1
OL:OL1845327W,Thirst for Love,Yukio Mishima,,1950,"Etsuko, a widow living in her father-in-law's household near Osaka, becomes the old man's mistress while nursing a consuming desire for the young gardener Saburo, an obsession that builds toward violence. An early novel exploring unrequited longing and the wish to cause pain.",Wikipedia,1
OL:OL697437W,The Magic Toyshop,Angela Carter,,1967,"After her parents die in a plane crash, fifteen-year-old Melanie and her younger siblings are sent to live in South London with their tyrannical uncle Philip, a maker of life-sized puppets, alongside his mute wife Margaret and her two Irish brothers. An early novel by an author later known for reworking fairy tales.",Wikipedia,1
OL:OL86034W,Morvern Callar,Alan Warner,,1995,"Morvern Callar, a young supermarket worker in a remote Scottish port, wakes to find her boyfriend dead by suicide on the kitchen floor; she conceals the body, takes his money, passes off his unpublished novel as her own, and heads to the Spanish rave scene. Narrated largely in Scots.",Wikipedia,1
OL:OL17792692W,Hurricane Season,Fernanda Melchor,,2017,"Children find the body of the Witch in an irrigation canal outside the poor Mexican village of La Matosa, and successive chapters circle through the lives of the townspeople to reveal how and why she was killed. Told in long, unbroken blocks of colloquial, paragraph-free prose.",Wikipedia,1
OL:OL5869550W,Senseless,Paul Golding,,2004,"George, the jaded narrator, looks back on his life in 1980s London, moving through nightclubs, drugs, and desire, his story centered on his strained bond with his brother Kelly and his deep love for his friend Matthew. A novel about gay life and the excesses of the decade.",FLAG: no English Wikipedia page — used Pan Macmillan publisher page and book retailer/review sites,1
OL:OL118276W,A Guest of Honour,Nadine Gordimer,,1970,"Colonel James Bray, a former British colonial administrator expelled for his sympathies with independence, is invited back to a newly free African state by its new president, only to be caught between the president and his estranged radical rival as the country splits. The author's longest novel, set entirely outside South Africa.",Wikipedia,1
OL:OL1937850W,A New Life,Bernard Malamud,,1961,"Seymour Levin, an eastern Jew and recovering alcoholic fleeing a failed past, arrives to teach English at a science-minded college in the Pacific Northwest state of Cascadia and is drawn into department politics and an affair with a colleague's wife. The author's first fully realistic novel, drawn from his years teaching in Oregon.",Wikipedia,1
OL:OL20509686W,"Ducks, Newburyport",Lucy Ellmann,,2019,"An unnamed Ohio housewife and former history teacher bakes pies and tends her family while her mind runs in one nearly unbroken sentence over memory, anxiety, and American violence, intercut with the story of a mountain lion searching for her stolen cubs. It won the 2019 Goldsmiths Prize.",Wikipedia,1
OL:OL69271W,The Country Girls,Edna O'Brien,,1960,"Caithleen Brady and her bold friend Baba grow up together in rural 1950s Ireland, move from a strict convent school to life in Dublin, and pursue romance, with Caithleen drawn to the married Mr Gentleman. Banned in Ireland on publication, it opened a trilogy about the two women's lives.",Wikipedia,1
OL:OL33658335W,"The Fortnight in September,",R. C. Sherriff,,1931,"The Stevens family of Dulwich set out on their annual two-week holiday to the seaside resort of Bognor, staying at the same guest house and following their familiar routines while each member quietly reckons with private hopes and disappointments. A first novel about the ordinary life of a lower-middle-class English family.",Wikipedia,1
OL:OL1337126W,The Code of the Woosters,P. G. Wodehouse,,1938,"Bertie Wooster is dispatched by his Aunt Dahlia to disparage an antique cow creamer, which lands him at Totleigh Towers entangled with Sir Watkyn Bassett, the would-be dictator Roderick Spode, and two broken engagements, leaving Jeeves to extricate him. One of the best-known Jeeves and Wooster novels.",Wikipedia,1
OL:OL2694535W,The Siege of Krishnapur,J. G. Farrell,,1973,"During the Indian Rebellion of 1857, British residents and soldiers of the fictional town of Krishnapur, led by the Collector Mr Hopkins, barricade themselves in the Residency and endure a long siege that strips away their Victorian certainties. The second book in the Empire Trilogy, it won the Booker Prize.",Wikipedia,1
OL:OL25098381W,Silas Marner,George Eliot,,1861,"Silas Marner, a weaver wrongly cast out of his religious community, hoards gold in isolation in the village of Raveloe until his money is stolen and a golden-haired orphan named Eppie wanders into his cottage, whom he raises as his own. A short novel about loss, money, and redemption through love.",Wikipedia,1
OL:OL43226430W,Home,Marilynne Robinson,,2008,"Glory Boughton returns to Gilead, Iowa, to care for her dying father, the Reverend Robert Boughton, and is soon joined by her wayward, alcoholic brother Jack, who seeks refuge and tries to reconcile with the family he abandoned. A companion novel to Gilead, retelling the same events from the Boughton household.",Wikipedia,1
OL:OL17658187W,All the Names,José Saramago,,1997,"Senhor José, a low-level clerk at the Central Registry of Births, Marriages and Deaths, accidentally picks up an unknown woman's record card and becomes obsessed with tracing her life, breaking into a school and the cemetery to learn who she was. A novel about bureaucracy, identity, and the link between the living and the dead.",Wikipedia,1
OL:OL76524W,The 39 Steps,John Buchan,,1915,"Richard Hannay, a bored mining engineer newly returned to London, finds a murdered spy in his flat and flees to the Scottish moors, pursued by both police and a German spy ring as he tries to stop the theft of British defense secrets before war breaks out. An early chase thriller that helped define the genre.",Wikipedia,1
OL:OL43336312W,Samuel Beckett Trilogy Molloy; Malone Dies; the Unnamable,Samuel Beckett,,1951–1953,"Three monologues by aging, decrepit narrators unfold in succession: Molloy and the detective Moran who hunts him, the bedridden Malone telling himself stories as he dies, and a disembodied voice that cannot stop speaking. Three novels regarded as a landmark of postwar fiction and a foundation of its author's reputation as a novelist.",Wikipedia,1
OL:OL25796415W,Still Life,A. S. Byatt,,1985,"In 1950s Yorkshire and Cambridge, Frederica Potter pursues knowledge and love at university while her sister Stephanie, married to a curate, contends with motherhood and their brother Marcus recovers from a breakdown. The second book in the Frederica Quartet.",FLAG: no standalone English Wikipedia page for Still Life (only the quartet's first volume has one); grounded on publisher and series sources plus reviews,1
OL:OL20883297W,Klara and the Sun,Kazuo Ishiguro,,2021,"Klara, an artificial Friend powered by the sun, observes the world from a store window and is chosen to live with the sickly teenager Josie, whose mother harbors a hidden plan should her daughter die. A science fiction novel told from the perspective of an android narrator who worships the sun.",Wikipedia,1
OL:OL38700W,Nostromo,Joseph Conrad,,1904,"In the fictional South American country of Costaguana, the incorruptible Italian dockworker Nostromo is entrusted with smuggling a fortune in silver from the San Tomé mine during a revolution, a charge that gradually corrupts him. A novel about politics, greed, and the destructive pull of material wealth.",Wikipedia,1
OL:OL506111W,Humboldt's Gift,Saul Bellow,,1975,"Charlie Citrine, a successful but floundering Chicago writer, looks back on his dead friend and mentor, the brilliant poet Von Humboldt Fleisher, while his own life unravels amid divorce, lawsuits, and a comic entanglement with a small-time gangster. A novel about art, success, and failure in America that won the Pulitzer Prize.",Wikipedia,1
OL:OL42393484W,Tongues I,Anders Nilsen,,2024,"A modern retelling of the Prometheus myth weaves together a god chained to a mountain and tormented daily by an eagle he befriends, an aimless American hitchhiker crossing a desert with a teddy bear, and an orphaned East African girl sent to kill, accompanied by a talking chicken. The first volume of a graphic novel about humanity and technology.",Wikipedia,1
OL:OL25803688W,The Employees,Olga Ravn,,2018,"Aboard the interstellar Six-Thousand Ship, human and humanoid crew members give numbered statements to a committee after taking aboard strange objects from a planet, as the humanoids grow attached to them and reject the idea that they were made only for work. A novel built from workplace reports that questions what makes someone human.",Wikipedia,1
OL:OL17321997W,Here,Richard McGuire,,2014,"A single corner of one room is shown across hundreds of thousands of years, its overlapping panels jumping between prehistoric wilderness, the lives of the families who occupy the house, and a distant future. A wordless graphic novel known for using a fixed viewpoint to layer many eras at once.",Wikipedia,1
OL:OL34388805W,The Maniac,Benjamín Labatut,,2023,"The physicist Paul Ehrenfest despairs as science turns destructive, the polymath John von Neumann helps build the atomic bomb and the early computer, and decades later the Go master Lee Sedol faces the AI program AlphaGo. A fictionalized account centered on von Neumann and the rise of modern computing and artificial intelligence.",Wikipedia,1
OL:OL21016756W,A Void,Georges Perec,,1969,"Anton Vowl, an insomniac eccentric, goes missing in a Paris convulsed by unrest, and the friends who ransack his flat and search his diary for clues vanish one by one as they near the truth. A novel written entirely without the letter e.",Wikipedia,1
OL:OL3820668W,Textermination,Christine Brooke-Rose,,1991,"Emma Bovary, Emma Woodhouse, Captain Ahab, Odysseus, Huck Finn, and other figures from literature gather at the San Francisco Hilton for a convention where they pray to remain alive in readers' minds, until terrorists attack and television characters flood in. A satire of the academy, the literary canon, and cultural memory.",FLAG: no English Wikipedia page; grounded on publisher (New Directions) and reviews,1
OL:OL19341943W,The City & the City,China Miéville,,2009,"Inspector Tyador Borlú investigates a murder in the city of Besźel, a case that forces him across an invisible border into Ul Qoma, a second city occupying the same physical space whose residents are trained to ""unsee"" one another. A detective novel set in two overlapping cities that won the Hugo, World Fantasy, and Arthur C. Clarke awards.",Wikipedia,1
OL:OL860032W,If This Is a Man / the Truce,Primo Levi,,1947–1963,"A young Italian Jewish chemist is deported to Auschwitz and records the daily struggle to survive the camp, then in the companion volume traces his long, wandering journey home across Eastern Europe after liberation. Two memoirs widely regarded as central works of Holocaust testimony.",Wikipedia,1
OL:OL10247572W,Sultana's Dream,Rokeya Sakhawat Hossain,,1905,"Sultana falls asleep and is led through Ladyland, a country where women run science and government while men are kept secluded indoors, powered by inventions that harness solar energy and control the weather. An early feminist science fiction story that inverts the practice of purdah.",Wikipedia,1
OL:OL19908W,Kim,Rudyard Kipling,,1901,"Kimball O'Hara, an orphaned white boy raised in the streets of Lahore, befriends a Tibetan lama on a spiritual quest and is recruited as a courier into the British spy network of the Great Game across colonial India. A novel about a boy moving between Indian and imperial worlds.",Wikipedia,1
OL:OL35700703W,Mussel Feast,Birgit Vanderbeke,,1990,"A mother and her two teenage children sit down to a celebratory meal of mussels, waiting for the father whose promotion they expect, and as the evening drags on the daughter's monologue lays bare the fear and tyranny that has ruled their household. A novella that mirrors the collapse of an authoritarian regime within one family.",FLAG: no English Wikipedia page; grounded on publisher (Peirene Press) and reviews,1
OL:OL19074847W,Overstory,Richard Powers,,2018,"Nine Americans, each marked in some way by trees, are drawn together around efforts to protect the last of the continent's old-growth forests, their separate stories converging into acts of activism and resistance. A novel about trees and human time that won the Pulitzer Prize for Fiction.",Wikipedia,1
OL:OL16810597W,The Luminaries,Eleanor Catton,,2013,"In 1866 gold-rush Hokitika, New Zealand, a stranger named Walter Moody stumbles into a secret meeting of twelve men investigating a vanished prospector, a dead hermit, and an attempted suicide, each connected to a fortune in gold. A novel structured around astrology that won the Booker Prize.",Wikipedia,1
OL:OL17625869W,The Green Road,Anne Enright,,2015,"Rosaleen Madigan's four grown children have scattered from County Clare to Dublin, New York, and Mali, and when she announces she will sell the family home they return for one last Christmas together. A novel told in two parts that follows each family member separately before bringing them back home.",Wikipedia,1
OL:OL17764501W,The Noise of Time,Julian Barnes,,2016,"The composer Dmitri Shostakovich waits by the elevator with a packed suitcase, expecting arrest after Stalin condemns his opera, and across three episodes endures the compromises and humiliations of making art under Soviet dictatorship. A historical novel about conscience and the cost of survival under tyranny.",Wikipedia,1
OL:OL17267887W,Tale for the Time Being,Ruth Ozeki,,2013,"In British Columbia, the writer Ruth finds a Hello Kitty lunchbox washed ashore containing the diary of Nao, a bullied Tokyo schoolgirl who plans to kill herself but first sets out to record the life of her Buddhist nun great-grandmother. A novel that alternates between the two women across the Pacific.",Wikipedia,1
OL:OL1905255W,The House of the Spirits,Isabel Allende,,1982,"Across four generations of the Trueba family, the clairvoyant Clara, her landowner husband Esteban, and their descendants live through love, feuds, and the political upheaval of an unnamed South American country leading to a military coup. A multigenerational family saga blending domestic life with magical realism.",Wikipedia,1
OL:OL3951520W,Middlesex,Jeffrey Eugenides,,2002,"Cal Stephanides, born intersex and raised as the girl Calliope in Detroit, traces a rare genetic mutation back through three generations of a Greek-American family, from a village in Asia Minor to the discovery of his true biology in adolescence. A family epic and coming-of-age story that won the Pulitzer Prize.",Wikipedia,1
OL:OL17363016W,The Emperor's Babe,Bernardine Evaristo,,2001,"Zuleika, a black Nubian girl married off to a wealthy older Roman in third-century Londinium, grows bored with her marriage and begins an affair with the visiting emperor Septimius Severus. A novel told in verse that mixes contemporary slang with Roman London.",Wikipedia,1
OL:OL971643W,Visitation,Jenny Erpenbeck,,2008,"A house on a lake outside Berlin passes through the hands of a dozen owners and occupants across a century of German history, from a Jewish family forced to flee to wartime requisition, the East German state, and reunification. A novel that tells the country's upheavals through one piece of land and its inhabitants.",FLAG: no English Wikipedia page; grounded on publisher (New Directions/Granta) and reviews,1
OL:OL894246W,Grey King,Susan Cooper,,1975,"Will Stanton, recovering from illness in the Welsh mountains, sets out with the white dog Cafall and the local boy Bran to wake the sleeping Sleepers and find a golden harp, fulfilling an ancient prophecy against the forces of the Dark. The fourth book in the Dark Is Rising sequence, winner of the Newbery Medal.",Wikipedia,1
OL:OL27494639W,Under Milk Wood,Dylan Thomas,,1954,"Over the course of one spring day and night, the inhabitants of the small Welsh seaside town of Llareggub reveal their dreams, secrets, and daily routines as two narrators guide the listener through their lives. A radio drama for voices known for its musical language and large cast of townsfolk.",Wikipedia,1
OL:OL45865W,Danny the Champion of the World,Roald Dahl,,1975,"Danny lives with his widowed father in a gypsy caravan beside their filling station, idolizing him until he discovers his father's secret hobby of poaching pheasants from the woods of the rich, cruel landowner Victor Hazell, and helps hatch an audacious plan. A children's novel about a boy and his father.",Wikipedia,1
OL:OL2233736W,The Pursuit of Love,Nancy Mitford,,1945,"Linda Radlett, the most beautiful and wayward daughter of the eccentric aristocratic Radlett family at Alconleigh, pursues love across the 1920s and 1930s, falling first for a Tory politician, then a Communist, and finally a French duke named Fabrice, all narrated by her cousin Fanny. A comic novel satirizing the British upper class, drawn closely from the author's own family.",Wikipedia,1
OL:OL1921198W,Libra,Don DeLillo,,1988,"Lee Harvey Oswald moves through his childhood, defection to the Soviet Union, and return to America, where he is drawn into a fictional CIA conspiracy to shoot at President Kennedy, while archivist Nicholas Branch tries decades later to assemble the assassination's fragments. A novel blending documented history with invented conspiracy.",Wikipedia,1
OL:OL228720W,If Beale Street Could Talk,James Baldwin,,1974,"In early 1970s Harlem, nineteen-year-old Tish discovers she is pregnant just as her fiancé Fonny, a young sculptor, is jailed on a false rape charge, and the two families work to free him before the baby arrives. The author's only novel narrated by a woman, centered on a Black couple's love and the legal system stacked against them.",Wikipedia,1
OL:OL1184856W,The Vagabond,Colette,,1910,"Renée Néré, a divorced woman in Paris, supports herself as a music-hall dancer and weighs a new suitor, Maxime, against the independence she has built, finally choosing her wandering life and a tour abroad over remarriage. Drawn from the author's own years performing after her divorce.",Wikipedia,1
OL:OL60979W,The Busconductor Hines,James Kelman,,1984,"Rab Hines hates his job as a Glasgow bus conductor and dreams of emigrating to Australia or training as a driver, while living with his wife Sandra and young son Paul in a cramped tenement flat. Written entirely in Glaswegian vernacular, it was the author's debut and drew attention for its working-class voice.",Wikipedia,1
OL:OL1326304W,The Bell,Iris Murdoch,,1958,"At Imber Court, an Anglican lay community beside a Benedictine convent in Gloucestershire, the arrival of a new bell coincides with the tangled lives of the unhappy Dora, the troubled leader Michael, and young Toby, leading to scandal and the community's collapse. A novel concerned with religion, guilt, and desire.",Wikipedia,1
OL:OL4212427W,A Compass Error,Sybille Bedford,,1968,"Flavia Herbert spends a summer in the south of France in the 1930s studying for Oxford while protecting her mother's affair, until a worldly older woman seduces her and exploits her trust, leaving lasting damage. A coming-of-age novel and sequel to A Favourite of the Gods.",Wikipedia,1
OL:OL3260491W,Waterland,Graham Swift,,1983,"Tom Crick, a history teacher in Greenwich facing forced retirement after his wife snatches a baby, abandons his lessons to tell his students about his childhood in the Fenland of eastern England, including a 1943 drowning, an abortion, and his family's dark secrets. A novel built from fragmented, non-chronological storytelling about history and the past.",Wikipedia,1
OL:OL2433540W,Tales of the City,Armistead Maupin,,1978,"Mary Ann Singleton leaves Cleveland for 1970s San Francisco and rents an apartment at 28 Barbary Lane, where the marijuana-growing landlady Anna Madrigal and tenants including Mona, Brian, and the gay Michael Tolliver become her new family. The first book in a series that began as a newspaper serial.",Wikipedia,1
OL:OL166971W,Demons,Fyodor Dostoevsky,,1872,"A provincial Russian town descends into chaos as the conspirator Pyotr Verkhovensky assembles a revolutionary cell and the magnetic, amoral aristocrat Nikolai Stavrogin exerts a destructive influence over those around him, leading to murder and suicide. A political novel attacking the radical and nihilist movements of the era, also translated as The Possessed and The Devils.",Wikipedia,1
OL:OL42397165W,The Loneliness of Sonia and Sunny,Kiran Desai,,2025,"Between 1996 and 2002, two young Indians whose families are long acquainted, the aspiring novelist Sonia and the struggling journalist Sunny, meet by chance on a train in India and carry on a romance that moves between India and the United States. Shortlisted for the 2025 Booker Prize.",Wikipedia,1
OL:OL20044855W,Transit,Rachel Cusk,,2016,"Faye, a writer newly divorced, moves back to London with her two sons and renovates a derelict flat, and the book unfolds through the conversations she has with builders, students, former lovers, and others she meets. The second book in the Outline trilogy, built almost entirely from other people's talk.","FLAG: no standalone English Wikipedia page for Transit — grounded on the Outline trilogy Wikipedia article, publisher, and NPR",1
OL:OL6831429W,The Bloater,Rosemary Tonks,,1968,"Min, a BBC sound engineer in London married to the barely-noticed George, is pursued by a pompous, physically overblown opera singer she nicknames the Bloater while weighing whether to take the musicologist Billy as a lover. A short comic novel written in a few weeks and long out of print before its rediscovery.",Wikipedia,1
OL:OL2645476W,Passing,Nella Larsen,,1929,"Irene Redfield, a light-skinned Black woman in 1920s Harlem, reunites with her childhood friend Clare Kendry, who has been passing as white and is married to a racist man unaware of her background, and grows increasingly anxious as Clare reenters her life. A novella that ends with Clare's fatal fall from a window.",Wikipedia,1
OL:OL43115667W,The Palliser Novels,Anthony Trollope,,1864–1880,"Across six linked novels, the wealthy aristocrat and politician Plantagenet Palliser and his wife Lady Glencora move through English political and social life, with recurring characters facing elections, scandals, marriages, and money troubles. A series concerned with Victorian parliamentary politics, running from Can You Forgive Her? to The Duke's Children.",Wikipedia,1
OL:OL28556190W,Miss Marjoribanks,Margaret Oliphant,,1866,"Lucilla Marjoribanks returns to the provincial town of Carlingford after her education and sets out to organize its social life around her weekly Thursday evenings, managing courtships and a parliamentary candidate until her father's sudden death exposes his ruined finances. The fifth book in the Chronicles of Carlingford.",Wikipedia,1
OL:OL41016555W,Pickwick Papers,Charles Dickens,,1837,"Samuel Pickwick and three fellow members of the Pickwick Club travel the English countryside by coach to report on what they see, falling into comic mishaps, a breach-of-promise lawsuit, and a debtors' prison, accompanied by Pickwick's sharp-tongued servant Sam Weller. The author's first novel, originally issued in monthly installments.",Wikipedia,1
OL:OL1449843W,The Road to the City,Natalia Ginzburg,,1942,"Delia, a seventeen-year-old girl from a poor rural family in Italy, longs to escape to the city and is seduced by Giulio, an affluent medical student she hopes to marry, overlooking her real feeling for the gentle Nini and ending up pregnant and resigned to her fate. The author's first published work, issued under a pseudonym during the war.",Wikipedia,1
OL:OL116089W,In the Time of the Butterflies,Julia Alvarez,,1994,"The Mirabal sisters—Patria, Minerva, María Teresa, and the surviving Dedé—live and resist under Rafael Trujillo's dictatorship in the Dominican Republic, joining the underground until three are murdered on a mountain road in 1960. Historical fiction based on the real sisters known as the Butterflies.",Wikipedia,1
OL:OL42974304W,Moderato Cantabile,Marguerite Duras,,1958,"Anne Desbaresdes, a wealthy woman taking her son to piano lessons in a small French town, becomes fixated on a murder she half-witnesses in a café and returns repeatedly to drink and talk with an unemployed man named Chauvin, imagining the dead lovers' relationship. A spare novel of repressed desire that brought the author wide fame.",Wikipedia,1
OL:OL19740451W,The Discomfort of Evening,Lucas Rijneveld,,2018,"Ten-year-old Jas lives with her strict Reformed family on a Dutch dairy farm and, after her older brother Matthies drowns in a skating accident, sinks into grief and disturbed behavior as the family falls apart. The author's debut novel, which won the International Booker Prize in 2020.",Wikipedia,1
OL:OL20150260W,Normal People,Sally Rooney,,2018,"In County Sligo, Ireland, popular schoolboy Connell and the wealthy outcast Marianne begin a secret relationship that continues, breaks, and resumes through their years at Trinity College in Dublin, shaped by class difference and miscommunication. Winner of the Costa Best Novel award and adapted for television.",Wikipedia,1
OL:OL37949460W,Intermezzo,Sally Rooney,,2024,"In Dublin and rural Ireland after their father's death, two brothers grieve and stumble through relationships: Ivan, a twenty-two-year-old former chess prodigy who falls for the older Margaret, and Peter, a thirty-two-year-old lawyer torn between his young girlfriend Naomi and his ex Sylvia. The author's fourth novel, focused on brothers and grief.",Wikipedia,1
OL:OL1925470W,The Bonfire of the Vanities,Tom Wolfe,,1987,"Sherman McCoy, a wealthy Wall Street bond trader, takes a wrong turn into the Bronx with his mistress and is involved in a hit-and-run that injures a young Black man, setting off a chain of events driven by ambitious lawyers, a tabloid journalist, and racial politics in 1980s New York. A satirical novel of greed and class first serialized in Rolling Stone.",Wikipedia,1
OL:OL16239762W,Gone Girl,Gillian Flynn,,2012,"On their fifth wedding anniversary in North Carthage, Missouri, Amy Dunne disappears and her husband Nick becomes the prime suspect, until alternating narratives and Amy's diary reveal that she has staged the whole disappearance to frame him. A psychological thriller alternating between the husband's and wife's accounts.",Wikipedia,1
OL:OL2824299W,The Light Years,Elizabeth Jane Howard,,1990,"Over the summers of 1937 and 1938, the wealthy Cazalet family—brothers Hugh, Edward, and Rupert, their wives, children, parents, and unmarried sister Rachel—gather at their Sussex country house as the threat of another world war approaches. The first book in the Cazalet Chronicles.","FLAG: no standalone English Wikipedia page for The Light Years — grounded on publisher, Goodreads, and review sources",1
OL:OL2435538W,Angel,Elizabeth Taylor,,1957,"Angelica Deverell, a shopkeeper's imaginative daughter, escapes her drab origins by writing wildly popular and absurd romance novels, gaining wealth and fame before sliding into critical ridicule, isolation, and decline. A novel charting the rise and fall of a deluded, self-important author.",Wikipedia,1
OL:OL1999221W,The Tunnel,William H. Gass,,1995,"William Frederick Kohler, a history professor who has just finished a major study of Nazi Germany, finds himself unable to write its introduction and instead pours out a bitter, digressive account of his own life while secretly digging a tunnel beneath his basement. A long, experimental novel that took its author twenty-six years to write.",Wikipedia,1
OL:OL119209W,A Boy's Own Story,Edmund White,,1982,"An unnamed narrator looks back on his adolescence in 1950s America as a self-conscious gay boy navigating early sexual encounters, family, and shame, culminating in his betraying a teacher he has slept with to the school authorities. A semi-autobiographical novel and the first of a trilogy.",Wikipedia,1
OL:OL2535336W,The Trick Is to Keep Breathing,Janice Galloway,,1989,"Joy Stone, a twenty-seven-year-old drama teacher living outside Glasgow, unravels into depression, anorexia, and self-blame after her married lover drowns on holiday and her mother dies. The author's debut, told in an experimental style that plays with typography and stream of consciousness.",Wikipedia,1
OL:OL16509148W,The Song of Achilles,Madeline Miller,,2011,"Patroclus, exiled as a boy to Phthia, befriends and falls in love with the half-divine Achilles, training with the centaur Chiron and following him to the Trojan War, where Achilles' rage after Patroclus' death seals both their fates. A retelling of the Iliad from Patroclus' viewpoint that won the Orange Prize.",Wikipedia,1
OL:OL20878208W,"Detransition, Baby",Torrey Peters,,2021,"Reese, a trans woman who longs to be a mother, and her ex Ames, who has detransitioned to live as a man, are drawn back together when Ames's lover and boss Katrina becomes pregnant and the three consider raising the child together. A novel about gender, parenthood, and trans life, nominated for the Women's Prize for Fiction.",Wikipedia,1
OL:OL24511712W,The Trees,Percival L. Everett,,2021,"In Money, Mississippi, a series of murders of white men related to Emmett Till's killers each leave behind a second body resembling the lynched Till, and Black detectives Ed Morgan and Jim Davis investigate as similar killings spread across the country. A satirical novel about lynching and racial violence, shortlisted for the Booker Prize.",Wikipedia,1
OL:OL17343073W,Vernon Subutex 1,Virginie Despentes,,2015,"Vernon Subutex, once the owner of a famed Paris record shop, slides into homelessness after his benefactor rock star dies, then becomes the object of a frantic search because he holds the musician's last filmed confessions. The first book of a Paris-set trilogy that moves through a wide cast of contemporary French characters.",Wikipedia,1
OL:OL27811097W,Love Me Tender,Constance Debré,,2020,"After leaving her husband and lawyer career to write and date women, the narrator shares custody of her young son Paul until her ex turns against her, stripping her custody down to brief supervised visits as she lives between borrowed rooms. A work of autofiction about a mother's loss of her child and her pursuit of an austere, independent life.",Wikipedia,1
OL:OL27853003W,Big Swiss,Jen Beagin,,2023,"Greta, a forty-five-year-old who has moved to Hudson, New York, transcribes a sex therapist's sessions and becomes fixated on a client she nicknames Big Swiss, a married gynecologist, then engineers a chance meeting and an affair while hiding that she knows the woman's secrets. A comic novel about trauma, attraction, and deception.",Wikipedia,1
OL:OL27344918W,Mammoth,Eva Baltasar,,2022,"A disillusioned young lesbian academic in her late twenties sets out to get pregnant with no partner, then abandons the city for an isolated farmhouse where she tends lambs, takes up with a shepherd, and strips her life down to the raw. A short, harsh novel about wage labor, motherhood, and the urge to feel alive.",Wikipedia,1
OL:OL1916914W,A Long Way Down,Nick Hornby,,2005,"Four strangers meet on the roof of a London tower block on New Year's Eve, each intending to jump, and abandon their plans once they find one another: disgraced TV host Martin, devoted mother Maureen, teenage Jess, and American musician JJ. A dark comedy narrated in turn by the four would-be suicides.",Wikipedia,1
OL:OL27847855W,We All Want Impossible Things,Catherine Newman,,2022,"Ash moves her dying best friend Edi from New York into a hospice in her small Massachusetts town and spends Edi's last weeks at her side, reminiscing, while her own marriage falls apart and her daughter refuses school. A novel about friendship, caregiving, and grief that mixes humor with the slow approach of death.",Wikipedia,1
OL:OL5782000W,A Thousand Splendid Suns,Khaled Hosseini,,2007,"Mariam, an illegitimate girl from Herat, is married off to the Kabul shoemaker Rasheed, who years later also takes the much younger Laila as a second wife, and the two women endure his abuse through decades of Afghan war and Taliban rule. A novel about the bond between two women set against thirty years of Afghanistan's history.",Wikipedia,1
OL:OL1103203W,North and South,Elizabeth Gaskell,,1855,"Margaret Hale leaves the rural south of England for the grim industrial town of Milton, where she clashes with the mill owner John Thornton over a workers' strike and the hardships of factory life even as their antagonism turns to attraction. An industrial novel about the conflict between employers and workers and between tradition and modernity.",Wikipedia,1
OL:OL20743965W,Hamnet,Maggie O'Farrell,,2020,"In 1590s Stratford, the herbalist Agnes and her glove-maker husband raise their children while he works in London, and their eleven-year-old son Hamnet dies of plague, plunging the family into grief that later shapes the play Hamlet. A historical novel imagining the life and loss behind Shakespeare's family.",Wikipedia,1
OL:OL16142094W,Wonder,R. J. Palacio,,2012,"August Pullman, a ten-year-old born with a facial difference caused by Treacher Collins syndrome, leaves homeschooling to enter fifth grade at Beecher Prep, where he faces stares, bullying, and betrayal but also gains loyal friends. A children's novel told through several narrators about acceptance and kindness.",Wikipedia,1
OL:OL724072W,Heat of the Day,Elizabeth Bowen,,1948,"In wartime London after the Blitz, Stella Rodney is told by the intelligence agent Harrison that her lover Robert Kelway is a German spy, and that he will stay silent only if she leaves Robert for him. A novel of espionage, suspicion, and divided loyalties set in the early 1940s.",Wikipedia,1
OL:OL2883788W,Arturo's Island,Elsa Morante,,1957,"Arturo Gerace grows up nearly alone on the island of Procida in the Bay of Naples, idolizing his often-absent father, until the arrival of his young stepmother Nunziata and the discovery of his father's secrets strip away his illusions. A coming-of-age novel about a boy's passage from childhood fantasy to disenchantment.",Wikipedia,1
OL:OL12126363W,The Waiting Years,Fumiko Enchi,,1957,"In late nineteenth-century Japan, Tomo, the dutiful wife of the official Yukitomo, is sent to choose a concubine for her husband and then must absorb his serial affairs across decades while holding the household together. A novel about a woman's endurance within a patriarchal upper-class family.",Wikipedia,1
OL:OL672263W,Lead Us Into Temptation,Breandán Ó hEithir,,1976,"In a thinly disguised Galway during Easter 1949, around the declaration of the Irish Republic, the boozy university student Martin Melody drinks, chases women, and dodges study with his disreputable friends while his father lies dying. A comic novel of Irish student life and small-town characters, the only Irish-language book to top Ireland's bestseller list.",Wikipedia,1
OL:OL468850W,Of Love and Other Demons,Gabriel García Márquez,,1994,"In eighteenth-century colonial Cartagena, twelve-year-old Sierva María, the neglected daughter of a marquis, is bitten by a rabid dog and shut in a convent to be exorcised, where the priest Cayetano Delaura is sent to examine her and falls in love. A short novel about superstition, faith, and forbidden love.",Wikipedia,1
OL:OL5869525W,The Gathering,Anne Enright,,2007,"Veronica Hegarty gathers with her large Irish family in Dublin for the wake of her brother Liam, who drowned himself, and circles back over their shared childhood and a buried act of abuse she once witnessed. A novel narrated by a grieving sister piecing together her family's history.",Wikipedia,1
OL:OL15146628W,Miss Smilla's Feeling for Snow,Peter Høeg,,1992,"Smilla Jaspersen, a half-Inuit scientist living in Copenhagen, refuses to accept that a Greenlandic boy from her building died by accidentally falling from a snowy roof, and her reading of his tracks pulls her into a conspiracy reaching to a glacier off Greenland. A thriller built on its narrator's knowledge of snow and ice.",Wikipedia,1
OL:OL456089W,The Shipping News,Annie Proulx,,1993,"Quoyle, a hapless newspaperman from upstate New York, moves with his aunt and two daughters to his ancestral Newfoundland after his unfaithful wife dies, and rebuilds his life covering car wrecks and shipping news for a local paper. A novel about a broken man remaking himself in a harsh coastal community.",Wikipedia,1
OL:OL20937995W,Women Talking,Miriam Toews,,2018,"In an isolated Mennonite colony, eight women gather secretly in a hayloft to decide whether to stay, leave, or fight after learning that men in their community have been drugging and raping them, with August Epp recording their debate. A novel imagined from real assaults in a Bolivian Mennonite settlement.",Wikipedia,1
OL:OL11382843W,Territory of Light,Yuko Tsushima,,1979,"After her husband leaves her, an unnamed woman moves with her two-year-old daughter into a sunlit fourth-floor Tokyo apartment and spends a year struggling with single motherhood, her job, her child's tantrums, and pressure to reconcile. A novel following a young divorced mother across twelve months.",Wikipedia,1
OL:OL19343569W,Freshwater,Akwaeke Emezi,,2018,"Ada, a Nigerian girl born with one foot in the spirit world, carries ogbanje spirits who take fuller form after she moves to America for college and is assaulted, splitting into voices like the fierce Asughara who seize control of her life. A novel about a fractured self told largely by the spirits inhabiting her.",Wikipedia,1
