voter_name,canonical_id,role,position
Arun A.K.,F:4a532b6ba092,critic,4
Arun A.K.,F:68833666b0ff,critic,5
Arun A.K.,F:5d24502a089c,critic,2
Arun A.K.,F:ce13c498b74d,critic,3
Arun A.K.,F:fc902e079512,critic,1
Arun A.K.,F:85945816f94f,critic,6
Arun A.K.,F:41d225e6ff0b,critic,8
Arun A.K.,F:d472058d559a,critic,9
Arun A.K.,F:83ebc8b43c9d,critic,10
Arun A.K.,F:73ac13372020,critic,7
Carlos Abascal Peiró,F:4178c0f6fbb7,director,10
Carlos Abascal Peiró,F:7e52230dd02d,director,6
Carlos Abascal Peiró,F:176166e412b4,director,9
Carlos Abascal Peiró,F:c79c561e7b8b,director,4
Carlos Abascal Peiró,F:ed09733fe458,director,7
Carlos Abascal Peiró,F:8f9296d644c6,director,2
Carlos Abascal Peiró,F:8703270231ee,director,8
Carlos Abascal Peiró,F:3dd128840cc2,director,1
Carlos Abascal Peiró,F:b2a7ef1dc935,director,3
Carlos Abascal Peiró,F:7fa585215d06,director,5
Ali Abbasi,F:29e8c2663329,director,8
Ali Abbasi,F:944ad783759e,director,9
Ali Abbasi,F:73ac13372020,director,5
Ali Abbasi,F:83c734e30238,director,10
Ali Abbasi,F:146f1c3fc9b2,director,3
Ali Abbasi,F:31e3a3512a76,director,7
Ali Abbasi,F:6ff93b77cfca,director,6
Ali Abbasi,F:e507a2715d23,director,2
Ali Abbasi,F:f3a8723d695d,director,4
Ali Abbasi,F:f2576cb6533b,director,1
Mohammed Hashem Abdel-Salam,F:9f96298e4d23,critic,9
Mohammed Hashem Abdel-Salam,F:b132d89fef53,critic,10
Mohammed Hashem Abdel-Salam,F:83ebc8b43c9d,critic,6
Mohammed Hashem Abdel-Salam,F:7b5d85393630,critic,4
Mohammed Hashem Abdel-Salam,F:813bde6e3053,critic,5
Mohammed Hashem Abdel-Salam,F:03774d8054b0,critic,7
Mohammed Hashem Abdel-Salam,F:653f45346bcc,critic,8
Mohammed Hashem Abdel-Salam,F:125061f190de,critic,3
Mohammed Hashem Abdel-Salam,F:114ae73dd3a7,critic,2
Mohammed Hashem Abdel-Salam,F:0c208843518d,critic,1
Mo Abdi,F:4178c0f6fbb7,critic,8
Mo Abdi,F:b7dbf64232a8,critic,5
Mo Abdi,F:d8e24aa1ab58,critic,6
Mo Abdi,F:b5a06746734d,critic,10
Mo Abdi,F:d7a68fd84711,critic,2
Mo Abdi,F:83ebc8b43c9d,critic,7
Mo Abdi,F:ee3b9dd8a7d5,critic,4
Mo Abdi,F:97b42f962368,critic,9
Mo Abdi,F:9b23ab34b59b,critic,1
Mo Abdi,F:03a18fead1c1,critic,3
Gulnara Abikeyeva,F:bee09401fa7d,critic,10
Gulnara Abikeyeva,F:db77ae3955cc,critic,1
Gulnara Abikeyeva,F:9ed099161985,critic,9
Gulnara Abikeyeva,F:ab0eb0cb9906,critic,2
Gulnara Abikeyeva,F:8a7b215262e4,critic,8
Gulnara Abikeyeva,F:40fe831895c1,critic,4
Gulnara Abikeyeva,F:b8f8d4ab2bf6,critic,6
Gulnara Abikeyeva,F:ab8f04900cd7,critic,5
Gulnara Abikeyeva,F:b59055f29ae4,critic,7
Gulnara Abikeyeva,F:be7390f0c302,critic,3
Raphael Abraham,F:6b927993e1e1,critic,4
Raphael Abraham,F:c0891d475a49,critic,5
Raphael Abraham,F:bf6387f2c8ae,critic,10
Raphael Abraham,F:bee09401fa7d,critic,7
Raphael Abraham,F:7b5d85393630,critic,8
Raphael Abraham,F:513a2be572a8,critic,1
Raphael Abraham,F:d1188b34b03c,critic,9
Raphael Abraham,F:59ad7c389a61,critic,6
Raphael Abraham,F:c57d23af360b,critic,2
Raphael Abraham,F:df99a097e950,critic,3
Amjad Abu Alala,F:a0c4a4e80efe,director,5
Amjad Abu Alala,F:97b42f962368,director,10
Amjad Abu Alala,F:29e8c2663329,director,9
Amjad Abu Alala,F:74b03fbb797f,director,6
Amjad Abu Alala,F:831c9cd8d8f7,director,1
Amjad Abu Alala,F:bfe5d9d523ed,director,4
Amjad Abu Alala,F:3c781cd7cdf8,director,8
Amjad Abu Alala,F:ca22974a53b4,director,2
Amjad Abu Alala,F:8d23686057fa,director,3
Amjad Abu Alala,F:d2c81bee4c02,director,7
Inka Achté,F:369267b746ad,critic,4
Inka Achté,F:2742988baa31,critic,1
Inka Achté,F:d270087b657a,critic,6
Inka Achté,F:f8abdb2ec9d8,critic,9
Inka Achté,F:bf3fb98d59b5,critic,3
Inka Achté,F:fd1c97f46249,critic,5
Inka Achté,F:6df960d01ebc,critic,8
Inka Achté,F:325075869126,critic,10
Inka Achté,F:956475a4dbc4,critic,2
Inka Achté,F:167dabbadece,critic,7
Panos Achtsioglou,F:b5a06746734d,critic,10
Panos Achtsioglou,F:bf6387f2c8ae,critic,9
Panos Achtsioglou,F:b132d89fef53,critic,8
Panos Achtsioglou,F:95bd800bd9e5,critic,2
Panos Achtsioglou,F:03774d8054b0,critic,6
Panos Achtsioglou,F:d472058d559a,critic,4
Panos Achtsioglou,F:125061f190de,critic,3
Panos Achtsioglou,F:9f96298e4d23,critic,7
Panos Achtsioglou,F:1c8565784f6c,critic,1
Panos Achtsioglou,F:83ebc8b43c9d,critic,5
Mark Adams,F:9f96298e4d23,critic,8
Mark Adams,F:bf6387f2c8ae,critic,9
Mark Adams,F:058d2051730e,critic,1
Mark Adams,F:03b3065dc545,critic,5
Mark Adams,F:b5a06746734d,critic,10
Mark Adams,F:e499a42520f0,critic,2
Mark Adams,F:b2910882a46d,critic,4
Mark Adams,F:08966bbb6c53,critic,7
Mark Adams,F:bd9efaa29502,critic,3
Mark Adams,F:6744994f98f6,critic,6
Margit Adorf,F:af3336b803be,critic,9
Margit Adorf,F:492dbc30b1a5,critic,1
Margit Adorf,F:cc654d1a6bab,critic,7
Margit Adorf,F:e4c949fb454a,critic,8
Margit Adorf,F:6ef9ec2a60f2,critic,10
Margit Adorf,F:cc32d7e75c84,critic,5
Margit Adorf,F:414feae8774b,critic,6
Margit Adorf,F:91f342e0ee8c,critic,2
Margit Adorf,F:37408340fe58,critic,3
Margit Adorf,F:4d272afb6728,critic,4
Kaleem Aftab,F:ed913192d169,critic,10
Kaleem Aftab,F:d20d0ba20070,critic,4
Kaleem Aftab,F:002dd21bef36,critic,8
Kaleem Aftab,F:f8abdb2ec9d8,critic,9
Kaleem Aftab,F:4c5dc849b88b,critic,6
Kaleem Aftab,F:ca241fd9482a,critic,7
Kaleem Aftab,F:39e3a940a1e3,critic,1
Kaleem Aftab,F:b7f6d007c6cb,critic,3
Kaleem Aftab,F:22a39aaa9252,critic,5
Kaleem Aftab,F:a489217c73f6,critic,2
Manish Agarwal,F:2b8f2194d907,critic,6
Manish Agarwal,F:b0ababe3b667,critic,2
Manish Agarwal,F:d1188b34b03c,critic,9
Manish Agarwal,F:03b3065dc545,critic,8
Manish Agarwal,F:fbac63dcd9cf,critic,7
Manish Agarwal,F:79e927c6fa34,critic,3
Manish Agarwal,F:57a1bf06a3b8,critic,5
Manish Agarwal,F:a178dcbc5c71,critic,1
Manish Agarwal,F:17fcc038144d,critic,4
Carlos Aguilar,F:a6afdeba50a0,critic,1
Carlos Aguilar,F:2320d0b9141c,critic,8
Carlos Aguilar,F:cd4f0bc1f59f,critic,2
Carlos Aguilar,F:b534c87e235d,critic,4
Carlos Aguilar,F:c4ccc94704de,critic,3
Carlos Aguilar,F:fbac63dcd9cf,critic,9
Carlos Aguilar,F:e24ef98e5c4b,critic,6
Carlos Aguilar,F:7af3bfecc2a8,critic,7
Carlos Aguilar,F:36b3bcc77b0c,critic,5
Carlos Aguilar,F:6744994f98f6,critic,10
Khadar Ayderus Ahmed,F:5f9daceb0454,director,6
Khadar Ayderus Ahmed,F:b40f633c9f6e,director,2
Khadar Ayderus Ahmed,F:08966bbb6c53,director,10
Khadar Ayderus Ahmed,F:efb0b3c4281e,director,5
Khadar Ayderus Ahmed,F:16913ba1d831,director,8
Khadar Ayderus Ahmed,F:d7295c214f87,director,1
Khadar Ayderus Ahmed,F:750dd0c76ac0,director,4
Khadar Ayderus Ahmed,F:d1188b34b03c,director,9
Khadar Ayderus Ahmed,F:f58915ed95d4,director,7
Khadar Ayderus Ahmed,F:e805a7556a1d,director,3
Omar Ahmed,F:b81ddc038404,critic,9
Omar Ahmed,F:9e103f641ac9,critic,10
Omar Ahmed,F:9973641ae25e,critic,1
Omar Ahmed,F:593fbbab1bb0,critic,8
Omar Ahmed,F:bfdd52aff163,critic,4
Omar Ahmed,F:ece11069f372,critic,5
Omar Ahmed,F:68833666b0ff,critic,7
Omar Ahmed,F:56af172af41b,critic,3
Omar Ahmed,F:f4f7108c9045,critic,2
Omar Ahmed,F:9fb492d42a50,critic,6
Oris Aigbokhaevbolo,F:bf6387f2c8ae,critic,10
Oris Aigbokhaevbolo,F:ed913192d169,critic,7
Oris Aigbokhaevbolo,F:b7d2e3d83208,critic,3
Oris Aigbokhaevbolo,F:e2bff7956338,critic,9
Oris Aigbokhaevbolo,F:6fa1e8389139,critic,2
Oris Aigbokhaevbolo,F:41d225e6ff0b,critic,4
Oris Aigbokhaevbolo,F:8b4b310f435e,critic,5
Oris Aigbokhaevbolo,F:bee09401fa7d,critic,8
Oris Aigbokhaevbolo,F:bd648fce3b3f,critic,6
Oris Aigbokhaevbolo,F:28f9532eaa8a,critic,1
Karim Aïnouz,F:10e86670da04,director,9
Karim Aïnouz,F:008495919c65,director,6
Karim Aïnouz,F:076854ed976a,director,1
Karim Aïnouz,F:4266847ae72e,director,2
Karim Aïnouz,F:34cf774aeffe,director,5
Karim Aïnouz,F:a9519db91181,director,8
Karim Aïnouz,F:c9a62b53f643,director,4
Karim Aïnouz,F:c78c6b97f980,director,7
Karim Aïnouz,F:02ded6e20b97,director,10
Karim Aïnouz,F:1bc5acc7eba9,director,3
Ian Aitken,F:b5a06746734d,critic,10
Ian Aitken,F:4178c0f6fbb7,critic,7
Ian Aitken,F:95bd800bd9e5,critic,2
Ian Aitken,F:9f96298e4d23,critic,9
Ian Aitken,F:c0891d475a49,critic,3
Ian Aitken,F:e2bff7956338,critic,8
Ian Aitken,F:d117472f572e,critic,5
Ian Aitken,F:03774d8054b0,critic,6
Ian Aitken,F:bee09401fa7d,critic,4
Ian Aitken,F:242bcffbc89a,critic,1
Daisuke Akasaka,F:c5102a15cb40,critic,2
Daisuke Akasaka,F:0a781a482623,critic,7
Daisuke Akasaka,F:0fabeae822b4,critic,5
Daisuke Akasaka,F:53bf7c9b2295,critic,6
Daisuke Akasaka,F:fa67bac04dc2,critic,3
Daisuke Akasaka,F:e160353f8b27,critic,4
Daisuke Akasaka,F:042e604b03c9,critic,1
Daisuke Akasaka,F:6c6d0bc5ce49,critic,9
Daisuke Akasaka,F:2ec8e3a6b8aa,critic,10
Daisuke Akasaka,F:25344d9e0b31,critic,8
Mania Akbari,F:2b5543b4c339,director,4
Mania Akbari,F:087f773c406b,director,6
Mania Akbari,F:8fc32725b37f,director,9
Mania Akbari,F:cb689f3e2a97,director,10
Mania Akbari,F:0d1fd8db8fb0,director,8
Mania Akbari,F:221a46a574d6,director,7
Mania Akbari,F:654010b7ed96,director,2
Mania Akbari,F:76cf726e11ce,director,5
Mania Akbari,F:4f02ee963f27,director,1
Mania Akbari,F:cb84c6ad2cd5,director,3
Desiree Akhavan,F:e24ef98e5c4b,director,8
Desiree Akhavan,F:9dcda2fe3a7e,director,3
Desiree Akhavan,F:1961bdb691aa,director,9
Desiree Akhavan,F:1838ee94a228,director,2
Desiree Akhavan,F:27bb3657eaff,director,4
Desiree Akhavan,F:10e86670da04,director,10
Desiree Akhavan,F:74c5f4d1395f,director,5
Desiree Akhavan,F:65393b2ac77a,director,7
Desiree Akhavan,F:e4227f57ad92,director,6
Desiree Akhavan,F:d805611540e6,director,1
Isra Al Kassi,F:c1e955770d31,critic,2
Isra Al Kassi,F:57a1bf06a3b8,critic,9
Isra Al Kassi,F:bd7bfe5f9667,critic,1
Isra Al Kassi,F:f8ab762e9652,critic,5
Isra Al Kassi,F:c520dfb264f7,critic,4
Isra Al Kassi,F:03774d8054b0,critic,10
Isra Al Kassi,F:4c5dc849b88b,critic,8
Isra Al Kassi,F:04242e34e9b2,critic,7
Isra Al Kassi,F:ffdb9349f92c,critic,3
Isra Al Kassi,F:ff575e494ec5,critic,6
Antoneta Alamat Kusijanović,F:325075869126,director,9
Antoneta Alamat Kusijanović,F:fb1858f30417,director,4
Antoneta Alamat Kusijanović,F:a9268c8f563c,director,2
Antoneta Alamat Kusijanović,F:03b3065dc545,director,8
Antoneta Alamat Kusijanović,F:4434c6705bd6,director,7
Antoneta Alamat Kusijanović,F:c78c6b97f980,director,6
Antoneta Alamat Kusijanović,F:de151d330568,director,3
Antoneta Alamat Kusijanović,F:9daa251a7795,director,5
Antoneta Alamat Kusijanović,F:08966bbb6c53,director,10
Antoneta Alamat Kusijanović,F:1174da45c280,director,1
Antti Alanen,F:6b99fd08dcc8,critic,1
Antti Alanen,F:69f5bed6f836,critic,10
Antti Alanen,F:7dacc043e524,critic,9
Antti Alanen,F:122fb2de00e8,critic,6
Antti Alanen,F:aeb0786beba4,critic,3
Antti Alanen,F:d8be33a7aa37,critic,8
Antti Alanen,F:2b5543b4c339,critic,2
Antti Alanen,F:9113deb430d0,critic,7
Antti Alanen,F:99525f6dd03f,critic,5
Antti Alanen,F:59e546399154,critic,4
Sy Alassane,F:c22c42cd69b9,director,8
Sy Alassane,F:9b0ae697053e,director,5
Sy Alassane,F:a9e6b3878b45,director,6
Sy Alassane,F:29be497f95ce,director,7
Sy Alassane,F:747708787a3f,director,4
Sy Alassane,F:15e746d63958,director,1
Sy Alassane,F:ab6377087725,director,3
Sy Alassane,F:59ad7c389a61,director,9
Sy Alassane,F:1df1420813b7,director,2
Saleem Albeik,F:97b42f962368,critic,7
Saleem Albeik,F:15298623ef1f,critic,2
Saleem Albeik,F:9f96298e4d23,critic,9
Saleem Albeik,F:69f5bed6f836,critic,8
Saleem Albeik,F:edfb01f5a9d6,critic,5
Saleem Albeik,F:83ebc8b43c9d,critic,6
Saleem Albeik,F:bf6387f2c8ae,critic,10
Saleem Albeik,F:95bd800bd9e5,critic,3
Saleem Albeik,F:8fe1bdde11ef,critic,4
Saleem Albeik,F:25c92cc36090,critic,1
Rommy Albers,F:bf6387f2c8ae,critic,9
Rommy Albers,F:b132d89fef53,critic,8
Rommy Albers,F:6ff93b77cfca,critic,5
Rommy Albers,F:03774d8054b0,critic,7
Rommy Albers,F:6a2cf6c39785,critic,4
Rommy Albers,F:c0891d475a49,critic,6
Rommy Albers,F:b5a06746734d,critic,10
Rommy Albers,F:d40068f45bd3,critic,1
Rommy Albers,F:ecd874fca144,critic,3
Rommy Albers,F:e70b97ffada6,critic,2
Marcelo Alderete,F:391303f33124,critic,3
Marcelo Alderete,F:15bcedf51ef8,critic,9
Marcelo Alderete,F:d63f22c37e98,critic,6
Marcelo Alderete,F:a7fb4794b496,critic,5
Marcelo Alderete,F:7a7c0ff849d4,critic,8
Marcelo Alderete,F:dd6224a2afb8,critic,2
Marcelo Alderete,F:78187c278ed3,critic,1
Marcelo Alderete,F:090832505b0f,critic,10
Marcelo Alderete,F:01f13a3870f3,critic,4
Marcelo Alderete,F:87ddccd7c29d,critic,7
Neta Alexander,F:665eab0ab9d1,critic,7
Neta Alexander,F:69f5bed6f836,critic,8
Neta Alexander,F:83c734e30238,critic,10
Neta Alexander,F:1ec59921ffd0,critic,4
Neta Alexander,F:b132d89fef53,critic,9
Neta Alexander,F:dfc3ec48e6dd,critic,2
Neta Alexander,F:df99a097e950,critic,5
Neta Alexander,F:c7207be8bc73,critic,1
Neta Alexander,F:41912772ddcd,critic,6
Neta Alexander,F:3d57bbc1680d,critic,3
Francisco Algarín Navarro,F:1f0ca375af6b,critic,3
Francisco Algarín Navarro,F:c0c04fa29ecf,critic,5
Francisco Algarín Navarro,F:6ccdefca0b58,critic,7
Francisco Algarín Navarro,F:68e1f9f01713,critic,1
Francisco Algarín Navarro,F:db6b94d35e6f,critic,4
Francisco Algarín Navarro,F:498eeb20c2a6,critic,9
Francisco Algarín Navarro,F:5a4af43e909a,critic,2
Francisco Algarín Navarro,F:6469c41806aa,critic,6
Francisco Algarín Navarro,F:ab12d0c9c355,critic,8
Jonathan Ali,F:a064dc2569b9,critic,4
Jonathan Ali,F:e147c7e3e29c,critic,7
Jonathan Ali,F:55ad4fb0baae,critic,9
Jonathan Ali,F:83c734e30238,critic,10
Jonathan Ali,F:5e201ce6e4d7,critic,5
Jonathan Ali,F:f9b6370c1fc2,critic,6
Jonathan Ali,F:3a0961a7d16c,critic,3
Jonathan Ali,F:2b7e39190eaa,critic,2
Jonathan Ali,F:ab3814660fc0,critic,1
Jonathan Ali,F:b7b17347ab6a,critic,8
Mubarak Ali,F:4e2bc3c14baa,critic,5
Mubarak Ali,F:7a7c0ff849d4,critic,6
Mubarak Ali,F:83c734e30238,critic,10
Mubarak Ali,F:0565ff7fd56c,critic,8
Mubarak Ali,F:7cdcf0b32a06,critic,9
Mubarak Ali,F:47aed005507a,critic,3
Mubarak Ali,F:f487433720d3,critic,7
Mubarak Ali,F:015ca6b0fd67,critic,1
Mubarak Ali,F:3ed8fcd3c75c,critic,2
Mubarak Ali,F:09874e3f5d06,critic,4
Sitora Alieva,F:b132d89fef53,critic,10
Sitora Alieva,F:5931e44a9fad,critic,3
Sitora Alieva,F:29e8c2663329,critic,9
Sitora Alieva,F:d472058d559a,critic,8
Sitora Alieva,F:9daa251a7795,critic,6
Sitora Alieva,F:1f696ff5de67,critic,4
Sitora Alieva,F:1174da45c280,critic,2
Sitora Alieva,F:6bd726b305a8,critic,5
Sitora Alieva,F:b0360159539e,critic,7
Sitora Alieva,F:dd508c3a270d,critic,1
Khalik Allah,F:bfcbebab5dec,director,2
Khalik Allah,F:5086f9152aaf,director,6
Khalik Allah,F:17921fa670f1,director,1
Khalik Allah,F:8a7b215262e4,director,8
Khalik Allah,F:f4b3aaca24c7,director,10
Khalik Allah,F:d6e0f91da95c,director,5
Khalik Allah,F:18febe4125b6,director,9
Khalik Allah,F:5f021aa369d3,director,7
Khalik Allah,F:e731e612e618,director,3
Khalik Allah,F:36807722640e,director,4
Sandra Alland,F:e7ffac0861c7,critic,4
Sandra Alland,F:77c66df4e8e1,critic,2
Sandra Alland,F:7a86f6bfe4b7,critic,8
Sandra Alland,F:ab87aa838d6d,critic,7
Sandra Alland,F:42f24d671f9a,critic,1
Sandra Alland,F:cf622d49687f,critic,6
Sandra Alland,F:5e55d15a0567,critic,5
Sandra Alland,F:92dbbd1bb00b,critic,9
Sandra Alland,F:6e443948b1d8,critic,3
Sandra Alland,F:ab0f17904050,critic,10
Julien Allen,F:813bde6e3053,critic,9
Julien Allen,F:5c226aa5de90,critic,6
Julien Allen,F:85023f1ca7a0,critic,1
Julien Allen,F:66f271e27785,critic,3
Julien Allen,F:4418a62420bf,critic,5
Julien Allen,F:76f8cccf860c,critic,8
Julien Allen,F:d2e4f5e8f98d,critic,7
Julien Allen,F:f88fe6fb9a21,critic,2
Julien Allen,F:e4e5d0b8b474,critic,10
Julien Allen,F:82871fa40fd5,critic,4
Thomas Allenbach,F:bf6387f2c8ae,critic,8
Thomas Allenbach,F:e2bff7956338,critic,7
Thomas Allenbach,F:83c734e30238,critic,10
Thomas Allenbach,F:0565ff7fd56c,critic,4
Thomas Allenbach,F:8fe1bdde11ef,critic,3
Thomas Allenbach,F:214b96df970a,critic,1
Thomas Allenbach,F:03809811ea9b,critic,2
Thomas Allenbach,F:e4e5d0b8b474,critic,6
Thomas Allenbach,F:b5a06746734d,critic,9
Thomas Allenbach,F:813bde6e3053,critic,5
Claire Allouche,F:96b0125c2257,critic,6
Claire Allouche,F:73bc2b4ab8ea,critic,5
Claire Allouche,F:ff478deae1ed,critic,7
Claire Allouche,F:091d6c34db3a,critic,1
Claire Allouche,F:c22c42cd69b9,critic,10
Claire Allouche,F:2e82de15bf77,critic,4
Claire Allouche,F:da8f9dbede74,critic,2
Claire Allouche,F:83532d3be249,critic,3
Claire Allouche,F:2da4899c687b,critic,8
Claire Allouche,F:f87b3c091815,critic,9
Nellie Alston,F:08966bbb6c53,critic,10
Nellie Alston,F:cbb0587ba064,critic,9
Nellie Alston,F:a7dc5420f605,critic,6
Nellie Alston,F:3d57bbc1680d,critic,5
Nellie Alston,F:10e86670da04,critic,8
Nellie Alston,F:c634a396ca86,critic,1
Nellie Alston,F:9092dd8aef43,critic,4
Nellie Alston,F:71104744785f,critic,2
Nellie Alston,F:72589a3b5fa2,critic,3
Nellie Alston,F:28d41c264f9a,critic,7
Tunico Amâncio,F:bf6387f2c8ae,critic,9
Tunico Amâncio,F:8b4b310f435e,critic,5
Tunico Amâncio,F:19eb92f7e110,critic,2
Tunico Amâncio,F:b132d89fef53,critic,8
Tunico Amâncio,F:93a1beda19cd,critic,4
Tunico Amâncio,F:b5a06746734d,critic,10
Tunico Amâncio,F:83ebc8b43c9d,critic,6
Tunico Amâncio,F:0df7362f710e,critic,3
Tunico Amâncio,F:03774d8054b0,critic,7
Tunico Amâncio,F:9f4bdfd01cfb,critic,1
Shola Amoo,F:d0763320d002,director,2
Shola Amoo,F:9b6d7e6fd7d3,director,5
Shola Amoo,F:b132d89fef53,director,10
Shola Amoo,F:82871fa40fd5,director,4
Shola Amoo,F:2e9ddad51cab,director,3
Shola Amoo,F:4434c6705bd6,director,8
Shola Amoo,F:4cce2f95dd1b,director,6
Shola Amoo,F:57a1bf06a3b8,director,7
Shola Amoo,F:99516bf5226c,director,1
Shola Amoo,F:d1188b34b03c,director,9
Salvador Amores,F:f128272fb973,critic,7
Salvador Amores,F:5c226aa5de90,critic,9
Salvador Amores,F:b7dbf64232a8,critic,10
Salvador Amores,F:894a2bacef7f,critic,8
Salvador Amores,F:52158130c010,critic,4
Salvador Amores,F:0c9e13f7c1bd,critic,1
Salvador Amores,F:92f70cc71273,critic,5
Salvador Amores,F:5c7b5c32176b,critic,2
Salvador Amores,F:a0352b39f069,critic,6
Salvador Amores,F:46db5f2ee505,critic,3
Diego Andaluz,F:7af3bfecc2a8,critic,4
Diego Andaluz,F:29e8c2663329,critic,8
Diego Andaluz,F:b132d89fef53,critic,10
Diego Andaluz,F:653f45346bcc,critic,9
Diego Andaluz,F:993081619bf4,critic,3
Diego Andaluz,F:d0416491dc50,critic,5
Diego Andaluz,F:b0360159539e,critic,6
Diego Andaluz,F:f376d0dacdd0,critic,7
Diego Andaluz,F:3deebe327b41,critic,2
Diego Andaluz,F:98bb0cf30f73,critic,1
Nirit Anderman,F:c78c6b97f980,critic,5
Nirit Anderman,F:83c734e30238,critic,10
Nirit Anderman,F:f44713a09e4d,critic,7
Nirit Anderman,F:97b42f962368,critic,9
Nirit Anderman,F:10e86670da04,critic,6
Nirit Anderman,F:e4227f57ad92,critic,4
Nirit Anderman,F:f60d8a411d0b,critic,3
Nirit Anderman,F:9dcda2fe3a7e,critic,1
Nirit Anderman,F:ec7726632ac1,critic,8
Nirit Anderman,F:e0116f38d00c,critic,2
Allison Anders,F:e414fbe0b027,director,4
Allison Anders,F:b73822cfb14f,director,1
Allison Anders,F:4f6998b28856,director,2
Allison Anders,F:15bcedf51ef8,director,10
Allison Anders,F:264b0bf1dd83,director,6
Allison Anders,F:8ccaf0311759,director,5
Allison Anders,F:c6032c33754d,director,3
Allison Anders,F:d63f22c37e98,director,9
Allison Anders,F:424f6f84bc29,director,7
Allison Anders,F:2a9843e83d75,director,8
Jason Anderson,F:125061f190de,critic,6
Jason Anderson,F:2bcbc58a252d,critic,5
Jason Anderson,F:325075869126,critic,10
Jason Anderson,F:853aa70a4537,critic,1
Jason Anderson,F:38ccb3d447c3,critic,9
Jason Anderson,F:8db25a4797e8,critic,2
Jason Anderson,F:77324d1d150c,critic,3
Jason Anderson,F:aa65b1eedc05,critic,4
Jason Anderson,F:cb689f3e2a97,critic,7
Jason Anderson,F:4178c0f6fbb7,critic,8
Wes Anderson,F:53f709905db4,director,8
Wes Anderson,F:c958592352bf,director,1
Wes Anderson,F:4996e9b10df0,director,9
Wes Anderson,F:20a0a276094a,director,7
Wes Anderson,F:2b67b7ec085e,director,5
Wes Anderson,F:b7a3542a9794,director,6
Wes Anderson,F:dd03c7ae8bd4,director,10
Wes Anderson,F:b5a761c3c824,director,4
Wes Anderson,F:64d800fc0575,director,2
Wes Anderson,F:232b55ecd0c7,director,3
Roy Andersson,F:edfb01f5a9d6,director,8
Roy Andersson,F:838a18661382,director,3
Roy Andersson,F:4bbf32d00fd9,director,2
Roy Andersson,F:bee09401fa7d,director,9
Roy Andersson,F:6d78c0ecb7e7,director,10
Roy Andersson,F:53f709905db4,director,6
Roy Andersson,F:b5749f03606c,director,7
Roy Andersson,F:4c53a001a92c,director,5
Roy Andersson,F:6c5a28405e28,director,1
Roy Andersson,F:296c885895bb,director,4
Fábio Andrade,F:7a7c0ff849d4,critic,8
Fábio Andrade,F:6158c3acae8a,critic,6
Fábio Andrade,F:83c734e30238,critic,10
Fábio Andrade,F:aa65b1eedc05,critic,9
Fábio Andrade,F:833bef0fbef2,critic,4
Fábio Andrade,F:930e2118f326,critic,7
Fábio Andrade,F:e3ca227bfcab,critic,1
Fábio Andrade,F:f1f9458aedc5,critic,5
Fábio Andrade,F:8b7b711a6e5c,critic,2
Fábio Andrade,F:ba13ec1a812e,critic,3
Dudley Andrew,F:72d8bc7578ad,critic,4
Dudley Andrew,F:b7dbf64232a8,critic,5
Dudley Andrew,F:2bcbc58a252d,critic,7
Dudley Andrew,F:4178c0f6fbb7,critic,8
Dudley Andrew,F:4fd3c9a708f4,critic,2
Dudley Andrew,F:bf6387f2c8ae,critic,9
Dudley Andrew,F:002c591e702f,critic,6
Dudley Andrew,F:da2a7a0ed7fa,critic,1
Dudley Andrew,F:f96da45e774e,critic,3
Dudley Andrew,F:83c734e30238,critic,10
Geoff Andrew,F:f5b23bc11b1d,critic,5
Geoff Andrew,F:2bcbc58a252d,critic,6
Geoff Andrew,F:84fa7c2219d2,critic,4
Geoff Andrew,F:bf6387f2c8ae,critic,10
Geoff Andrew,F:9f96298e4d23,critic,9
Geoff Andrew,F:97b42f962368,critic,7
Geoff Andrew,F:ece757e25684,critic,3
Geoff Andrew,F:da2081de6713,critic,2
Geoff Andrew,F:325075869126,critic,8
Geoff Andrew,F:96b629ea4177,critic,1
Mallory Andrews,F:3dc11a61f1ca,critic,5
Mallory Andrews,F:cb689f3e2a97,critic,8
Mallory Andrews,F:727b4a394724,critic,4
Mallory Andrews,F:83c734e30238,critic,10
Mallory Andrews,F:653f45346bcc,critic,9
Mallory Andrews,F:d82151d9c18c,critic,3
Mallory Andrews,F:3870d5428078,critic,2
Mallory Andrews,F:75046ffb9b38,critic,7
Mallory Andrews,F:477977925947,critic,6
Mallory Andrews,F:a5770030b496,critic,1
Nigel Andrews,F:b5a06746734d,critic,10
Nigel Andrews,F:bf6387f2c8ae,critic,9
Nigel Andrews,F:fbac63dcd9cf,critic,6
Nigel Andrews,F:a6b2d4ef6e92,critic,3
Nigel Andrews,F:f71879711b8f,critic,7
Nigel Andrews,F:83d479d3ae29,critic,2
Nigel Andrews,F:146ec1241d81,critic,5
Nigel Andrews,F:7c9c923f35c0,critic,4
Nigel Andrews,F:4434c6705bd6,critic,8
Nigel Andrews,F:dbe689086831,critic,1
Javier Angulo,F:6b927993e1e1,critic,4
Javier Angulo,F:bf6387f2c8ae,critic,10
Javier Angulo,F:176166e412b4,critic,5
Javier Angulo,F:83ebc8b43c9d,critic,7
Javier Angulo,F:7b5d85393630,critic,6
Javier Angulo,F:73ac13372020,critic,3
Javier Angulo,F:d62c40a3d88f,critic,2
Javier Angulo,F:e2bff7956338,critic,8
Javier Angulo,F:299aafd38526,critic,1
Javier Angulo,F:08966bbb6c53,critic,9
Alberto Anile,F:bf6387f2c8ae,critic,9
Alberto Anile,F:e3db72878efa,critic,3
Alberto Anile,F:7dacc043e524,critic,5
Alberto Anile,F:83ebc8b43c9d,critic,7
Alberto Anile,F:b5a06746734d,critic,10
Alberto Anile,F:e2bff7956338,critic,8
Alberto Anile,F:edfb01f5a9d6,critic,6
Alberto Anile,F:d4937a407577,critic,2
Alberto Anile,F:078c56f7dec6,critic,4
Alberto Anile,F:0c208843518d,critic,1
Corrina Antrobus,F:96db1ec94fd6,critic,8
Corrina Antrobus,F:ffdb9349f92c,critic,3
Corrina Antrobus,F:bc23a0b30cb0,critic,5
Corrina Antrobus,F:d1188b34b03c,critic,10
Corrina Antrobus,F:f4b3aaca24c7,critic,6
Corrina Antrobus,F:34fc9bb1c02f,critic,2
Corrina Antrobus,F:29be497f95ce,critic,9
Corrina Antrobus,F:d284e87081b9,critic,4
Corrina Antrobus,F:5faf4e826922,critic,7
Corrina Antrobus,F:a43d60954b23,critic,1
João Antunes,F:b132d89fef53,critic,9
João Antunes,F:97b42f962368,critic,7
João Antunes,F:4178c0f6fbb7,critic,6
João Antunes,F:9f96298e4d23,critic,8
João Antunes,F:bf6387f2c8ae,critic,10
João Antunes,F:608e02fe3ca2,critic,2
João Antunes,F:f5b23bc11b1d,critic,3
João Antunes,F:9efcb3d93167,critic,1
João Antunes,F:d117472f572e,critic,5
João Antunes,F:176166e412b4,critic,4
Babak Anvari,F:860988085746,director,5
Babak Anvari,F:9e3f780a653d,director,2
Babak Anvari,F:ee2a2cfc2fc7,director,6
Babak Anvari,F:125061f190de,director,8
Babak Anvari,F:b132d89fef53,director,10
Babak Anvari,F:653f45346bcc,director,9
Babak Anvari,F:15fb724d4599,director,1
Babak Anvari,F:4409f275b372,director,4
Babak Anvari,F:d2506ebeb73e,director,7
Babak Anvari,F:59e7441be420,director,3
María Aparicio,F:b9519c0e0789,director,6
María Aparicio,F:7cdcf0b32a06,director,8
María Aparicio,F:4b1de0b58426,director,5
María Aparicio,F:e50df68cbfa5,director,3
María Aparicio,F:feaa04ac1109,director,7
María Aparicio,F:944ad783759e,director,9
María Aparicio,F:948612cf90f6,director,1
María Aparicio,F:fefe0b7e9840,director,2
María Aparicio,F:335a82ae62fd,director,4
Adriano Aprà,F:19eb92f7e110,critic,10
Adriano Aprà,F:301c7c600c7d,critic,1
Adriano Aprà,F:7ecd292638a9,critic,8
Adriano Aprà,F:28cbb3872882,critic,2
Adriano Aprà,F:ff5bdf04a167,critic,7
Adriano Aprà,F:853aa70a4537,critic,9
Adriano Aprà,F:8c19c11a0e35,critic,3
Adriano Aprà,F:a112a2d26944,critic,4
Adriano Aprà,F:f1a9f822d722,critic,5
Adriano Aprà,F:ca958d1a46e6,critic,6
Sharofat Arabova,F:edfb01f5a9d6,critic,6
Sharofat Arabova,F:cda1a8b3152c,critic,9
Sharofat Arabova,F:afa2cf1bc931,critic,1
Sharofat Arabova,F:e0fa4f112d72,critic,3
Sharofat Arabova,F:7b5d85393630,critic,8
Sharofat Arabova,F:bee09401fa7d,critic,7
Sharofat Arabova,F:34cf774aeffe,critic,5
Sharofat Arabova,F:83ebc8b43c9d,critic,10
Sharofat Arabova,F:838a18661382,critic,4
Sharofat Arabova,F:f1400046c859,critic,2
Magdalena Arau,F:00844f166378,critic,1
Magdalena Arau,F:eb6115735be9,critic,5
Magdalena Arau,F:10e86670da04,critic,9
Magdalena Arau,F:85023f1ca7a0,critic,4
Magdalena Arau,F:44d249fc6091,critic,6
Magdalena Arau,F:894f00fccd4a,critic,3
Magdalena Arau,F:63d46e5d8cef,critic,7
Magdalena Arau,F:157dd7703edd,critic,2
Magdalena Arau,F:75046ffb9b38,critic,10
Magdalena Arau,F:8fc32725b37f,critic,8
Inácio Araújo,F:5094c1da4d65,critic,7
Inácio Araújo,F:d5d45d8c9f1b,critic,6
Inácio Araújo,F:a974077eb9e0,critic,4
Inácio Araújo,F:518c3be86064,critic,1
Inácio Araújo,F:951e168add74,critic,5
Inácio Araújo,F:8f681498cddb,critic,2
Inácio Araújo,F:67f9c091abbe,critic,3
Inácio Araújo,F:d8e24aa1ab58,critic,8
Inácio Araújo,F:b5a06746734d,critic,9
Ina Archer,F:2bcbc58a252d,critic,7
Ina Archer,F:b2910882a46d,critic,6
Ina Archer,F:5e50831bc5da,critic,1
Ina Archer,F:83c734e30238,critic,10
Ina Archer,F:ef28514dc4e7,critic,5
Ina Archer,F:7cdcf0b32a06,critic,8
Ina Archer,F:5b9c8bdee226,critic,3
Ina Archer,F:53f90337bcd9,critic,2
Ina Archer,F:d1188b34b03c,critic,9
Ina Archer,F:930e2118f326,critic,4
Ray Argall,F:43611010276c,director,6
Ray Argall,F:d63f22c37e98,director,9
Ray Argall,F:9e103f641ac9,director,10
Ray Argall,F:a4f7c232b296,director,2
Ray Argall,F:5f06d725a1e2,director,4
Ray Argall,F:cdacaa64a889,director,7
Ray Argall,F:4a63c7d35151,director,5
Ray Argall,F:8597d9c9948f,director,3
Ray Argall,F:aa5b85412a3e,director,8
Ray Argall,F:d104d4299ce4,director,1
Ali Arikan,F:bf6387f2c8ae,critic,10
Ali Arikan,F:e2bff7956338,critic,9
Ali Arikan,F:ff75a05ba004,critic,1
Ali Arikan,F:09035fce59e3,critic,7
Ali Arikan,F:860988085746,critic,3
Ali Arikan,F:23bcdf10e622,critic,6
Ali Arikan,F:d117472f572e,critic,8
Ali Arikan,F:5d99bc43562a,critic,2
Ali Arikan,F:7c54b4356371,critic,4
Ali Arikan,F:1c8565784f6c,critic,5
Andrey Arnold,F:8796cf7b8683,critic,1
Andrey Arnold,F:608e02fe3ca2,critic,8
Andrey Arnold,F:29e8c2663329,critic,10
Andrey Arnold,F:f376d0dacdd0,critic,9
Andrey Arnold,F:9d5f6e82448b,critic,6
Andrey Arnold,F:cbd7326aca41,critic,2
Andrey Arnold,F:7af3bfecc2a8,critic,7
Andrey Arnold,F:7092fe43eaba,critic,3
Andrey Arnold,F:00f500a91ff3,critic,4
Andrey Arnold,F:cd5f735f7e72,critic,5
Phuttiphong Aroonpheng,F:d2c81bee4c02,director,4
Phuttiphong Aroonpheng,F:98d313d5e8c4,director,1
Phuttiphong Aroonpheng,F:29e8c2663329,director,9
Phuttiphong Aroonpheng,F:125061f190de,director,8
Phuttiphong Aroonpheng,F:b09fb8ce622b,director,5
Phuttiphong Aroonpheng,F:114ae73dd3a7,director,7
Phuttiphong Aroonpheng,F:e755afc950d9,director,2
Phuttiphong Aroonpheng,F:9f96298e4d23,director,10
Phuttiphong Aroonpheng,F:242774c76ce6,director,3
Phuttiphong Aroonpheng,F:d0416491dc50,director,6
Álvaro Arroba,F:4178c0f6fbb7,critic,10
Álvaro Arroba,F:d5d45d8c9f1b,critic,9
Álvaro Arroba,F:e42d7b6122f3,critic,1
Álvaro Arroba,F:021d58f95670,critic,7
Álvaro Arroba,F:704ecdc4932f,critic,5
Álvaro Arroba,F:9fd82e2774e6,critic,3
Álvaro Arroba,F:646f1aa53793,critic,2
Álvaro Arroba,F:a454d3354c22,critic,8
Álvaro Arroba,F:bb224488a521,critic,6
Álvaro Arroba,F:5ac7462777a2,critic,4
Marco Arrocha,F:09874e3f5d06,critic,3
Marco Arrocha,F:31ccba01f02e,critic,4
Marco Arrocha,F:a454d3354c22,critic,5
Marco Arrocha,F:411df6bf4e5c,critic,1
Marco Arrocha,F:ec983a6c1ee5,critic,6
Marco Arrocha,F:27cc97d93f99,critic,7
Marco Arrocha,F:8481529aa9c4,critic,9
Marco Arrocha,F:afd704ac0dcc,critic,2
Marco Arrocha,F:55ad4fb0baae,critic,8
Marco Arrocha,F:11f597068baf,critic,10
José Arroyo,F:9f96298e4d23,critic,10
José Arroyo,F:edfb01f5a9d6,critic,7
José Arroyo,F:08966bbb6c53,critic,9
José Arroyo,F:40851c97fe02,critic,3
José Arroyo,F:e2bff7956338,critic,8
José Arroyo,F:b339d6c582f0,critic,6
José Arroyo,F:e3f9a5827411,critic,1
José Arroyo,F:4910ffd369f1,critic,2
José Arroyo,F:46194e616618,critic,4
José Arroyo,F:2320d0b9141c,critic,5
Anjelika Artyukh,F:51e23cb90365,critic,1
Anjelika Artyukh,F:b5a06746734d,critic,10
Anjelika Artyukh,F:090832505b0f,critic,8
Anjelika Artyukh,F:b7a375b81ea1,critic,2
Anjelika Artyukh,F:4434c6705bd6,critic,6
Anjelika Artyukh,F:4856ae18c1cd,critic,5
Anjelika Artyukh,F:7b5d85393630,critic,7
Anjelika Artyukh,F:b132d89fef53,critic,9
Anjelika Artyukh,F:f6ff4c164fbd,critic,4
Anjelika Artyukh,F:520af39d3f5c,critic,3
Joana Ascensão,F:b81ddc038404,critic,4
Joana Ascensão,F:8509b531b601,critic,2
Joana Ascensão,F:98aa847a19fe,critic,3
Joana Ascensão,F:7a7c0ff849d4,critic,8
Joana Ascensão,F:72d6d9bf2299,critic,6
Joana Ascensão,F:7cdcf0b32a06,critic,10
Joana Ascensão,F:8e8a8b10ef98,critic,1
Joana Ascensão,F:d8e24aa1ab58,critic,9
Joana Ascensão,F:9e103f641ac9,critic,7
Joana Ascensão,F:8c93104a11a8,critic,5
Mark Asch,F:269e50561c64,critic,5
Mark Asch,F:e3a29e728f76,critic,6
Mark Asch,F:dd77850060eb,critic,3
Mark Asch,F:4acddf379d28,critic,9
Mark Asch,F:b5a06746734d,critic,10
Mark Asch,F:ddee5a65e949,critic,1
Mark Asch,F:a9519db91181,critic,8
Mark Asch,F:8c2419d1eecf,critic,4
Mark Asch,F:aa65b1eedc05,critic,7
Mark Asch,F:1d103ee947b6,critic,2
Rodney Ascher,F:cd16eb87f4ea,director,1
Rodney Ascher,F:1788d550f931,director,5
Rodney Ascher,F:2acefd3cc528,director,4
Rodney Ascher,F:5e72b614b84c,director,2
Rodney Ascher,F:ae210c811b05,director,8
Rodney Ascher,F:099c0627afb5,director,7
Rodney Ascher,F:8badff5a0ec4,director,3
Rodney Ascher,F:9bc253a7e2b4,director,10
Rodney Ascher,F:67b0d09fb2d2,director,9
Rodney Ascher,F:8690297bc428,director,6
Marina Ashioti,F:653f45346bcc,critic,9
Marina Ashioti,F:090832505b0f,critic,7
Marina Ashioti,F:caabee7db5c9,critic,4
Marina Ashioti,F:2b8f2194d907,critic,5
Marina Ashioti,F:325075869126,critic,10
Marina Ashioti,F:f60d8a411d0b,critic,2
Marina Ashioti,F:77324d1d150c,critic,3
Marina Ashioti,F:e7a60e17fb03,critic,1
Marina Ashioti,F:cb689f3e2a97,critic,8
Marina Ashioti,F:0a600f29226c,critic,6
Jessica Ashman,F:be922adcc35a,director,6
Jessica Ashman,F:80476c85ac52,director,3
Jessica Ashman,F:9bc253a7e2b4,director,5
Jessica Ashman,F:80756e2dd540,director,1
Jessica Ashman,F:128bd06f3a58,director,2
Jessica Ashman,F:fa14126df2e7,director,4
Jessica Ashman,F:125061f190de,director,10
Jessica Ashman,F:6744994f98f6,director,9
Jessica Ashman,F:fbac63dcd9cf,director,8
Jessica Ashman,F:41d225e6ff0b,director,7
Manuel Asín,F:7dacc043e524,critic,10
Manuel Asín,F:83d479d3ae29,critic,5
Manuel Asín,F:6c6d0bc5ce49,critic,8
Manuel Asín,F:15cebbda1cd1,critic,9
Manuel Asín,F:5d1eeae30e1c,critic,4
Manuel Asín,F:00845128669c,critic,2
Manuel Asín,F:bd36ac33e745,critic,3
Manuel Asín,F:8db25a4797e8,critic,7
Manuel Asín,F:ec983a6c1ee5,critic,6
Manuel Asín,F:c448521882ce,critic,1
Jon Asp,F:ec7726632ac1,critic,6
Jon Asp,F:d8e24aa1ab58,critic,5
Jon Asp,F:b21e5cdba7f0,critic,3
Jon Asp,F:f487433720d3,critic,4
Jon Asp,F:1190a83ac033,critic,1
Jon Asp,F:944ad783759e,critic,7
Jon Asp,F:325075869126,critic,9
Jon Asp,F:653f45346bcc,critic,8
Jon Asp,F:b8c65bcb3d78,critic,2
Jon Asp,F:9f96298e4d23,critic,10
Luke Aspell,F:f51282aa60e8,critic,5
Luke Aspell,F:4eda700d0b80,critic,3
Luke Aspell,F:09a914de09e9,critic,7
Luke Aspell,F:894b85967332,critic,2
Luke Aspell,F:af2652189a5a,critic,1
Luke Aspell,F:83c734e30238,critic,10
Luke Aspell,F:3e088c64f4af,critic,8
Luke Aspell,F:068c465e7d9f,critic,4
Luke Aspell,F:ec7726632ac1,critic,9
Luke Aspell,F:933ec9beaa5b,critic,6
Matthew Asprey Gear,F:bf6387f2c8ae,critic,10
Matthew Asprey Gear,F:76f8cccf860c,critic,5
Matthew Asprey Gear,F:cbb0587ba064,critic,9
Matthew Asprey Gear,F:1c8565784f6c,critic,3
Matthew Asprey Gear,F:951e168add74,critic,2
Matthew Asprey Gear,F:069cda2e3235,critic,8
Matthew Asprey Gear,F:4856ae18c1cd,critic,7
Matthew Asprey Gear,F:4e2bc3c14baa,critic,6
Matthew Asprey Gear,F:cbca9660da1d,critic,4
Matthew Asprey Gear,F:1fe1a3f375d4,critic,1
Aditya Assarat,F:c6014c74c7ea,director,3
Aditya Assarat,F:7de0eaabaf36,director,2
Aditya Assarat,F:2b8f2194d907,director,7
Aditya Assarat,F:002c591e702f,director,9
Aditya Assarat,F:41912772ddcd,director,4
Aditya Assarat,F:41d225e6ff0b,director,6
Aditya Assarat,F:a6c082213a45,director,1
Aditya Assarat,F:6ffcf833b768,director,5
Aditya Assarat,F:e2bff7956338,director,10
Aditya Assarat,F:71c7b9363133,director,8
Olivier Assayas,F:b132d89fef53,director,10
Olivier Assayas,F:55ad4fb0baae,director,4
Olivier Assayas,F:078c56f7dec6,director,6
Olivier Assayas,F:1232574daf78,director,5
Olivier Assayas,F:b5749f03606c,director,7
Olivier Assayas,F:ed7d59c56f5d,director,3
Olivier Assayas,F:cc9503e9292d,director,1
Olivier Assayas,F:75046ffb9b38,director,8
Olivier Assayas,F:4178c0f6fbb7,director,9
Olivier Assayas,F:a4fbb368886c,director,2
Ari Aster,F:b5a06746734d,director,10
Ari Aster,F:83ebc8b43c9d,director,8
Ari Aster,F:6d78c0ecb7e7,director,6
Ari Aster,F:bd648fce3b3f,director,4
Ari Aster,F:75046ffb9b38,director,7
Ari Aster,F:b7dbf64232a8,director,3
Ari Aster,F:97b42f962368,director,9
Ari Aster,F:64af353ded24,director,1
Ari Aster,F:cbb0587ba064,director,5
Ari Aster,F:bf3c458ce933,director,2
Emily Atef,F:c78c6b97f980,director,10
Emily Atef,F:99525f6dd03f,director,6
Emily Atef,F:2da4899c687b,director,8
Emily Atef,F:9daa251a7795,director,7
Emily Atef,F:c823f40274e5,director,4
Emily Atef,F:0b59db9c3fd9,director,2
Emily Atef,F:114ae73dd3a7,director,9
Emily Atef,F:b8a27b2b119e,director,1
Emily Atef,F:efb0b3c4281e,director,3
Emily Atef,F:f1400046c859,director,5
Jerónimo Atehortúa,F:2fad03e3ad97,director,4
Jerónimo Atehortúa,F:7a7c0ff849d4,director,8
Jerónimo Atehortúa,F:7a4937c915f3,director,5
Jerónimo Atehortúa,F:44bd716e011d,director,1
Jerónimo Atehortúa,F:a9519db91181,director,9
Jerónimo Atehortúa,F:5bf728a15019,director,2
Jerónimo Atehortúa,F:73bc2b4ab8ea,director,3
Jerónimo Atehortúa,F:2da4899c687b,director,7
Jerónimo Atehortúa,F:34cf774aeffe,director,6
Jerónimo Atehortúa,F:944ad783759e,director,10
Michael Atkinson,F:bf6387f2c8ae,critic,9
Michael Atkinson,F:4178c0f6fbb7,critic,8
Michael Atkinson,F:ed09733fe458,critic,3
Michael Atkinson,F:03809811ea9b,critic,6
Michael Atkinson,F:b5a06746734d,critic,10
Michael Atkinson,F:146ec1241d81,critic,2
Michael Atkinson,F:4e2bc3c14baa,critic,4
Michael Atkinson,F:15298623ef1f,critic,7
Michael Atkinson,F:11f597068baf,critic,5
Michael Atkinson,F:b270f6c2406f,critic,1
Hervé Aubron,F:fdffe3f0bfb8,critic,3
Hervé Aubron,F:55ad4fb0baae,critic,4
Hervé Aubron,F:8fe1bdde11ef,critic,8
Hervé Aubron,F:e4e5d0b8b474,critic,9
Hervé Aubron,F:67f9c091abbe,critic,2
Hervé Aubron,F:ba2ff6c9eac4,critic,1
Hervé Aubron,F:b5a06746734d,critic,10
Hervé Aubron,F:f487433720d3,critic,5
Hervé Aubron,F:11f597068baf,critic,7
Hervé Aubron,F:f87b3c091815,critic,6
Jacques Aumont,F:e2bff7956338,critic,10
Jacques Aumont,F:539c30409d2b,critic,1
Jacques Aumont,F:002dd21bef36,critic,8
Jacques Aumont,F:23137aa71e5e,critic,5
Jacques Aumont,F:af8a444709e4,critic,6
Jacques Aumont,F:58f9e7707a27,critic,9
Jacques Aumont,F:8e5e88be2393,critic,4
Jacques Aumont,F:33bed4da2918,critic,3
Jacques Aumont,F:ac7020e391e2,critic,7
Jacques Aumont,F:f38d49c60995,critic,2
Giuseppe Pupi Avati,F:a5770030b496,director,3
Giuseppe Pupi Avati,F:2907bfe31ad2,director,6
Giuseppe Pupi Avati,F:6ae8c10ff551,director,5
Giuseppe Pupi Avati,F:83ebc8b43c9d,director,10
Giuseppe Pupi Avati,F:833cd8b378fb,director,4
Giuseppe Pupi Avati,F:22f3ae735864,director,2
Giuseppe Pupi Avati,F:edfb01f5a9d6,director,9
Giuseppe Pupi Avati,F:a5083fa04636,director,7
Giuseppe Pupi Avati,F:09035fce59e3,director,8
Giuseppe Pupi Avati,F:e20c69dc0df6,director,1
Eddie  Averill,F:7dacc043e524,critic,9
Eddie  Averill,F:842f32097573,critic,3
Eddie  Averill,F:d117472f572e,critic,10
Eddie  Averill,F:d5d45d8c9f1b,critic,7
Eddie  Averill,F:15298623ef1f,critic,8
Eddie  Averill,F:3a1db211ccc6,critic,4
Eddie  Averill,F:d2506ebeb73e,critic,5
Eddie  Averill,F:fc4050035da9,critic,1
Eddie  Averill,F:cf4f8f54b4df,critic,6
Eddie  Averill,F:7e30e8fe981c,critic,2
Lila Avilés,F:29e8c2663329,director,9
Lila Avilés,F:2320d0b9141c,director,4
Lila Avilés,F:1876b26426fa,director,5
Lila Avilés,F:97b42f962368,director,10
Lila Avilés,F:2da4899c687b,director,7
Lila Avilés,F:17fcc038144d,director,6
Lila Avilés,F:d6f2f0d75db0,director,1
Lila Avilés,F:d2c81bee4c02,director,2
Lila Avilés,F:7c9c923f35c0,director,3
Lila Avilés,F:002c591e702f,director,8
Hicham Awad,F:9cfb482519f5,critic,4
Hicham Awad,F:269ff03a9765,critic,8
Hicham Awad,F:9e103f641ac9,critic,9
Hicham Awad,F:1771f7b14c38,critic,1
Hicham Awad,F:f4e217197597,critic,7
Hicham Awad,F:15bcedf51ef8,critic,10
Hicham Awad,F:1981d43b26fb,critic,2
Hicham Awad,F:12578c3e4a3c,critic,5
Hicham Awad,F:b36e2106dd8c,critic,6
Hicham Awad,F:3deac5d8e90d,critic,3
Richard Ayoade,F:ed913192d169,director,5
Richard Ayoade,F:e067866bf78e,director,3
Richard Ayoade,F:6d78c0ecb7e7,director,8
Richard Ayoade,F:d440520d1dd8,director,1
Richard Ayoade,F:af4e177d1ed2,director,2
Richard Ayoade,F:8fe1bdde11ef,director,6
Richard Ayoade,F:d8e24aa1ab58,director,7
Richard Ayoade,F:97b42f962368,director,9
Richard Ayoade,F:bd648fce3b3f,director,4
Richard Ayoade,F:9f96298e4d23,director,10
Senem Aytac,F:f92de5796e6e,critic,3
Senem Aytac,F:438a00f863ad,critic,1
Senem Aytac,F:090832505b0f,critic,10
Senem Aytac,F:caabee7db5c9,critic,7
Senem Aytac,F:b4f220e86fba,critic,2
Senem Aytac,F:d2ac8fced14e,critic,9
Senem Aytac,F:8082e9c53944,critic,5
Senem Aytac,F:950c29bf9796,critic,8
Senem Aytac,F:2da4899c687b,critic,6
Senem Aytac,F:2eb5e0cd3ccf,critic,4
Rita Azevedo Gomes,F:5e303ce5e4f2,director,9
Rita Azevedo Gomes,F:f74c44fe7e92,director,8
Rita Azevedo Gomes,F:f366e93a7dec,director,4
Rita Azevedo Gomes,F:16ecf4d7dd20,director,2
Rita Azevedo Gomes,F:93439c123968,director,1
Rita Azevedo Gomes,F:b6490bda1d25,director,6
Rita Azevedo Gomes,F:20d9133d4111,director,3
Rita Azevedo Gomes,F:143259a9cf32,director,7
Rita Azevedo Gomes,F:f3a8723d695d,director,10
Rita Azevedo Gomes,F:dff50d8e23f6,director,5
Philippe Azoury,F:4ba839ad7713,critic,1
Philippe Azoury,F:f487433720d3,critic,5
Philippe Azoury,F:2bcbc58a252d,critic,9
Philippe Azoury,F:c34fe68dc6cf,critic,6
Philippe Azoury,F:20a0a276094a,critic,4
Philippe Azoury,F:f85c54efe544,critic,3
Philippe Azoury,F:a9519db91181,critic,8
Philippe Azoury,F:4acddf379d28,critic,10
Philippe Azoury,F:f87b3c091815,critic,7
Philippe Azoury,F:269fc98283c3,critic,2
Anna Babos,F:bef1d4864b29,critic,6
Anna Babos,F:5abf26686957,critic,4
Anna Babos,F:bc755870a771,critic,1
Anna Babos,F:122fb2de00e8,critic,9
Anna Babos,F:c48b24faa9f1,critic,7
Anna Babos,F:8082e9c53944,critic,10
Anna Babos,F:c0fb0aee874a,critic,5
Anna Babos,F:5214210e6b88,critic,2
Anna Babos,F:a3da129161b5,critic,3
Anna Babos,F:7be38868e0ce,critic,8
Alejandro Bachmann,F:5de6c4a1f227,critic,3
Alejandro Bachmann,F:325075869126,critic,9
Alejandro Bachmann,F:c530af7c9513,critic,4
Alejandro Bachmann,F:3607e9f1675c,critic,7
Alejandro Bachmann,F:83c734e30238,critic,10
Alejandro Bachmann,F:d270087b657a,critic,6
Alejandro Bachmann,F:9b395645bb4f,critic,1
Alejandro Bachmann,F:1342123c8f62,critic,5
Alejandro Bachmann,F:69f5bed6f836,critic,8
Alejandro Bachmann,F:b7f3bdbe57c3,critic,2
Anna Backman Rogers,F:9c7d37d05b63,critic,2
Anna Backman Rogers,F:15bcedf51ef8,critic,9
Anna Backman Rogers,F:4a156fefa5cb,critic,1
Anna Backman Rogers,F:b5b8d610e881,critic,7
Anna Backman Rogers,F:3870d5428078,critic,4
Anna Backman Rogers,F:f1f9458aedc5,critic,6
Anna Backman Rogers,F:68f067eb3cf7,critic,5
Anna Backman Rogers,F:d2ac8fced14e,critic,10
Anna Backman Rogers,F:37bbd65ea51f,critic,8
Anna Backman Rogers,F:424f6f84bc29,critic,3
Nicholas Baer,F:325075869126,critic,10
Nicholas Baer,F:944ad783759e,critic,8
Nicholas Baer,F:06fdbc95a00e,critic,1
Nicholas Baer,F:c9a62b53f643,critic,4
Nicholas Baer,F:64ab12e0c6ea,critic,2
Nicholas Baer,F:2ec8e3a6b8aa,critic,6
Nicholas Baer,F:3af703bb3bf8,critic,3
Nicholas Baer,F:69f5bed6f836,critic,9
Nicholas Baer,F:af9e3551238b,critic,5
Nicholas Baer,F:38ccb3d447c3,critic,7
Peter Bagrov,F:e4e5d0b8b474,critic,10
Peter Bagrov,F:25344d9e0b31,critic,4
Peter Bagrov,F:a5d0909bfd7e,critic,5
Peter Bagrov,F:3e7a3a8f8433,critic,6
Peter Bagrov,F:f88fe6fb9a21,critic,3
Peter Bagrov,F:9a8cc9360314,critic,1
Peter Bagrov,F:feaa04ac1109,critic,9
Peter Bagrov,F:d82151d9c18c,critic,7
Peter Bagrov,F:078c56f7dec6,critic,8
Peter Bagrov,F:308c0cf38e58,critic,2
Neil Bahadur,F:cd8b74b7b5a9,critic,5
Neil Bahadur,F:d98efec4c557,critic,1
Neil Bahadur,F:296c885895bb,critic,7
Neil Bahadur,F:141c47593aaa,critic,3
Neil Bahadur,F:ed258bfa07e7,critic,4
Neil Bahadur,F:45b24d0baf76,critic,2
Neil Bahadur,F:aa65b1eedc05,critic,10
Neil Bahadur,F:f85c54efe544,critic,6
Neil Bahadur,F:b7dbf64232a8,critic,8
Neil Bahadur,F:7a7c0ff849d4,critic,9
Abbas Baharloo,F:9f96298e4d23,critic,8
Abbas Baharloo,F:bf6387f2c8ae,critic,10
Abbas Baharloo,F:b132d89fef53,critic,9
Abbas Baharloo,F:e2bff7956338,critic,7
Abbas Baharloo,F:83ebc8b43c9d,critic,5
Abbas Baharloo,F:edfb01f5a9d6,critic,3
Abbas Baharloo,F:f53416daf440,critic,2
Abbas Baharloo,F:ec7726632ac1,critic,4
Abbas Baharloo,F:03774d8054b0,critic,6
Abbas Baharloo,F:c34fe68dc6cf,critic,1
Prano Bailey-Bond,F:11f597068baf,director,8
Prano Bailey-Bond,F:269fc98283c3,director,3
Prano Bailey-Bond,F:ec7726632ac1,director,9
Prano Bailey-Bond,F:090832505b0f,director,10
Prano Bailey-Bond,F:5da49dcce857,director,6
Prano Bailey-Bond,F:8d16a29854c9,director,4
Prano Bailey-Bond,F:52e69edc134a,director,1
Prano Bailey-Bond,F:42055019662f,director,2
Prano Bailey-Bond,F:11fff6d5f45a,director,7
Prano Bailey-Bond,F:1a5144262bc4,director,5
Cameron Bailey,F:b5a06746734d,critic,9
Cameron Bailey,F:83c734e30238,critic,10
Cameron Bailey,F:08966bbb6c53,critic,8
Cameron Bailey,F:cb689f3e2a97,critic,5
Cameron Bailey,F:c22c42cd69b9,critic,3
Cameron Bailey,F:002c591e702f,critic,2
Cameron Bailey,F:57a1bf06a3b8,critic,1
Cameron Bailey,F:16913ba1d831,critic,4
Cameron Bailey,F:69f5bed6f836,critic,6
Cameron Bailey,F:325075869126,critic,7
Colm Bairéad,F:e50615c80a64,director,5
Colm Bairéad,F:bf6387f2c8ae,director,10
Colm Bairéad,F:a454d3354c22,director,4
Colm Bairéad,F:b132d89fef53,director,9
Colm Bairéad,F:08966bbb6c53,director,8
Colm Bairéad,F:024fe592458e,director,2
Colm Bairéad,F:fa5e7f56ebee,director,3
Colm Bairéad,F:b339d6c582f0,director,6
Colm Bairéad,F:59ad7c389a61,director,7
Colm Bairéad,F:b128d01eb660,director,1
Djordje Bajić,F:b5a06746734d,critic,10
Djordje Bajić,F:74869694acb1,critic,8
Djordje Bajić,F:78c121ec85ec,critic,1
Djordje Bajić,F:93a306d86cc1,critic,2
Djordje Bajić,F:fdbc5f598a2d,critic,5
Djordje Bajić,F:ba2ff6c9eac4,critic,3
Djordje Bajić,F:9d5f6e82448b,critic,7
Djordje Bajić,F:653f45346bcc,critic,9
Djordje Bajić,F:14731d2d5e4b,critic,4
Djordje Bajić,F:1637cba8e345,critic,6
Imruh Bakari,F:ed7d59c56f5d,director,3
Imruh Bakari,F:edfb01f5a9d6,director,7
Imruh Bakari,F:cda1a8b3152c,director,8
Imruh Bakari,F:1961bdb691aa,director,5
Imruh Bakari,F:02ded6e20b97,director,6
Imruh Bakari,F:e2bff7956338,director,10
Imruh Bakari,F:29e8c2663329,director,9
Imruh Bakari,F:b7b17347ab6a,director,4
Imruh Bakari,F:f9781fc86d8b,director,1
Imruh Bakari,F:a2a1ef5c6f47,director,2
Robin Baker,F:83d479d3ae29,critic,6
Robin Baker,F:24dc6c8040d9,critic,7
Robin Baker,F:2ec8e3a6b8aa,critic,8
Robin Baker,F:008495919c65,critic,9
Robin Baker,F:e63e93a3cfee,critic,1
Robin Baker,F:c22c42cd69b9,critic,10
Robin Baker,F:e074ce2e38fe,critic,4
Robin Baker,F:92271c7dc38d,critic,3
Robin Baker,F:3dcbf66b11b8,critic,2
Robin Baker,F:a7dc5420f605,critic,5
Rose Baker,F:ed913192d169,critic,6
Rose Baker,F:e147c7e3e29c,critic,5
Rose Baker,F:aee812d4faf1,critic,3
Rose Baker,F:83c734e30238,critic,10
Rose Baker,F:1919c799d0d7,critic,2
Rose Baker,F:cbb0587ba064,critic,7
Rose Baker,F:f443749dc74b,critic,1
Rose Baker,F:219f0fe7d6f9,critic,4
Rose Baker,F:e2bff7956338,critic,9
Rose Baker,F:69f5bed6f836,critic,8
Miriam Balanescu,F:83ebc8b43c9d,critic,9
Miriam Balanescu,F:69ee1e9bf06a,critic,4
Miriam Balanescu,F:6744994f98f6,critic,8
Miriam Balanescu,F:93a1beda19cd,critic,6
Miriam Balanescu,F:4b31ed223bb7,critic,2
Miriam Balanescu,F:c4fda376339f,critic,5
Miriam Balanescu,F:b78d23ce6435,critic,1
Miriam Balanescu,F:1629ef12b31b,critic,3
Miriam Balanescu,F:b5a06746734d,critic,10
Miriam Balanescu,F:b0360159539e,critic,7
Jessica Balanzategui,F:9f5b0931a0e5,critic,7
Jessica Balanzategui,F:959253940ffd,critic,3
Jessica Balanzategui,F:b9dd1388a8cf,critic,4
Jessica Balanzategui,F:b339d6c582f0,critic,9
Jessica Balanzategui,F:58447afb0cb8,critic,1
Jessica Balanzategui,F:f6207652a130,critic,6
Jessica Balanzategui,F:2a63f2c4c77f,critic,2
Jessica Balanzategui,F:2c14d43a37f4,critic,5
Jessica Balanzategui,F:e4c949fb454a,critic,8
Jessica Balanzategui,F:653f45346bcc,critic,10
Miriam Bale,F:b5a06746734d,critic,8
Miriam Bale,F:34cf774aeffe,critic,4
Miriam Bale,F:83c734e30238,critic,9
Miriam Bale,F:608e02fe3ca2,critic,6
Miriam Bale,F:1876b26426fa,critic,5
Miriam Bale,F:b4c2515d2391,critic,2
Miriam Bale,F:c34fe68dc6cf,critic,7
Miriam Bale,F:c4e34698c643,critic,3
Miriam Bale,F:0bb32bae027b,critic,1
Karan Bali,F:bf6387f2c8ae,critic,10
Karan Bali,F:e0fa4f112d72,critic,6
Karan Bali,F:35eee092a1be,critic,4
Karan Bali,F:55202a75e489,critic,1
Karan Bali,F:04b8bacc209b,critic,2
Karan Bali,F:0ea0e00d9fdc,critic,7
Karan Bali,F:f53416daf440,critic,8
Karan Bali,F:9f96298e4d23,critic,9
Karan Bali,F:d5b986a1147b,critic,3
Karan Bali,F:cd6c92d24d51,critic,5
César Ballester,F:97b42f962368,critic,10
César Ballester,F:15298623ef1f,critic,7
César Ballester,F:ece757e25684,critic,3
César Ballester,F:b339d6c582f0,critic,6
César Ballester,F:3af703bb3bf8,critic,4
César Ballester,F:674a68c0910c,critic,1
César Ballester,F:6e92bae17de8,critic,5
César Ballester,F:3bef09611962,critic,2
César Ballester,F:29e8c2663329,critic,9
César Ballester,F:d117472f572e,critic,8
James Balmont,F:08966bbb6c53,critic,10
James Balmont,F:002c591e702f,critic,6
James Balmont,F:ee2a2cfc2fc7,critic,3
James Balmont,F:4434c6705bd6,critic,8
James Balmont,F:74869694acb1,critic,5
James Balmont,F:653f45346bcc,critic,9
James Balmont,F:b0360159539e,critic,7
James Balmont,F:ab0418e0ad1e,critic,1
James Balmont,F:3779236f3701,critic,4
James Balmont,F:b7d2e3d83208,critic,2
Erika Balsom,F:494bd1954a2a,critic,3
Erika Balsom,F:1122a3f5fe74,critic,6
Erika Balsom,F:de8e6242d3f5,critic,4
Erika Balsom,F:cf4f8f54b4df,critic,8
Erika Balsom,F:b7b17347ab6a,critic,7
Erika Balsom,F:813bde6e3053,critic,10
Erika Balsom,F:8fc32725b37f,critic,9
Erika Balsom,F:292862bc953d,critic,2
Erika Balsom,F:e47d5d74eac7,critic,1
Erika Balsom,F:115f9dfb2b72,critic,5
Upekha Bandaranayake,F:2a5f669472bc,critic,6
Upekha Bandaranayake,F:eb6115735be9,critic,7
Upekha Bandaranayake,F:c468303bbc88,critic,1
Upekha Bandaranayake,F:b4d61a735aa6,critic,4
Upekha Bandaranayake,F:223b127b6a31,critic,2
Upekha Bandaranayake,F:0565ff7fd56c,critic,10
Upekha Bandaranayake,F:dc69230484fa,critic,5
Upekha Bandaranayake,F:c9a62b53f643,critic,8
Upekha Bandaranayake,F:002c591e702f,critic,9
Upekha Bandaranayake,F:2335731a89eb,critic,3
Vasco Baptista Marques,F:e4e5d0b8b474,critic,9
Vasco Baptista Marques,F:665eab0ab9d1,critic,6
Vasco Baptista Marques,F:4178c0f6fbb7,critic,8
Vasco Baptista Marques,F:bf6387f2c8ae,critic,10
Vasco Baptista Marques,F:ee5e85aa2619,critic,2
Vasco Baptista Marques,F:b7dbf64232a8,critic,5
Vasco Baptista Marques,F:d8e24aa1ab58,critic,7
Vasco Baptista Marques,F:eeb94ecd85af,critic,4
Vasco Baptista Marques,F:0c208843518d,critic,3
Vasco Baptista Marques,F:7432f1a2f974,critic,1
Nicolas Barbano,F:88f068b796c4,critic,6
Nicolas Barbano,F:000c71b9b4be,critic,4
Nicolas Barbano,F:284ff710c1ee,critic,1
Nicolas Barbano,F:e9e268170b35,critic,8
Nicolas Barbano,F:03774d8054b0,critic,9
Nicolas Barbano,F:8275a97fb793,critic,3
Nicolas Barbano,F:47da073d72b9,critic,2
Nicolas Barbano,F:b132d89fef53,critic,10
Nicolas Barbano,F:a250f5c6593b,critic,5
Nicolas Barbano,F:c41986eabc20,critic,7
Grace Barber-Plentie,F:38ccb3d447c3,critic,10
Grace Barber-Plentie,F:16913ba1d831,critic,7
Grace Barber-Plentie,F:c2e492d52d62,critic,3
Grace Barber-Plentie,F:0565ff7fd56c,critic,8
Grace Barber-Plentie,F:d1188b34b03c,critic,9
Grace Barber-Plentie,F:95cb5acf1ea2,critic,6
Grace Barber-Plentie,F:c7384eeb7b0e,critic,4
Grace Barber-Plentie,F:65393b2ac77a,critic,5
Grace Barber-Plentie,F:002dd21bef36,critic,2
Grace Barber-Plentie,F:3c3dceaf4169,critic,1
Rebecca Barden,F:5d90d1f80509,critic,1
Rebecca Barden,F:4856ae18c1cd,critic,6
Rebecca Barden,F:50458ccd979f,critic,3
Rebecca Barden,F:0a600f29226c,critic,7
Rebecca Barden,F:9f96298e4d23,critic,10
Rebecca Barden,F:f44713a09e4d,critic,8
Rebecca Barden,F:cb689f3e2a97,critic,9
Rebecca Barden,F:f41890e514d6,critic,2
Rebecca Barden,F:1c8565784f6c,critic,5
Rebecca Barden,F:2018d336cc28,critic,4
Janet Baris,F:296c885895bb,critic,6
Janet Baris,F:b270f6c2406f,critic,2
Janet Baris,F:02ded6e20b97,critic,9
Janet Baris,F:bec332d8ab3d,critic,4
Janet Baris,F:20a0a276094a,critic,7
Janet Baris,F:9e103f641ac9,critic,8
Janet Baris,F:9f96298e4d23,critic,10
Janet Baris,F:ea17efa06fad,critic,1
Janet Baris,F:f3a8723d695d,critic,5
Janet Baris,F:54b0cbd18bbb,critic,3
Luciano Barisone,F:a5770030b496,critic,2
Luciano Barisone,F:95bd800bd9e5,critic,6
Luciano Barisone,F:bf6387f2c8ae,critic,10
Luciano Barisone,F:9f96298e4d23,critic,9
Luciano Barisone,F:4bbf32d00fd9,critic,3
Luciano Barisone,F:2ec8e3a6b8aa,critic,5
Luciano Barisone,F:a5083fa04636,critic,7
Luciano Barisone,F:7b5d85393630,critic,8
Luciano Barisone,F:ecd874fca144,critic,1
Luciano Barisone,F:caabee7db5c9,critic,4
Jason Barker,F:93c07f26dce5,critic,2
Jason Barker,F:6744994f98f6,critic,10
Jason Barker,F:369267b746ad,critic,4
Jason Barker,F:23bcdf10e622,critic,7
Jason Barker,F:337423442fc4,critic,5
Jason Barker,F:16913ba1d831,critic,9
Jason Barker,F:4b662b465673,critic,3
Jason Barker,F:644de3c13046,critic,1
Jason Barker,F:fbac63dcd9cf,critic,8
Jason Barker,F:51644bbb0d9c,critic,6
Jennifer Lynde Barker,F:69dee05125cb,critic,9
Jennifer Lynde Barker,F:9113deb430d0,critic,7
Jennifer Lynde Barker,F:2b128693df8e,critic,4
Jennifer Lynde Barker,F:e074ce2e38fe,critic,5
Jennifer Lynde Barker,F:08966bbb6c53,critic,10
Jennifer Lynde Barker,F:b0d5d33e14fd,critic,2
Jennifer Lynde Barker,F:19a225cef2c6,critic,1
Jennifer Lynde Barker,F:eeb94ecd85af,critic,8
Jennifer Lynde Barker,F:e0fa4f112d72,critic,6
Jennifer Lynde Barker,F:4ce5975e6a9e,critic,3
Clio Barnard,F:55ad4fb0baae,director,5
Clio Barnard,F:bee09401fa7d,director,10
Clio Barnard,F:10e86670da04,director,7
Clio Barnard,F:b5749f03606c,director,8
Clio Barnard,F:2bcbc58a252d,director,9
Clio Barnard,F:5a6193098da5,director,1
Clio Barnard,F:5429e9e18700,director,2
Clio Barnard,F:dd03c7ae8bd4,director,6
Clio Barnard,F:89f4b5080984,director,3
Clio Barnard,F:6ff93b77cfca,director,4
Henry Barnes,F:ec9e969b2474,critic,6
Henry Barnes,F:621ccae3bfba,critic,8
Henry Barnes,F:cd14c208de3c,critic,1
Henry Barnes,F:1ae2e49e88d9,critic,5
Henry Barnes,F:b2910882a46d,critic,10
Henry Barnes,F:b21b736cd39f,critic,4
Henry Barnes,F:61333a2dbb05,critic,7
Henry Barnes,F:08fbd523dbfe,critic,2
Henry Barnes,F:8e8272ea4e06,critic,3
Henry Barnes,F:18634c22b226,critic,9
Juan Barquin,F:b5a06746734d,critic,10
Juan Barquin,F:97b42f962368,critic,8
Juan Barquin,F:269ff03a9765,critic,5
Juan Barquin,F:ec7726632ac1,critic,7
Juan Barquin,F:26be51a0abcf,critic,2
Juan Barquin,F:08966bbb6c53,critic,9
Juan Barquin,F:dfc3ec48e6dd,critic,1
Juan Barquin,F:0a600f29226c,critic,6
Juan Barquin,F:8398f4e890ff,critic,4
Juan Barquin,F:f60d8a411d0b,critic,3
Charles Barr,F:df7e376793ef,critic,4
Charles Barr,F:6a8267b2a0ea,critic,2
Charles Barr,F:7a644f450af6,critic,1
Charles Barr,F:4178c0f6fbb7,critic,9
Charles Barr,F:5b505c37b676,critic,6
Charles Barr,F:17628f83ead5,critic,5
Charles Barr,F:b7dbf64232a8,critic,7
Charles Barr,F:176166e412b4,critic,8
Charles Barr,F:83c734e30238,critic,10
Charles Barr,F:92e8e24d31c6,critic,3
Alex Barrett,F:ec7726632ac1,director,10
Alex Barrett,F:d8e24aa1ab58,director,8
Alex Barrett,F:9609d2e67c50,director,5
Alex Barrett,F:0c208843518d,director,4
Alex Barrett,F:6d78c0ecb7e7,director,9
Alex Barrett,F:a50461292bc4,director,3
Alex Barrett,F:4ce5975e6a9e,director,1
Alex Barrett,F:1fe1a3f375d4,director,2
Alex Barrett,F:72d8bc7578ad,director,6
Alex Barrett,F:d2ac8fced14e,director,7
Matthew Anthony Barrington,F:f42a2fe544d1,critic,7
Matthew Anthony Barrington,F:50cd007175d9,critic,3
Matthew Anthony Barrington,F:b7b17347ab6a,critic,9
Matthew Anthony Barrington,F:995564bc9e54,critic,2
Matthew Anthony Barrington,F:20f4041afacd,critic,4
Matthew Anthony Barrington,F:5c62c6008939,critic,5
Matthew Anthony Barrington,F:646ea2ac9f18,critic,8
Matthew Anthony Barrington,F:d8be33a7aa37,critic,10
Matthew Anthony Barrington,F:95d1d20edb31,critic,1
Matthew Anthony Barrington,F:1122a3f5fe74,critic,6
Cecilia Barrionuevo,F:2da4899c687b,critic,5
Cecilia Barrionuevo,F:caabee7db5c9,critic,6
Cecilia Barrionuevo,F:83c734e30238,critic,10
Cecilia Barrionuevo,F:a2edba29a3fd,critic,3
Cecilia Barrionuevo,F:325075869126,critic,9
Cecilia Barrionuevo,F:e0dfebd11080,critic,1
Cecilia Barrionuevo,F:646ea2ac9f18,critic,4
Cecilia Barrionuevo,F:15bcedf51ef8,critic,7
Cecilia Barrionuevo,F:cb689f3e2a97,critic,8
Cecilia Barrionuevo,F:98a9da8328f0,critic,2
Steve Barron,F:51644bbb0d9c,director,6
Steve Barron,F:b5e106e52b4d,director,4
Steve Barron,F:7c9c923f35c0,director,7
Steve Barron,F:c42f27e4ff17,director,1
Steve Barron,F:d82151d9c18c,director,5
Steve Barron,F:bf6387f2c8ae,director,10
Steve Barron,F:ff8951301912,director,3
Steve Barron,F:6ef9ec2a60f2,director,8
Steve Barron,F:38ccb3d447c3,director,9
Steve Barron,F:97acad56b8d5,director,2
Ruth Barton,F:125061f190de,critic,7
Ruth Barton,F:7b4cb37bd04d,critic,1
Ruth Barton,F:e1c01276b733,critic,3
Ruth Barton,F:7cdcf0b32a06,critic,9
Ruth Barton,F:84611495dbe0,critic,2
Ruth Barton,F:6744994f98f6,critic,6
Ruth Barton,F:bf6387f2c8ae,critic,10
Ruth Barton,F:0a600f29226c,critic,5
Ruth Barton,F:4acddf379d28,critic,8
Ruth Barton,F:1a5ed79e90c4,critic,4
Whelan Barzey,F:554bc8ff7ba9,critic,1
Whelan Barzey,F:45a8e45c3691,critic,8
Whelan Barzey,F:64e34cc5dab1,critic,7
Whelan Barzey,F:fbac63dcd9cf,critic,10
Whelan Barzey,F:5545401622fb,critic,4
Whelan Barzey,F:dc23ba92a341,critic,6
Whelan Barzey,F:8d3648759503,critic,2
Whelan Barzey,F:3cee3c945b46,critic,9
Whelan Barzey,F:c1b3bbc7cbdd,critic,5
Whelan Barzey,F:0410cf77ff87,critic,3
Ariel Baska,F:e3db72878efa,critic,9
Ariel Baska,F:f03f4c93d0f1,critic,6
Ariel Baska,F:2c14d43a37f4,critic,3
Ariel Baska,F:1df71d95bd96,critic,5
Ariel Baska,F:37bbd65ea51f,critic,7
Ariel Baska,F:7c9c923f35c0,critic,8
Ariel Baska,F:950c29bf9796,critic,10
Ariel Baska,F:af2e915309f8,critic,1
Ariel Baska,F:cbf27b550a02,critic,2
Ariel Baska,F:a34902196db2,critic,4
George Bass,F:4471059033d4,critic,3
George Bass,F:8597d9c9948f,critic,7
George Bass,F:b0a50fd302ee,critic,4
George Bass,F:be1e76866ac0,critic,6
George Bass,F:d2506ebeb73e,critic,10
George Bass,F:453870ddeaba,critic,1
George Bass,F:a2006b1e3f35,critic,9
George Bass,F:27d2ba663a27,critic,5
George Bass,F:38de83eab4ec,critic,2
George Bass,F:385f01d5660a,critic,8
Fradique Bastos,F:3aac5db12b12,director,3
Fradique Bastos,F:81e8c65d133e,director,2
Fradique Bastos,F:c22c42cd69b9,director,9
Fradique Bastos,F:17fcc038144d,director,8
Fradique Bastos,F:c9a62b53f643,director,7
Fradique Bastos,F:d1188b34b03c,director,10
Fradique Bastos,F:85945816f94f,director,4
Fradique Bastos,F:be922adcc35a,director,6
Fradique Bastos,F:1bd2534c8158,director,1
Fradique Bastos,F:f58915ed95d4,director,5
Ritesh Batra,F:0ea0e00d9fdc,director,8
Ritesh Batra,F:e24ef98e5c4b,director,7
Ritesh Batra,F:2db574bfef43,director,6
Ritesh Batra,F:2907bfe31ad2,director,9
Ritesh Batra,F:66178f879ad4,director,3
Ritesh Batra,F:b53317fc3378,director,1
Ritesh Batra,F:703e064069d1,director,5
Ritesh Batra,F:08966bbb6c53,director,10
Ritesh Batra,F:09263b82ad9d,director,2
Ritesh Batra,F:1dcad897f9cc,director,4
Adam Batty,F:5094c1da4d65,critic,4
Adam Batty,F:325075869126,critic,9
Adam Batty,F:83c734e30238,critic,10
Adam Batty,F:9e103f641ac9,critic,3
Adam Batty,F:2c588fbbc926,critic,1
Adam Batty,F:dd03c7ae8bd4,critic,5
Adam Batty,F:608e02fe3ca2,critic,2
Adam Batty,F:7fe15b05ccde,critic,8
Adam Batty,F:d1188b34b03c,critic,7
Adam Batty,F:59ad7c389a61,critic,6
Nikki Baughan,F:38ccb3d447c3,critic,10
Nikki Baughan,F:793d9de2c7ad,critic,1
Nikki Baughan,F:3779236f3701,critic,8
Nikki Baughan,F:d790585a48a6,critic,3
Nikki Baughan,F:494fd4aacc71,critic,6
Nikki Baughan,F:e0a07c197db1,critic,7
Nikki Baughan,F:f6207652a130,critic,4
Nikki Baughan,F:6407c8c257a9,critic,5
Nikki Baughan,F:6744994f98f6,critic,9
Nikki Baughan,F:d0fe5ce5679c,critic,2
Fabien Baumann,F:d5d45d8c9f1b,critic,9
Fabien Baumann,F:7dacc043e524,critic,10
Fabien Baumann,F:54b0cbd18bbb,critic,4
Fabien Baumann,F:53f709905db4,critic,8
Fabien Baumann,F:12fb318fa245,critic,6
Fabien Baumann,F:1dcad897f9cc,critic,3
Fabien Baumann,F:4de28ffbe1a3,critic,2
Fabien Baumann,F:ee96362bbbc2,critic,7
Fabien Baumann,F:db45dca99670,critic,1
Fabien Baumann,F:93b853b9e717,critic,5
Nico Baumbach,F:03809811ea9b,critic,8
Nico Baumbach,F:1961bdb691aa,critic,7
Nico Baumbach,F:7cdcf0b32a06,critic,10
Nico Baumbach,F:caabee7db5c9,critic,6
Nico Baumbach,F:3211367a4459,critic,2
Nico Baumbach,F:a9519db91181,critic,9
Nico Baumbach,F:5c226aa5de90,critic,5
Nico Baumbach,F:da2081de6713,critic,4
Nico Baumbach,F:b30f4a3a1342,critic,1
Nico Baumbach,F:c3b16d0c3268,critic,3
Michael Baute,F:090832505b0f,critic,10
Michael Baute,F:47f557a5b803,critic,3
Michael Baute,F:83d479d3ae29,critic,6
Michael Baute,F:1c496632a086,critic,4
Michael Baute,F:7cdcf0b32a06,critic,9
Michael Baute,F:accd46d88a10,critic,5
Michael Baute,F:bf0b507fe8b4,critic,1
Michael Baute,F:42d8d6fa814c,critic,2
Michael Baute,F:7a7c0ff849d4,critic,8
Michael Baute,F:3ec40e40a443,critic,7
John Baxter,F:078c56f7dec6,critic,7
John Baxter,F:25ec8b7196b6,critic,3
John Baxter,F:56fb848161a4,critic,1
John Baxter,F:97b42f962368,critic,10
John Baxter,F:000c71b9b4be,critic,5
John Baxter,F:3f3ddbcd3f37,critic,4
John Baxter,F:069cda2e3235,critic,9
John Baxter,F:111e32c8a9fe,critic,2
John Baxter,F:e9e268170b35,critic,8
John Baxter,F:fdffe3f0bfb8,critic,6
Alasdair Bayman,F:fdffe3f0bfb8,critic,2
Alasdair Bayman,F:9113deb430d0,critic,3
Alasdair Bayman,F:325075869126,critic,10
Alasdair Bayman,F:edfb01f5a9d6,critic,7
Alasdair Bayman,F:6153eeb1ef64,critic,4
Alasdair Bayman,F:0a600f29226c,critic,5
Alasdair Bayman,F:7cdcf0b32a06,critic,8
Alasdair Bayman,F:a7dc5420f605,critic,1
Alasdair Bayman,F:cbb0587ba064,critic,6
Alasdair Bayman,F:cb689f3e2a97,critic,9
Thomas Beard,F:f50d1b0c203e,critic,1
Thomas Beard,F:1ec59921ffd0,critic,8
Thomas Beard,F:f7caf2323752,critic,7
Thomas Beard,F:53f90337bcd9,critic,5
Thomas Beard,F:498eeb20c2a6,critic,6
Thomas Beard,F:c408aee3b773,critic,4
Thomas Beard,F:bce25cdb8f16,critic,2
Thomas Beard,F:6bf926a65c68,critic,3
Thomas Beard,F:58f9e7707a27,critic,9
Tom Beasley,F:38ccb3d447c3,critic,10
Tom Beasley,F:f44713a09e4d,critic,9
Tom Beasley,F:ef28514dc4e7,critic,7
Tom Beasley,F:71c7b9363133,critic,8
Tom Beasley,F:a2006b1e3f35,critic,5
Tom Beasley,F:fd766b371ff0,critic,1
Tom Beasley,F:42e025b16f84,critic,2
Tom Beasley,F:e0a07c197db1,critic,6
Tom Beasley,F:f0d2975c53fb,critic,3
Tom Beasley,F:9897c38e3805,critic,4
Frank Beauvais,F:008495919c65,director,5
Frank Beauvais,F:83c734e30238,director,10
Frank Beauvais,F:10e86670da04,director,7
Frank Beauvais,F:e4e5d0b8b474,director,9
Frank Beauvais,F:8703270231ee,director,4
Frank Beauvais,F:28d41c264f9a,director,2
Frank Beauvais,F:31e3a3512a76,director,3
Frank Beauvais,F:043933aa747f,director,1
Frank Beauvais,F:feaa04ac1109,director,6
Frank Beauvais,F:d117472f572e,director,8
Nemanja Becanovic,F:69f5bed6f836,critic,9
Nemanja Becanovic,F:84fa7c2219d2,critic,3
Nemanja Becanovic,F:b5a06746734d,critic,10
Nemanja Becanovic,F:eeb94ecd85af,critic,2
Nemanja Becanovic,F:8fe1bdde11ef,critic,8
Nemanja Becanovic,F:ed09733fe458,critic,5
Nemanja Becanovic,F:6ef9ec2a60f2,critic,6
Nemanja Becanovic,F:74869694acb1,critic,4
Nemanja Becanovic,F:11f597068baf,critic,7
Nemanja Becanovic,F:69037f12168c,critic,1
Colin Beckett,F:75046ffb9b38,critic,9
Colin Beckett,F:6206d3e8f67b,critic,5
Colin Beckett,F:58f9e7707a27,critic,6
Colin Beckett,F:d2e4f5e8f98d,critic,7
Colin Beckett,F:a723e5ec92ab,critic,3
Colin Beckett,F:d1dea76defb8,critic,2
Colin Beckett,F:0565ff7fd56c,critic,8
Colin Beckett,F:dd77850060eb,critic,4
Colin Beckett,F:688b65b66ffd,critic,1
Jay Bedwani,F:9092dd8aef43,director,7
Jay Bedwani,F:eb763f2d4857,director,8
Jay Bedwani,F:d7c4b62f985b,director,2
Jay Bedwani,F:c43a32363303,director,5
Jay Bedwani,F:16913ba1d831,director,9
Jay Bedwani,F:6c6ea7c94084,director,4
Jay Bedwani,F:ae89981a4c0c,director,1
Jay Bedwani,F:6407c8c257a9,director,6
Jay Bedwani,F:69f5bed6f836,director,10
Jay Bedwani,F:4eee3d2340e9,director,3
Robert Beeson,F:d2e4f5e8f98d,critic,7
Robert Beeson,F:1e8c36f50cef,critic,5
Robert Beeson,F:9347a82e3372,critic,3
Robert Beeson,F:feaa04ac1109,critic,9
Robert Beeson,F:4bbf32d00fd9,critic,6
Robert Beeson,F:bec332d8ab3d,critic,2
Robert Beeson,F:83c734e30238,critic,10
Robert Beeson,F:69dee05125cb,critic,8
Robert Beeson,F:2ae216a7ff10,critic,1
Robert Beeson,F:99525f6dd03f,critic,4
Anahit Behrooz,F:32f33617395c,critic,8
Anahit Behrooz,F:9c7d37d05b63,critic,2
Anahit Behrooz,F:2b8f2194d907,critic,6
Anahit Behrooz,F:09035fce59e3,critic,10
Anahit Behrooz,F:84fa7c2219d2,critic,4
Anahit Behrooz,F:16913ba1d831,critic,9
Anahit Behrooz,F:31e3a3512a76,critic,5
Anahit Behrooz,F:b2910882a46d,critic,7
Anahit Behrooz,F:92271c7dc38d,critic,1
Anahit Behrooz,F:d6d30033c698,critic,3
Andreas Beilharz,F:96b0125c2257,critic,9
Andreas Beilharz,F:dd74a94fdb95,critic,3
Andreas Beilharz,F:c50fbba9fd18,critic,1
Andreas Beilharz,F:d393b8283dae,critic,7
Andreas Beilharz,F:69e6abfe052c,critic,6
Andreas Beilharz,F:a0966cc5ac0b,critic,4
Andreas Beilharz,F:9e4d6a8ad2fc,critic,5
Andreas Beilharz,F:8398f4e890ff,critic,8
Andreas Beilharz,F:cf4f8f54b4df,critic,10
Andreas Beilharz,F:39b466e7a163,critic,2
Ewerton Belico,F:f78b136d089b,critic,5
Ewerton Belico,F:69f5bed6f836,critic,10
Ewerton Belico,F:fd857540d602,critic,1
Ewerton Belico,F:ac195d2b072c,critic,2
Ewerton Belico,F:9e129ad0f5e5,critic,7
Ewerton Belico,F:a9519db91181,critic,9
Ewerton Belico,F:5d1eeae30e1c,critic,6
Ewerton Belico,F:6158c3acae8a,critic,8
Ewerton Belico,F:11e36d1e4350,critic,3
Ewerton Belico,F:fd7384f2c819,critic,4
James Bell,F:b5a06746734d,critic,10
James Bell,F:e499a42520f0,critic,3
James Bell,F:2fa011030bb0,critic,2
James Bell,F:b5b3bcf83796,critic,1
James Bell,F:aa9ca1df5398,critic,4
James Bell,F:8ce8232221d4,critic,5
James Bell,F:aa65b1eedc05,critic,8
James Bell,F:69dee05125cb,critic,7
James Bell,F:cbb0587ba064,critic,9
James Bell,F:b7b17347ab6a,critic,6
Mahalia Belo,F:65393b2ac77a,director,3
Mahalia Belo,F:d6d30033c698,director,6
Mahalia Belo,F:a7d92e333282,director,5
Mahalia Belo,F:08966bbb6c53,director,9
Mahalia Belo,F:325075869126,director,8
Mahalia Belo,F:5e5b16dbc375,director,1
Mahalia Belo,F:6e92bae17de8,director,4
Mahalia Belo,F:11f597068baf,director,7
Mahalia Belo,F:bf6387f2c8ae,director,10
Mahalia Belo,F:e067866bf78e,director,2
Tarek Ben Chabaane,F:f26363208aeb,critic,4
Tarek Ben Chabaane,F:cdb76db94f02,critic,7
Tarek Ben Chabaane,F:4856ae18c1cd,critic,8
Tarek Ben Chabaane,F:b5749f03606c,critic,9
Tarek Ben Chabaane,F:296c885895bb,critic,6
Tarek Ben Chabaane,F:e2bff7956338,critic,10
Tarek Ben Chabaane,F:d0605fcc213a,critic,5
Tarek Ben Chabaane,F:fee436310004,critic,2
Tarek Ben Chabaane,F:c3389fe02bf0,critic,3
Tarek Ben Chabaane,F:d5948a787a00,critic,1
Margot Benacerraf,F:98aa847a19fe,director,3
Margot Benacerraf,F:ec7726632ac1,director,9
Margot Benacerraf,F:15298623ef1f,director,6
Margot Benacerraf,F:4bbf32d00fd9,director,4
Margot Benacerraf,F:8ef14bf34952,director,2
Margot Benacerraf,F:c34fe68dc6cf,director,5
Margot Benacerraf,F:97b42f962368,director,10
Margot Benacerraf,F:b5749f03606c,director,8
Margot Benacerraf,F:08cc8188022e,director,1
Margot Benacerraf,F:95bd800bd9e5,director,7
João Pedro Bénard,F:4178c0f6fbb7,critic,8
João Pedro Bénard,F:d117472f572e,critic,7
João Pedro Bénard,F:d8e24aa1ab58,critic,6
João Pedro Bénard,F:7e52230dd02d,critic,2
João Pedro Bénard,F:2ec8e3a6b8aa,critic,4
João Pedro Bénard,F:e4e5d0b8b474,critic,10
João Pedro Bénard,F:8fe1bdde11ef,critic,5
João Pedro Bénard,F:2af5c5bcacdf,critic,3
João Pedro Bénard,F:97b42f962368,critic,9
João Pedro Bénard,F:2d98b8f110a8,critic,1
Abbey Bender,F:b132d89fef53,critic,9
Abbey Bender,F:c48b24faa9f1,critic,6
Abbey Bender,F:35eee092a1be,critic,4
Abbey Bender,F:18135f42a075,critic,2
Abbey Bender,F:d210c0d5f689,critic,7
Abbey Bender,F:20afe757a6d1,critic,8
Abbey Bender,F:adf5a297fe73,critic,1
Abbey Bender,F:f70a5e5101b1,critic,3
Abbey Bender,F:8c5eb94596d0,critic,5
Abbey Bender,F:b5a06746734d,critic,10
Mustapha Benfodil,F:7dacc043e524,critic,7
Mustapha Benfodil,F:83ebc8b43c9d,critic,10
Mustapha Benfodil,F:297b574430d3,critic,2
Mustapha Benfodil,F:55ad4fb0baae,critic,5
Mustapha Benfodil,F:7b5d85393630,critic,8
Mustapha Benfodil,F:8b829f4bf249,critic,1
Mustapha Benfodil,F:3c781cd7cdf8,critic,4
Mustapha Benfodil,F:dd03c7ae8bd4,critic,6
Mustapha Benfodil,F:d472058d559a,critic,9
Mustapha Benfodil,F:e3f9a5827411,critic,3
James Benning,F:514002fb723e,director,6
James Benning,F:53ea336b9076,director,5
James Benning,F:6236062c0bea,director,10
James Benning,F:b59e4dd575de,director,4
James Benning,F:225e077f05cd,director,9
James Benning,F:62bbc16138eb,director,3
James Benning,F:6286030475a9,director,8
James Benning,F:66b8158a7793,director,2
James Benning,F:6bdf8e2ff20b,director,7
James Benning,F:5bc7a043f571,director,1
Faouzi Bensaïdi,F:bf6387f2c8ae,director,10
Faouzi Bensaïdi,F:83ebc8b43c9d,director,8
Faouzi Bensaïdi,F:176166e412b4,director,5
Faouzi Bensaïdi,F:665eab0ab9d1,director,3
Faouzi Bensaïdi,F:477977925947,director,2
Faouzi Bensaïdi,F:75046ffb9b38,director,7
Faouzi Bensaïdi,F:bd648fce3b3f,director,4
Faouzi Bensaïdi,F:e2bff7956338,director,9
Faouzi Bensaïdi,F:9fa2ffff0e05,director,1
Faouzi Bensaïdi,F:7b5d85393630,director,6
Bruce Beresford,F:7c5b517e73d5,director,3
Bruce Beresford,F:cda1a8b3152c,director,8
Bruce Beresford,F:d2e4f5e8f98d,director,6
Bruce Beresford,F:ec7726632ac1,director,9
Bruce Beresford,F:f71879711b8f,director,7
Bruce Beresford,F:17be19f021ea,director,4
Bruce Beresford,F:bf6387f2c8ae,director,10
Bruce Beresford,F:6ff93b77cfca,director,5
Bruce Beresford,F:2fe61bb9b352,director,1
Bruce Beresford,F:c78da3b0c37f,director,2
Edward Berger,F:7fe15b05ccde,director,9
Edward Berger,F:d472058d559a,director,8
Edward Berger,F:e2bff7956338,director,10
Edward Berger,F:40851c97fe02,director,6
Edward Berger,F:82f51bc15898,director,4
Edward Berger,F:15298623ef1f,director,7
Edward Berger,F:494fd4aacc71,director,5
Edward Berger,F:f7c989c4dcd4,director,2
Edward Berger,F:a863c80b635a,director,3
Edward Berger,F:dd5a8b7c6a18,director,1
Pablo Berger,F:5a722bb25331,director,2
Pablo Berger,F:ed7d59c56f5d,director,5
Pablo Berger,F:38ccb3d447c3,director,10
Pablo Berger,F:6ff93b77cfca,director,6
Pablo Berger,F:40a613564501,director,3
Pablo Berger,F:ca0238bc4718,director,7
Pablo Berger,F:1e4f9a3a4df7,director,4
Pablo Berger,F:dc69230484fa,director,1
Pablo Berger,F:11f597068baf,director,9
Pablo Berger,F:fbac63dcd9cf,director,8
Tim Bergfelder,F:b5a06746734d,critic,10
Tim Bergfelder,F:e4e5d0b8b474,critic,9
Tim Bergfelder,F:008495919c65,critic,7
Tim Bergfelder,F:2b8f2194d907,critic,6
Tim Bergfelder,F:cb689f3e2a97,critic,8
Tim Bergfelder,F:ee217924c32c,critic,1
Tim Bergfelder,F:f58915ed95d4,critic,4
Tim Bergfelder,F:74b03fbb797f,critic,3
Tim Bergfelder,F:d42aca6e5fa1,critic,2
Tim Bergfelder,F:9539729dc80f,critic,5
Hanna Bergholm,F:03774d8054b0,director,9
Hanna Bergholm,F:b5a06746734d,director,10
Hanna Bergholm,F:bc5c532571ac,director,1
Hanna Bergholm,F:665eab0ab9d1,director,6
Hanna Bergholm,F:0a600f29226c,director,7
Hanna Bergholm,F:95bd800bd9e5,director,8
Hanna Bergholm,F:f5b23bc11b1d,director,5
Hanna Bergholm,F:22e3b23afbdf,director,3
Hanna Bergholm,F:bf3c458ce933,director,4
Hanna Bergholm,F:71c3a979d1dc,director,2
Phillip Bergson,F:f44713a09e4d,critic,10
Phillip Bergson,F:069cda2e3235,critic,9
Phillip Bergson,F:64961875b471,critic,1
Phillip Bergson,F:7553b7a8d787,critic,3
Phillip Bergson,F:096362e962d8,critic,7
Phillip Bergson,F:00e7c1dc0533,critic,4
Phillip Bergson,F:22adaefb9971,critic,5
Phillip Bergson,F:d4937a407577,critic,8
Phillip Bergson,F:4e421018e883,critic,2
Phillip Bergson,F:e35009677263,critic,6
Philip Berk,F:bf6387f2c8ae,critic,10
Philip Berk,F:ef039f7a68b5,critic,3
Philip Berk,F:4856ae18c1cd,critic,6
Philip Berk,F:8b4b310f435e,critic,8
Philip Berk,F:9503b95b7798,critic,4
Philip Berk,F:4c53a001a92c,critic,5
Philip Berk,F:62f2866d3bb5,critic,1
Philip Berk,F:0a600f29226c,critic,9
Philip Berk,F:3e7a3a8f8433,critic,2
Philip Berk,F:e9e268170b35,critic,7
Annie Berke,F:ed913192d169,critic,4
Annie Berke,F:edfb01f5a9d6,critic,6
Annie Berke,F:97b42f962368,critic,7
Annie Berke,F:4b31ed223bb7,critic,2
Annie Berke,F:d2ac8fced14e,critic,5
Annie Berke,F:4856ae18c1cd,critic,3
Annie Berke,F:944ad783759e,critic,9
Annie Berke,F:08966bbb6c53,critic,10
Annie Berke,F:38ccb3d447c3,critic,8
Annie Berke,F:08dac65d90d5,critic,1
Madeleine Bernstorff,F:15bcedf51ef8,critic,10
Madeleine Bernstorff,F:35cd22c6a25c,critic,4
Madeleine Bernstorff,F:c530af7c9513,critic,7
Madeleine Bernstorff,F:d8be33a7aa37,critic,9
Madeleine Bernstorff,F:15a0d8d8fb5b,critic,8
Madeleine Bernstorff,F:7b77c5e646db,critic,3
Madeleine Bernstorff,F:1584ae172a7e,critic,1
Madeleine Bernstorff,F:3b0bb5749027,critic,6
Madeleine Bernstorff,F:88c4db7c20bb,critic,5
Madeleine Bernstorff,F:52db6051e6bc,critic,2
John Berra,F:b3858d1cff92,critic,2
John Berra,F:665eab0ab9d1,critic,4
John Berra,F:ac5ed19415a0,critic,1
John Berra,F:bee09401fa7d,critic,6
John Berra,F:09035fce59e3,critic,5
John Berra,F:b132d89fef53,critic,10
John Berra,F:7fe15b05ccde,critic,8
John Berra,F:d1188b34b03c,critic,7
John Berra,F:aa65b1eedc05,critic,3
John Berra,F:08966bbb6c53,critic,9
Claude Bertemes,F:03809811ea9b,critic,6
Claude Bertemes,F:e4e5d0b8b474,critic,10
Claude Bertemes,F:af358d7d1d59,critic,3
Claude Bertemes,F:2bcbc58a252d,critic,9
Claude Bertemes,F:e3a29e728f76,critic,4
Claude Bertemes,F:d2ac8fced14e,critic,8
Claude Bertemes,F:fb014edafd5d,critic,2
Claude Bertemes,F:15bcedf51ef8,critic,7
Claude Bertemes,F:f487433720d3,critic,5
Claude Bertemes,F:82aec221d7a2,critic,1
Paolo Bertolin,F:820dcf54e776,critic,4
Paolo Bertolin,F:72d8bc7578ad,critic,8
Paolo Bertolin,F:08503af63a2e,critic,6
Paolo Bertolin,F:ba2ff6c9eac4,critic,7
Paolo Bertolin,F:ed4cc778aea4,critic,3
Paolo Bertolin,F:b40f2b48d245,critic,1
Paolo Bertolin,F:f541bca8533a,critic,5
Paolo Bertolin,F:1bfbee7ae76f,critic,2
Paolo Bertolin,F:f87b3c091815,critic,9
Paolo Bertolin,F:15298623ef1f,critic,10
Eddie Bertozzi,F:ec7726632ac1,critic,8
Eddie Bertozzi,F:665eab0ab9d1,critic,5
Eddie Bertozzi,F:cdb76db94f02,critic,4
Eddie Bertozzi,F:bee09401fa7d,critic,7
Eddie Bertozzi,F:15298623ef1f,critic,6
Eddie Bertozzi,F:4c53a001a92c,critic,3
Eddie Bertozzi,F:f3a8723d695d,critic,2
Eddie Bertozzi,F:b132d89fef53,critic,10
Eddie Bertozzi,F:944ad783759e,critic,9
Eddie Bertozzi,F:f03f4c93d0f1,critic,1
Manuel Betancourt,F:d1d43bf4deff,critic,4
Manuel Betancourt,F:c4fda376339f,critic,5
Manuel Betancourt,F:2a9843e83d75,critic,3
Manuel Betancourt,F:81e8c65d133e,critic,2
Manuel Betancourt,F:2da4899c687b,critic,6
Manuel Betancourt,F:6744994f98f6,critic,9
Manuel Betancourt,F:03b3065dc545,critic,8
Manuel Betancourt,F:653f45346bcc,critic,10
Manuel Betancourt,F:a4c51ae5137c,critic,1
Manuel Betancourt,F:fbac63dcd9cf,critic,7
Sanjay Leela Bhansali,F:bf6387f2c8ae,director,10
Sanjay Leela Bhansali,F:125061f190de,director,8
Sanjay Leela Bhansali,F:cbca9660da1d,director,4
Sanjay Leela Bhansali,F:8a2cf62378e3,director,2
Sanjay Leela Bhansali,F:ea8c30267045,director,5
Sanjay Leela Bhansali,F:069cda2e3235,director,6
Sanjay Leela Bhansali,F:edfb01f5a9d6,director,7
Sanjay Leela Bhansali,F:23c627763e32,director,1
Sanjay Leela Bhansali,F:cda1a8b3152c,director,9
Sanjay Leela Bhansali,F:8ef14bf34952,director,3
Kaushik Bhaumik,F:59287a93b569,critic,1
Kaushik Bhaumik,F:db803e57874f,critic,6
Kaushik Bhaumik,F:6ffcf833b768,critic,5
Kaushik Bhaumik,F:4a7fa7be8c87,critic,8
Kaushik Bhaumik,F:7a7c0ff849d4,critic,7
Kaushik Bhaumik,F:740786459d34,critic,3
Kaushik Bhaumik,F:7cdcf0b32a06,critic,9
Kaushik Bhaumik,F:83c734e30238,critic,10
Kaushik Bhaumik,F:65d355741707,critic,2
Kaushik Bhaumik,F:9ed099161985,critic,4
Gan Bi,F:bf6387f2c8ae,director,9
Gan Bi,F:b132d89fef53,director,8
Gan Bi,F:29e8c2663329,director,6
Gan Bi,F:83ebc8b43c9d,director,7
Gan Bi,F:341aefe6f409,director,3
Gan Bi,F:aa65b1eedc05,director,4
Gan Bi,F:1637cba8e345,director,2
Gan Bi,F:b5a06746734d,director,10
Gan Bi,F:665eab0ab9d1,director,5
Gan Bi,F:8bc393f0ec71,director,1
Manon Billaut,F:d1dea76defb8,critic,3
Manon Billaut,F:abe4d92ce43c,critic,2
Manon Billaut,F:b98a24f5846f,critic,1
Manon Billaut,F:55ee808f2b0d,critic,4
Manon Billaut,F:c74f65658e20,critic,5
Manon Billaut,F:9e103f641ac9,critic,8
Manon Billaut,F:08966bbb6c53,critic,10
Manon Billaut,F:2ec8e3a6b8aa,critic,9
Manon Billaut,F:55ad4fb0baae,critic,7
Manon Billaut,F:c36b992a8239,critic,6
Anne Billson,F:1e878e355bfb,critic,4
Anne Billson,F:670895309708,critic,1
Anne Billson,F:12d8ed2011a1,critic,6
Anne Billson,F:24bce2864051,critic,2
Anne Billson,F:248c0540b695,critic,10
Anne Billson,F:6e32d636769c,critic,7
Anne Billson,F:ae210c811b05,critic,8
Anne Billson,F:7dbfa96b715e,critic,5
Anne Billson,F:f20668301eda,critic,9
Anne Billson,F:ebb93f176a7f,critic,3
Johannes Binotto,F:90f0be2af18f,critic,1
Johannes Binotto,F:176166e412b4,critic,10
Johannes Binotto,F:8d926dae6d90,critic,5
Johannes Binotto,F:99132dc90638,critic,3
Johannes Binotto,F:2b7de8d95873,critic,2
Johannes Binotto,F:2b59a2d0d035,critic,4
Johannes Binotto,F:67f9c091abbe,critic,7
Johannes Binotto,F:0aec7c4badf9,critic,6
Johannes Binotto,F:b1d5c192e56b,critic,9
Johannes Binotto,F:ca241fd9482a,critic,8
Andrew Birkin,F:b132d89fef53,director,10
Andrew Birkin,F:b7ad240d9e7d,director,1
Andrew Birkin,F:7fe15b05ccde,director,9
Andrew Birkin,F:6d78c0ecb7e7,director,8
Andrew Birkin,F:f82430c94120,director,5
Andrew Birkin,F:8703270231ee,director,7
Andrew Birkin,F:9e22de7eb9ed,director,4
Andrew Birkin,F:a6da9a65f928,director,3
Andrew Birkin,F:0e8bdbad1acf,director,6
Andrew Birkin,F:b89f28404e4c,director,2
Rod Bishop,F:f72e31ffb42d,critic,2
Rod Bishop,F:b5749f03606c,critic,10
Rod Bishop,F:f376d0dacdd0,critic,8
Rod Bishop,F:5f16550a6836,critic,1
Rod Bishop,F:8fe1bdde11ef,critic,9
Rod Bishop,F:f4e217197597,critic,5
Rod Bishop,F:763d01d450da,critic,3
Rod Bishop,F:078c56f7dec6,critic,7
Rod Bishop,F:0e061101bdea,critic,6
Rod Bishop,F:1190a83ac033,critic,4
Moinak Biswas,F:c075ca5a9bd2,critic,3
Moinak Biswas,F:5094c1da4d65,critic,7
Moinak Biswas,F:7cdcf0b32a06,critic,8
Moinak Biswas,F:740786459d34,critic,1
Moinak Biswas,F:29e8c2663329,critic,9
Moinak Biswas,F:944ad783759e,critic,10
Moinak Biswas,F:0330eeb7767e,critic,2
Moinak Biswas,F:4bbf32d00fd9,critic,5
Moinak Biswas,F:11fff6d5f45a,critic,6
Moinak Biswas,F:e3e045b158eb,critic,4
Ranjita Biswas,F:edfb01f5a9d6,critic,5
Ranjita Biswas,F:838a18661382,critic,2
Ranjita Biswas,F:069cda2e3235,critic,4
Ranjita Biswas,F:bf6387f2c8ae,critic,10
Ranjita Biswas,F:2907bfe31ad2,critic,3
Ranjita Biswas,F:bee09401fa7d,critic,6
Ranjita Biswas,F:cda1a8b3152c,critic,7
Ranjita Biswas,F:4fd3c9a708f4,critic,1
Ranjita Biswas,F:7fe15b05ccde,critic,8
Ranjita Biswas,F:b132d89fef53,critic,9
Anton Bitel,F:833cd8b378fb,critic,8
Anton Bitel,F:2b128693df8e,critic,6
Anton Bitel,F:5da49dcce857,critic,7
Anton Bitel,F:d0416491dc50,critic,9
Anton Bitel,F:d8d26da47ecb,critic,1
Anton Bitel,F:101dac9d23be,critic,2
Anton Bitel,F:dc401d30e4c5,critic,4
Anton Bitel,F:501f79265f6c,critic,3
Anton Bitel,F:f556a9145024,critic,5
Ela Bittencourt,F:4178c0f6fbb7,critic,9
Ela Bittencourt,F:9f4bdfd01cfb,critic,2
Ela Bittencourt,F:ec7726632ac1,critic,7
Ela Bittencourt,F:83c734e30238,critic,10
Ela Bittencourt,F:cb689f3e2a97,critic,8
Ela Bittencourt,F:caabee7db5c9,critic,4
Ela Bittencourt,F:c22c42cd69b9,critic,5
Ela Bittencourt,F:d2ac8fced14e,critic,6
Ela Bittencourt,F:df2b6081d56d,critic,1
Ela Bittencourt,F:69dee05125cb,critic,3
Alice Black,F:e4e5d0b8b474,critic,9
Alice Black,F:240c3c3338a1,critic,5
Alice Black,F:08966bbb6c53,critic,10
Alice Black,F:e5c08e9f1271,critic,4
Alice Black,F:53f709905db4,critic,6
Alice Black,F:024fe592458e,critic,3
Alice Black,F:1db1fcb7215f,critic,1
Alice Black,F:f8abdb2ec9d8,critic,7
Alice Black,F:090832505b0f,critic,8
Alice Black,F:141c47593aaa,critic,2
Sally Jane Black,F:da3f1a9a55b3,critic,7
Sally Jane Black,F:c0ac69fa6c90,critic,3
Sally Jane Black,F:9539729dc80f,critic,8
Sally Jane Black,F:ba0d9c2270cb,critic,5
Sally Jane Black,F:8e273435834a,critic,4
Sally Jane Black,F:3fd09b3f6ff7,critic,1
Sally Jane Black,F:dfc3ec48e6dd,critic,6
Sally Jane Black,F:d8be33a7aa37,critic,10
Sally Jane Black,F:9ef807724026,critic,2
Sally Jane Black,F:95cb5acf1ea2,critic,9
Henry Blake,F:71c7b9363133,director,7
Henry Blake,F:ca22974a53b4,director,3
Henry Blake,F:1c8565784f6c,director,5
Henry Blake,F:f376d0dacdd0,director,8
Henry Blake,F:59622ac0a7ca,director,2
Henry Blake,F:6d78c0ecb7e7,director,10
Henry Blake,F:8ef14bf34952,director,4
Henry Blake,F:addd8bdec22b,director,1
Henry Blake,F:e9e268170b35,director,9
Henry Blake,F:23bcdf10e622,director,6
John Bleasdale,F:03809811ea9b,critic,8
John Bleasdale,F:4856ae18c1cd,critic,7
John Bleasdale,F:e067866bf78e,critic,4
John Bleasdale,F:b132d89fef53,critic,10
John Bleasdale,F:e4c949fb454a,critic,5
John Bleasdale,F:7dbfa96b715e,critic,1
John Bleasdale,F:1f696ff5de67,critic,2
John Bleasdale,F:71c7b9363133,critic,6
John Bleasdale,F:494fd4aacc71,critic,3
John Bleasdale,F:cbb0587ba064,critic,9
Ivo Blom,F:078c56f7dec6,critic,7
Ivo Blom,F:9f96298e4d23,critic,10
Ivo Blom,F:cdff67f11540,critic,3
Ivo Blom,F:e4e5d0b8b474,critic,8
Ivo Blom,F:62cb03c36929,critic,1
Ivo Blom,F:08966bbb6c53,critic,9
Ivo Blom,F:eeb94ecd85af,critic,6
Ivo Blom,F:de2e85ad205f,critic,2
Ivo Blom,F:5a722bb25331,critic,5
Ivo Blom,F:5f1c11a1a995,critic,4
Marten Blomkvist,F:d472058d559a,critic,8
Marten Blomkvist,F:6d78c0ecb7e7,critic,6
Marten Blomkvist,F:73ac13372020,critic,1
Marten Blomkvist,F:d117472f572e,critic,7
Marten Blomkvist,F:03774d8054b0,critic,9
Marten Blomkvist,F:bf6387f2c8ae,critic,10
Marten Blomkvist,F:ed913192d169,critic,3
Marten Blomkvist,F:a5083fa04636,critic,5
Marten Blomkvist,F:c0891d475a49,critic,4
Marten Blomkvist,F:cdb76db94f02,critic,2
Camille Blot-Wellens,F:11d99219066a,critic,1
Camille Blot-Wellens,F:1ec59921ffd0,critic,3
Camille Blot-Wellens,F:5a722bb25331,critic,2
Camille Blot-Wellens,F:03809811ea9b,critic,6
Camille Blot-Wellens,F:3af703bb3bf8,critic,4
Camille Blot-Wellens,F:2bcbc58a252d,critic,8
Camille Blot-Wellens,F:9f96298e4d23,critic,10
Camille Blot-Wellens,F:2907bfe31ad2,critic,5
Camille Blot-Wellens,F:176166e412b4,critic,7
Camille Blot-Wellens,F:944ad783759e,critic,9
Michael Blyth,F:ba2ff6c9eac4,critic,5
Michael Blyth,F:68f067eb3cf7,critic,6
Michael Blyth,F:59622ac0a7ca,critic,4
Michael Blyth,F:23bcdf10e622,critic,9
Michael Blyth,F:24244b82c9a0,critic,1
Michael Blyth,F:20f3b38bbd56,critic,2
Michael Blyth,F:84d0059a7dd2,critic,3
Michael Blyth,F:d2f10817bb1e,critic,7
Michael Blyth,F:2861a518888c,critic,8
Olga Bobrowska,F:8f84766090e1,critic,2
Olga Bobrowska,F:341aefe6f409,critic,6
Olga Bobrowska,F:240c3c3338a1,critic,7
Olga Bobrowska,F:c78c6b97f980,critic,9
Olga Bobrowska,F:74fa503cd45a,critic,1
Olga Bobrowska,F:556ded079fc1,critic,5
Olga Bobrowska,F:c95f16d9c37c,critic,4
Olga Bobrowska,F:608e02fe3ca2,critic,8
Olga Bobrowska,F:a5083fa04636,critic,10
Olga Bobrowska,F:eac7d207b342,critic,3
Lisa Bode,F:b09fb8ce622b,critic,5
Lisa Bode,F:d1d43bf4deff,critic,6
Lisa Bode,F:7d13a478bba1,critic,1
Lisa Bode,F:a34902196db2,critic,3
Lisa Bode,F:59ad7c389a61,critic,8
Lisa Bode,F:38ccb3d447c3,critic,9
Lisa Bode,F:e4e5d0b8b474,critic,10
Lisa Bode,F:ad4f804c3862,critic,4
Lisa Bode,F:27cc97d93f99,critic,7
Lisa Bode,F:058bec8182a5,critic,2
Sam Bodrojan,F:d39d1b73d6fa,critic,8
Sam Bodrojan,F:34bed313737b,critic,7
Sam Bodrojan,F:4e2bc3c14baa,critic,9
Sam Bodrojan,F:533ccb09f264,critic,4
Sam Bodrojan,F:8b408201c4c6,critic,5
Sam Bodrojan,F:fafeb6e41355,critic,3
Sam Bodrojan,F:55a202437af9,critic,1
Sam Bodrojan,F:15bcedf51ef8,critic,10
Sam Bodrojan,F:20f281f6515f,critic,2
Sam Bodrojan,F:3940db993e0a,critic,6
Chris Boeckmann,F:d2f59305f247,critic,6
Chris Boeckmann,F:4acddf379d28,critic,10
Chris Boeckmann,F:930e2118f326,critic,9
Chris Boeckmann,F:115f9dfb2b72,critic,2
Chris Boeckmann,F:930a4d087f2a,critic,1
Chris Boeckmann,F:8db25a4797e8,critic,8
Chris Boeckmann,F:6dcf24a853ae,critic,3
Chris Boeckmann,F:a3132936b824,critic,5
Chris Boeckmann,F:ec983a6c1ee5,critic,7
Chris Boeckmann,F:a7cef4d6d2d5,critic,4
Maja Bogojević,F:5094c1da4d65,critic,6
Maja Bogojević,F:6fa4815f7545,critic,3
Maja Bogojević,F:29e8c2663329,critic,9
Maja Bogojević,F:838a18661382,critic,5
Maja Bogojević,F:b3c8e2868bec,critic,4
Maja Bogojević,F:090832505b0f,critic,8
Maja Bogojević,F:08966bbb6c53,critic,10
Maja Bogojević,F:dae5a59fda60,critic,2
Maja Bogojević,F:7a8755398793,critic,1
Maja Bogojević,F:7a7c0ff849d4,critic,7
Anna Bogutskaya,F:b4941e142a34,critic,3
Anna Bogutskaya,F:83ebc8b43c9d,critic,9
Anna Bogutskaya,F:4c1dc2481c94,critic,1
Anna Bogutskaya,F:2b8f2194d907,critic,6
Anna Bogutskaya,F:4acddf379d28,critic,8
Anna Bogutskaya,F:7e30e8fe981c,critic,2
Anna Bogutskaya,F:f88f86b2bb29,critic,4
Anna Bogutskaya,F:e2bff7956338,critic,10
Anna Bogutskaya,F:f8abdb2ec9d8,critic,5
Anna Bogutskaya,F:7dacc043e524,critic,7
Sofia Bohdanowicz,F:090832505b0f,director,9
Sofia Bohdanowicz,F:d2ac8fced14e,director,8
Sofia Bohdanowicz,F:4e2bc3c14baa,director,7
Sofia Bohdanowicz,F:53f34ff42991,director,1
Sofia Bohdanowicz,F:83c734e30238,director,10
Sofia Bohdanowicz,F:af283adff85f,director,4
Sofia Bohdanowicz,F:f03f4c93d0f1,director,5
Sofia Bohdanowicz,F:95cb5acf1ea2,director,6
Sofia Bohdanowicz,F:e33ddf9586d3,director,2
Sofia Bohdanowicz,F:f0436480285d,director,3
Lucy Bolton,F:242bcffbc89a,critic,6
Lucy Bolton,F:fb1858f30417,critic,4
Lucy Bolton,F:4a156fefa5cb,critic,2
Lucy Bolton,F:4a5bb2892077,critic,3
Lucy Bolton,F:ea8c30267045,critic,9
Lucy Bolton,F:3779236f3701,critic,7
Lucy Bolton,F:269ff03a9765,critic,5
Lucy Bolton,F:176166e412b4,critic,10
Lucy Bolton,F:86549f782f09,critic,1
Lucy Bolton,F:71c7b9363133,critic,8
Leonardo Bomfim,F:4c11c72054c5,critic,1
Leonardo Bomfim,F:d2e4f5e8f98d,critic,7
Leonardo Bomfim,F:b5a06746734d,critic,9
Leonardo Bomfim,F:ee860a1dac92,critic,2
Leonardo Bomfim,F:3607e9f1675c,critic,6
Leonardo Bomfim,F:83c734e30238,critic,10
Leonardo Bomfim,F:9e129ad0f5e5,critic,5
Leonardo Bomfim,F:5d1eeae30e1c,critic,3
Leonardo Bomfim,F:f87b3c091815,critic,8
Leonardo Bomfim,F:c0e117f757be,critic,4
Jack Bond,F:7b5d85393630,director,10
Jack Bond,F:a6b2d4ef6e92,director,7
Jack Bond,F:a8708385b2e3,director,3
Jack Bond,F:f6ff4c164fbd,director,5
Jack Bond,F:0e061101bdea,director,6
Jack Bond,F:ca0238bc4718,director,8
Jack Bond,F:fe031910e1c0,director,2
Jack Bond,F:2aad0b1278e1,director,1
Jack Bond,F:4e1ecc31383f,director,4
Jack Bond,F:f53416daf440,director,9
Bertrand Bonello,F:e4e5d0b8b474,director,8
Bertrand Bonello,F:e2bff7956338,director,9
Bertrand Bonello,F:b5a06746734d,director,10
Bertrand Bonello,F:f487433720d3,director,7
Bertrand Bonello,F:f3a8723d695d,director,5
Bertrand Bonello,F:9e103f641ac9,director,6
Bertrand Bonello,F:71f230acd3f0,director,1
Bertrand Bonello,F:f00e3c45dd9d,director,4
Bertrand Bonello,F:727b4a394724,director,3
Bertrand Bonello,F:96db1ec94fd6,director,2
Maria Bonsanti,F:e3db72878efa,critic,4
Maria Bonsanti,F:f53416daf440,critic,6
Maria Bonsanti,F:f44713a09e4d,critic,7
Maria Bonsanti,F:aa61489f94c0,critic,1
Maria Bonsanti,F:cb689f3e2a97,critic,10
Maria Bonsanti,F:285b91fcb198,critic,2
Maria Bonsanti,F:578c62bb9d09,critic,3
Maria Bonsanti,F:87ddccd7c29d,critic,5
Maria Bonsanti,F:6d78c0ecb7e7,critic,8
Maria Bonsanti,F:090832505b0f,critic,9
Guido Bonsaver,F:83ebc8b43c9d,critic,7
Guido Bonsaver,F:269e50561c64,critic,2
Guido Bonsaver,F:b132d89fef53,critic,9
Guido Bonsaver,F:ea8c30267045,critic,5
Guido Bonsaver,F:f6bf4689418e,critic,1
Guido Bonsaver,F:b0360159539e,critic,4
Guido Bonsaver,F:edfb01f5a9d6,critic,6
Guido Bonsaver,F:93a1beda19cd,critic,3
Guido Bonsaver,F:bf6387f2c8ae,critic,10
Guido Bonsaver,F:03774d8054b0,critic,8
Kristoffer Borgli,F:47e745cd663b,director,6
Kristoffer Borgli,F:1366b0e8b92b,director,4
Kristoffer Borgli,F:653f45346bcc,director,10
Kristoffer Borgli,F:727b4a394724,director,8
Kristoffer Borgli,F:25430a091eda,director,1
Kristoffer Borgli,F:85945816f94f,director,7
Kristoffer Borgli,F:c0586f89aede,director,5
Kristoffer Borgli,F:9daa251a7795,director,9
Kristoffer Borgli,F:fa8d3cb9109f,director,2
Kristoffer Borgli,F:27bb3657eaff,director,3
Stefan Borsos,F:03271879e4e8,critic,6
Stefan Borsos,F:f443749dc74b,critic,7
Stefan Borsos,F:608e02fe3ca2,critic,8
Stefan Borsos,F:aa65b1eedc05,critic,9
Stefan Borsos,F:d5cae3172533,critic,2
Stefan Borsos,F:f1c19007ee77,critic,5
Stefan Borsos,F:c1b6318b148a,critic,1
Stefan Borsos,F:86654b68ceb5,critic,3
Stefan Borsos,F:0ea8bc4e14f7,critic,4
Stefan Borsos,F:f53416daf440,critic,10
Nandana Bose,F:95bd800bd9e5,critic,3
Nandana Bose,F:69f5bed6f836,critic,9
Nandana Bose,F:edfb01f5a9d6,critic,5
Nandana Bose,F:7cdcf0b32a06,critic,6
Nandana Bose,F:cda1a8b3152c,critic,8
Nandana Bose,F:2907bfe31ad2,critic,2
Nandana Bose,F:7b5d85393630,critic,7
Nandana Bose,F:15bcedf51ef8,critic,4
Nandana Bose,F:08966bbb6c53,critic,10
Nandana Bose,F:c6014c74c7ea,critic,1
Josephine Botting,F:e3db72878efa,critic,7
Josephine Botting,F:f53416daf440,critic,10
Josephine Botting,F:e9e268170b35,critic,9
Josephine Botting,F:8d16a29854c9,critic,4
Josephine Botting,F:b339d6c582f0,critic,8
Josephine Botting,F:b10a906b1662,critic,5
Josephine Botting,F:3c06dbcc4a96,critic,2
Josephine Botting,F:4f6f3f9bcf2a,critic,3
Josephine Botting,F:2c00d05903b6,critic,6
Josephine Botting,F:b3a3fd9e5d11,critic,1
Fyzal Boulifa,F:15cebbda1cd1,director,5
Fyzal Boulifa,F:08cc8188022e,director,3
Fyzal Boulifa,F:008495919c65,director,7
Fyzal Boulifa,F:f3a8723d695d,director,4
Fyzal Boulifa,F:653f45346bcc,director,9
Fyzal Boulifa,F:97b42f962368,director,8
Fyzal Boulifa,F:b5a06746734d,director,10
Fyzal Boulifa,F:c57d23af360b,director,2
Fyzal Boulifa,F:b7dbf64232a8,director,6
Fyzal Boulifa,F:4142ce958983,director,1
Charline Bourgeois-Tacquet,F:176166e412b4,director,6
Charline Bourgeois-Tacquet,F:e074ce2e38fe,director,1
Charline Bourgeois-Tacquet,F:c78c6b97f980,director,5
Charline Bourgeois-Tacquet,F:cb689f3e2a97,director,8
Charline Bourgeois-Tacquet,F:e2bff7956338,director,10
Charline Bourgeois-Tacquet,F:e0fa4f112d72,director,2
Charline Bourgeois-Tacquet,F:ea8c30267045,director,4
Charline Bourgeois-Tacquet,F:cbb0587ba064,director,7
Charline Bourgeois-Tacquet,F:e4e5d0b8b474,director,9
Charline Bourgeois-Tacquet,F:d1d43bf4deff,director,3
Jean-Loup Bourget,F:4c11c72054c5,critic,7
Jean-Loup Bourget,F:096362e962d8,critic,8
Jean-Loup Bourget,F:665eab0ab9d1,critic,10
Jean-Loup Bourget,F:cceee39cc159,critic,5
Jean-Loup Bourget,F:53f709905db4,critic,9
Jean-Loup Bourget,F:3bd48cfd6364,critic,1
Jean-Loup Bourget,F:719e67d0c290,critic,3
Jean-Loup Bourget,F:f8630a77816a,critic,2
Jean-Loup Bourget,F:1cc4724613d7,critic,6
Jean-Loup Bourget,F:c1521c9d5fba,critic,4
Stephen Bourne,F:8f5c71f27088,critic,2
Stephen Bourne,F:8ce8232221d4,critic,5
Stephen Bourne,F:008495919c65,critic,6
Stephen Bourne,F:cb842d6344ce,critic,1
Stephen Bourne,F:4acddf379d28,critic,9
Stephen Bourne,F:176166e412b4,critic,7
Stephen Bourne,F:50cd007175d9,critic,4
Stephen Bourne,F:38ccb3d447c3,critic,10
Stephen Bourne,F:f44713a09e4d,critic,8
Stephen Bourne,F:c5ffdb3a44fc,critic,3
Guillaume Brac,F:d117472f572e,director,9
Guillaume Brac,F:9f96298e4d23,director,10
Guillaume Brac,F:c36b992a8239,director,2
Guillaume Brac,F:f487433720d3,director,7
Guillaume Brac,F:c0cfeec65d87,director,3
Guillaume Brac,F:e3a29e728f76,director,6
Guillaume Brac,F:cccc3ab0080b,director,1
Guillaume Brac,F:069cda2e3235,director,8
Guillaume Brac,F:1876b26426fa,director,5
Guillaume Brac,F:ece757e25684,director,4
Clara Bradbury-Rance,F:4856ae18c1cd,critic,7
Clara Bradbury-Rance,F:b5a06746734d,critic,10
Clara Bradbury-Rance,F:6461abdfd357,critic,5
Clara Bradbury-Rance,F:09e266b0a30c,critic,1
Clara Bradbury-Rance,F:95cb5acf1ea2,critic,6
Clara Bradbury-Rance,F:08966bbb6c53,critic,9
Clara Bradbury-Rance,F:653f45346bcc,critic,8
Clara Bradbury-Rance,F:b64d55c5b8cd,critic,4
Clara Bradbury-Rance,F:5176fad55672,critic,2
Clara Bradbury-Rance,F:f8aecf9f8332,critic,3
Nick Bradshaw,F:c41986eabc20,critic,5
Nick Bradshaw,F:e4e5d0b8b474,critic,8
Nick Bradshaw,F:950c29bf9796,critic,6
Nick Bradshaw,F:08966bbb6c53,critic,10
Nick Bradshaw,F:002c591e702f,critic,4
Nick Bradshaw,F:7c9c923f35c0,critic,3
Nick Bradshaw,F:69f5bed6f836,critic,9
Nick Bradshaw,F:0a6dc7e57ab4,critic,1
Nick Bradshaw,F:5bef0b693d91,critic,2
Nick Bradshaw,F:8fe1bdde11ef,critic,7
Peter Bradshaw,F:6a0597216a83,critic,1
Peter Bradshaw,F:41912772ddcd,critic,3
Peter Bradshaw,F:7c54b4356371,critic,6
Peter Bradshaw,F:8ce8232221d4,critic,5
Peter Bradshaw,F:bcf63870b80d,critic,4
Peter Bradshaw,F:08966bbb6c53,critic,10
Peter Bradshaw,F:60a4d76c522e,critic,2
Peter Bradshaw,F:bd648fce3b3f,critic,8
Peter Bradshaw,F:38ccb3d447c3,critic,9
Peter Bradshaw,F:dd03c7ae8bd4,critic,7
Annabel Brady-Brown,F:4bbcec7d0753,critic,6
Annabel Brady-Brown,F:47f7b6f61804,critic,4
Annabel Brady-Brown,F:72d6d9bf2299,critic,8
Annabel Brady-Brown,F:8c5eb94596d0,critic,5
Annabel Brady-Brown,F:780d64fc079e,critic,2
Annabel Brady-Brown,F:98ca671012c5,critic,7
Annabel Brady-Brown,F:e4e5d0b8b474,critic,10
Annabel Brady-Brown,F:cf4f8f54b4df,critic,9
Annabel Brady-Brown,F:6dcf24a853ae,critic,3
Annabel Brady-Brown,F:610f8418a27f,critic,1
Martin Brady,F:833cd8b378fb,critic,9
Martin Brady,F:b1d3b0d928ca,critic,8
Martin Brady,F:5429e9e18700,critic,7
Martin Brady,F:63c3b2600874,critic,1
Martin Brady,F:7e6041d00453,critic,6
Martin Brady,F:36774373bb89,critic,5
Martin Brady,F:f95571180470,critic,2
Martin Brady,F:8fc32725b37f,critic,10
Martin Brady,F:ac17a82fe7ea,critic,3
Martin Brady,F:cea0fc3f5b36,critic,4
Tara Brady,F:d117472f572e,critic,10
Tara Brady,F:69dee05125cb,critic,6
Tara Brady,F:813bde6e3053,critic,9
Tara Brady,F:d1d43bf4deff,critic,3
Tara Brady,F:6d78c0ecb7e7,critic,8
Tara Brady,F:b5749f03606c,critic,7
Tara Brady,F:fbaed03c3121,critic,4
Tara Brady,F:5f9daceb0454,critic,2
Tara Brady,F:84fa7c2219d2,critic,5
Tara Brady,F:4e1ecc31383f,critic,1
Andrea Braidt,F:3bd2161c967f,critic,5
Andrea Braidt,F:413d2bed80fb,critic,9
Andrea Braidt,F:7d65c9a1bda6,critic,1
Andrea Braidt,F:f908f6f70606,critic,7
Andrea Braidt,F:07463e83d22e,critic,2
Andrea Braidt,F:b770124ea226,critic,4
Andrea Braidt,F:95cb5acf1ea2,critic,10
Andrea Braidt,F:bc0918f58467,critic,6
Andrea Braidt,F:87808a7efb47,critic,3
Andrea Braidt,F:b5b8d610e881,critic,8
Charles Bramesco,F:8ce8232221d4,critic,4
Charles Bramesco,F:069cda2e3235,critic,10
Charles Bramesco,F:ca0238bc4718,critic,7
Charles Bramesco,F:c9a62b53f643,critic,3
Charles Bramesco,F:af3336b803be,critic,6
Charles Bramesco,F:a6bd6b25ecb3,critic,1
Charles Bramesco,F:ef28514dc4e7,critic,9
Charles Bramesco,F:f1f9458aedc5,critic,2
Charles Bramesco,F:930e2118f326,critic,5
Charles Bramesco,F:b5fac1879322,critic,8
Kenneth Branagh,F:e2bff7956338,director,9
Kenneth Branagh,F:ba02780e0028,director,1
Kenneth Branagh,F:ed991211e7da,director,2
Kenneth Branagh,F:8ce8232221d4,director,5
Kenneth Branagh,F:bd648fce3b3f,director,6
Kenneth Branagh,F:eb18f3fa5ada,director,4
Kenneth Branagh,F:bee09401fa7d,director,7
Kenneth Branagh,F:bf6387f2c8ae,director,10
Kenneth Branagh,F:5aac0def84d2,director,3
Kenneth Branagh,F:d1188b34b03c,director,8
Danial Brännström,F:e147c7e3e29c,critic,8
Danial Brännström,F:608e02fe3ca2,critic,9
Danial Brännström,F:a9519db91181,critic,10
Danial Brännström,F:0ea0e00d9fdc,critic,7
Danial Brännström,F:e1c01276b733,critic,5
Danial Brännström,F:d6275cba1928,critic,1
Danial Brännström,F:3ec40e40a443,critic,6
Danial Brännström,F:c1096be11b09,critic,3
Danial Brännström,F:8f69ba6cd30e,critic,2
Danial Brännström,F:5a722bb25331,critic,4
Elegance Bratton,F:02ded6e20b97,director,8
Elegance Bratton,F:e4f2c6859086,director,2
Elegance Bratton,F:4409f275b372,director,3
Elegance Bratton,F:bd01ae6f009f,director,1
Elegance Bratton,F:af9e3551238b,director,5
Elegance Bratton,F:d1188b34b03c,director,9
Elegance Bratton,F:c4fda376339f,director,6
Elegance Bratton,F:008495919c65,director,7
Elegance Bratton,F:d472058d559a,director,10
Elegance Bratton,F:f6ff4c164fbd,director,4
Catherine Bray,F:6585623dc6cf,critic,8
Catherine Bray,F:556ded079fc1,critic,6
Catherine Bray,F:66b593dc0c46,critic,1
Catherine Bray,F:477977925947,critic,9
Catherine Bray,F:48431dbd6a66,critic,5
Catherine Bray,F:23bcdf10e622,critic,10
Catherine Bray,F:20d8d89f34e4,critic,2
Catherine Bray,F:623aa3247ecd,critic,4
Catherine Bray,F:ee3b9dd8a7d5,critic,7
Catherine Bray,F:38830a71fd8f,critic,3
Bernd Brehmer,F:c0891d475a49,critic,8
Bernd Brehmer,F:83c734e30238,critic,10
Bernd Brehmer,F:7ecd292638a9,critic,3
Bernd Brehmer,F:aeb0786beba4,critic,1
Bernd Brehmer,F:5c62c6008939,critic,2
Bernd Brehmer,F:4e2bc3c14baa,critic,6
Bernd Brehmer,F:2bcbc58a252d,critic,9
Bernd Brehmer,F:b7dbf64232a8,critic,5
Bernd Brehmer,F:17be19f021ea,critic,4
Bernd Brehmer,F:176166e412b4,critic,7
Rasmus Brendstrup,F:e35d40a37ce8,critic,2
Rasmus Brendstrup,F:651d58c8bee5,critic,1
Rasmus Brendstrup,F:944ad783759e,critic,8
Rasmus Brendstrup,F:c0891d475a49,critic,7
Rasmus Brendstrup,F:c41986eabc20,critic,5
Rasmus Brendstrup,F:b5a06746734d,critic,10
Rasmus Brendstrup,F:08966bbb6c53,critic,9
Rasmus Brendstrup,F:28d41c264f9a,critic,3
Rasmus Brendstrup,F:f376d0dacdd0,critic,6
Rasmus Brendstrup,F:caabee7db5c9,critic,4
Nicole Brenez,F:50486c252015,critic,1
Nicole Brenez,F:753f669d5558,critic,2
Nicole Brenez,F:69f5bed6f836,critic,10
Nicole Brenez,F:1bafe9e951fd,critic,5
Nicole Brenez,F:c812573c722b,critic,6
Nicole Brenez,F:7c86505ab493,critic,7
Nicole Brenez,F:b094047ae483,critic,3
Nicole Brenez,F:e3e045b158eb,critic,8
Nicole Brenez,F:d700aade6a68,critic,4
Nicole Brenez,F:7a7c0ff849d4,critic,9
Ferronian  Brigade ,F:4ecf80cd2c77,critic,1
Ferronian  Brigade ,F:ee216a684116,critic,2
Ferronian  Brigade ,F:70ee7bcb5169,critic,3
Ferronian  Brigade ,F:9992b8822fbc,critic,4
Ferronian  Brigade ,F:ec5e4f19cc9b,critic,5
Ferronian  Brigade ,F:340fdced895c,critic,6
Ferronian  Brigade ,F:f3e974db55ce,critic,7
Ferronian  Brigade ,F:f5560563eaf6,critic,8
Ferronian  Brigade ,F:cbf420e414e8,critic,9
Ferronian  Brigade ,F:74c33d1c6d1e,critic,10
Richard Brody,F:0a781a482623,critic,1
Richard Brody,F:cbb0587ba064,critic,7
Richard Brody,F:3af703bb3bf8,critic,4
Richard Brody,F:a8d48e8e61f0,critic,3
Richard Brody,F:9fa8a94443bd,critic,5
Richard Brody,F:bf6387f2c8ae,critic,9
Richard Brody,F:75046ffb9b38,critic,8
Richard Brody,F:83c734e30238,critic,10
Richard Brody,F:fb014edafd5d,critic,2
Richard Brody,F:32f33617395c,critic,6
Serge Bromberg,F:bf6387f2c8ae,critic,10
Serge Bromberg,F:ed913192d169,critic,5
Serge Bromberg,F:2bcbc58a252d,critic,8
Serge Bromberg,F:87ddccd7c29d,critic,4
Serge Bromberg,F:7dacc043e524,critic,7
Serge Bromberg,F:af358d7d1d59,critic,2
Serge Bromberg,F:88f068b796c4,critic,1
Serge Bromberg,F:e3a29e728f76,critic,3
Serge Bromberg,F:03b3065dc545,critic,6
Serge Bromberg,F:38ccb3d447c3,critic,9
Michael Brooke,F:9e11436fa52a,critic,4
Michael Brooke,F:6b3a0b38e917,critic,3
Michael Brooke,F:02ded6e20b97,critic,8
Michael Brooke,F:1025f1ade830,critic,5
Michael Brooke,F:aa9ca1df5398,critic,6
Michael Brooke,F:125061f190de,critic,9
Michael Brooke,F:1232574daf78,critic,7
Michael Brooke,F:e1d82a81fc27,critic,2
Michael Brooke,F:08966bbb6c53,critic,10
Michael Brooke,F:5979e644b558,critic,1
Xan Brooks,F:5b505c37b676,critic,2
Xan Brooks,F:8703270231ee,critic,5
Xan Brooks,F:59ad7c389a61,critic,8
Xan Brooks,F:44d249fc6091,critic,3
Xan Brooks,F:cda1a8b3152c,critic,10
Xan Brooks,F:f44713a09e4d,critic,9
Xan Brooks,F:b339d6c582f0,critic,6
Xan Brooks,F:e9e268170b35,critic,7
Xan Brooks,F:6df960d01ebc,critic,4
Xan Brooks,F:77abfe62dfcf,critic,1
Philip Brophy,F:4cce2f95dd1b,critic,4
Philip Brophy,F:2e6cbe239339,critic,1
Philip Brophy,F:f85c54efe544,critic,5
Philip Brophy,F:d2506ebeb73e,critic,6
Philip Brophy,F:2c14d43a37f4,critic,2
Philip Brophy,F:0df7362f710e,critic,8
Philip Brophy,F:af3336b803be,critic,7
Philip Brophy,F:ea8c30267045,critic,10
Philip Brophy,F:74869694acb1,critic,9
Philip Brophy,F:6461abdfd357,critic,3
Sophie Brown,F:15bcedf51ef8,critic,8
Sophie Brown,F:b0ababe3b667,critic,3
Sophie Brown,F:a9519db91181,critic,7
Sophie Brown,F:08966bbb6c53,critic,10
Sophie Brown,F:20ee2ea8dacf,critic,1
Sophie Brown,F:6ef9ec2a60f2,critic,4
Sophie Brown,F:dd03c7ae8bd4,critic,5
Sophie Brown,F:4326441d5975,critic,2
Sophie Brown,F:090832505b0f,critic,9
Sophie Brown,F:32f33617395c,critic,6
Stuart Brown,F:b132d89fef53,critic,10
Stuart Brown,F:9f96298e4d23,critic,9
Stuart Brown,F:97b42f962368,critic,8
Stuart Brown,F:ec7726632ac1,critic,6
Stuart Brown,F:03774d8054b0,critic,7
Stuart Brown,F:4434c6705bd6,critic,5
Stuart Brown,F:16913ba1d831,critic,4
Stuart Brown,F:5f685d7dd4d8,critic,1
Stuart Brown,F:fbac63dcd9cf,critic,3
Stuart Brown,F:23bcdf10e622,critic,2
Tara Brown,F:16913ba1d831,critic,10
Tara Brown,F:8a826d8712a7,critic,4
Tara Brown,F:9897c38e3805,critic,2
Tara Brown,F:57a1bf06a3b8,critic,9
Tara Brown,F:c2e492d52d62,critic,7
Tara Brown,F:bee39b98c3b9,critic,3
Tara Brown,F:095dd92eb88c,critic,6
Tara Brown,F:9eb43c8d98b0,critic,1
Tara Brown,F:95cb5acf1ea2,critic,8
Tara Brown,F:33e3eab93092,critic,5
Hannes Brühwiler,F:7cdcf0b32a06,critic,9
Hannes Brühwiler,F:7fa585215d06,critic,4
Hannes Brühwiler,F:8e930f89d440,critic,1
Hannes Brühwiler,F:8fc32725b37f,critic,7
Hannes Brühwiler,F:cbb0587ba064,critic,8
Hannes Brühwiler,F:72d8bc7578ad,critic,5
Hannes Brühwiler,F:727b4a394724,critic,3
Hannes Brühwiler,F:6e63730d04c1,critic,2
Hannes Brühwiler,F:83c734e30238,critic,10
Hannes Brühwiler,F:2ec8e3a6b8aa,critic,6
Gian Piero Brunetta,F:83ebc8b43c9d,critic,8
Gian Piero Brunetta,F:bf6387f2c8ae,critic,10
Gian Piero Brunetta,F:e3a29e728f76,critic,3
Gian Piero Brunetta,F:d117472f572e,critic,7
Gian Piero Brunetta,F:6b927993e1e1,critic,5
Gian Piero Brunetta,F:b132d89fef53,critic,9
Gian Piero Brunetta,F:1e8c36f50cef,critic,2
Gian Piero Brunetta,F:f53416daf440,critic,6
Gian Piero Brunetta,F:7be38868e0ce,critic,1
Gian Piero Brunetta,F:93a1beda19cd,critic,4
Matthew Buchanan,F:3779236f3701,critic,7
Matthew Buchanan,F:8b59f9e5c592,critic,5
Matthew Buchanan,F:7fe15b05ccde,critic,8
Matthew Buchanan,F:1310837c0d0e,critic,1
Matthew Buchanan,F:be922adcc35a,critic,6
Matthew Buchanan,F:387bc4cd1a6a,critic,2
Matthew Buchanan,F:e2bff7956338,critic,10
Matthew Buchanan,F:97d8d5966fb4,critic,3
Matthew Buchanan,F:653f45346bcc,critic,9
Matthew Buchanan,F:66e0b02405e2,critic,4
Paul Buck,F:15298623ef1f,critic,9
Paul Buck,F:a0352b39f069,critic,2
Paul Buck,F:c48b24faa9f1,critic,4
Paul Buck,F:7b5d85393630,critic,10
Paul Buck,F:ed09733fe458,critic,8
Paul Buck,F:72d6d9bf2299,critic,7
Paul Buck,F:5626e93ccf05,critic,3
Paul Buck,F:0df7362f710e,critic,6
Paul Buck,F:8c93104a11a8,critic,5
Paul Buck,F:356fb3c3f370,critic,1
Andrew Bujalski,F:1876b26426fa,director,8
Andrew Bujalski,F:84fa7c2219d2,director,9
Andrew Bujalski,F:6153eeb1ef64,director,10
Andrew Bujalski,F:d0416491dc50,director,7
Andrew Bujalski,F:d8ce5441d5f4,director,4
Andrew Bujalski,F:0e8301cd53e9,director,2
Andrew Bujalski,F:86feade405f0,director,1
Andrew Bujalski,F:248c0540b695,director,3
Andrew Bujalski,F:8082e9c53944,director,6
Andrew Bujalski,F:af358d7d1d59,director,5
Joseph Bull,F:d472058d559a,director,8
Joseph Bull,F:08966bbb6c53,director,10
Joseph Bull,F:11fff6d5f45a,director,3
Joseph Bull,F:325075869126,director,9
Joseph Bull,F:125061f190de,director,7
Joseph Bull,F:0565ff7fd56c,director,6
Joseph Bull,F:8b4b310f435e,director,5
Joseph Bull,F:e24ef98e5c4b,director,4
Joseph Bull,F:9a64753216c8,director,2
Joseph Bull,F:c35589fd31cd,director,1
Rick Burin,F:5bc54c7f9729,critic,1
Rick Burin,F:e3db72878efa,critic,10
Rick Burin,F:4418a62420bf,critic,8
Rick Burin,F:9a246a555eed,critic,4
Rick Burin,F:9503b95b7798,critic,9
Rick Burin,F:621ccae3bfba,critic,7
Rick Burin,F:f311acc10021,critic,5
Rick Burin,F:88bb0db89f16,critic,6
Rick Burin,F:23395507ee2b,critic,2
Rick Burin,F:d3c03713c377,critic,3
Charles Burnett,F:ca45d2441e02,director,5
Charles Burnett,F:db803e57874f,director,7
Charles Burnett,F:aec692502624,director,2
Charles Burnett,F:1025a8d62d64,director,3
Charles Burnett,F:7be38868e0ce,director,6
Charles Burnett,F:edfb01f5a9d6,director,8
Charles Burnett,F:cda1a8b3152c,director,10
Charles Burnett,F:4f701fce284d,director,1
Charles Burnett,F:3507dda6aee1,director,4
Charles Burnett,F:7b5d85393630,director,9
Colin Burnett,F:0ea0e00d9fdc,critic,2
Colin Burnett,F:813bde6e3053,critic,9
Colin Burnett,F:d2ac8fced14e,critic,7
Colin Burnett,F:02ded6e20b97,critic,8
Colin Burnett,F:2320d0b9141c,critic,3
Colin Burnett,F:dd03c7ae8bd4,critic,6
Colin Burnett,F:83c734e30238,critic,10
Colin Burnett,F:72d8bc7578ad,critic,4
Colin Burnett,F:6483a057f068,critic,1
Colin Burnett,F:77324d1d150c,critic,5
Ty Burr,F:7cdcf0b32a06,critic,6
Ty Burr,F:e2bff7956338,critic,9
Ty Burr,F:4e2bc3c14baa,critic,4
Ty Burr,F:813bde6e3053,critic,7
Ty Burr,F:b5a06746734d,critic,10
Ty Burr,F:03809811ea9b,critic,5
Ty Burr,F:951e168add74,critic,3
Ty Burr,F:c7384eeb7b0e,critic,2
Ty Burr,F:d5d56cef191d,critic,1
Ty Burr,F:653f45346bcc,critic,8
Andreas Busche,F:608e02fe3ca2,critic,5
Andreas Busche,F:813bde6e3053,critic,8
Andreas Busche,F:4bbcec7d0753,critic,3
Andreas Busche,F:1122a3f5fe74,critic,2
Andreas Busche,F:325075869126,critic,9
Andreas Busche,F:d393b8283dae,critic,1
Andreas Busche,F:83c734e30238,critic,10
Andreas Busche,F:c22c42cd69b9,critic,7
Andreas Busche,F:6e92bae17de8,critic,4
Andreas Busche,F:f8abdb2ec9d8,critic,6
Ed Buscombe,F:d117472f572e,critic,5
Ed Buscombe,F:09035fce59e3,critic,4
Ed Buscombe,F:9f96298e4d23,critic,7
Ed Buscombe,F:15298623ef1f,critic,2
Ed Buscombe,F:bf6387f2c8ae,critic,8
Ed Buscombe,F:4178c0f6fbb7,critic,6
Ed Buscombe,F:59ad7c389a61,critic,3
Ed Buscombe,F:9efcb3d93167,critic,1
Paul Bush,F:6b927993e1e1,director,8
Paul Bush,F:2c1b8d02644e,director,4
Paul Bush,F:9f33da28a720,director,1
Paul Bush,F:d117472f572e,director,9
Paul Bush,F:33292b411f6c,director,3
Paul Bush,F:4418a62420bf,director,5
Paul Bush,F:ca0238bc4718,director,7
Paul Bush,F:477977925947,director,6
Paul Bush,F:b2b6b0cee58e,director,2
Paul Bush,F:7fe15b05ccde,director,10
Esther Buss,F:83c734e30238,critic,10
Esther Buss,F:accd46d88a10,critic,2
Esther Buss,F:9f96298e4d23,critic,9
Esther Buss,F:608e02fe3ca2,critic,4
Esther Buss,F:813bde6e3053,critic,7
Esther Buss,F:15bcedf51ef8,critic,6
Esther Buss,F:325075869126,critic,8
Esther Buss,F:008495919c65,critic,5
Esther Buss,F:576f2a64f956,critic,1
Esther Buss,F:1a7eb506ded7,critic,3
Emilio Bustamante,F:a8d48e8e61f0,critic,5
Emilio Bustamante,F:2799de28d75f,critic,6
Emilio Bustamante,F:b9519c0e0789,critic,2
Emilio Bustamante,F:9f96298e4d23,critic,10
Emilio Bustamante,F:d8e24aa1ab58,critic,8
Emilio Bustamante,F:813bde6e3053,critic,9
Emilio Bustamante,F:08cc8188022e,critic,4
Emilio Bustamante,F:091d6c34db3a,critic,1
Emilio Bustamante,F:7a7c0ff849d4,critic,7
Emilio Bustamante,F:6206d3e8f67b,critic,3
Elisabet Cabeza,F:1a5ed79e90c4,critic,7
Elisabet Cabeza,F:9efcb3d93167,critic,5
Elisabet Cabeza,F:bd9efaa29502,critic,6
Elisabet Cabeza,F:4996e9b10df0,critic,9
Elisabet Cabeza,F:87ddccd7c29d,critic,8
Elisabet Cabeza,F:40a613564501,critic,2
Elisabet Cabeza,F:a76ac58f4952,critic,4
Elisabet Cabeza,F:08966bbb6c53,critic,10
Elisabet Cabeza,F:64ab12e0c6ea,critic,1
Elisabet Cabeza,F:cae7892d945f,critic,3
Natalia Cabral,F:28832a9948a6,director,1
Natalia Cabral,F:f9b6370c1fc2,director,7
Natalia Cabral,F:4bbf32d00fd9,director,6
Natalia Cabral,F:a9519db91181,director,9
Natalia Cabral,F:b339d6c582f0,director,8
Natalia Cabral,F:7cdcf0b32a06,director,10
Natalia Cabral,F:db803e57874f,director,5
Natalia Cabral,F:e8b008a8f498,director,4
Natalia Cabral,F:2500ea229f76,director,2
Natalia Cabral,F:0175fc2e4875,director,3
José Cabrera,F:2bcbc58a252d,critic,5
José Cabrera,F:6b927993e1e1,critic,4
José Cabrera,F:7e52230dd02d,critic,2
José Cabrera,F:125061f190de,critic,7
José Cabrera,F:944ad783759e,critic,9
José Cabrera,F:2b8f2194d907,critic,3
José Cabrera,F:cb9710eaaac9,critic,1
José Cabrera,F:edfb01f5a9d6,critic,6
José Cabrera,F:b5a06746734d,critic,10
José Cabrera,F:7b5d85393630,critic,8
Josh Cabrita,F:beaa42a4d260,critic,4
Josh Cabrita,F:4cb835ad138b,critic,1
Josh Cabrita,F:d8e24aa1ab58,critic,9
Josh Cabrita,F:03809811ea9b,critic,8
Josh Cabrita,F:b75b5b2ed55d,critic,3
Josh Cabrita,F:89e4517e3ce1,critic,2
Josh Cabrita,F:7af3bfecc2a8,critic,6
Josh Cabrita,F:f87b3c091815,critic,7
Josh Cabrita,F:b5a06746734d,critic,10
Josh Cabrita,F:ff5bdf04a167,critic,5
Diana Cadavid,F:2da4899c687b,critic,9
Diana Cadavid,F:d4eebf3e8635,critic,4
Diana Cadavid,F:f9b6370c1fc2,critic,8
Diana Cadavid,F:f324eb8922f9,critic,3
Diana Cadavid,F:7b47c3e5e457,critic,1
Diana Cadavid,F:ff24a84a5061,critic,2
Diana Cadavid,F:f58915ed95d4,critic,6
Diana Cadavid,F:82b02638de19,critic,5
Diana Cadavid,F:be922adcc35a,critic,7
Diana Cadavid,F:03b3065dc545,critic,10
Maya S. Cade,F:32f33617395c,critic,6
Maya S. Cade,F:b2910882a46d,critic,5
Maya S. Cade,F:16913ba1d831,critic,8
Maya S. Cade,F:c4e34698c643,critic,4
Maya S. Cade,F:ed913192d169,critic,7
Maya S. Cade,F:0565ff7fd56c,critic,10
Maya S. Cade,F:27c512670976,critic,2
Maya S. Cade,F:ad27d47e2ec4,critic,1
Maya S. Cade,F:176166e412b4,critic,9
Maya S. Cade,F:c3b16d0c3268,critic,3
Ava Cahen,F:7c54b4356371,critic,5
Ava Cahen,F:269ff03a9765,critic,4
Ava Cahen,F:cb689f3e2a97,critic,10
Ava Cahen,F:3779236f3701,critic,6
Ava Cahen,F:03b3065dc545,critic,8
Ava Cahen,F:71c7b9363133,critic,7
Ava Cahen,F:24ef9fe36578,critic,1
Ava Cahen,F:0e9f6948c10d,critic,2
Ava Cahen,F:09035fce59e3,critic,9
Ava Cahen,F:8398f4e890ff,critic,3
James Leo Cahill,F:95bd800bd9e5,critic,8
James Leo Cahill,F:7a87f52cc24d,critic,3
James Leo Cahill,F:e3e045b158eb,critic,4
James Leo Cahill,F:cb689f3e2a97,critic,10
James Leo Cahill,F:783cb584014f,critic,1
James Leo Cahill,F:2bcbc58a252d,critic,9
James Leo Cahill,F:b85000de8053,critic,2
James Leo Cahill,F:cf4f8f54b4df,critic,7
James Leo Cahill,F:b81ddc038404,critic,5
James Leo Cahill,F:b7b17347ab6a,critic,6
David Cairns,F:047ce3c4b6b0,critic,2
David Cairns,F:f5b23bc11b1d,critic,3
David Cairns,F:bf6387f2c8ae,critic,10
David Cairns,F:b2910882a46d,critic,5
David Cairns,F:83ebc8b43c9d,critic,8
David Cairns,F:e17c7e91bac9,critic,1
David Cairns,F:b132d89fef53,critic,9
David Cairns,F:75046ffb9b38,critic,7
David Cairns,F:ed09733fe458,critic,4
David Cairns,F:c41986eabc20,critic,6
Marta Calderón,F:7e52230dd02d,critic,10
Marta Calderón,F:1bc5acc7eba9,critic,8
Marta Calderón,F:b2183728e8f6,critic,5
Marta Calderón,F:4731d71323f6,critic,6
Marta Calderón,F:bef1d4864b29,critic,7
Marta Calderón,F:1a5a0c40c7f6,critic,1
Marta Calderón,F:838a18661382,critic,9
Marta Calderón,F:4095b1c4b144,critic,3
Marta Calderón,F:2289e60f1a25,critic,2
Marta Calderón,F:0bb32bae027b,critic,4
Anna Cale,F:d472058d559a,critic,9
Anna Cale,F:3809438798aa,critic,1
Anna Cale,F:11fff6d5f45a,critic,5
Anna Cale,F:fbac63dcd9cf,critic,7
Anna Cale,F:b5b062b8702a,critic,2
Anna Cale,F:176166e412b4,critic,8
Anna Cale,F:002dd21bef36,critic,3
Anna Cale,F:84fa7c2219d2,critic,6
Anna Cale,F:08966bbb6c53,critic,10
Anna Cale,F:1a5ed79e90c4,critic,4
Dave Calhoun,F:ef557d6c32c4,critic,7
Dave Calhoun,F:dd03c7ae8bd4,critic,9
Dave Calhoun,F:f96da45e774e,critic,4
Dave Calhoun,F:b21e5cdba7f0,critic,1
Dave Calhoun,F:9f96298e4d23,critic,10
Dave Calhoun,F:5094c1da4d65,critic,8
Dave Calhoun,F:d90030976e74,critic,3
Dave Calhoun,F:e3f9a5827411,critic,2
Dave Calhoun,F:f0003668a2c4,critic,5
Dave Calhoun,F:e037a0ce1088,critic,6
Dan Callahan,F:27cc97d93f99,critic,5
Dan Callahan,F:2af5c5bcacdf,critic,6
Dan Callahan,F:4996e9b10df0,critic,7
Dan Callahan,F:b7dbf64232a8,critic,8
Dan Callahan,F:dd26e0ec916e,critic,1
Dan Callahan,F:cac0a48aa065,critic,2
Dan Callahan,F:e3db72878efa,critic,4
Dan Callahan,F:ec7726632ac1,critic,9
Dan Callahan,F:83c734e30238,critic,10
Dan Callahan,F:7af3bfecc2a8,critic,3
Alejandro G Calvo,F:87ddccd7c29d,critic,6
Alejandro G Calvo,F:d472058d559a,critic,9
Alejandro G Calvo,F:114ae73dd3a7,critic,7
Alejandro G Calvo,F:74869694acb1,critic,5
Alejandro G Calvo,F:c47f3a270320,critic,3
Alejandro G Calvo,F:813bde6e3053,critic,8
Alejandro G Calvo,F:34bed313737b,critic,4
Alejandro G Calvo,F:7e12bfeece24,critic,1
Alejandro G Calvo,F:69f5bed6f836,critic,10
Alejandro G Calvo,F:0b8605c6af7f,critic,2
Vasco Câmara,F:a456197fdd59,critic,2
Vasco Câmara,F:a63c052d0d4b,critic,3
Vasco Câmara,F:e4e5d0b8b474,critic,10
Vasco Câmara,F:25344d9e0b31,critic,5
Vasco Câmara,F:09259bca17eb,critic,4
Vasco Câmara,F:d57dc605bb3e,critic,1
Vasco Câmara,F:83d479d3ae29,critic,6
Vasco Câmara,F:2bcbc58a252d,critic,9
Vasco Câmara,F:3ec40e40a443,critic,7
Vasco Câmara,F:2861a518888c,critic,8
Raúl Camargo Bórquez,F:19eb92f7e110,critic,5
Raúl Camargo Bórquez,F:caabee7db5c9,critic,9
Raúl Camargo Bórquez,F:d2ac8fced14e,critic,10
Raúl Camargo Bórquez,F:ddfa166f49af,critic,2
Raúl Camargo Bórquez,F:d8be33a7aa37,critic,8
Raúl Camargo Bórquez,F:646ea2ac9f18,critic,7
Raúl Camargo Bórquez,F:dbf76df2cb20,critic,3
Raúl Camargo Bórquez,F:432bbc185cbb,critic,6
Raúl Camargo Bórquez,F:f3b24a1c61df,critic,1
Raúl Camargo Bórquez,F:b0e0aec3a47c,critic,4
Kambole Campbell,F:d1188b34b03c,critic,8
Kambole Campbell,F:325075869126,critic,10
Kambole Campbell,F:ed7d59c56f5d,critic,7
Kambole Campbell,F:6272422b6a29,critic,2
Kambole Campbell,F:944ad783759e,critic,9
Kambole Campbell,F:26be51a0abcf,critic,4
Kambole Campbell,F:0f4499b56440,critic,1
Kambole Campbell,F:ae8a4e6355c1,critic,5
Kambole Campbell,F:e7dac9257c72,critic,3
Kambole Campbell,F:000c71b9b4be,critic,6
Ramsey Campbell,F:53f709905db4,critic,4
Ramsey Campbell,F:d743775a5179,critic,1
Ramsey Campbell,F:122fb2de00e8,critic,2
Ramsey Campbell,F:2320d0b9141c,critic,3
Ramsey Campbell,F:38ccb3d447c3,critic,9
Ramsey Campbell,F:c34fe68dc6cf,critic,7
Ramsey Campbell,F:2907bfe31ad2,critic,6
Ramsey Campbell,F:b5a06746734d,critic,10
Ramsey Campbell,F:76f8cccf860c,critic,5
Ramsey Campbell,F:c41986eabc20,critic,8
Fred Camper,F:42c643695381,critic,1
Fred Camper,F:813bde6e3053,critic,10
Fred Camper,F:41802f0348ba,critic,5
Fred Camper,F:12e73f3b1da5,critic,8
Fred Camper,F:68a64538e39f,critic,7
Fred Camper,F:a5781a2da9eb,critic,2
Fred Camper,F:5ccbed3ed039,critic,9
Fred Camper,F:c09d3ec5bdb0,critic,3
Fred Camper,F:97daacecacb1,critic,6
Fred Camper,F:3ee13ea77fbc,critic,4
Michael Campi,F:03809811ea9b,critic,7
Michael Campi,F:e4e5d0b8b474,critic,10
Michael Campi,F:2bcbc58a252d,critic,8
Michael Campi,F:c21985a3eec4,critic,2
Michael Campi,F:668b1658708c,critic,1
Michael Campi,F:7cdcf0b32a06,critic,9
Michael Campi,F:4996e9b10df0,critic,6
Michael Campi,F:da997bca9f48,critic,4
Michael Campi,F:15cebbda1cd1,critic,5
Michael Campi,F:38b522b41810,critic,3
Enrico Camporesi,F:85413899f71e,critic,3
Enrico Camporesi,F:caabee7db5c9,critic,9
Enrico Camporesi,F:2d0a70a530cf,critic,6
Enrico Camporesi,F:1342123c8f62,critic,5
Enrico Camporesi,F:c1a1268c1cc0,critic,4
Enrico Camporesi,F:1122a3f5fe74,critic,7
Enrico Camporesi,F:e02909afeb53,critic,1
Enrico Camporesi,F:38ccb3d447c3,critic,10
Enrico Camporesi,F:899b7f1e4df3,critic,2
Enrico Camporesi,F:6bd726b305a8,critic,8
Nae Caranfil,F:f71879711b8f,critic,6
Nae Caranfil,F:7dacc043e524,critic,8
Nae Caranfil,F:4c53a001a92c,critic,3
Nae Caranfil,F:bf6387f2c8ae,critic,10
Nae Caranfil,F:93a1beda19cd,critic,5
Nae Caranfil,F:cdb76db94f02,critic,4
Nae Caranfil,F:82f51bc15898,critic,2
Nae Caranfil,F:f44713a09e4d,critic,7
Nae Caranfil,F:acd358f67770,critic,1
Nae Caranfil,F:38ccb3d447c3,critic,9
Forrest Cardamenis,F:d1188b34b03c,critic,9
Forrest Cardamenis,F:a6bd6b25ecb3,critic,3
Forrest Cardamenis,F:090832505b0f,critic,10
Forrest Cardamenis,F:0ea0e00d9fdc,critic,7
Forrest Cardamenis,F:caabee7db5c9,critic,8
Forrest Cardamenis,F:f9b6370c1fc2,critic,6
Forrest Cardamenis,F:75719b21d0aa,critic,4
Forrest Cardamenis,F:38b522b41810,critic,5
Forrest Cardamenis,F:ba1def938567,critic,1
Forrest Cardamenis,F:392eed9c3024,critic,2
Edwin Carels,F:8cee1d2e01c5,critic,1
Edwin Carels,F:7a7c0ff849d4,critic,7
Edwin Carels,F:97b42f962368,critic,10
Edwin Carels,F:29e8c2663329,critic,9
Edwin Carels,F:31e3a3512a76,critic,6
Edwin Carels,F:9a64753216c8,critic,5
Edwin Carels,F:de8e6242d3f5,critic,3
Edwin Carels,F:37bbd65ea51f,critic,4
Edwin Carels,F:e61b2bc6a177,critic,2
Edwin Carels,F:813bde6e3053,critic,8
Michelle Carey,F:c4e34698c643,critic,5
Michelle Carey,F:ff478deae1ed,critic,6
Michelle Carey,F:3deebe327b41,critic,2
Michelle Carey,F:2ad5908b5cfa,critic,1
Michelle Carey,F:090832505b0f,critic,8
Michelle Carey,F:e4e5d0b8b474,critic,9
Michelle Carey,F:48f6f9148b34,critic,3
Michelle Carey,F:bee5654ca481,critic,4
Michelle Carey,F:002c591e702f,critic,7
Christian Cargnelli,F:122fb2de00e8,critic,9
Christian Cargnelli,F:84cc262a6766,critic,6
Christian Cargnelli,F:7aaa3f4847e7,critic,4
Christian Cargnelli,F:c0891d475a49,critic,10
Christian Cargnelli,F:017360048d03,critic,1
Christian Cargnelli,F:a2cc275087ec,critic,2
Christian Cargnelli,F:61627230aba4,critic,3
Christian Cargnelli,F:96b0125c2257,critic,7
Christian Cargnelli,F:f27b3138eae5,critic,5
Christian Cargnelli,F:2a5f669472bc,critic,8
Per Juul Carlsen,F:3af40ecb2be3,critic,2
Per Juul Carlsen,F:d117472f572e,critic,6
Per Juul Carlsen,F:03774d8054b0,critic,8
Per Juul Carlsen,F:b0360159539e,critic,5
Per Juul Carlsen,F:9eb43c8d98b0,critic,3
Per Juul Carlsen,F:b132d89fef53,critic,10
Per Juul Carlsen,F:7fe15b05ccde,critic,9
Per Juul Carlsen,F:11fff6d5f45a,critic,4
Per Juul Carlsen,F:d472058d559a,critic,7
Per Juul Carlsen,F:38e9d874066b,critic,1
luna Carmoon,F:d8726582e631,director,1
luna Carmoon,F:f35418049000,director,2
luna Carmoon,F:cf34159e97b2,director,8
luna Carmoon,F:859c37decc34,director,3
luna Carmoon,F:d62c40a3d88f,director,10
luna Carmoon,F:2742630e4551,director,5
luna Carmoon,F:55fd868ffa49,director,9
luna Carmoon,F:d936d639d47d,director,7
luna Carmoon,F:df17521aaaf0,director,4
luna Carmoon,F:4342f6f95f5c,director,6
Axelle Carolyn,F:0e33d5c0e03a,critic,3
Axelle Carolyn,F:9dc99962ce43,critic,9
Axelle Carolyn,F:42055019662f,critic,6
Axelle Carolyn,F:519bae9ab383,critic,2
Axelle Carolyn,F:1944cd335807,critic,7
Axelle Carolyn,F:8275a97fb793,critic,5
Axelle Carolyn,F:3779236f3701,critic,10
Axelle Carolyn,F:6440d59445fd,critic,4
Axelle Carolyn,F:ee2a2cfc2fc7,critic,8
Axelle Carolyn,F:025b10ea4e04,critic,1
John Carpenter,F:d2e4f5e8f98d,director,5
John Carpenter,F:39e8daa81ee8,director,2
John Carpenter,F:d5d45d8c9f1b,director,8
John Carpenter,F:d210c0d5f689,director,3
John Carpenter,F:1c8565784f6c,director,7
John Carpenter,F:2af5c5bcacdf,director,6
John Carpenter,F:d117472f572e,director,9
John Carpenter,F:7e52230dd02d,director,4
John Carpenter,F:21f4a70f8383,director,1
John Carpenter,F:b5a06746734d,director,10
Max Carpenter,F:87260f5ae7bb,critic,8
Max Carpenter,F:d117472f572e,critic,9
Max Carpenter,F:dd26e0ec916e,critic,6
Max Carpenter,F:83c734e30238,critic,10
Max Carpenter,F:d6bd38bc72ab,critic,2
Max Carpenter,F:76cf726e11ce,critic,4
Max Carpenter,F:3dd2ba0c7540,critic,1
Max Carpenter,F:0da34c2984d6,critic,3
Max Carpenter,F:2f78aa46dcb8,critic,5
Max Carpenter,F:3a1db211ccc6,critic,7
Georgie Carr,F:b012c8bfaaac,critic,2
Georgie Carr,F:62223f240a33,critic,5
Georgie Carr,F:3a3ec9a6367f,critic,3
Georgie Carr,F:1961bdb691aa,critic,8
Georgie Carr,F:02ded6e20b97,critic,10
Georgie Carr,F:a9eef8b2df96,critic,1
Georgie Carr,F:d8be33a7aa37,critic,7
Georgie Carr,F:d0605fcc213a,critic,4
Georgie Carr,F:89bca25c2226,critic,6
Georgie Carr,F:10e86670da04,critic,9
Lauren Carroll Harris,F:5e5b16dbc375,critic,2
Lauren Carroll Harris,F:b5a06746734d,critic,9
Lauren Carroll Harris,F:325075869126,critic,8
Lauren Carroll Harris,F:9c7d37d05b63,critic,1
Lauren Carroll Harris,F:b09fb8ce622b,critic,4
Lauren Carroll Harris,F:83c734e30238,critic,10
Lauren Carroll Harris,F:e147c7e3e29c,critic,5
Lauren Carroll Harris,F:6fb030bf7755,critic,3
Lauren Carroll Harris,F:d6d30033c698,critic,6
Lauren Carroll Harris,F:76f8cccf860c,critic,7
Noël Carroll,F:4178c0f6fbb7,critic,6
Noël Carroll,F:b5a06746734d,critic,10
Noël Carroll,F:bf6387f2c8ae,critic,9
Noël Carroll,F:9f96298e4d23,critic,8
Noël Carroll,F:c0891d475a49,critic,3
Noël Carroll,F:f5b23bc11b1d,critic,2
Noël Carroll,F:69f5bed6f836,critic,7
Noël Carroll,F:2799de28d75f,critic,1
Noël Carroll,F:cbb0587ba064,critic,4
Noël Carroll,F:090832505b0f,critic,5
Giulio Casadei,F:9e103f641ac9,critic,4
Giulio Casadei,F:bd9efaa29502,critic,2
Giulio Casadei,F:2ec8e3a6b8aa,critic,5
Giulio Casadei,F:d8e24aa1ab58,critic,8
Giulio Casadei,F:b5a06746734d,critic,10
Giulio Casadei,F:8b4b310f435e,critic,6
Giulio Casadei,F:d117472f572e,critic,9
Giulio Casadei,F:c0891d475a49,critic,7
Giulio Casadei,F:240c3c3338a1,critic,3
Giulio Casadei,F:bc9d9316bdc3,critic,1
Gerard Casau,F:537490443a63,critic,4
Gerard Casau,F:d8e24aa1ab58,critic,10
Gerard Casau,F:a758f31506ad,critic,3
Gerard Casau,F:296c885895bb,critic,7
Gerard Casau,F:f487433720d3,critic,8
Gerard Casau,F:d6f557bc2e5d,critic,1
Gerard Casau,F:34bed313737b,critic,2
Gerard Casau,F:c41986eabc20,critic,9
Gerard Casau,F:9000c8f0eb34,critic,6
Gerard Casau,F:9aa40df22c3e,critic,5
Robert Cashill,F:b132d89fef53,critic,10
Robert Cashill,F:f376d0dacdd0,critic,8
Robert Cashill,F:e24ef98e5c4b,critic,4
Robert Cashill,F:88f068b796c4,critic,3
Robert Cashill,F:4996e9b10df0,critic,7
Robert Cashill,F:7583ca385965,critic,2
Robert Cashill,F:02ded6e20b97,critic,9
Robert Cashill,F:38e96c06d714,critic,1
Robert Cashill,F:e50615c80a64,critic,5
Robert Cashill,F:f5b23bc11b1d,critic,6
Jorge Ignacio Castillo,F:f53416daf440,critic,8
Jorge Ignacio Castillo,F:b0360159539e,critic,6
Jorge Ignacio Castillo,F:39cdf13e23a9,critic,1
Jorge Ignacio Castillo,F:d62c40a3d88f,critic,4
Jorge Ignacio Castillo,F:b5a06746734d,critic,10
Jorge Ignacio Castillo,F:69037f12168c,critic,3
Jorge Ignacio Castillo,F:74869694acb1,critic,5
Jorge Ignacio Castillo,F:176166e412b4,critic,7
Jorge Ignacio Castillo,F:59ad7c389a61,critic,9
Jorge Ignacio Castillo,F:59e7441be420,critic,2
Monica Castillo,F:cbca9660da1d,critic,4
Monica Castillo,F:38ccb3d447c3,critic,9
Monica Castillo,F:03809811ea9b,critic,7
Monica Castillo,F:ad61730d9d2f,critic,1
Monica Castillo,F:0a600f29226c,critic,6
Monica Castillo,F:32f33617395c,critic,5
Monica Castillo,F:08966bbb6c53,critic,10
Monica Castillo,F:f9b6370c1fc2,critic,3
Monica Castillo,F:a9519db91181,critic,8
Monica Castillo,F:6fb030bf7755,critic,2
Massimo Causo,F:9f96298e4d23,critic,10
Massimo Causo,F:608e02fe3ca2,critic,4
Massimo Causo,F:2ec8e3a6b8aa,critic,5
Massimo Causo,F:d117472f572e,critic,8
Massimo Causo,F:813bde6e3053,critic,7
Massimo Causo,F:860988085746,critic,2
Massimo Causo,F:7fe15b05ccde,critic,9
Massimo Causo,F:a3d0b4e174aa,critic,3
Massimo Causo,F:11f597068baf,critic,6
Massimo Causo,F:e317c0295707,critic,1
Dylan Cave,F:69f5bed6f836,critic,10
Dylan Cave,F:38ccb3d447c3,critic,9
Dylan Cave,F:05be2d5b9ba3,critic,1
Dylan Cave,F:03774d8054b0,critic,8
Dylan Cave,F:176166e412b4,critic,5
Dylan Cave,F:75046ffb9b38,critic,6
Dylan Cave,F:c41986eabc20,critic,3
Dylan Cave,F:d1188b34b03c,critic,7
Dylan Cave,F:16913ba1d831,critic,4
Dylan Cave,F:29be497f95ce,critic,2
Sehad Čekić,F:9fa2ffff0e05,critic,3
Sehad Čekić,F:b5a06746734d,critic,10
Sehad Čekić,F:705d2e705fc7,critic,1
Sehad Čekić,F:feaa04ac1109,critic,7
Sehad Čekić,F:078c56f7dec6,critic,6
Sehad Čekić,F:f85c54efe544,critic,4
Sehad Čekić,F:d472058d559a,critic,8
Sehad Čekić,F:7fa585215d06,critic,5
Sehad Čekić,F:97b42f962368,critic,9
Sehad Čekić,F:da2081de6713,critic,2
Erdem Murat Çelikler,F:e2bff7956338,critic,9
Erdem Murat Çelikler,F:b5a06746734d,critic,10
Erdem Murat Çelikler,F:db803e57874f,critic,3
Erdem Murat Çelikler,F:ed09733fe458,critic,4
Erdem Murat Çelikler,F:125061f190de,critic,6
Erdem Murat Çelikler,F:c3f4f3d3dda9,critic,2
Erdem Murat Çelikler,F:831c9cd8d8f7,critic,1
Erdem Murat Çelikler,F:d472058d559a,critic,7
Erdem Murat Çelikler,F:97b42f962368,critic,8
Erdem Murat Çelikler,F:8fe1bdde11ef,critic,5
Cecilia Cenciarelli,F:2bcbc58a252d,critic,8
Cecilia Cenciarelli,F:f9b6370c1fc2,critic,4
Cecilia Cenciarelli,F:2018d336cc28,critic,3
Cecilia Cenciarelli,F:b81ddc038404,critic,6
Cecilia Cenciarelli,F:d472058d559a,critic,9
Cecilia Cenciarelli,F:a2a1ef5c6f47,critic,2
Cecilia Cenciarelli,F:413d2bed80fb,critic,5
Cecilia Cenciarelli,F:ed09733fe458,critic,7
Cecilia Cenciarelli,F:3e1144d4e388,critic,1
Cecilia Cenciarelli,F:08966bbb6c53,critic,10
Diego Cepeda,F:090832505b0f,critic,10
Diego Cepeda,F:f128272fb973,critic,5
Diego Cepeda,F:1bafe9e951fd,critic,4
Diego Cepeda,F:b7dbf64232a8,critic,9
Diego Cepeda,F:894a2bacef7f,critic,7
Diego Cepeda,F:5bf728a15019,critic,6
Diego Cepeda,F:bf371a639776,critic,1
Diego Cepeda,F:646ea2ac9f18,critic,8
Diego Cepeda,F:e86eb2dbd042,critic,2
Diego Cepeda,F:a39039164af5,critic,3
Nuri Bilge Ceylan,F:29e8c2663329,director,9
Nuri Bilge Ceylan,F:b5749f03606c,director,8
Nuri Bilge Ceylan,F:9f96298e4d23,director,10
Nuri Bilge Ceylan,F:feaa04ac1109,director,7
Nuri Bilge Ceylan,F:f363acab3eb9,director,2
Nuri Bilge Ceylan,F:eeb94ecd85af,director,6
Nuri Bilge Ceylan,F:3b027eac1618,director,5
Nuri Bilge Ceylan,F:461ce53274b8,director,4
Nuri Bilge Ceylan,F:93b853b9e717,director,3
Nuri Bilge Ceylan,F:36390770bdfc,director,1
Lina Chaabane,F:82f51bc15898,critic,6
Lina Chaabane,F:f96da45e774e,critic,7
Lina Chaabane,F:6ecc0679f466,critic,1
Lina Chaabane,F:be922adcc35a,critic,9
Lina Chaabane,F:f0003668a2c4,critic,8
Lina Chaabane,F:fe25f4434cab,critic,4
Lina Chaabane,F:1637cba8e345,critic,5
Lina Chaabane,F:8fe1bdde11ef,critic,10
Lina Chaabane,F:eeb61bd6c4d2,critic,2
Lina Chaabane,F:676843fc7e0c,critic,3
Anchalee Chaiworaporn,F:7b5d85393630,critic,10
Anchalee Chaiworaporn,F:b0360159539e,critic,5
Anchalee Chaiworaporn,F:c9a62b53f643,critic,3
Anchalee Chaiworaporn,F:ccb2d378f3ad,critic,1
Anchalee Chaiworaporn,F:bee09401fa7d,critic,9
Anchalee Chaiworaporn,F:03b3065dc545,critic,6
Anchalee Chaiworaporn,F:a5083fa04636,critic,7
Anchalee Chaiworaporn,F:93a1beda19cd,critic,4
Anchalee Chaiworaporn,F:09035fce59e3,critic,8
Anchalee Chaiworaporn,F:ed258bfa07e7,critic,2
Jenny Chamarette,F:83c734e30238,critic,10
Jenny Chamarette,F:e147c7e3e29c,critic,4
Jenny Chamarette,F:1961bdb691aa,critic,7
Jenny Chamarette,F:95cb5acf1ea2,critic,5
Jenny Chamarette,F:2bcbc58a252d,critic,9
Jenny Chamarette,F:e5c08e9f1271,critic,2
Jenny Chamarette,F:caabee7db5c9,critic,6
Jenny Chamarette,F:0565ff7fd56c,critic,8
Jenny Chamarette,F:6b2702a88b60,critic,1
Jenny Chamarette,F:413d2bed80fb,critic,3
Ernest Chan Chi-wa,F:eb6115735be9,critic,2
Ernest Chan Chi-wa,F:4acddf379d28,critic,8
Ernest Chan Chi-wa,F:838a18661382,critic,4
Ernest Chan Chi-wa,F:75046ffb9b38,critic,9
Ernest Chan Chi-wa,F:146ec1241d81,critic,5
Ernest Chan Chi-wa,F:b339d6c582f0,critic,6
Ernest Chan Chi-wa,F:29e8c2663329,critic,10
Ernest Chan Chi-wa,F:09e5d0244181,critic,1
Ernest Chan Chi-wa,F:aa65b1eedc05,critic,7
Ernest Chan Chi-wa,F:05d1730cfab5,critic,3
Andrew Chan,F:002c591e702f,critic,8
Andrew Chan,F:b7dbf64232a8,critic,7
Andrew Chan,F:15cebbda1cd1,critic,6
Andrew Chan,F:68095e4e33e8,critic,4
Andrew Chan,F:b5a06746734d,critic,9
Andrew Chan,F:83c734e30238,critic,10
Andrew Chan,F:432bbc185cbb,critic,5
Andrew Chan,F:8e930f89d440,critic,3
Andrew Chan,F:5a88b0270bda,critic,1
Andrew Chan,F:c16d8f291cd7,critic,2
Karen Chan,F:08966bbb6c53,critic,6
Karen Chan,F:79e927c6fa34,critic,2
Karen Chan,F:bf6387f2c8ae,critic,9
Karen Chan,F:9f96298e4d23,critic,7
Karen Chan,F:944ad783759e,critic,5
Karen Chan,F:bee09401fa7d,critic,4
Karen Chan,F:b5a06746734d,critic,10
Karen Chan,F:b132d89fef53,critic,8
Karen Chan,F:b0360159539e,critic,3
Karen Chan,F:e4d2292715f0,critic,1
Peter Ho-sun Chan,F:7fe15b05ccde,director,10
Peter Ho-sun Chan,F:f71879711b8f,director,8
Peter Ho-sun Chan,F:4856ae18c1cd,director,7
Peter Ho-sun Chan,F:d1d43bf4deff,director,6
Peter Ho-sun Chan,F:d6181801a9b7,director,1
Peter Ho-sun Chan,F:59ad7c389a61,director,9
Peter Ho-sun Chan,F:23da57c4aa71,director,2
Peter Ho-sun Chan,F:e3f9a5827411,director,4
Peter Ho-sun Chan,F:feada1db862a,director,3
Peter Ho-sun Chan,F:2a9843e83d75,director,5
Bryan Chang,F:1e3ff5e811fb,critic,8
Bryan Chang,F:30779c0ed030,critic,2
Bryan Chang,F:6ffcf833b768,critic,9
Bryan Chang,F:221a46a574d6,critic,5
Bryan Chang,F:a7d92e333282,critic,10
Bryan Chang,F:48f6f9148b34,critic,6
Bryan Chang,F:bdfa37bfed51,critic,3
Bryan Chang,F:f93a7a03dac9,critic,1
Bryan Chang,F:c247ad9469a4,critic,7
Bryan Chang,F:f4b76f7b06d0,critic,4
Justin Chang,F:2b8f2194d907,critic,4
Justin Chang,F:b9af680af33b,critic,1
Justin Chang,F:f71879711b8f,critic,5
Justin Chang,F:83c734e30238,critic,10
Justin Chang,F:4910ffd369f1,critic,2
Justin Chang,F:176166e412b4,critic,7
Justin Chang,F:4178c0f6fbb7,critic,8
Justin Chang,F:9f96298e4d23,critic,9
Justin Chang,F:7af3bfecc2a8,critic,3
Justin Chang,F:c78c6b97f980,critic,6
Felicity Chaplin,F:ef7f334d0255,critic,2
Felicity Chaplin,F:9c7d37d05b63,critic,5
Felicity Chaplin,F:d5b986a1147b,critic,4
Felicity Chaplin,F:e037a0ce1088,critic,8
Felicity Chaplin,F:9daa251a7795,critic,9
Felicity Chaplin,F:6ef9ec2a60f2,critic,10
Felicity Chaplin,F:8baf42c162f0,critic,1
Felicity Chaplin,F:7259f8cbba8e,critic,3
Felicity Chaplin,F:3870d5428078,critic,6
Felicity Chaplin,F:4910ffd369f1,critic,7
Llewella Chapman,F:b132d89fef53,critic,10
Llewella Chapman,F:878e28360f1f,critic,3
Llewella Chapman,F:8e45e1b86ff1,critic,2
Llewella Chapman,F:1e4add68afa4,critic,5
Llewella Chapman,F:69ee1e9bf06a,critic,7
Llewella Chapman,F:fb1858f30417,critic,6
Llewella Chapman,F:282026c7455c,critic,1
Llewella Chapman,F:f7f8305c1557,critic,4
Llewella Chapman,F:0a600f29226c,critic,9
Llewella Chapman,F:e9e268170b35,critic,8
Tom Charity,F:325075869126,critic,10
Tom Charity,F:2b8f2194d907,critic,5
Tom Charity,F:944ad783759e,critic,8
Tom Charity,F:e3db72878efa,critic,4
Tom Charity,F:69f5bed6f836,critic,9
Tom Charity,F:a974077eb9e0,critic,1
Tom Charity,F:d4937a407577,critic,3
Tom Charity,F:740786459d34,critic,2
Tom Charity,F:c78c6b97f980,critic,7
Tom Charity,F:002c591e702f,critic,6
Miryam Charles,F:cf4f8f54b4df,director,9
Miryam Charles,F:e4e5d0b8b474,director,10
Miryam Charles,F:c4e34698c643,director,8
Miryam Charles,F:fffca159f1c2,director,4
Miryam Charles,F:159d87fb63e0,director,3
Miryam Charles,F:c0755d53f91b,director,1
Miryam Charles,F:a30767e64789,director,5
Miryam Charles,F:21459be7cb3b,director,2
Miryam Charles,F:8c5eb94596d0,director,7
Miryam Charles,F:a9e6b3878b45,director,6
Susan Charlton,F:7b5d85393630,critic,10
Susan Charlton,F:1b50353487a6,critic,6
Susan Charlton,F:8082e9c53944,critic,7
Susan Charlton,F:c78c6b97f980,critic,9
Susan Charlton,F:f42d793e816c,critic,1
Susan Charlton,F:d2506ebeb73e,critic,8
Susan Charlton,F:65f242612f92,critic,4
Susan Charlton,F:4869214ea5b6,critic,5
Susan Charlton,F:0f3f57d01276,critic,2
Susan Charlton,F:4a63c7d35151,critic,3
Carlo Chatrian,F:1e8c36f50cef,critic,4
Carlo Chatrian,F:d47f5df68612,critic,1
Carlo Chatrian,F:8481529aa9c4,critic,5
Carlo Chatrian,F:83c734e30238,critic,10
Carlo Chatrian,F:e4e5d0b8b474,critic,8
Carlo Chatrian,F:dde6ffd9106a,critic,3
Carlo Chatrian,F:da8f9dbede74,critic,2
Carlo Chatrian,F:090832505b0f,critic,7
Carlo Chatrian,F:9f96298e4d23,critic,9
Carlo Chatrian,F:a5083fa04636,critic,6
Saibal Chatterjee,F:114ae73dd3a7,critic,5
Saibal Chatterjee,F:83c734e30238,critic,10
Saibal Chatterjee,F:cda1a8b3152c,critic,6
Saibal Chatterjee,F:8a7b215262e4,critic,1
Saibal Chatterjee,F:7fe15b05ccde,critic,7
Saibal Chatterjee,F:325075869126,critic,8
Saibal Chatterjee,F:9f96298e4d23,critic,9
Saibal Chatterjee,F:f0003668a2c4,critic,2
Saibal Chatterjee,F:b81ddc038404,critic,3
Saibal Chatterjee,F:3c781cd7cdf8,critic,4
Carlos Cháves Rodriguez,F:4856ae18c1cd,critic,8
Carlos Cháves Rodriguez,F:185593d4591d,critic,2
Carlos Cháves Rodriguez,F:ae24209c7310,critic,4
Carlos Cháves Rodriguez,F:e2bff7956338,critic,10
Carlos Cháves Rodriguez,F:6ff93b77cfca,critic,6
Carlos Cháves Rodriguez,F:63d46e5d8cef,critic,5
Carlos Cháves Rodriguez,F:069cda2e3235,critic,9
Carlos Cháves Rodriguez,F:ce2d5196e112,critic,1
Carlos Cháves Rodriguez,F:caf9aa22da03,critic,3
Carlos Cháves Rodriguez,F:71c7b9363133,critic,7
Joaquín Chazarreta,F:b5fac1879322,critic,6
Joaquín Chazarreta,F:f53416daf440,critic,9
Joaquín Chazarreta,F:63d46e5d8cef,critic,5
Joaquín Chazarreta,F:ef28514dc4e7,critic,7
Joaquín Chazarreta,F:71c7b9363133,critic,8
Joaquín Chazarreta,F:7fe15b05ccde,critic,10
Joaquín Chazarreta,F:15116cd4cb7a,critic,1
Joaquín Chazarreta,F:c79c561e7b8b,critic,3
Joaquín Chazarreta,F:33e3eab93092,critic,2
Joaquín Chazarreta,F:c7384eeb7b0e,critic,4
Didi Cheeka,F:bf6387f2c8ae,critic,10
Didi Cheeka,F:95bd800bd9e5,critic,8
Didi Cheeka,F:c22c42cd69b9,critic,7
Didi Cheeka,F:ca241fd9482a,critic,4
Didi Cheeka,F:624dc3cf17a7,critic,2
Didi Cheeka,F:146ec1241d81,critic,6
Didi Cheeka,F:02ded6e20b97,critic,9
Didi Cheeka,F:0e061101bdea,critic,5
Didi Cheeka,F:cf6cb2112728,critic,3
Didi Cheeka,F:0c8b157637a6,critic,1
Anthony Chen,F:aa65b1eedc05,director,3
Anthony Chen,F:a5083fa04636,director,4
Anthony Chen,F:9f96298e4d23,director,9
Anthony Chen,F:bf6387f2c8ae,director,10
Anthony Chen,F:29e8c2663329,director,6
Anthony Chen,F:944ad783759e,director,7
Anthony Chen,F:51644bbb0d9c,director,2
Anthony Chen,F:08966bbb6c53,director,8
Anthony Chen,F:cda1a8b3152c,director,5
Anthony Chen,F:4a6e9bfd13e1,director,1
Nick Chen,F:821bd3013e6d,critic,1
Nick Chen,F:d8b12c4efd31,critic,2
Nick Chen,F:d1188b34b03c,critic,10
Nick Chen,F:c5f22456b724,critic,8
Nick Chen,F:3bc7224ae260,critic,6
Nick Chen,F:3bef09611962,critic,5
Nick Chen,F:83532d3be249,critic,4
Nick Chen,F:933ec9beaa5b,critic,7
Nick Chen,F:652f85011483,critic,3
Nick Chen,F:f87b3c091815,critic,9
Phoebe Chen,F:2691120e9981,critic,1
Phoebe Chen,F:835b7b615f7a,critic,4
Phoebe Chen,F:c9caaff114b0,critic,5
Phoebe Chen,F:4e2bc3c14baa,critic,8
Phoebe Chen,F:7563724e051a,critic,2
Phoebe Chen,F:12578c3e4a3c,critic,3
Phoebe Chen,F:944ad783759e,critic,10
Phoebe Chen,F:aa65b1eedc05,critic,9
Phoebe Chen,F:d19468c67d4e,critic,6
Phoebe Chen,F:cf4f8f54b4df,critic,7
Paolo Cherchi-Usai,F:6d78c0ecb7e7,critic,10
Paolo Cherchi-Usai,F:160c0a7ef6ba,critic,6
Paolo Cherchi-Usai,F:eb38ff2949b1,critic,9
Paolo Cherchi-Usai,F:e52d48b1492d,critic,1
Paolo Cherchi-Usai,F:335a82ae62fd,critic,7
Paolo Cherchi-Usai,F:cb9710eaaac9,critic,8
Paolo Cherchi-Usai,F:45b4bf229219,critic,5
Paolo Cherchi-Usai,F:2965456fbf60,critic,3
Paolo Cherchi-Usai,F:b487b208ca9c,critic,4
Paolo Cherchi-Usai,F:892feeacf2d7,critic,2
Teesha Cherian,F:cd6c92d24d51,critic,4
Teesha Cherian,F:665eab0ab9d1,critic,6
Teesha Cherian,F:6b927993e1e1,critic,5
Teesha Cherian,F:cda1a8b3152c,critic,9
Teesha Cherian,F:04b8bacc209b,critic,1
Teesha Cherian,F:08966bbb6c53,critic,10
Teesha Cherian,F:176166e412b4,critic,7
Teesha Cherian,F:2c3a29085e12,critic,3
Teesha Cherian,F:edfb01f5a9d6,critic,8
Teesha Cherian,F:593fbbab1bb0,critic,2
V.K. Cherian,F:f454aedcb716,critic,1
V.K. Cherian,F:8df8e1c9d486,critic,2
V.K. Cherian,F:1a68aefe7ea1,critic,6
V.K. Cherian,F:0410cf77ff87,critic,3
V.K. Cherian,F:2907bfe31ad2,critic,8
V.K. Cherian,F:bee09401fa7d,critic,9
V.K. Cherian,F:6a2cf6c39785,critic,4
V.K. Cherian,F:740786459d34,critic,5
V.K. Cherian,F:6ff93b77cfca,critic,7
V.K. Cherian,F:7b5d85393630,critic,10
Godfrey Cheshire,F:096362e962d8,critic,1
Godfrey Cheshire,F:95bd800bd9e5,critic,5
Godfrey Cheshire,F:ec7726632ac1,critic,8
Godfrey Cheshire,F:f53416daf440,critic,7
Godfrey Cheshire,F:feaa04ac1109,critic,3
Godfrey Cheshire,F:87ddccd7c29d,critic,2
Godfrey Cheshire,F:b132d89fef53,critic,10
Godfrey Cheshire,F:10e86670da04,critic,6
Godfrey Cheshire,F:f71879711b8f,critic,4
Godfrey Cheshire,F:944ad783759e,critic,9
Luc Chessel,F:97912c5551c6,critic,1
Luc Chessel,F:83c734e30238,critic,10
Luc Chessel,F:ec983a6c1ee5,critic,3
Luc Chessel,F:008495919c65,critic,8
Luc Chessel,F:7a7c0ff849d4,critic,7
Luc Chessel,F:421a83c66257,critic,2
Luc Chessel,F:608e02fe3ca2,critic,5
Luc Chessel,F:ff478deae1ed,critic,4
Luc Chessel,F:b7dbf64232a8,critic,6
Luc Chessel,F:665eab0ab9d1,critic,9
Li Cheuk-To,F:341aefe6f409,critic,9
Li Cheuk-To,F:58f9e7707a27,critic,10
Li Cheuk-To,F:a7cef4d6d2d5,critic,6
Li Cheuk-To,F:68556b90b053,critic,1
Li Cheuk-To,F:37582b1b2b83,critic,5
Li Cheuk-To,F:1e3ff5e811fb,critic,8
Li Cheuk-To,F:2c9feb9e19e2,critic,2
Li Cheuk-To,F:7d9dae01016b,critic,3
Li Cheuk-To,F:c16d8f291cd7,critic,7
Li Cheuk-To,F:4b7c50819abf,critic,4
Allison Chhorn,F:29e8c2663329,director,8
Allison Chhorn,F:83c734e30238,director,9
Allison Chhorn,F:9609d2e67c50,director,5
Allison Chhorn,F:090832505b0f,director,7
Allison Chhorn,F:44d249fc6091,director,4
Allison Chhorn,F:dd6dcb6c983d,director,1
Allison Chhorn,F:6ffcf833b768,director,3
Allison Chhorn,F:aa65b1eedc05,director,6
Allison Chhorn,F:13928d934b6d,director,2
Peggy Chiao,F:b5a06746734d,critic,10
Peggy Chiao,F:bf6387f2c8ae,critic,9
Peggy Chiao,F:7b5d85393630,critic,4
Peggy Chiao,F:9f96298e4d23,critic,8
Peggy Chiao,F:002c591e702f,critic,3
Peggy Chiao,F:03774d8054b0,critic,6
Peggy Chiao,F:e2bff7956338,critic,7
Peggy Chiao,F:4c53a001a92c,critic,2
Peggy Chiao,F:c4fda376339f,critic,1
Peggy Chiao,F:d117472f572e,critic,5
Pip Chodorov,F:b132d89fef53,critic,10
Pip Chodorov,F:090832505b0f,critic,9
Pip Chodorov,F:9223c478b715,critic,6
Pip Chodorov,F:4a7fa7be8c87,critic,8
Pip Chodorov,F:e9309b2e7a6c,critic,4
Pip Chodorov,F:1b9a570555e5,critic,5
Pip Chodorov,F:8c93104a11a8,critic,7
Pip Chodorov,F:8509b531b601,critic,3
Pip Chodorov,F:9cf6e54aa851,critic,2
Pip Chodorov,F:dbdb551e2f68,critic,1
Adam Chodzko,EXPLODED,director,13
Adam Chodzko,F:65f242612f92,director,7
Adam Chodzko,F:2fad03e3ad97,director,8
Adam Chodzko,F:3d57bbc1680d,director,9
Adam Chodzko,F:31e3a3512a76,director,11
Adam Chodzko,F:4a931c545f02,director,6
Adam Chodzko,F:cda1a8b3152c,director,12
Adam Chodzko,F:ddcf681c3397,director,10
Adam Chodzko,F:a06a4a9b1354,director,3
Adam Chodzko,F:dfb01f9b56de,director,5
Edo Choi,F:e4e5d0b8b474,critic,10
Edo Choi,F:ca8ffa522783,critic,2
Edo Choi,F:9503b95b7798,critic,7
Edo Choi,F:d117472f572e,critic,9
Edo Choi,F:846c7466d39a,critic,3
Edo Choi,F:bd5b1d907d3a,critic,4
Edo Choi,F:97daacecacb1,critic,1
Edo Choi,F:cbb0587ba064,critic,8
Edo Choi,F:38b522b41810,critic,5
Edo Choi,F:9aa40df22c3e,critic,6
Anupama Chopra,F:0ea0e00d9fdc,critic,2
Anupama Chopra,F:7e850f7d03c6,critic,1
Anupama Chopra,F:bf6387f2c8ae,critic,10
Anupama Chopra,F:4178c0f6fbb7,critic,8
Anupama Chopra,F:e2bff7956338,critic,9
Anupama Chopra,F:bee09401fa7d,critic,5
Anupama Chopra,F:d472058d559a,critic,7
Anupama Chopra,F:edfb01f5a9d6,critic,4
Anupama Chopra,F:a5083fa04636,critic,3
Anupama Chopra,F:cda1a8b3152c,critic,6
Vidhu Vinod Chopra,F:83ebc8b43c9d,director,9
Vidhu Vinod Chopra,F:7b5d85393630,director,7
Vidhu Vinod Chopra,F:bf6387f2c8ae,director,10
Vidhu Vinod Chopra,F:b81ddc038404,director,4
Vidhu Vinod Chopra,F:7e850f7d03c6,director,3
Vidhu Vinod Chopra,F:cbca9660da1d,director,5
Vidhu Vinod Chopra,F:e6ac65b5f055,director,2
Vidhu Vinod Chopra,F:cda1a8b3152c,director,8
Vidhu Vinod Chopra,F:c53552675edb,director,1
Vidhu Vinod Chopra,F:bee09401fa7d,director,6
Davy Chou,F:240c3c3338a1,director,6
Davy Chou,F:6ffcf833b768,director,5
Davy Chou,F:1190a83ac033,director,2
Davy Chou,F:3b027eac1618,director,4
Davy Chou,F:cda1a8b3152c,director,9
Davy Chou,F:e3a29e728f76,director,7
Davy Chou,F:b1d5c192e56b,director,3
Davy Chou,F:f487433720d3,director,8
Davy Chou,F:08966bbb6c53,director,10
Davy Chou,F:1a7eb506ded7,director,1
Thomas C. Christensen,F:ec7726632ac1,critic,9
Thomas C. Christensen,F:d8e24aa1ab58,critic,7
Thomas C. Christensen,F:9f96298e4d23,critic,10
Thomas C. Christensen,F:a5083fa04636,critic,6
Thomas C. Christensen,F:ecd874fca144,critic,3
Thomas C. Christensen,F:72f08af90a6e,critic,2
Thomas C. Christensen,F:7dacc043e524,critic,8
Thomas C. Christensen,F:9a18e3b6deae,critic,1
Thomas C. Christensen,F:c41986eabc20,critic,5
Thomas C. Christensen,F:e50615c80a64,critic,4
Ian Christie,F:47f643b2246f,critic,1
Ian Christie,F:293a47368802,critic,2
Ian Christie,F:e4e5d0b8b474,critic,10
Ian Christie,F:090832505b0f,critic,8
Ian Christie,F:45b24d0baf76,critic,4
Ian Christie,F:b2910882a46d,critic,6
Ian Christie,F:8fe1bdde11ef,critic,7
Ian Christie,F:b65d32a21674,critic,3
Ian Christie,F:29e8c2663329,critic,9
Ian Christie,F:59e546399154,critic,5
Jaime N. Christley,F:ec8da976420b,critic,1
Jaime N. Christley,F:9e11436fa52a,critic,9
Jaime N. Christley,F:67bc0a420195,critic,2
Jaime N. Christley,F:501eb63a0c7a,critic,3
Jaime N. Christley,F:5eab4ff903f4,critic,4
Jaime N. Christley,F:5d99bc43562a,critic,8
Jaime N. Christley,F:d39d1b73d6fa,critic,10
Jaime N. Christley,F:b279f1309ad4,critic,5
Jaime N. Christley,F:8d24676f59f1,critic,6
Jaime N. Christley,F:dee40dc6521b,critic,7
Esther Jemila Chukwuma,F:cb8d44c3bf71,critic,2
Esther Jemila Chukwuma,F:68e3c00e317b,critic,3
Esther Jemila Chukwuma,F:f6ff4c164fbd,critic,4
Esther Jemila Chukwuma,F:e3e045b158eb,critic,5
Esther Jemila Chukwuma,F:e2bff7956338,critic,7
Esther Jemila Chukwuma,F:b0360159539e,critic,6
Esther Jemila Chukwuma,F:90b9323a71b2,critic,1
Graiwoot CHULPHONGSATHORN,F:090832505b0f,critic,8
Graiwoot CHULPHONGSATHORN,F:4a7fa7be8c87,critic,7
Graiwoot CHULPHONGSATHORN,F:1961bdb691aa,critic,5
Graiwoot CHULPHONGSATHORN,F:97b42f962368,critic,9
Graiwoot CHULPHONGSATHORN,F:853aa70a4537,critic,3
Graiwoot CHULPHONGSATHORN,F:83c734e30238,critic,10
Graiwoot CHULPHONGSATHORN,F:c3f4f3d3dda9,critic,4
Graiwoot CHULPHONGSATHORN,F:c6ea168b703a,critic,1
Graiwoot CHULPHONGSATHORN,F:f87b3c091815,critic,6
Graiwoot CHULPHONGSATHORN,F:0d39a7817f1f,critic,2
Mong-Hong Chung,F:ea8c30267045,director,6
Mong-Hong Chung,F:9f96298e4d23,director,10
Mong-Hong Chung,F:20afe757a6d1,director,5
Mong-Hong Chung,F:6d78c0ecb7e7,director,8
Mong-Hong Chung,F:beb1ee6ca406,director,1
Mong-Hong Chung,F:2b128693df8e,director,3
Mong-Hong Chung,F:83ebc8b43c9d,director,9
Mong-Hong Chung,F:11f597068baf,director,7
Mong-Hong Chung,F:86215fbfd4ef,director,2
Mong-Hong Chung,F:66e0b02405e2,director,4
Roberta Ciabarra,F:67386c7ab6f2,critic,3
Roberta Ciabarra,F:9aa40df22c3e,critic,5
Roberta Ciabarra,F:18634c22b226,critic,6
Roberta Ciabarra,F:edfb01f5a9d6,critic,10
Roberta Ciabarra,F:46f888a53f83,critic,1
Roberta Ciabarra,F:e11ad461be73,critic,2
Roberta Ciabarra,F:6585623dc6cf,critic,4
Roberta Ciabarra,F:ed09733fe458,critic,8
Roberta Ciabarra,F:41d225e6ff0b,critic,7
Roberta Ciabarra,F:ed913192d169,critic,9
Michel Ciment,F:46194e616618,critic,5
Michel Ciment,F:2bcbc58a252d,critic,8
Michel Ciment,F:5bef0b693d91,critic,4
Michel Ciment,F:b7dbf64232a8,critic,7
Michel Ciment,F:fa5e7f56ebee,critic,2
Michel Ciment,F:97b42f962368,critic,10
Michel Ciment,F:6d78c0ecb7e7,critic,9
Michel Ciment,F:75719b21d0aa,critic,3
Michel Ciment,F:72d8bc7578ad,critic,6
Michel Ciment,F:bbfb322a8dbf,critic,1
Robyn Citizen,F:75046ffb9b38,critic,8
Robyn Citizen,F:83c734e30238,critic,10
Robyn Citizen,F:38ccb3d447c3,critic,9
Robyn Citizen,F:0565ff7fd56c,critic,7
Robyn Citizen,F:2b128693df8e,critic,3
Robyn Citizen,F:4435e07fea33,critic,2
Robyn Citizen,F:307fdd45b9d9,critic,1
Robyn Citizen,F:dde6ffd9106a,critic,4
Robyn Citizen,F:e147c7e3e29c,critic,5
Robyn Citizen,F:74869694acb1,critic,6
Ashley Clark,F:19eb92f7e110,critic,7
Ashley Clark,F:f1400046c859,critic,5
Ashley Clark,F:83c734e30238,critic,10
Ashley Clark,F:b7b17347ab6a,critic,8
Ashley Clark,F:dcf1cf8a4d1f,critic,1
Ashley Clark,F:b5b8d610e881,critic,6
Ashley Clark,F:4d31556d29c2,critic,2
Ashley Clark,F:d1188b34b03c,critic,9
Ashley Clark,F:3c3dceaf4169,critic,4
Ashley Clark,F:46377e8edaaa,critic,3
Renata Clark,F:97b42f962368,critic,8
Renata Clark,F:1025f1ade830,critic,1
Renata Clark,F:bf6387f2c8ae,critic,10
Renata Clark,F:08966bbb6c53,critic,9
Renata Clark,F:114ae73dd3a7,critic,5
Renata Clark,F:cbb0587ba064,critic,6
Renata Clark,F:03774d8054b0,critic,7
Renata Clark,F:41912772ddcd,critic,3
Renata Clark,F:8703270231ee,critic,4
Renata Clark,F:85945816f94f,critic,2
Donald Clarke,F:1944cd335807,critic,2
Donald Clarke,F:c34fe68dc6cf,critic,9
Donald Clarke,F:f74c44fe7e92,critic,3
Donald Clarke,F:28d41c264f9a,critic,8
Donald Clarke,F:85e9e329d9df,critic,5
Donald Clarke,F:0cfe5054df25,critic,1
Donald Clarke,F:24dc6c8040d9,critic,6
Donald Clarke,F:125061f190de,critic,10
Donald Clarke,F:fbaed03c3121,critic,7
Donald Clarke,F:5aac0def84d2,critic,4
Roger Clarke,F:b5749f03606c,critic,8
Roger Clarke,F:83c734e30238,critic,10
Roger Clarke,F:f87b3c091815,critic,7
Roger Clarke,F:5d4075b255cd,critic,1
Roger Clarke,F:c34fe68dc6cf,critic,6
Roger Clarke,F:a6b2d4ef6e92,critic,3
Roger Clarke,F:653f45346bcc,critic,9
Roger Clarke,F:c9a62b53f643,critic,4
Roger Clarke,F:fd39b1974fc7,critic,2
Roger Clarke,F:f3a8723d695d,critic,5
Thomas Clay,F:4910ffd369f1,director,3
Thomas Clay,F:eeb94ecd85af,director,5
Thomas Clay,F:b5749f03606c,director,9
Thomas Clay,F:ea8c30267045,director,8
Thomas Clay,F:fbfc282cbfbb,director,6
Thomas Clay,F:f07b288ab652,director,1
Thomas Clay,F:6d78c0ecb7e7,director,10
Thomas Clay,F:69dee05125cb,director,7
Thomas Clay,F:a3d0b4e174aa,director,2
Thomas Clay,F:d4937a407577,director,4
Zorian Clayton,F:2c00d05903b6,critic,9
Zorian Clayton,F:c4794e337d6b,critic,3
Zorian Clayton,F:4b662b465673,critic,2
Zorian Clayton,F:eb763f2d4857,critic,6
Zorian Clayton,F:c4fda376339f,critic,10
Zorian Clayton,F:3aac5db12b12,critic,8
Zorian Clayton,F:bf494d8a8b30,critic,1
Zorian Clayton,F:59e546399154,critic,7
Zorian Clayton,F:c64fcab20129,critic,5
Zorian Clayton,F:732842e3a0e2,critic,4
Sarah Cleary,F:ef28514dc4e7,critic,5
Sarah Cleary,F:0de89c93aaa2,critic,2
Sarah Cleary,F:2d63d55ca187,critic,4
Sarah Cleary,F:dd03c7ae8bd4,critic,7
Sarah Cleary,F:143204c15f4c,critic,1
Sarah Cleary,F:96d6e4c113cc,critic,3
Sarah Cleary,F:008495919c65,critic,6
Sarah Cleary,F:10e86670da04,critic,8
Sarah Cleary,F:ec7726632ac1,critic,9
Sarah Cleary,F:653f45346bcc,critic,10
Sam Clements,F:2af5c5bcacdf,critic,6
Sam Clements,F:b132d89fef53,critic,10
Sam Clements,F:08966bbb6c53,critic,9
Sam Clements,F:ad5fec931766,critic,4
Sam Clements,F:37a9fd3afae9,critic,3
Sam Clements,F:9113deb430d0,critic,5
Sam Clements,F:6ae8c10ff551,critic,7
Sam Clements,F:38ccb3d447c3,critic,8
Sam Clements,F:8702056af850,critic,1
Sam Clements,F:e1d82a81fc27,critic,2
Rich Cline,F:6ff93b77cfca,critic,3
Rich Cline,F:bf6387f2c8ae,critic,10
Rich Cline,F:d5eaa0a8c0b5,critic,1
Rich Cline,F:f53416daf440,critic,7
Rich Cline,F:7fe15b05ccde,critic,9
Rich Cline,F:1c8565784f6c,critic,5
Rich Cline,F:414feae8774b,critic,2
Rich Cline,F:6ae8c10ff551,critic,4
Rich Cline,F:11f597068baf,critic,6
Rich Cline,F:7dacc043e524,critic,8
Anna Coatman,F:65393b2ac77a,critic,9
Anna Coatman,F:f7f8305c1557,critic,6
Anna Coatman,F:d6544d0c09c3,critic,5
Anna Coatman,F:c377da635a16,critic,7
Anna Coatman,F:285a40152ce8,critic,1
Anna Coatman,F:89bca25c2226,critic,8
Anna Coatman,F:4e2bc3c14baa,critic,10
Anna Coatman,F:8ecd250e0e76,critic,2
Anna Coatman,F:db04f688679a,critic,3
Anna Coatman,F:ca90aaaa40be,critic,4
Lorenzo Codelli,F:f134a7d6b523,critic,6
Lorenzo Codelli,F:069cda2e3235,critic,10
Lorenzo Codelli,F:b03151fc750f,critic,1
Lorenzo Codelli,F:63d547729182,critic,2
Lorenzo Codelli,F:d264ff597159,critic,5
Lorenzo Codelli,F:ee3f83148818,critic,7
Lorenzo Codelli,F:7de0eaabaf36,critic,9
Lorenzo Codelli,F:066ad842ee66,critic,3
Lorenzo Codelli,F:a9de52e31388,critic,4
Lorenzo Codelli,F:243aae7ac120,critic,8
Jonathan Coe,F:ed913192d169,critic,9
Jonathan Coe,F:38ccb3d447c3,critic,10
Jonathan Coe,F:28d41c264f9a,critic,6
Jonathan Coe,F:242bcffbc89a,critic,3
Jonathan Coe,F:23bcdf10e622,critic,8
Jonathan Coe,F:d5d56cef191d,critic,2
Jonathan Coe,F:e3db72878efa,critic,4
Jonathan Coe,F:b7dbf64232a8,critic,7
Jonathan Coe,F:47e745cd663b,critic,1
Jonathan Coe,F:ca0238bc4718,critic,5
Lucy Cohen,F:b339d6c582f0,director,8
Lucy Cohen,F:146ec1241d81,director,6
Lucy Cohen,F:97b42f962368,director,10
Lucy Cohen,F:a5083fa04636,director,9
Lucy Cohen,F:ea8c30267045,director,7
Lucy Cohen,F:9e22de7eb9ed,director,1
Lucy Cohen,F:51644bbb0d9c,director,3
Lucy Cohen,F:e5c08e9f1271,director,2
Lucy Cohen,F:17fcc038144d,director,5
Lucy Cohen,F:e067866bf78e,director,4
Jake Cole,F:0a600f29226c,critic,8
Jake Cole,F:18febe4125b6,critic,3
Jake Cole,F:ed7d59c56f5d,critic,4
Jake Cole,F:944ad783759e,critic,9
Jake Cole,F:d5d45d8c9f1b,critic,7
Jake Cole,F:eeb94ecd85af,critic,5
Jake Cole,F:cf4f8f54b4df,critic,6
Jake Cole,F:325075869126,critic,10
Jake Cole,F:9253f1b888c3,critic,1
Jake Cole,F:068c465e7d9f,critic,2
T A P E Collective,F:89f4b5080984,critic,6
T A P E Collective,F:c1e955770d31,critic,3
T A P E Collective,F:e048e214b239,critic,1
T A P E Collective,F:bd7bfe5f9667,critic,2
T A P E Collective,F:59e7441be420,critic,5
T A P E Collective,F:57a1bf06a3b8,critic,8
T A P E Collective,F:f8abdb2ec9d8,critic,9
T A P E Collective,F:4cce2f95dd1b,critic,7
T A P E Collective,F:1961bdb691aa,critic,10
T A P E Collective,F:0d7cff918e0a,critic,4
Robbie Collin,F:03809811ea9b,critic,6
Robbie Collin,F:9efcb3d93167,critic,2
Robbie Collin,F:38ccb3d447c3,critic,8
Robbie Collin,F:c34fe68dc6cf,critic,4
Robbie Collin,F:1ace472ce6a8,critic,1
Robbie Collin,F:75046ffb9b38,critic,7
Robbie Collin,F:c41986eabc20,critic,5
Robbie Collin,F:325075869126,critic,10
Robbie Collin,F:653f45346bcc,critic,9
Robbie Collin,F:6df960d01ebc,critic,3
Andrew Collins,F:7fe15b05ccde,critic,8
Andrew Collins,F:f71879711b8f,critic,6
Andrew Collins,F:b5a06746734d,critic,10
Andrew Collins,F:069cda2e3235,critic,7
Andrew Collins,F:6e92bae17de8,critic,2
Andrew Collins,F:4856ae18c1cd,critic,5
Andrew Collins,F:b21e5cdba7f0,critic,1
Andrew Collins,F:38ccb3d447c3,critic,9
Andrew Collins,F:87ddccd7c29d,critic,4
Andrew Collins,F:d0416491dc50,critic,3
Kameron Collins,F:aa65b1eedc05,critic,8
Kameron Collins,F:e147c7e3e29c,critic,6
Kameron Collins,F:6ca9676ba9f4,critic,4
Kameron Collins,F:29e8c2663329,critic,10
Kameron Collins,F:4caeed3c6363,critic,2
Kameron Collins,F:d2e4f5e8f98d,critic,7
Kameron Collins,F:722a41234523,critic,3
Kameron Collins,F:99d2669615d7,critic,1
Kameron Collins,F:9000c8f0eb34,critic,5
Kameron Collins,F:15bcedf51ef8,critic,9
Pat Collins,F:d8e24aa1ab58,director,10
Pat Collins,F:b339d6c582f0,director,9
Pat Collins,F:e52595f9a0ff,director,3
Pat Collins,F:d39d1b73d6fa,director,7
Pat Collins,F:7af3bfecc2a8,director,8
Pat Collins,F:5317f9778b06,director,4
Pat Collins,F:e1c01276b733,director,6
Pat Collins,F:da2081de6713,director,5
Pat Collins,F:3eae6759564f,director,2
Pat Collins,F:40e1bd065049,director,1
Richard Combs,F:20f7e86fd46f,critic,5
Richard Combs,F:5e31a0055b49,critic,2
Richard Combs,F:75046ffb9b38,critic,10
Richard Combs,F:a3132936b824,critic,7
Richard Combs,F:3f6b85a03244,critic,6
Richard Combs,F:87ddccd7c29d,critic,9
Richard Combs,F:7b0ee088b80c,critic,3
Richard Combs,F:64df091ba9c8,critic,4
Richard Combs,F:7468270b650e,critic,1
Richard Combs,F:84611495dbe0,critic,8
Philip Concannon,F:69dee05125cb,critic,8
Philip Concannon,F:a96649cfd9dd,critic,4
Philip Concannon,F:17628f83ead5,critic,6
Philip Concannon,F:59ad7c389a61,critic,10
Philip Concannon,F:eeb9a10a9240,critic,3
Philip Concannon,F:e63e93a3cfee,critic,1
Philip Concannon,F:6153eeb1ef64,critic,9
Philip Concannon,F:82871fa40fd5,critic,5
Philip Concannon,F:876e4b5e2774,critic,2
Philip Concannon,F:b7b17347ab6a,critic,7
Pablo Conde,F:03774d8054b0,critic,8
Pablo Conde,F:d117472f572e,critic,7
Pablo Conde,F:b5a06746734d,critic,9
Pablo Conde,F:75046ffb9b38,critic,6
Pablo Conde,F:83c734e30238,critic,10
Pablo Conde,F:7a4937c915f3,critic,4
Pablo Conde,F:65908e447a52,critic,1
Pablo Conde,F:11f597068baf,critic,5
Pablo Conde,F:cbbef6d88e97,critic,2
Pablo Conde,F:9d5f6e82448b,critic,3
Stephen Cone,F:cd8b74b7b5a9,director,4
Stephen Cone,F:d6d30033c698,director,5
Stephen Cone,F:eee0d9e6531e,director,1
Stephen Cone,F:3e088c64f4af,director,3
Stephen Cone,F:a9519db91181,director,9
Stephen Cone,F:d5d45d8c9f1b,director,6
Stephen Cone,F:6ef9ec2a60f2,director,7
Stephen Cone,F:cbb0587ba064,director,10
Stephen Cone,F:3e7a3a8f8433,director,2
Stephen Cone,F:c78c6b97f980,director,8
Robert Connolly,F:b132d89fef53,director,9
Robert Connolly,F:02ded6e20b97,director,6
Robert Connolly,F:23bcdf10e622,director,5
Robert Connolly,F:63f70e59fd09,director,1
Robert Connolly,F:bee09401fa7d,director,7
Robert Connolly,F:e2bff7956338,director,8
Robert Connolly,F:fdbc5f598a2d,director,2
Robert Connolly,F:5da49dcce857,director,3
Robert Connolly,F:2018d336cc28,director,4
John Conomos,F:d8e24aa1ab58,critic,7
John Conomos,F:2bcbc58a252d,critic,8
John Conomos,F:e3a29e728f76,critic,4
John Conomos,F:f88f86b2bb29,critic,2
John Conomos,F:cac0a48aa065,critic,1
John Conomos,F:44d249fc6091,critic,3
John Conomos,F:2ec8e3a6b8aa,critic,6
John Conomos,F:d117472f572e,critic,9
John Conomos,F:7a7c0ff849d4,critic,5
John Conomos,F:b5a06746734d,critic,10
Martyn Conterio,F:98aa847a19fe,critic,8
Martyn Conterio,F:269fc98283c3,critic,4
Martyn Conterio,F:5824e32e059f,critic,3
Martyn Conterio,F:090832505b0f,critic,10
Martyn Conterio,F:80efe2c548c9,critic,2
Martyn Conterio,F:ef039f7a68b5,critic,7
Martyn Conterio,F:69dee05125cb,critic,9
Martyn Conterio,F:6fb030bf7755,critic,5
Martyn Conterio,F:d61d7d54ddb0,critic,1
Martyn Conterio,F:9aa40df22c3e,critic,6
Adam Cook,F:83c734e30238,critic,9
Adam Cook,F:1d6863d6fa66,critic,3
Adam Cook,F:27cc97d93f99,critic,6
Adam Cook,F:7cdcf0b32a06,critic,7
Adam Cook,F:c48b24faa9f1,critic,5
Adam Cook,F:b8eebd7fa1fd,critic,1
Adam Cook,F:853aa70a4537,critic,4
Adam Cook,F:944ad783759e,critic,8
Adam Cook,F:20f281f6515f,critic,2
Olivia Cooper-Hadjian,F:0525cace8386,critic,4
Olivia Cooper-Hadjian,F:269ff03a9765,critic,8
Olivia Cooper-Hadjian,F:b8c65bcb3d78,critic,6
Olivia Cooper-Hadjian,F:d2ac8fced14e,critic,10
Olivia Cooper-Hadjian,F:853aa70a4537,critic,7
Olivia Cooper-Hadjian,F:c22c42cd69b9,critic,9
Olivia Cooper-Hadjian,F:052c23677d2a,critic,5
Olivia Cooper-Hadjian,F:2c588fbbc926,critic,1
Olivia Cooper-Hadjian,F:0e8301cd53e9,critic,2
Olivia Cooper-Hadjian,F:42055019662f,critic,3
Sarah Cooper,F:03809811ea9b,critic,5
Sarah Cooper,F:ec7726632ac1,critic,8
Sarah Cooper,F:090832505b0f,critic,9
Sarah Cooper,F:4a7fa7be8c87,critic,6
Sarah Cooper,F:02ded6e20b97,critic,7
Sarah Cooper,F:f51282aa60e8,critic,3
Sarah Cooper,F:297b574430d3,critic,4
Sarah Cooper,F:325075869126,critic,10
Sarah Cooper,F:f61e9786402e,critic,1
Sarah Cooper,F:d77a53b8e4d9,critic,2
Sofia Coppola,F:08966bbb6c53,director,10
Sofia Coppola,F:e9f152c4c353,director,4
Sofia Coppola,F:3a1db211ccc6,director,6
Sofia Coppola,F:2005e6c55528,director,5
Sofia Coppola,F:03b3065dc545,director,8
Sofia Coppola,F:296c885895bb,director,7
Sofia Coppola,F:23bdaeda93be,director,2
Sofia Coppola,F:8dd405285971,director,3
Sofia Coppola,F:03774d8054b0,director,9
Sofia Coppola,F:06530c381622,director,1
Kieron Corless,F:e147c7e3e29c,critic,8
Kieron Corless,F:98ca671012c5,critic,6
Kieron Corless,F:2aca49668f20,critic,1
Kieron Corless,F:7a7c0ff849d4,critic,9
Kieron Corless,F:5edfe25197ef,critic,4
Kieron Corless,F:d2f59305f247,critic,5
Kieron Corless,F:19eb92f7e110,critic,7
Kieron Corless,F:704ecdc4932f,critic,2
Kieron Corless,F:3fa3f9f24a21,critic,3
Roger Corman,F:1c8565784f6c,director,4
Roger Corman,F:bf6387f2c8ae,director,10
Roger Corman,F:ca0238bc4718,director,3
Roger Corman,F:e2bff7956338,director,9
Roger Corman,F:069cda2e3235,director,7
Roger Corman,F:cbca9660da1d,director,6
Roger Corman,F:bee09401fa7d,director,8
Roger Corman,F:cdb76db94f02,director,5
Roger Corman,F:1c38c67b92f9,director,2
Roger Corman,F:db9c9812bdc7,director,1
Jesús Cortés,F:ea4ec753aab0,critic,1
Jesús Cortés,F:888ee1cfb8f1,critic,2
Jesús Cortés,F:3ec40e40a443,critic,9
Jesús Cortés,F:2f78aa46dcb8,critic,7
Jesús Cortés,F:c1a06ae13924,critic,3
Jesús Cortés,F:0608ff1daf89,critic,6
Jesús Cortés,F:894a2bacef7f,critic,8
Jesús Cortés,F:fcac4699a412,critic,4
Jesús Cortés,F:ee1ad538c400,critic,5
Jesús Cortés,F:7a7c0ff849d4,critic,10
Mark Cosgrove,F:c3d63cf2d01a,critic,5
Mark Cosgrove,F:c26fe217dea0,critic,2
Mark Cosgrove,F:16913ba1d831,critic,9
Mark Cosgrove,F:dc22c8e8d010,critic,4
Mark Cosgrove,F:f8abdb2ec9d8,critic,8
Mark Cosgrove,F:c3f4f3d3dda9,critic,6
Mark Cosgrove,F:ecd9fa13bee1,critic,1
Mark Cosgrove,F:ec7726632ac1,critic,10
Mark Cosgrove,F:c5217b3d6472,critic,3
Mark Cosgrove,F:20a0a276094a,critic,7
José Manuel Costa,F:98aa847a19fe,critic,5
José Manuel Costa,F:e737f5f02536,critic,4
José Manuel Costa,F:d2e4f5e8f98d,critic,9
José Manuel Costa,F:ebb2737eeb11,critic,3
José Manuel Costa,F:5115ddbe3df6,critic,1
José Manuel Costa,F:6c6d0bc5ce49,critic,6
José Manuel Costa,F:0ea0e00d9fdc,critic,7
José Manuel Costa,F:d39d1b73d6fa,critic,8
José Manuel Costa,F:9f9a4da4d742,critic,2
José Manuel Costa,F:114ae73dd3a7,critic,10
Denis Coté,F:e4e5d0b8b474,director,8
Denis Coté,F:d8e24aa1ab58,director,6
Denis Coté,F:9e103f641ac9,director,3
Denis Coté,F:4bbf32d00fd9,director,2
Denis Coté,F:b5749f03606c,director,5
Denis Coté,F:9ed099161985,director,1
Denis Coté,F:83c734e30238,director,10
Denis Coté,F:944ad783759e,director,7
Denis Coté,F:653f45346bcc,director,9
Denis Coté,F:f87b3c091815,director,4
Abiba Coulibaly,F:c0fb0aee874a,critic,7
Abiba Coulibaly,F:ff276dc0e44d,critic,4
Abiba Coulibaly,F:6e7653d3ddb4,critic,2
Abiba Coulibaly,F:08b831be0efd,critic,3
Abiba Coulibaly,F:6c6ea7c94084,critic,5
Abiba Coulibaly,F:efb0b3c4281e,critic,6
Abiba Coulibaly,F:325075869126,critic,10
Abiba Coulibaly,F:c9a62b53f643,critic,9
Abiba Coulibaly,F:efa249be5495,critic,1
Abiba Coulibaly,F:9b6d7e6fd7d3,critic,8
Nilo Couret,F:69f5bed6f836,critic,9
Nilo Couret,F:9480a4d586e8,critic,1
Nilo Couret,F:1b9a570555e5,critic,4
Nilo Couret,F:f9b6370c1fc2,critic,5
Nilo Couret,F:83c734e30238,critic,10
Nilo Couret,F:7a7c0ff849d4,critic,6
Nilo Couret,F:944ad783759e,critic,8
Nilo Couret,F:0bd171a9d013,critic,3
Nilo Couret,F:ce4a7035f60b,critic,2
Nilo Couret,F:16913ba1d831,critic,7
Victor Courgeon,F:f487433720d3,critic,8
Victor Courgeon,F:85152d3fca69,critic,3
Victor Courgeon,F:086f15778d67,critic,2
Victor Courgeon,F:5fe99a36b336,critic,1
Victor Courgeon,F:46194e616618,critic,6
Victor Courgeon,F:6fb030bf7755,critic,4
Victor Courgeon,F:4a7fa7be8c87,critic,10
Victor Courgeon,F:6df960d01ebc,critic,5
Victor Courgeon,F:e3db72878efa,critic,7
Victor Courgeon,F:002c591e702f,critic,9
Mark Cousins,F:90fb10f8551b,director,1
Mark Cousins,F:0ea0e00d9fdc,director,7
Mark Cousins,F:76f8cccf860c,director,10
Mark Cousins,F:553ecfd38a6f,director,4
Mark Cousins,F:2a9843e83d75,director,5
Mark Cousins,F:69dee05125cb,director,9
Mark Cousins,F:4bed2237bd10,director,2
Mark Cousins,F:a3132936b824,director,3
Mark Cousins,F:28d41c264f9a,director,8
Mark Cousins,F:98ca671012c5,director,6
Alex Cox,F:97bdcbbf5674,director,2
Alex Cox,F:b132d89fef53,director,9
Alex Cox,F:e50615c80a64,director,6
Alex Cox,F:f376d0dacdd0,director,7
Alex Cox,F:bf6387f2c8ae,director,10
Alex Cox,F:7e52230dd02d,director,5
Alex Cox,F:d6bce4e6ffa4,director,4
Alex Cox,F:844254bf9f5a,director,1
Alex Cox,F:64a986b8f039,director,3
Alex Cox,F:0565ff7fd56c,director,8
David Cox,F:a6b2d4ef6e92,critic,4
David Cox,F:ec7726632ac1,critic,7
David Cox,F:4418a62420bf,critic,3
David Cox,F:09035fce59e3,critic,6
David Cox,F:b21e5cdba7f0,critic,1
David Cox,F:b132d89fef53,critic,10
David Cox,F:29e8c2663329,critic,9
David Cox,F:d472058d559a,critic,8
David Cox,F:e70c7eaa7408,critic,2
David Cox,F:cf4f8f54b4df,critic,5
Kevin Coyne,F:7dacc043e524,critic,9
Kevin Coyne,F:b2910882a46d,critic,6
Kevin Coyne,F:60a4d76c522e,critic,4
Kevin Coyne,F:c34fe68dc6cf,critic,7
Kevin Coyne,F:f3a8723d695d,critic,5
Kevin Coyne,F:11f597068baf,critic,8
Kevin Coyne,F:291f21a28b35,critic,1
Kevin Coyne,F:fa08c517c8ab,critic,3
Kevin Coyne,F:944ad783759e,critic,10
Kevin Coyne,F:6483a057f068,critic,2
Edgardo Cozarinsky,F:29e8c2663329,director,6
Edgardo Cozarinsky,F:1232574daf78,director,4
Edgardo Cozarinsky,F:3af00a60f71e,director,1
Edgardo Cozarinsky,F:2ec8e3a6b8aa,director,5
Edgardo Cozarinsky,F:4178c0f6fbb7,director,7
Edgardo Cozarinsky,F:d5d56cef191d,director,3
Edgardo Cozarinsky,F:091d6c34db3a,director,2
Alejandro Cozza,F:31ccba01f02e,critic,4
Alejandro Cozza,F:8fc32725b37f,critic,10
Alejandro Cozza,F:787e59899d58,critic,2
Alejandro Cozza,F:f5b54c9d750f,critic,1
Alejandro Cozza,F:c1096be11b09,critic,3
Alejandro Cozza,F:fbaed03c3121,critic,8
Alejandro Cozza,F:3af703bb3bf8,critic,6
Alejandro Cozza,F:9fa8a94443bd,critic,7
Alejandro Cozza,F:f487433720d3,critic,9
Alejandro Cozza,F:87260f5ae7bb,critic,5
Ros Cranston,F:69f5bed6f836,critic,10
Ros Cranston,F:1e4add68afa4,critic,7
Ros Cranston,F:b1020af1dcb7,critic,5
Ros Cranston,F:49a96015e68e,critic,1
Ros Cranston,F:5e25ae9b1b59,critic,2
Ros Cranston,F:065229a54d45,critic,3
Ros Cranston,F:2018d336cc28,critic,8
Ros Cranston,F:413d2bed80fb,critic,9
Ros Cranston,F:89f1e938ce20,critic,4
Ros Cranston,F:5f685d7dd4d8,critic,6
Lillian Crawford,F:0a600f29226c,critic,5
Lillian Crawford,F:cb689f3e2a97,critic,8
Lillian Crawford,F:fdffe3f0bfb8,critic,4
Lillian Crawford,F:15bcedf51ef8,critic,6
Lillian Crawford,F:83c734e30238,critic,10
Lillian Crawford,F:0ae1c88e2e74,critic,1
Lillian Crawford,F:3e088c64f4af,critic,3
Lillian Crawford,F:08966bbb6c53,critic,9
Lillian Crawford,F:358572bee21a,critic,2
Lillian Crawford,F:6744994f98f6,critic,7
Matty Crawford,F:29e8c2663329,director,10
Matty Crawford,F:9609d2e67c50,director,5
Matty Crawford,F:39cdf13e23a9,director,4
Matty Crawford,F:f376d0dacdd0,director,9
Matty Crawford,F:f7c989c4dcd4,director,2
Matty Crawford,F:77324d1d150c,director,7
Matty Crawford,F:63983de0ee39,director,1
Matty Crawford,F:d6e0f91da95c,director,3
Matty Crawford,F:af3336b803be,director,6
Matty Crawford,F:6ef9ec2a60f2,director,8
Barbara Creed,F:813bde6e3053,critic,4
Barbara Creed,F:325075869126,critic,8
Barbara Creed,F:9cac88a557fd,critic,1
Barbara Creed,F:cb689f3e2a97,critic,5
Barbara Creed,F:83c734e30238,critic,10
Barbara Creed,F:653f45346bcc,critic,7
Barbara Creed,F:97b42f962368,critic,6
Barbara Creed,F:03b3065dc545,critic,3
Barbara Creed,F:6df960d01ebc,critic,2
Barbara Creed,F:b5a06746734d,critic,9
Zach Cregger,F:ee96362bbbc2,director,3
Zach Cregger,F:f6ff4c164fbd,director,4
Zach Cregger,F:ef28514dc4e7,director,7
Zach Cregger,F:f82430c94120,director,1
Zach Cregger,F:e4c949fb454a,director,6
Zach Cregger,F:6d78c0ecb7e7,director,9
Zach Cregger,F:653f45346bcc,director,10
Zach Cregger,F:f58915ed95d4,director,5
Zach Cregger,F:edfb01f5a9d6,director,8
Zach Cregger,F:424f6f84bc29,director,2
Alfonso Crespo,F:fd4bf297a220,critic,4
Alfonso Crespo,F:7e039f75a299,critic,10
Alfonso Crespo,F:a8504c4c8cb8,critic,7
Alfonso Crespo,F:b34340f41b66,critic,1
Alfonso Crespo,F:b615c405ead7,critic,5
Alfonso Crespo,F:46bee6a6478f,critic,9
Alfonso Crespo,F:fe031910e1c0,critic,8
Alfonso Crespo,F:ea67aee8a0fe,critic,6
Alfonso Crespo,F:aa174ff42317,critic,2
Alfonso Crespo,F:be506c5fceea,critic,3
Marian Crisan,F:8a331763e432,director,1
Marian Crisan,F:69dee05125cb,director,8
Marian Crisan,F:1c5dd68c6d95,director,4
Marian Crisan,F:db031bbccad7,director,3
Marian Crisan,F:d472058d559a,director,10
Marian Crisan,F:97d8d5966fb4,director,5
Marian Crisan,F:d8ce5441d5f4,director,6
Marian Crisan,F:165ea115d0f7,director,7
Marian Crisan,F:3d3b476c98d2,director,2
Marian Crisan,F:edfb01f5a9d6,director,9
Fernando F. Croce,F:1232574daf78,critic,8
Fernando F. Croce,F:4e2bc3c14baa,critic,9
Fernando F. Croce,F:b9324859bf42,critic,2
Fernando F. Croce,F:2636353ad1ff,critic,4
Fernando F. Croce,F:3e088c64f4af,critic,6
Fernando F. Croce,F:9503b95b7798,critic,7
Fernando F. Croce,F:0ad642c99f72,critic,3
Fernando F. Croce,F:fef228299354,critic,1
Fernando F. Croce,F:6e63730d04c1,critic,5
Fernando F. Croce,F:002c591e702f,critic,10
Jordan Cronk,F:9f9a4da4d742,critic,2
Jordan Cronk,F:1232574daf78,critic,7
Jordan Cronk,F:d39d1b73d6fa,critic,5
Jordan Cronk,F:15cebbda1cd1,critic,6
Jordan Cronk,F:83c734e30238,critic,10
Jordan Cronk,F:9503b95b7798,critic,4
Jordan Cronk,F:87ddccd7c29d,critic,8
Jordan Cronk,F:b7dbf64232a8,critic,9
Jordan Cronk,F:e1fab81857f8,critic,1
Jordan Cronk,F:f70a5e5101b1,critic,3
Gary Crowdus,F:02ded6e20b97,critic,9
Gary Crowdus,F:edfb01f5a9d6,critic,10
Gary Crowdus,F:76a093f087b5,critic,4
Gary Crowdus,F:cbca9660da1d,critic,8
Gary Crowdus,F:f9b6370c1fc2,critic,7
Gary Crowdus,F:b86a994236f9,critic,2
Gary Crowdus,F:ea7fda93e318,critic,3
Gary Crowdus,F:fa5e7f56ebee,critic,6
Gary Crowdus,F:c6032c33754d,critic,5
Gary Crowdus,F:5ea55ab8abce,critic,1
Jane Crowther,F:f44713a09e4d,critic,9
Jane Crowther,F:a2006b1e3f35,critic,3
Jane Crowther,F:9092dd8aef43,critic,2
Jane Crowther,F:59ad7c389a61,critic,8
Jane Crowther,F:71c7b9363133,critic,5
Jane Crowther,F:6ef9ec2a60f2,critic,6
Jane Crowther,F:5b437e93183c,critic,1
Jane Crowther,F:165ea115d0f7,critic,4
Jane Crowther,F:38ccb3d447c3,critic,10
Jane Crowther,F:4434c6705bd6,critic,7
Tóth Csaba,F:b7d2e3d83208,critic,3
Tóth Csaba,F:1c8565784f6c,critic,5
Tóth Csaba,F:a5083fa04636,critic,9
Tóth Csaba,F:db031bbccad7,critic,2
Tóth Csaba,F:ce83cdfc8504,critic,4
Tóth Csaba,F:ed913192d169,critic,8
Tóth Csaba,F:956475a4dbc4,critic,1
Tóth Csaba,F:7fe15b05ccde,critic,10
Tóth Csaba,F:71c7b9363133,critic,6
Tóth Csaba,F:6ef9ec2a60f2,critic,7
Sean Cubitt,F:4178c0f6fbb7,critic,10
Sean Cubitt,F:f5b23bc11b1d,critic,9
Sean Cubitt,F:1b9a570555e5,critic,5
Sean Cubitt,F:05d1730cfab5,critic,7
Sean Cubitt,F:0ea0e00d9fdc,critic,8
Sean Cubitt,F:5aebb6b2c67b,critic,3
Sean Cubitt,F:f9781fc86d8b,critic,4
Sean Cubitt,F:dde6ffd9106a,critic,6
Sean Cubitt,F:70e8cc86302c,critic,2
Sean Cubitt,F:efb145259150,critic,1
Jesse Cumming,F:f4e217197597,critic,1
Jesse Cumming,F:10e86670da04,critic,8
Jesse Cumming,F:72d8bc7578ad,critic,5
Jesse Cumming,F:1a68aefe7ea1,critic,4
Jesse Cumming,F:8fc32725b37f,critic,7
Jesse Cumming,F:6ffcf833b768,critic,3
Jesse Cumming,F:98ca671012c5,critic,2
Jesse Cumming,F:bf6387f2c8ae,critic,10
Jesse Cumming,F:7cdcf0b32a06,critic,9
Jesse Cumming,F:4e2bc3c14baa,critic,6
Jake Cunningham,F:c41986eabc20,critic,8
Jake Cunningham,F:6ae8c10ff551,critic,6
Jake Cunningham,F:b132d89fef53,critic,10
Jake Cunningham,F:65393b2ac77a,critic,4
Jake Cunningham,F:4acddf379d28,critic,9
Jake Cunningham,F:6b71c0470d21,critic,1
Jake Cunningham,F:2b8f2194d907,critic,7
Jake Cunningham,F:e1fab81857f8,critic,2
Jake Cunningham,F:e067866bf78e,critic,3
Jake Cunningham,F:57a1bf06a3b8,critic,5
James Curtis,F:bf6387f2c8ae,critic,10
James Curtis,F:9e11436fa52a,critic,8
James Curtis,F:da3e01696542,critic,1
James Curtis,F:2047d352e11c,critic,3
James Curtis,F:719e67d0c290,critic,5
James Curtis,F:84d0e22b9268,critic,4
James Curtis,F:1944cd335807,critic,6
James Curtis,F:7d2b536fc79c,critic,2
James Curtis,F:4acddf379d28,critic,9
James Curtis,F:23b7c68223e6,critic,7
Aaron Cutler,F:20db0b777058,critic,4
Aaron Cutler,F:7fdeecd17aea,critic,9
Aaron Cutler,F:3cd5afff2ede,critic,1
Aaron Cutler,F:ae5ff367a47f,critic,7
Aaron Cutler,F:5ef102098b8d,critic,8
Aaron Cutler,F:72499b2e0028,critic,6
Aaron Cutler,F:a2a1ef5c6f47,critic,10
Aaron Cutler,F:2df739341411,critic,5
Aaron Cutler,F:e84e5467faf7,critic,3
Aaron Cutler,F:be3de5140d5d,critic,2
Greg Cwik,F:7fe15b05ccde,critic,10
Greg Cwik,F:5e5b16dbc375,critic,6
Greg Cwik,F:2edf96b251c9,critic,1
Greg Cwik,F:f55430b2c93b,critic,3
Greg Cwik,F:6d1fd7e7b778,critic,2
Greg Cwik,F:1876b26426fa,critic,8
Greg Cwik,F:9503b95b7798,critic,7
Greg Cwik,F:1ace472ce6a8,critic,4
Greg Cwik,F:f1f9458aedc5,critic,5
Greg Cwik,F:1232574daf78,critic,9
Bedatri D. Choudhury,F:b132d89fef53,critic,10
Bedatri D. Choudhury,F:bac692ffefd5,critic,1
Bedatri D. Choudhury,F:a9519db91181,critic,7
Bedatri D. Choudhury,F:371ffc986ca5,critic,2
Bedatri D. Choudhury,F:c4fda376339f,critic,6
Bedatri D. Choudhury,F:cb689f3e2a97,critic,8
Bedatri D. Choudhury,F:9347a82e3372,critic,4
Bedatri D. Choudhury,F:ff575e494ec5,critic,3
Bedatri D. Choudhury,F:e2bff7956338,critic,9
Bedatri D. Choudhury,F:0ea0e00d9fdc,critic,5
Ricky D'Ambrose,F:2d63d55ca187,director,3
Ricky D'Ambrose,F:8c93104a11a8,director,6
Ricky D'Ambrose,F:83c734e30238,director,10
Ricky D'Ambrose,F:47f7b6f61804,director,5
Ricky D'Ambrose,F:eeb94ecd85af,director,7
Ricky D'Ambrose,F:3317c867ee9f,director,1
Ricky D'Ambrose,F:72d6d9bf2299,director,8
Ricky D'Ambrose,F:3fa3f9f24a21,director,2
Ricky D'Ambrose,F:9966e5136279,director,4
Ricky D'Ambrose,F:6d78c0ecb7e7,director,9
Mike D'Angelo,F:b132d89fef53,critic,10
Mike D'Angelo,F:e23b87af12c7,critic,1
Mike D'Angelo,F:1a5ed79e90c4,critic,7
Mike D'Angelo,F:20afe757a6d1,critic,6
Mike D'Angelo,F:aa5b85412a3e,critic,4
Mike D'Angelo,F:7de0eaabaf36,critic,5
Mike D'Angelo,F:d2e4f5e8f98d,critic,9
Mike D'Angelo,F:49abeb5047ea,critic,2
Mike D'Angelo,F:e3a29e728f76,critic,8
Mike D'Angelo,F:842f32097573,critic,3
Maya Da-Rin,F:f1400046c859,director,4
Maya Da-Rin,F:813bde6e3053,director,9
Maya Da-Rin,F:83c734e30238,director,10
Maya Da-Rin,F:db3fee30e547,director,1
Maya Da-Rin,F:7cdcf0b32a06,director,8
Maya Da-Rin,F:9c3f5dbc8d78,director,3
Maya Da-Rin,F:09a914de09e9,director,5
Maya Da-Rin,F:f87b3c091815,director,7
Maya Da-Rin,F:2da4899c687b,director,6
Maya Da-Rin,F:6362b3718c32,director,2
Nel Dahl,F:eb38ff2949b1,critic,4
Nel Dahl,F:537490443a63,critic,6
Nel Dahl,F:b4c2515d2391,critic,3
Nel Dahl,F:31e3a3512a76,critic,8
Nel Dahl,F:4cc94fb96c46,critic,5
Nel Dahl,F:4e2bc3c14baa,critic,9
Nel Dahl,F:b770124ea226,critic,1
Nel Dahl,F:7de775151e48,critic,2
Nel Dahl,F:32f33617395c,critic,10
Nel Dahl,F:f85c54efe544,critic,7
Robert Daniels,F:83ebc8b43c9d,critic,10
Robert Daniels,F:d20d0ba20070,critic,4
Robert Daniels,F:0565ff7fd56c,critic,9
Robert Daniels,F:32f33617395c,critic,8
Robert Daniels,F:50f830de5c38,critic,3
Robert Daniels,F:95cb5acf1ea2,critic,7
Robert Daniels,F:cd8b74b7b5a9,critic,6
Robert Daniels,F:9235bdde6f3e,critic,2
Robert Daniels,F:ce6a46e5f888,critic,1
Robert Daniels,F:750dd0c76ac0,critic,5
Shane Danielsen,F:6c10916fbb92,critic,2
Shane Danielsen,F:79c30aef6e24,critic,6
Shane Danielsen,F:e52595f9a0ff,critic,3
Shane Danielsen,F:9f96298e4d23,critic,10
Shane Danielsen,F:79095b9f1a31,critic,1
Shane Danielsen,F:7f53ed4db7b6,critic,4
Shane Danielsen,F:125061f190de,critic,7
Shane Danielsen,F:f03f4c93d0f1,critic,5
Shane Danielsen,F:325075869126,critic,8
Shane Danielsen,F:08966bbb6c53,critic,9
Nina Danino,F:55ad4fb0baae,director,6
Nina Danino,F:8fe1bdde11ef,director,7
Nina Danino,F:2194d7cfb6e7,director,3
Nina Danino,F:aa9ca1df5398,director,5
Nina Danino,F:79f63722edd3,director,2
Nina Danino,F:b9db128c92d5,director,1
Nina Danino,F:069cda2e3235,director,8
Nina Danino,F:fd39b1974fc7,director,4
Adrian Danks,F:ef039f7a68b5,critic,6
Adrian Danks,F:75046ffb9b38,critic,10
Adrian Danks,F:b954ed189137,critic,1
Adrian Danks,F:67386c7ab6f2,critic,3
Adrian Danks,F:b339d6c582f0,critic,8
Adrian Danks,F:65b2c1a9a03a,critic,4
Adrian Danks,F:d59f219fc395,critic,2
Adrian Danks,F:ea8c30267045,critic,7
Adrian Danks,F:dd03c7ae8bd4,critic,9
Adrian Danks,F:b9af680af33b,critic,5
Joe Dante,F:7dacc043e524,director,8
Joe Dante,F:2c1b8d02644e,director,2
Joe Dante,F:83ebc8b43c9d,director,9
Joe Dante,F:b9519c0e0789,director,1
Joe Dante,F:bf6387f2c8ae,director,10
Joe Dante,F:ca0238bc4718,director,4
Joe Dante,F:1c8565784f6c,director,5
Joe Dante,F:f71879711b8f,director,7
Joe Dante,F:38516f3726c8,director,3
Joe Dante,F:b2910882a46d,director,6
Manohla Dargis,F:813bde6e3053,critic,9
Manohla Dargis,F:f71879711b8f,critic,7
Manohla Dargis,F:b9af680af33b,critic,3
Manohla Dargis,F:950c29bf9796,critic,6
Manohla Dargis,F:9f96298e4d23,critic,10
Manohla Dargis,F:ed807684b95b,critic,1
Manohla Dargis,F:0565ff7fd56c,critic,8
Manohla Dargis,F:41d225e6ff0b,critic,4
Manohla Dargis,F:d8ca1cf0db1b,critic,2
Manohla Dargis,F:1961bdb691aa,critic,5
Jenny Darling,F:28d41c264f9a,critic,8
Jenny Darling,F:1c5dd68c6d95,critic,4
Jenny Darling,F:1a5144262bc4,critic,5
Jenny Darling,F:83c734e30238,critic,10
Jenny Darling,F:6744994f98f6,critic,9
Jenny Darling,F:76a54ede5d64,critic,3
Jenny Darling,F:99bc376411fd,critic,2
Jenny Darling,F:fbaed03c3121,critic,6
Jenny Darling,F:d6d30033c698,critic,7
Jenny Darling,F:41a8c399de75,critic,1
Julie Dash,F:d36c543669f4,director,1
Julie Dash,F:cbca9660da1d,director,8
Julie Dash,F:a107ffdf93ce,director,3
Julie Dash,F:2c3a29085e12,director,6
Julie Dash,F:03b3065dc545,director,10
Julie Dash,F:a34902196db2,director,5
Julie Dash,F:2b8f2194d907,director,9
Julie Dash,F:07ad3cea71f8,director,2
Julie Dash,F:e50615c80a64,director,7
Julie Dash,F:f1a286d2d2b0,director,4
Manishita Dass,F:69f5bed6f836,critic,9
Manishita Dass,F:b81ddc038404,critic,3
Manishita Dass,F:9347a82e3372,critic,2
Manishita Dass,F:950c29bf9796,critic,4
Manishita Dass,F:6c5a28405e28,critic,1
Manishita Dass,F:4178c0f6fbb7,critic,7
Manishita Dass,F:aa65b1eedc05,critic,5
Manishita Dass,F:e4e5d0b8b474,critic,8
Manishita Dass,F:08966bbb6c53,critic,10
Manishita Dass,F:02ded6e20b97,critic,6
Sangeeta Datta,F:cda1a8b3152c,critic,8
Sangeeta Datta,F:e2bff7956338,critic,9
Sangeeta Datta,F:bee09401fa7d,critic,7
Sangeeta Datta,F:b81ddc038404,critic,6
Sangeeta Datta,F:b2b6b0cee58e,critic,3
Sangeeta Datta,F:c3f4f3d3dda9,critic,5
Sangeeta Datta,F:08966bbb6c53,critic,10
Sangeeta Datta,F:be06ec61e0ed,critic,2
Sangeeta Datta,F:02a2c15740d2,critic,1
Sangeeta Datta,F:68833666b0ff,critic,4
Robert Daudelin,F:9f96298e4d23,critic,10
Robert Daudelin,F:35c4aff1b6e2,critic,2
Robert Daudelin,F:8db25a4797e8,critic,6
Robert Daudelin,F:83d479d3ae29,critic,4
Robert Daudelin,F:e4e5d0b8b474,critic,9
Robert Daudelin,F:17be19f021ea,critic,5
Robert Daudelin,F:9503b95b7798,critic,7
Robert Daudelin,F:f541bca8533a,critic,1
Robert Daudelin,F:b8c65bcb3d78,critic,3
Robert Daudelin,F:8fe1bdde11ef,critic,8
Alex Davidson,F:f44713a09e4d,critic,9
Alex Davidson,F:b132d89fef53,critic,10
Alex Davidson,F:d653d89fbc90,critic,4
Alex Davidson,F:114b8506a3fa,critic,3
Alex Davidson,F:c2e492d52d62,critic,5
Alex Davidson,F:af9e3551238b,critic,7
Alex Davidson,F:413d2bed80fb,critic,6
Alex Davidson,F:5eeeb53a46d5,critic,1
Alex Davidson,F:45a6e7cd71d6,critic,2
Alex Davidson,F:f87b3c091815,critic,8
Sam Davies,F:c41986eabc20,critic,6
Sam Davies,F:b5749f03606c,critic,8
Sam Davies,F:dd03c7ae8bd4,critic,7
Sam Davies,F:59ad7c389a61,critic,9
Sam Davies,F:24dc6c8040d9,critic,4
Sam Davies,F:fbaed03c3121,critic,5
Sam Davies,F:d2f59305f247,critic,3
Sam Davies,F:d8e24aa1ab58,critic,10
Sam Davies,F:4f6998b28856,critic,2
Sam Davies,F:4ccfaf74f3eb,critic,1
Terence Davies,F:38ccb3d447c3,director,10
Terence Davies,F:60a4d76c522e,director,8
Terence Davies,F:ca45d2441e02,director,7
Terence Davies,F:0cfe5054df25,director,5
Terence Davies,F:b9a34b130377,director,6
Terence Davies,F:701866359823,director,3
Terence Davies,F:d1d43bf4deff,director,9
Terence Davies,F:69e842c9bc52,director,1
Terence Davies,F:a637afe5bfeb,director,2
Terence Davies,F:751cc805fa43,director,4
Glyn Davis,F:8450bc00bd46,critic,3
Glyn Davis,F:a9519db91181,critic,8
Glyn Davis,F:6ffcf833b768,critic,5
Glyn Davis,F:58f9e7707a27,critic,6
Glyn Davis,F:0565ff7fd56c,critic,9
Glyn Davis,F:114ae73dd3a7,critic,7
Glyn Davis,F:ec7726632ac1,critic,10
Glyn Davis,F:4266847ae72e,critic,1
Glyn Davis,F:62223f240a33,critic,4
Glyn Davis,F:132d9439f658,critic,2
Nick Davis,F:b5749f03606c,critic,6
Nick Davis,F:02ded6e20b97,critic,7
Nick Davis,F:89bca25c2226,critic,2
Nick Davis,F:83c734e30238,critic,10
Nick Davis,F:665eab0ab9d1,critic,4
Nick Davis,F:03b3065dc545,critic,5
Nick Davis,F:b7dbf64232a8,critic,3
Nick Davis,F:cbb0587ba064,critic,8
Nick Davis,F:e4e5d0b8b474,critic,9
Nick Davis,F:299aafd38526,critic,1
Sarah Dawson,F:be5197f08d0d,critic,8
Sarah Dawson,F:6ae59b48c3df,critic,2
Sarah Dawson,F:930e2118f326,critic,9
Sarah Dawson,F:6fa1e8389139,critic,3
Sarah Dawson,F:1e05dca13cdb,critic,1
Sarah Dawson,F:c247ad9469a4,critic,5
Sarah Dawson,F:d2c81bee4c02,critic,7
Sarah Dawson,F:f42a2fe544d1,critic,6
Sarah Dawson,F:fbac63dcd9cf,critic,10
Sarah Dawson,F:a3b1c5701dcf,critic,4
Tom Dawson,F:2af5c5bcacdf,critic,3
Tom Dawson,F:4178c0f6fbb7,critic,8
Tom Dawson,F:1e8c36f50cef,critic,2
Tom Dawson,F:9f96298e4d23,critic,9
Tom Dawson,F:b5a06746734d,critic,10
Tom Dawson,F:813bde6e3053,critic,7
Tom Dawson,F:ea8c30267045,critic,5
Tom Dawson,F:6153eeb1ef64,critic,4
Tom Dawson,F:208669d4e45c,critic,1
Tom Dawson,F:cbb0587ba064,critic,6
Annouchka De Andrade,F:d8be33a7aa37,critic,7
Annouchka De Andrade,F:0277659604cb,critic,3
Annouchka De Andrade,F:a89eca461289,critic,6
Annouchka De Andrade,F:95bd800bd9e5,critic,10
Annouchka De Andrade,F:233d9cdf72ef,critic,2
Annouchka De Andrade,F:8f689281115f,critic,1
Annouchka De Andrade,F:6a2cf6c39785,critic,5
Annouchka De Andrade,F:8481529aa9c4,critic,8
Annouchka De Andrade,F:665eab0ab9d1,critic,9
Annouchka De Andrade,F:fe6ea6819b87,critic,4
Eurico de Barros,F:03774d8054b0,critic,8
Eurico de Barros,F:b132d89fef53,critic,10
Eurico de Barros,F:38ccb3d447c3,critic,9
Eurico de Barros,F:be70e65a3f67,critic,1
Eurico de Barros,F:ce4d849ddde9,critic,3
Eurico de Barros,F:4434c6705bd6,critic,7
Eurico de Barros,F:9fa2ffff0e05,critic,5
Eurico de Barros,F:f97978e0dded,critic,4
Eurico de Barros,F:ab7dfe1fd662,critic,2
Eurico de Barros,F:242bcffbc89a,critic,6
Marco de Blois,F:0df7362f710e,critic,6
Marco de Blois,F:7dacc043e524,critic,7
Marco de Blois,F:9113deb430d0,critic,5
Marco de Blois,F:75046ffb9b38,critic,9
Marco de Blois,F:4acddf379d28,critic,8
Marco de Blois,F:667f9047c4d8,critic,4
Marco de Blois,F:b132d89fef53,critic,10
Marco de Blois,F:1d4aa521db4c,critic,2
Marco de Blois,F:0a6dc7e57ab4,critic,3
Marco de Blois,F:698319fe73f3,critic,1
Desirée de Fez,F:b5a06746734d,critic,10
Desirée de Fez,F:15298623ef1f,critic,8
Desirée de Fez,F:4bbf32d00fd9,critic,7
Desirée de Fez,F:c78c6b97f980,critic,9
Desirée de Fez,F:37bbd65ea51f,critic,6
Desirée de Fez,F:9dc99962ce43,critic,5
Desirée de Fez,F:f1f9458aedc5,critic,4
Desirée de Fez,F:34bed313737b,critic,3
Desirée de Fez,F:8775c1c7fb89,critic,1
Desirée de Fez,F:f6207652a130,critic,2
Gonzalo de Lucas,F:15cebbda1cd1,critic,8
Gonzalo de Lucas,F:7cdcf0b32a06,critic,10
Gonzalo de Lucas,F:0525cace8386,critic,1
Gonzalo de Lucas,F:27cc97d93f99,critic,7
Gonzalo de Lucas,F:e3a29e728f76,critic,6
Gonzalo de Lucas,F:5094c1da4d65,critic,9
Gonzalo de Lucas,F:9bfb8652e23d,critic,2
Gonzalo de Lucas,F:537490443a63,critic,3
Gonzalo de Lucas,F:e737f5f02536,critic,5
Gonzalo de Lucas,F:cac0a48aa065,critic,4
Gonzalo De Pedro,F:646ea2ac9f18,critic,8
Gonzalo De Pedro,F:5bf728a15019,critic,4
Gonzalo De Pedro,F:e578639824f5,critic,3
Gonzalo De Pedro,F:bcf63870b80d,critic,9
Gonzalo De Pedro,F:0d1fd8db8fb0,critic,6
Gonzalo De Pedro,F:090832505b0f,critic,10
Gonzalo De Pedro,F:3ffb67c0b2aa,critic,2
Gonzalo De Pedro,F:c0fb0aee874a,critic,5
Gonzalo De Pedro,F:1174009b97fe,critic,7
Gonzalo De Pedro,F:8f8a2aa5660f,critic,1
Nick De Semlyen,F:8ce8232221d4,critic,5
Nick De Semlyen,F:653f45346bcc,critic,9
Nick De Semlyen,F:165ea115d0f7,critic,4
Nick De Semlyen,F:b5a06746734d,critic,10
Nick De Semlyen,F:e50615c80a64,critic,6
Nick De Semlyen,F:4acddf379d28,critic,7
Nick De Semlyen,F:38ccb3d447c3,critic,8
Nick De Semlyen,F:ff8951301912,critic,1
Nick De Semlyen,F:9f5b0931a0e5,critic,2
Nick De Semlyen,F:2c00d05903b6,critic,3
Phil De Semlyen,F:03774d8054b0,critic,8
Phil De Semlyen,F:165ea115d0f7,critic,2
Phil De Semlyen,F:f376d0dacdd0,critic,5
Phil De Semlyen,F:176166e412b4,critic,7
Phil De Semlyen,F:8481529aa9c4,critic,4
Phil De Semlyen,F:ff8951301912,critic,1
Phil De Semlyen,F:0a600f29226c,critic,6
Phil De Semlyen,F:b132d89fef53,critic,10
Phil De Semlyen,F:53f709905db4,critic,3
Phil De Semlyen,F:38ccb3d447c3,critic,9
Peter Debruge,F:e4e5d0b8b474,critic,9
Peter Debruge,F:4856ae18c1cd,critic,6
Peter Debruge,F:27cc97d93f99,critic,4
Peter Debruge,F:03774d8054b0,critic,8
Peter Debruge,F:9fa2ffff0e05,critic,2
Peter Debruge,F:c41986eabc20,critic,5
Peter Debruge,F:ee96362bbbc2,critic,1
Peter Debruge,F:950c29bf9796,critic,7
Peter Debruge,F:7af3bfecc2a8,critic,3
"Clodualdo (""Doy"") del Mundo",F:e95a92c86c8d,critic,3
"Clodualdo (""Doy"") del Mundo",F:bf6387f2c8ae,critic,10
"Clodualdo (""Doy"") del Mundo",F:edfb01f5a9d6,critic,7
"Clodualdo (""Doy"") del Mundo",F:2907bfe31ad2,critic,5
"Clodualdo (""Doy"") del Mundo",F:a5083fa04636,critic,6
"Clodualdo (""Doy"") del Mundo",F:18febe4125b6,critic,4
"Clodualdo (""Doy"") del Mundo",F:ec19d41710c4,critic,1
"Clodualdo (""Doy"") del Mundo",F:b132d89fef53,critic,9
"Clodualdo (""Doy"") del Mundo",F:d472058d559a,critic,8
"Clodualdo (""Doy"") del Mundo",F:81bc5406e97e,critic,2
Guillermo del Toro,F:6d78c0ecb7e7,director,9
Guillermo del Toro,F:59ad7c389a61,director,7
Guillermo del Toro,F:7dacc043e524,director,8
Guillermo del Toro,F:860988085746,director,5
Guillermo del Toro,F:e9a0c0d78a11,director,1
Guillermo del Toro,F:83ebc8b43c9d,director,10
Guillermo del Toro,F:411df6bf4e5c,director,3
Guillermo del Toro,F:66e0b02405e2,director,4
Guillermo del Toro,F:b30f4a3a1342,director,2
Guillermo del Toro,F:9503b95b7798,director,6
Maria Delgado,F:9f96298e4d23,critic,10
Maria Delgado,F:a7d92e333282,critic,5
Maria Delgado,F:c4fda376339f,critic,4
Maria Delgado,F:795658b0a468,critic,1
Maria Delgado,F:b339d6c582f0,critic,6
Maria Delgado,F:05d1730cfab5,critic,3
Maria Delgado,F:cb689f3e2a97,critic,9
Maria Delgado,F:bee09401fa7d,critic,8
Maria Delgado,F:ca241fd9482a,critic,2
Maria Delgado,F:6744994f98f6,critic,7
Julie Delpy,F:4178c0f6fbb7,director,10
Julie Delpy,F:a89eca461289,director,5
Julie Delpy,F:6461abdfd357,director,4
Julie Delpy,F:0277659604cb,director,1
Julie Delpy,F:cb689f3e2a97,director,9
Julie Delpy,F:8b4b310f435e,director,6
Julie Delpy,F:176166e412b4,director,7
Julie Delpy,F:8fe1bdde11ef,director,8
Julie Delpy,F:b128d01eb660,director,3
Julie Delpy,F:ce97323dad79,director,2
Michel Demopoulos,F:d117472f572e,critic,8
Michel Demopoulos,F:b5a06746734d,critic,10
Michel Demopoulos,F:dd8922e816e9,critic,1
Michel Demopoulos,F:4178c0f6fbb7,critic,9
Michel Demopoulos,F:069cda2e3235,critic,7
Michel Demopoulos,F:b7dbf64232a8,critic,4
Michel Demopoulos,F:5094c1da4d65,critic,5
Michel Demopoulos,F:9daa251a7795,critic,3
Michel Demopoulos,F:95bd800bd9e5,critic,6
Michel Demopoulos,F:a50461292bc4,critic,2
Anne Demy-Geroe,F:7cdcf0b32a06,critic,7
Anne Demy-Geroe,F:cda1a8b3152c,critic,8
Anne Demy-Geroe,F:10e86670da04,critic,4
Anne Demy-Geroe,F:b9af680af33b,critic,1
Anne Demy-Geroe,F:fbfc282cbfbb,critic,2
Anne Demy-Geroe,F:146ec1241d81,critic,3
Anne Demy-Geroe,F:08966bbb6c53,critic,10
Anne Demy-Geroe,F:c0891d475a49,critic,5
Anne Demy-Geroe,F:4178c0f6fbb7,critic,9
Anne Demy-Geroe,F:b5749f03606c,critic,6
Éric Derobert,F:1c49086ab4bc,critic,1
Éric Derobert,F:d210c0d5f689,critic,9
Éric Derobert,F:75719b21d0aa,critic,8
Éric Derobert,F:c037474fec4c,critic,2
Éric Derobert,F:3ad6044c5e88,critic,7
Éric Derobert,F:040af9e25a3d,critic,3
Éric Derobert,F:75046ffb9b38,critic,10
Éric Derobert,F:9e1c5c2b6159,critic,4
Éric Derobert,F:401ab804e972,critic,5
Éric Derobert,F:6dae5d9da243,critic,6
Catharine Des Forges,F:b3858d1cff92,critic,6
Catharine Des Forges,F:b0ababe3b667,critic,5
Catharine Des Forges,F:fa68f406d4e8,critic,1
Catharine Des Forges,F:e337600bbd17,critic,2
Catharine Des Forges,F:b21e5cdba7f0,critic,7
Catharine Des Forges,F:8ce8232221d4,critic,8
Catharine Des Forges,F:d1188b34b03c,critic,10
Catharine Des Forges,F:33e985a235a2,critic,4
Catharine Des Forges,F:09035fce59e3,critic,9
Catharine Des Forges,F:74c5f4d1395f,critic,3
Jemma Desai,F:dd03c7ae8bd4,critic,9
Jemma Desai,F:0813fd94c20e,critic,7
Jemma Desai,F:d5c0babdf88b,critic,2
Jemma Desai,F:c2e492d52d62,critic,8
Jemma Desai,F:83c734e30238,critic,10
Jemma Desai,F:9039ae8d7e2a,critic,4
Jemma Desai,F:bedc8ea62e08,critic,5
Jemma Desai,F:5f80b3dc3ffd,critic,1
Jemma Desai,F:bfdd52aff163,critic,6
Jemma Desai,F:039cb8db73e1,critic,3
Rahul Desai,F:4856ae18c1cd,critic,5
Rahul Desai,F:71c7b9363133,critic,4
Rahul Desai,F:a89eca461289,critic,3
Rahul Desai,F:88bb0db89f16,critic,2
Rahul Desai,F:38ccb3d447c3,critic,9
Rahul Desai,F:f71879711b8f,critic,6
Rahul Desai,F:08966bbb6c53,critic,10
Rahul Desai,F:bee09401fa7d,critic,7
Rahul Desai,F:d472058d559a,critic,8
Rahul Desai,F:b59055f29ae4,critic,1
Sophie Determan,F:ca0238bc4718,critic,9
Sophie Determan,F:92bab832061c,critic,2
Sophie Determan,F:daa98caf08e2,critic,3
Sophie Determan,F:86615195df6b,critic,5
Sophie Determan,F:78626125c107,critic,1
Sophie Determan,F:b5fac1879322,critic,10
Sophie Determan,F:047ce3c4b6b0,critic,6
Sophie Determan,F:e4694d48e73e,critic,7
Sophie Determan,F:4409f275b372,critic,8
Sophie Determan,F:6fa77dbe054e,critic,4
Agnes Devictor,F:944ad783759e,critic,9
Agnes Devictor,F:7fe15b05ccde,critic,8
Agnes Devictor,F:d117472f572e,critic,7
Agnes Devictor,F:a5083fa04636,critic,4
Agnes Devictor,F:cda1a8b3152c,critic,6
Agnes Devictor,F:7b5d85393630,critic,5
Agnes Devictor,F:8a2cf62378e3,critic,2
Agnes Devictor,F:08966bbb6c53,critic,10
Agnes Devictor,F:2e01c218f1f2,critic,1
Agnes Devictor,F:b5749f03606c,critic,3
Helen DeWitt,F:69f5bed6f836,critic,9
Helen DeWitt,F:090832505b0f,critic,8
Helen DeWitt,F:0e061101bdea,critic,2
Helen DeWitt,F:d1188b34b03c,critic,7
Helen DeWitt,F:83c734e30238,critic,10
Helen DeWitt,F:02ded6e20b97,critic,6
Helen DeWitt,F:10e86670da04,critic,5
Helen DeWitt,F:337423442fc4,critic,1
Helen DeWitt,F:5094c1da4d65,critic,4
Helen DeWitt,F:413d2bed80fb,critic,3
Rhianna Dhillon,F:f8abdb2ec9d8,critic,9
Rhianna Dhillon,F:fd766b371ff0,critic,5
Rhianna Dhillon,F:c43a32363303,critic,6
Rhianna Dhillon,F:0f23d661fac7,critic,3
Rhianna Dhillon,F:ca44ed7aed78,critic,4
Rhianna Dhillon,F:b82a5621ece1,critic,1
Rhianna Dhillon,F:74869694acb1,critic,8
Rhianna Dhillon,F:f75878ff7580,critic,2
Rhianna Dhillon,F:db031bbccad7,critic,7
Rhianna Dhillon,F:6744994f98f6,critic,10
Claire Diao,F:02ded6e20b97,critic,10
Claire Diao,F:da63db39e047,critic,4
Claire Diao,F:520c5e0dba19,critic,1
Claire Diao,F:c22c42cd69b9,critic,9
Claire Diao,F:a89eca461289,critic,5
Claire Diao,F:1961bdb691aa,critic,7
Claire Diao,F:fbac63dcd9cf,critic,8
Claire Diao,F:be922adcc35a,critic,6
Claire Diao,F:8a762920a867,critic,2
Claire Diao,F:747708787a3f,critic,3
Yinan Diao,F:c0891d475a49,director,6
Yinan Diao,F:b5a06746734d,director,10
Yinan Diao,F:bee09401fa7d,director,7
Yinan Diao,F:7b5d85393630,director,8
Yinan Diao,F:7c29c6c89454,director,1
Yinan Diao,F:4178c0f6fbb7,director,9
Yinan Diao,F:15298623ef1f,director,5
Yinan Diao,F:9fa2ffff0e05,director,3
Yinan Diao,F:f71879711b8f,director,4
Yinan Diao,F:5fbe75ae8e83,director,2
André Dias,F:98aa847a19fe,critic,6
André Dias,F:3ec40e40a443,critic,5
André Dias,F:875135c43b9f,critic,1
André Dias,F:caabee7db5c9,critic,7
André Dias,F:5e303ce5e4f2,critic,4
André Dias,F:743e8f968e3c,critic,3
André Dias,F:8fc32725b37f,critic,9
André Dias,F:944ad783759e,critic,10
André Dias,F:a839db59f170,critic,2
André Dias,F:aa65b1eedc05,critic,8
Miguel Dias,F:4acddf379d28,critic,7
Miguel Dias,F:b5a06746734d,critic,10
Miguel Dias,F:653f45346bcc,critic,9
Miguel Dias,F:4c53a001a92c,critic,4
Miguel Dias,F:1a44df1e31af,critic,2
Miguel Dias,F:5094c1da4d65,critic,6
Miguel Dias,F:97b42f962368,critic,8
Miguel Dias,F:bc5c532571ac,critic,1
Miguel Dias,F:fbaed03c3121,critic,3
Miguel Dias,F:d5d45d8c9f1b,critic,5
Alonso Díaz de la Vega,F:090832505b0f,critic,9
Alonso Díaz de la Vega,F:c32606d3ec13,critic,1
Alonso Díaz de la Vega,F:813bde6e3053,critic,8
Alonso Díaz de la Vega,F:c22c42cd69b9,critic,6
Alonso Díaz de la Vega,F:10e86670da04,critic,7
Alonso Díaz de la Vega,F:83c734e30238,critic,10
Alonso Díaz de la Vega,F:f3a8723d695d,critic,3
Alonso Díaz de la Vega,F:743e8f968e3c,critic,2
Alonso Díaz de la Vega,F:bd648fce3b3f,critic,5
Alonso Díaz de la Vega,F:002c591e702f,critic,4
Francisco Manuel Díaz,F:85152d3fca69,critic,6
Francisco Manuel Díaz,F:ebb2737eeb11,critic,5
Francisco Manuel Díaz,F:d2e4f5e8f98d,critic,9
Francisco Manuel Díaz,F:e6f2ad4e6828,critic,1
Francisco Manuel Díaz,F:d3946ccc2b73,critic,2
Francisco Manuel Díaz,F:1cc4724613d7,critic,4
Francisco Manuel Díaz,F:125061f190de,critic,10
Francisco Manuel Díaz,F:1232574daf78,critic,8
Francisco Manuel Díaz,F:a3c43e38c174,critic,3
Francisco Manuel Díaz,F:b36e2106dd8c,critic,7
Saul Dibb,F:f376d0dacdd0,director,4
Saul Dibb,F:e50615c80a64,director,3
Saul Dibb,F:7b5d85393630,director,8
Saul Dibb,F:d472058d559a,director,9
Saul Dibb,F:02ded6e20b97,director,7
Saul Dibb,F:16913ba1d831,director,5
Saul Dibb,F:a6da9a65f928,director,1
Saul Dibb,F:7fe15b05ccde,director,10
Saul Dibb,F:51644bbb0d9c,director,2
Saul Dibb,F:95bd800bd9e5,director,6
Hope  Dickson Leach,F:6df960d01ebc,director,4
Hope  Dickson Leach,F:4953ffd81613,director,3
Hope  Dickson Leach,F:11f597068baf,director,7
Hope  Dickson Leach,F:4acddf379d28,director,9
Hope  Dickson Leach,F:2018d336cc28,director,2
Hope  Dickson Leach,F:b132d89fef53,director,10
Hope  Dickson Leach,F:0a600f29226c,director,8
Hope  Dickson Leach,F:8703270231ee,director,5
Hope  Dickson Leach,F:fbac63dcd9cf,director,6
Hope  Dickson Leach,F:408613696629,director,1
Diedrich Diederichsen,F:6d78c0ecb7e7,critic,10
Diedrich Diederichsen,F:ee5fad0d74c3,critic,1
Diedrich Diederichsen,F:9c2bebd849b0,critic,2
Diedrich Diederichsen,F:00c8b9107d1c,critic,6
Diedrich Diederichsen,F:b108cca94c9d,critic,4
Diedrich Diederichsen,F:b7d2e3d83208,critic,8
Diedrich Diederichsen,F:5d1eeae30e1c,critic,7
Diedrich Diederichsen,F:f7caf2323752,critic,5
Diedrich Diederichsen,F:c0891d475a49,critic,9
Diedrich Diederichsen,F:60d89c7aabd3,critic,3
Jon Dieringer,F:4acddf379d28,critic,9
Jon Dieringer,F:b5a06746734d,critic,10
Jon Dieringer,F:c79c561e7b8b,critic,5
Jon Dieringer,F:7583ca385965,critic,4
Jon Dieringer,F:11f597068baf,critic,8
Jon Dieringer,F:18f29f5c9f6a,critic,1
Jon Dieringer,F:4bbcec7d0753,critic,6
Jon Dieringer,F:9609d2e67c50,critic,7
Jon Dieringer,F:dfc3ec48e6dd,critic,3
Jon Dieringer,F:1e2a37b95e65,critic,2
Mar Diestro-Dópido,F:83ebc8b43c9d,critic,8
Mar Diestro-Dópido,F:3096ae933d0d,critic,2
Mar Diestro-Dópido,F:fe031910e1c0,critic,4
Mar Diestro-Dópido,F:653f45346bcc,critic,9
Mar Diestro-Dópido,F:34bed313737b,critic,5
Mar Diestro-Dópido,F:6905714a9831,critic,1
Mar Diestro-Dópido,F:f44713a09e4d,critic,7
Mar Diestro-Dópido,F:6ef9ec2a60f2,critic,6
Mar Diestro-Dópido,F:83c734e30238,critic,10
Mar Diestro-Dópido,F:a6d7e0a65cf8,critic,3
Ernesto Diezmartínez,F:7dacc043e524,critic,6
Ernesto Diezmartínez,F:bf6387f2c8ae,critic,10
Ernesto Diezmartínez,F:411df6bf4e5c,critic,3
Ernesto Diezmartínez,F:09035fce59e3,critic,7
Ernesto Diezmartínez,F:069cda2e3235,critic,5
Ernesto Diezmartínez,F:075b56ba8b41,critic,1
Ernesto Diezmartínez,F:e147c7e3e29c,critic,4
Ernesto Diezmartínez,F:e2bff7956338,critic,9
Ernesto Diezmartínez,F:00e7c1dc0533,critic,2
Ernesto Diezmartínez,F:cbb0587ba064,critic,8
Flavia Dima,F:5703232b6a8e,critic,2
Flavia Dima,F:2af5c5bcacdf,critic,7
Flavia Dima,F:5c226aa5de90,critic,4
Flavia Dima,F:813bde6e3053,critic,9
Flavia Dima,F:8082e9c53944,critic,5
Flavia Dima,F:1876b26426fa,critic,6
Flavia Dima,F:06cc5fad0d3a,critic,1
Flavia Dima,F:944ad783759e,critic,10
Flavia Dima,F:aa65b1eedc05,critic,8
Flavia Dima,F:c0e117f757be,critic,3
Toni Dimkov,F:69ee1e9bf06a,critic,2
Toni Dimkov,F:17fcc038144d,critic,6
Toni Dimkov,F:7fe15b05ccde,critic,10
Toni Dimkov,F:240c3c3338a1,critic,3
Toni Dimkov,F:d4937a407577,critic,4
Toni Dimkov,F:63d46e5d8cef,critic,5
Toni Dimkov,F:b5749f03606c,critic,8
Toni Dimkov,F:57a1bf06a3b8,critic,7
Toni Dimkov,F:d472058d559a,critic,9
Toni Dimkov,F:b7f9da9378a1,critic,1
Molly Dineen,F:8394d3ce5830,director,3
Molly Dineen,F:51644bbb0d9c,director,8
Molly Dineen,F:d8ce5441d5f4,director,6
Molly Dineen,F:34eb1ed0c187,director,7
Molly Dineen,F:02ded6e20b97,director,10
Molly Dineen,F:55ad4fb0baae,director,9
Molly Dineen,F:c7baf020b0aa,director,1
Molly Dineen,F:c1cd242a1caa,director,5
Molly Dineen,F:08b12d19d379,director,4
Molly Dineen,F:cdbf7cdd3c98,director,2
Rachael Disbury,F:090832505b0f,critic,8
Rachael Disbury,F:b1d3b0d928ca,critic,3
Rachael Disbury,F:cb689f3e2a97,critic,9
Rachael Disbury,F:0565ff7fd56c,critic,7
Rachael Disbury,F:62223f240a33,critic,4
Rachael Disbury,F:32f33617395c,critic,6
Rachael Disbury,F:95cb5acf1ea2,critic,5
Rachael Disbury,F:08966bbb6c53,critic,10
Rachael Disbury,F:8e9be81551f8,critic,1
Rachael Disbury,F:4183548d237d,critic,2
Bryony Dixon,F:b2910882a46d,critic,5
Bryony Dixon,F:7edd9692528b,critic,2
Bryony Dixon,F:03774d8054b0,critic,8
Bryony Dixon,F:665eab0ab9d1,critic,6
Bryony Dixon,F:2fad03e3ad97,critic,3
Bryony Dixon,F:7fe15b05ccde,critic,9
Bryony Dixon,F:46e59576eeb3,critic,1
Bryony Dixon,F:cdb76db94f02,critic,4
Bryony Dixon,F:69f5bed6f836,critic,10
Bryony Dixon,F:ec7726632ac1,critic,7
Wheeler Winston Dixon,F:7ecd292638a9,critic,1
Wheeler Winston Dixon,F:bf6387f2c8ae,critic,10
Wheeler Winston Dixon,F:069cda2e3235,critic,5
Wheeler Winston Dixon,F:ca0238bc4718,critic,4
Wheeler Winston Dixon,F:d472058d559a,critic,8
Wheeler Winston Dixon,F:97b42f962368,critic,9
Wheeler Winston Dixon,F:09035fce59e3,critic,6
Wheeler Winston Dixon,F:ec7726632ac1,critic,7
Wheeler Winston Dixon,F:5e201ce6e4d7,critic,3
Wheeler Winston Dixon,F:f4b3aaca24c7,critic,2
Radmila Djurica,F:ac7704e79e9c,critic,2
Radmila Djurica,F:bf5be8092cc6,critic,1
Radmila Djurica,F:6ef9ec2a60f2,critic,8
Radmila Djurica,F:73ac13372020,critic,7
Radmila Djurica,F:cd8b74b7b5a9,critic,6
Radmila Djurica,F:cc851cff96a3,critic,4
Radmila Djurica,F:11f597068baf,critic,9
Radmila Djurica,F:09035fce59e3,critic,10
Radmila Djurica,F:e3f9a5827411,critic,5
Radmila Djurica,F:2b40fbe4d26b,critic,3
Pete Docter,F:95e72a399dc5,director,6
Pete Docter,F:c6e3aebd5c22,director,4
Pete Docter,F:6ae8c10ff551,director,8
Pete Docter,F:3c422d2fe5e0,director,2
Pete Docter,F:d46ab9fad989,director,1
Pete Docter,F:cf622d49687f,director,5
Pete Docter,F:165ea115d0f7,director,7
Pete Docter,F:c41986eabc20,director,9
Pete Docter,F:7dacc043e524,director,11
Pete Docter,F:2256f91bcf07,director,3
Pete Docter,F:4856ae18c1cd,director,10
Philip Dodd,F:7dacc043e524,critic,7
Philip Dodd,F:ec7726632ac1,critic,8
Philip Dodd,F:2af5c5bcacdf,critic,6
Philip Dodd,F:ce4d849ddde9,critic,3
Philip Dodd,F:2b81cbcf590a,critic,1
Philip Dodd,F:38ccb3d447c3,critic,10
Philip Dodd,F:341aefe6f409,critic,5
Philip Dodd,F:090832505b0f,critic,9
Philip Dodd,F:a758f31506ad,critic,4
Philip Dodd,F:1f4366728a1d,critic,2
Thomas Doherty,F:17628f83ead5,critic,2
Thomas Doherty,F:1c8565784f6c,critic,3
Thomas Doherty,F:edfb01f5a9d6,critic,8
Thomas Doherty,F:d117472f572e,critic,9
Thomas Doherty,F:bf6387f2c8ae,critic,10
Thomas Doherty,F:4856ae18c1cd,critic,6
Thomas Doherty,F:c0891d475a49,critic,7
Thomas Doherty,F:f5b23bc11b1d,critic,5
Thomas Doherty,F:146ec1241d81,critic,4
Thomas Doherty,F:e414fbe0b027,critic,1
Anton Dolin,F:ec7726632ac1,critic,10
Anton Dolin,F:4bbf32d00fd9,critic,7
Anton Dolin,F:e074ce2e38fe,critic,3
Anton Dolin,F:cbb0587ba064,critic,9
Anton Dolin,F:c41986eabc20,critic,8
Anton Dolin,F:7fdeecd17aea,critic,4
Anton Dolin,F:146f1c3fc9b2,critic,6
Anton Dolin,F:50e7c992b75a,critic,2
Anton Dolin,F:243aae7ac120,critic,1
Anton Dolin,F:479e6879e365,critic,5
Jean-Philippe Domecq,F:6fa4815f7545,critic,3
Jean-Philippe Domecq,F:97bdcbbf5674,critic,2
Jean-Philippe Domecq,F:34c509b6a2c8,critic,4
Jean-Philippe Domecq,F:c7384eeb7b0e,critic,7
Jean-Philippe Domecq,F:cf6cb2112728,critic,6
Jean-Philippe Domecq,F:4caeed3c6363,critic,5
Jean-Philippe Domecq,F:ea8c30267045,critic,10
Jean-Philippe Domecq,F:146ec1241d81,critic,9
Jean-Philippe Domecq,F:55ad4fb0baae,critic,8
Jean-Philippe Domecq,F:6384dd66814c,critic,1
Juan Manuel Domínguez,F:35c1122a234d,critic,3
Juan Manuel Domínguez,F:9e3f780a653d,critic,2
Juan Manuel Domínguez,F:432bbc185cbb,critic,8
Juan Manuel Domínguez,F:75046ffb9b38,critic,10
Juan Manuel Domínguez,F:ec9e969b2474,critic,5
Juan Manuel Domínguez,F:87260f5ae7bb,critic,7
Juan Manuel Domínguez,F:e8bb96bfaa8c,critic,1
Juan Manuel Domínguez,F:5094c1da4d65,critic,9
Juan Manuel Domínguez,F:5bef0b693d91,critic,6
Juan Manuel Domínguez,F:6b71c0470d21,critic,4
Dennis Doros,F:c4e34698c643,critic,8
Dennis Doros,F:24dc6c8040d9,critic,9
Dennis Doros,F:7edaa74f2f7a,critic,1
Dennis Doros,F:c80392c9829c,critic,6
Dennis Doros,F:0565ff7fd56c,critic,10
Dennis Doros,F:0a6dc7e57ab4,critic,3
Dennis Doros,F:89bca25c2226,critic,7
Dennis Doros,F:ab3cd6cbe81e,critic,4
Dennis Doros,F:e2d7ee3e387f,critic,5
Dennis Doros,F:92dbbd1bb00b,critic,2
Jason Dorwart,F:6b927993e1e1,critic,9
Jason Dorwart,F:cdb76db94f02,critic,7
Jason Dorwart,F:176166e412b4,critic,10
Jason Dorwart,F:e4f2c6859086,critic,2
Jason Dorwart,F:b4941e142a34,critic,4
Jason Dorwart,F:3cee3c945b46,critic,5
Jason Dorwart,F:c0586f89aede,critic,3
Jason Dorwart,F:9cac88a557fd,critic,6
Jason Dorwart,F:f8abdb2ec9d8,critic,8
Jason Dorwart,F:b5c3a93ef9fb,critic,1
Laura Dos Santos,F:2bcbc58a252d,critic,8
Laura Dos Santos,F:2861a518888c,critic,2
Laura Dos Santos,F:20afe757a6d1,critic,3
Laura Dos Santos,F:a5083fa04636,critic,7
Laura Dos Santos,F:28d41c264f9a,critic,5
Laura Dos Santos,F:63d46e5d8cef,critic,4
Laura Dos Santos,F:6d78c0ecb7e7,critic,9
Laura Dos Santos,F:03b3065dc545,critic,6
Laura Dos Santos,F:ee2a2cfc2fc7,critic,1
Laura Dos Santos,F:325075869126,critic,10
Jessica Driscoll,F:bb63ac0bad51,critic,1
Jessica Driscoll,F:7e4023f0d22a,critic,6
Jessica Driscoll,F:7c21ddc5a9da,critic,2
Jessica Driscoll,F:0bf2d346e00f,critic,4
Jessica Driscoll,F:a46d9a31a8c1,critic,8
Jessica Driscoll,F:87ce4803a9aa,critic,3
Jessica Driscoll,F:9c2b534dd8b3,critic,7
Jessica Driscoll,F:053221dd4127,critic,5
Diana Drumm,F:22f3ae735864,critic,1
Diana Drumm,F:f97978e0dded,critic,6
Diana Drumm,F:176166e412b4,critic,8
Diana Drumm,F:4fd3c9a708f4,critic,7
Diana Drumm,F:08966bbb6c53,critic,10
Diana Drumm,F:163822a61feb,critic,2
Diana Drumm,F:03b3065dc545,critic,9
Diana Drumm,F:f4b3aaca24c7,critic,5
Diana Drumm,F:4c11c72054c5,critic,3
Diana Drumm,F:4caeed3c6363,critic,4
Paul Duane,F:3ad0e142a464,critic,2
Paul Duane,F:c247ad9469a4,critic,3
Paul Duane,F:e4c949fb454a,critic,8
Paul Duane,F:d19468c67d4e,critic,5
Paul Duane,F:d2e4f5e8f98d,critic,9
Paul Duane,F:9d5f6e82448b,critic,7
Paul Duane,F:146ec1241d81,critic,10
Paul Duane,F:88f068b796c4,critic,6
Paul Duane,F:03b2be4c610a,critic,1
Paul Duane,F:bd5b1d907d3a,critic,4
Kit Duckworth,F:1a47cdd4abb6,critic,1
Kit Duckworth,F:aa8a3c4a330d,critic,5
Kit Duckworth,F:bc233bf045ca,critic,3
Kit Duckworth,F:2fa011030bb0,critic,4
Kit Duckworth,F:008495919c65,critic,8
Kit Duckworth,F:b81ddc038404,critic,6
Kit Duckworth,F:15bcedf51ef8,critic,9
Kit Duckworth,F:4e2bc3c14baa,critic,7
Kit Duckworth,F:0365fd40909b,critic,2
Kit Duckworth,F:653f45346bcc,critic,10
Alex Dudok de Wit,F:000c71b9b4be,critic,8
Alex Dudok de Wit,F:9113deb430d0,critic,9
Alex Dudok de Wit,F:253507fe51b5,critic,3
Alex Dudok de Wit,F:c41986eabc20,critic,10
Alex Dudok de Wit,F:d5ddf6a4e9ac,critic,2
Alex Dudok de Wit,F:e32b13f3e6f4,critic,1
Alex Dudok de Wit,F:22e3b23afbdf,critic,6
Alex Dudok de Wit,F:33e3eab93092,critic,7
Alex Dudok de Wit,F:1d4aa521db4c,critic,4
Alex Dudok de Wit,F:e1d82a81fc27,critic,5
Michaël Dudok de Wit,F:03774d8054b0,director,9
Michaël Dudok de Wit,F:ef2649a3c860,director,1
Michaël Dudok de Wit,F:9113deb430d0,director,5
Michaël Dudok de Wit,F:fbac63dcd9cf,director,6
Michaël Dudok de Wit,F:253507fe51b5,director,3
Michaël Dudok de Wit,F:cbb0587ba064,director,7
Michaël Dudok de Wit,F:b132d89fef53,director,10
Michaël Dudok de Wit,F:db40f764c4e0,director,4
Michaël Dudok de Wit,F:b961b64e9423,director,2
Michaël Dudok de Wit,F:edfb01f5a9d6,director,8
Simon Duffy,F:ab3357ef1925,critic,1
Simon Duffy,F:6ae59b48c3df,critic,3
Simon Duffy,F:4a7fa7be8c87,critic,9
Simon Duffy,F:ed913192d169,critic,8
Simon Duffy,F:a7dc5420f605,critic,7
Simon Duffy,F:faaccd8796e5,critic,2
Simon Duffy,F:fbb0ef1cee07,critic,6
Simon Duffy,F:42e025b16f84,critic,5
Simon Duffy,F:6d78c0ecb7e7,critic,10
Simon Duffy,F:c7fc008514a4,critic,4
Mark Duguid,F:2861a518888c,critic,7
Mark Duguid,F:c76cd5002ae1,critic,4
Mark Duguid,F:95c2defa86f7,critic,1
Mark Duguid,F:d6bce4e6ffa4,critic,5
Mark Duguid,F:4acddf379d28,critic,9
Mark Duguid,F:eb31b538a969,critic,3
Mark Duguid,F:d9cefb61ab93,critic,2
Mark Duguid,F:f1400046c859,critic,6
Mark Duguid,F:d2ac8fced14e,critic,8
Mark Duguid,F:75046ffb9b38,critic,10
Nenad Dukić,F:bf6387f2c8ae,critic,10
Nenad Dukić,F:e2bff7956338,critic,8
Nenad Dukić,F:09035fce59e3,critic,3
Nenad Dukić,F:b132d89fef53,critic,9
Nenad Dukić,F:d117472f572e,critic,6
Nenad Dukić,F:bee09401fa7d,critic,4
Nenad Dukić,F:069cda2e3235,critic,1
Nenad Dukić,F:7b5d85393630,critic,5
Nenad Dukić,F:97b42f962368,critic,7
Nenad Dukić,F:b5749f03606c,critic,2
Louise Dumas,F:c0891d475a49,critic,9
Louise Dumas,F:c3b16d0c3268,critic,3
Louise Dumas,F:665eab0ab9d1,critic,8
Louise Dumas,F:bf6387f2c8ae,critic,10
Louise Dumas,F:6ae8c10ff551,critic,4
Louise Dumas,F:f74c44fe7e92,critic,2
Louise Dumas,F:87ddccd7c29d,critic,6
Louise Dumas,F:078c56f7dec6,critic,7
Louise Dumas,F:28d41c264f9a,critic,5
Louise Dumas,F:beaa42a4d260,critic,1
Hervé Dumont,F:8481529aa9c4,critic,5
Hervé Dumont,F:4996e9b10df0,critic,7
Hervé Dumont,F:078c56f7dec6,critic,8
Hervé Dumont,F:76f8cccf860c,critic,6
Hervé Dumont,F:e4e5d0b8b474,critic,9
Hervé Dumont,F:09259bca17eb,critic,2
Hervé Dumont,F:5ff8e468e0f2,critic,3
Hervé Dumont,F:b71b426bd1f1,critic,1
Hervé Dumont,F:e3a29e728f76,critic,4
Hervé Dumont,F:b5a06746734d,critic,10
Geoff Dunbar,F:b5749f03606c,director,8
Geoff Dunbar,F:e4e5d0b8b474,director,9
Geoff Dunbar,F:a456197fdd59,director,1
Geoff Dunbar,F:08966bbb6c53,director,10
Geoff Dunbar,F:141c47593aaa,director,4
Geoff Dunbar,F:e3db72878efa,director,6
Geoff Dunbar,F:c41986eabc20,director,7
Geoff Dunbar,F:97d8d5966fb4,director,5
Geoff Dunbar,F:253507fe51b5,director,3
Geoff Dunbar,F:ba4ac708607c,director,2
Shivendra Singh Dungarpur,F:9f96298e4d23,critic,10
Shivendra Singh Dungarpur,F:29e8c2663329,critic,7
Shivendra Singh Dungarpur,F:cda1a8b3152c,critic,5
Shivendra Singh Dungarpur,F:83ebc8b43c9d,critic,8
Shivendra Singh Dungarpur,F:7b5d85393630,critic,4
Shivendra Singh Dungarpur,F:95bd800bd9e5,critic,3
Shivendra Singh Dungarpur,F:ec7726632ac1,critic,6
Shivendra Singh Dungarpur,F:6b927993e1e1,critic,2
Shivendra Singh Dungarpur,F:ed7d59c56f5d,critic,1
Shivendra Singh Dungarpur,F:69f5bed6f836,critic,9
Jamie Dunn,F:10e86670da04,critic,6
Jamie Dunn,F:325075869126,critic,8
Jamie Dunn,F:9f96298e4d23,critic,9
Jamie Dunn,F:cf4f8f54b4df,critic,4
Jamie Dunn,F:3a1db211ccc6,critic,3
Jamie Dunn,F:c5f22456b724,critic,2
Jamie Dunn,F:83c734e30238,critic,10
Jamie Dunn,F:125061f190de,critic,7
Jamie Dunn,F:d5d45d8c9f1b,critic,5
Jamie Dunn,F:ea12bf19128d,critic,1
Cheryl Dunye,F:008495919c65,director,5
Cheryl Dunye,F:4012dfdbf5d0,director,1
Cheryl Dunye,F:090832505b0f,director,8
Cheryl Dunye,F:e7e248e7dee8,director,2
Cheryl Dunye,F:d1188b34b03c,director,7
Cheryl Dunye,F:83c734e30238,director,10
Cheryl Dunye,F:cb689f3e2a97,director,9
Cheryl Dunye,F:32f33617395c,director,6
Cheryl Dunye,F:63983de0ee39,director,3
Cheryl Dunye,F:b5e106e52b4d,director,4
Christophe Dupin,F:4178c0f6fbb7,critic,7
Christophe Dupin,F:5094c1da4d65,critic,5
Christophe Dupin,F:38ccb3d447c3,critic,8
Christophe Dupin,F:dd03c7ae8bd4,critic,6
Christophe Dupin,F:7edd9692528b,critic,3
Christophe Dupin,F:653f45346bcc,critic,9
Christophe Dupin,F:3ad6044c5e88,critic,2
Christophe Dupin,F:d99f797ea58d,critic,1
Christophe Dupin,F:83c734e30238,critic,10
Christophe Dupin,F:f5b23bc11b1d,critic,4
Andres Duque,F:3715b8d35b4b,director,1
Andres Duque,F:ff5bdf04a167,director,9
Andres Duque,F:e578639824f5,director,8
Andres Duque,F:c4c5718dc2c5,director,2
Andres Duque,F:43b09ebe023f,director,3
Andres Duque,F:c36040c4629c,director,6
Andres Duque,F:f42a2fe544d1,director,10
Andres Duque,F:40432501be67,director,5
Andres Duque,F:9e3c68599bb2,director,7
Andres Duque,F:919773fb4c54,director,4
Sean Durkin,F:71c7b9363133,director,8
Sean Durkin,F:9dc99962ce43,director,4
Sean Durkin,F:240c3c3338a1,director,6
Sean Durkin,F:f242e6f9000c,director,1
Sean Durkin,F:6153eeb1ef64,director,7
Sean Durkin,F:f41890e514d6,director,2
Sean Durkin,F:ce83cdfc8504,director,3
Sean Durkin,F:242bcffbc89a,director,5
Sean Durkin,F:6ef9ec2a60f2,director,9
Sean Durkin,F:bd648fce3b3f,director,10
Clea DuVall,F:6ef9ec2a60f2,director,7
Clea DuVall,F:59ad7c389a61,director,9
Clea DuVall,F:b4941e142a34,director,5
Clea DuVall,F:653f45346bcc,director,10
Clea DuVall,F:ee96362bbbc2,director,6
Clea DuVall,F:b0360159539e,director,8
Clea DuVall,F:aeb779653548,director,4
Clea DuVall,F:0a49f1b9fdde,director,3
Clea DuVall,F:988c32e8ba52,director,2
Clea DuVall,F:6d4ea880aabd,director,1
Shmulik Duvdevani,F:6d78c0ecb7e7,critic,9
Shmulik Duvdevani,F:9f96298e4d23,critic,10
Shmulik Duvdevani,F:6c5a28405e28,critic,2
Shmulik Duvdevani,F:0c208843518d,critic,5
Shmulik Duvdevani,F:6153eeb1ef64,critic,7
Shmulik Duvdevani,F:09035fce59e3,critic,8
Shmulik Duvdevani,F:9609d2e67c50,critic,6
Shmulik Duvdevani,F:114b8506a3fa,critic,3
Shmulik Duvdevani,F:4953ffd81613,critic,4
Shmulik Duvdevani,F:d1274c19e1e6,critic,1
Rachel Dwyer,F:cda1a8b3152c,critic,8
Rachel Dwyer,F:968eb91e725a,critic,2
Rachel Dwyer,F:9897c38e3805,critic,5
Rachel Dwyer,F:e2bff7956338,critic,9
Rachel Dwyer,F:02ded6e20b97,critic,7
Rachel Dwyer,F:0ea0e00d9fdc,critic,6
Rachel Dwyer,F:bf6387f2c8ae,critic,10
Rachel Dwyer,F:633e9bc17d84,critic,1
Rachel Dwyer,F:2589598ce21f,critic,4
Rachel Dwyer,F:06806e895820,critic,3
Geoff Dyer,F:125061f190de,critic,4
Geoff Dyer,F:29e8c2663329,critic,5
Geoff Dyer,F:1ace472ce6a8,critic,2
Geoff Dyer,F:4418a62420bf,critic,3
Geoff Dyer,F:b46a85c449e0,critic,1
Richard Dyer,F:069cda2e3235,critic,8
Richard Dyer,F:9f96298e4d23,critic,10
Richard Dyer,F:69f5bed6f836,critic,9
Richard Dyer,F:593fbbab1bb0,critic,6
Richard Dyer,F:f58398d0b181,critic,1
Richard Dyer,F:4910ffd369f1,critic,7
Richard Dyer,F:b92f96aa5f6c,critic,3
Richard Dyer,F:9fec4fea25ca,critic,5
Richard Dyer,F:7aaa3f4847e7,critic,4
Richard Dyer,F:564c9a471d33,critic,2
David Easteal,F:d39d1b73d6fa,director,8
David Easteal,F:265ff24c9602,director,5
David Easteal,F:944ad783759e,director,10
David Easteal,F:242774c76ce6,director,3
David Easteal,F:38b522b41810,director,6
David Easteal,F:f0003668a2c4,director,7
David Easteal,F:72d6d9bf2299,director,9
David Easteal,F:6849567b0fd3,director,2
David Easteal,F:c6d1318cb697,director,4
David Easteal,F:225e077f05cd,director,1
Bilge  Ebiri,F:6d78c0ecb7e7,critic,8
Bilge  Ebiri,F:ed09733fe458,critic,6
Bilge  Ebiri,F:078c56f7dec6,critic,7
Bilge  Ebiri,F:7af3bfecc2a8,critic,5
Bilge  Ebiri,F:d2506ebeb73e,critic,4
Bilge  Ebiri,F:e4e5d0b8b474,critic,9
Bilge  Ebiri,F:9c4b567963c2,critic,1
Bilge  Ebiri,F:b0cb48ab6dd8,critic,2
Bilge  Ebiri,F:325075869126,critic,10
Bilge  Ebiri,F:f59dcc92d76b,critic,3
Klaus Eder,F:d8e24aa1ab58,critic,5
Klaus Eder,F:6c5a28405e28,critic,1
Klaus Eder,F:31ccba01f02e,critic,2
Klaus Eder,F:95bd800bd9e5,critic,4
Klaus Eder,F:a8d48e8e61f0,critic,3
Klaus Eder,F:9f96298e4d23,critic,9
Klaus Eder,F:813bde6e3053,critic,7
Klaus Eder,F:bf6387f2c8ae,critic,10
Klaus Eder,F:cda1a8b3152c,critic,8
Klaus Eder,F:7b5d85393630,critic,6
Dionne Edwards,F:d1188b34b03c,director,9
Dionne Edwards,F:59ad7c389a61,director,7
Dionne Edwards,F:d472058d559a,director,10
Dionne Edwards,F:42e025b16f84,director,5
Dionne Edwards,F:44d9c165cc54,director,1
Dionne Edwards,F:95c6d344a0e1,director,4
Dionne Edwards,F:edfb01f5a9d6,director,8
Dionne Edwards,F:76a54ede5d64,director,6
Dionne Edwards,F:c0870b91e255,director,2
Dionne Edwards,F:c5ffdb3a44fc,director,3
Edwin Edwin,F:6ff93b77cfca,director,6
Edwin Edwin,F:9f96298e4d23,director,10
Edwin Edwin,F:bee09401fa7d,director,7
Edwin Edwin,F:f03f4c93d0f1,director,5
Edwin Edwin,F:813bde6e3053,director,8
Edwin Edwin,F:36686d5836b5,director,1
Edwin Edwin,F:4178c0f6fbb7,director,9
Edwin Edwin,F:d19468c67d4e,director,4
Edwin Edwin,F:95da9a230bc9,director,2
Edwin Edwin,F:576f2a64f956,director,3
Amanda Egbe,F:02ded6e20b97,director,9
Amanda Egbe,F:0565ff7fd56c,director,8
Amanda Egbe,F:a9e6b3878b45,director,3
Amanda Egbe,F:1961bdb691aa,director,5
Amanda Egbe,F:10e86670da04,director,7
Amanda Egbe,F:08966bbb6c53,director,10
Amanda Egbe,F:a178045f2296,director,2
Amanda Egbe,F:02b4d0338a24,director,1
Amanda Egbe,F:2018d336cc28,director,4
Amanda Egbe,F:32f33617395c,director,6
Robert Eggers,F:b5749f03606c,director,5
Robert Eggers,F:8d16a29854c9,director,2
Robert Eggers,F:03774d8054b0,director,7
Robert Eggers,F:ac5ed19415a0,director,1
Robert Eggers,F:7fe15b05ccde,director,8
Robert Eggers,F:b132d89fef53,director,10
Robert Eggers,F:a6b2d4ef6e92,director,4
Robert Eggers,F:a3d0b4e174aa,director,3
Robert Eggers,F:ec7726632ac1,director,6
Robert Eggers,F:97b42f962368,director,9
Atom Egoyan,F:b5a06746734d,director,11
Atom Egoyan,F:bf6387f2c8ae,director,10
Atom Egoyan,F:b132d89fef53,director,9
Atom Egoyan,F:83ebc8b43c9d,director,5
Atom Egoyan,F:9f96298e4d23,director,8
Atom Egoyan,F:c34fe68dc6cf,director,2
Atom Egoyan,F:cda1a8b3152c,director,4
Atom Egoyan,F:31e3a3512a76,director,1
Atom Egoyan,F:325075869126,director,7
Atom Egoyan,F:97b42f962368,director,6
Atom Egoyan,F:dd03c7ae8bd4,director,3
David Ehrlich,F:944ad783759e,critic,10
David Ehrlich,F:e50615c80a64,critic,7
David Ehrlich,F:8fc32725b37f,critic,9
David Ehrlich,F:727b4a394724,critic,5
David Ehrlich,F:4a5bb2892077,critic,3
David Ehrlich,F:002c591e702f,critic,8
David Ehrlich,F:f88f86b2bb29,critic,6
David Ehrlich,F:7a8a830211f9,critic,4
David Ehrlich,F:17a01715338f,critic,1
David Ehrlich,F:95bfe69a4869,critic,2
Hossein Eidizadeh,F:3c781cd7cdf8,critic,10
Hossein Eidizadeh,F:30a28ed883e3,critic,2
Hossein Eidizadeh,F:ec79179d90aa,critic,3
Hossein Eidizadeh,F:f4e217197597,critic,8
Hossein Eidizadeh,F:542e7687f729,critic,6
Hossein Eidizadeh,F:f083ed46729a,critic,1
Hossein Eidizadeh,F:25c92cc36090,critic,7
Hossein Eidizadeh,F:f96da45e774e,critic,9
Hossein Eidizadeh,F:c7897c4e4a53,critic,5
Hossein Eidizadeh,F:f8a999780787,critic,4
Pierre Eisenreich,F:b7dbf64232a8,critic,7
Pierre Eisenreich,F:5fbe75ae8e83,critic,4
Pierre Eisenreich,F:d117472f572e,critic,8
Pierre Eisenreich,F:e737f5f02536,critic,5
Pierre Eisenreich,F:242bcffbc89a,critic,6
Pierre Eisenreich,F:b132d89fef53,critic,10
Pierre Eisenreich,F:4178c0f6fbb7,critic,9
Pierre Eisenreich,F:f88fe6fb9a21,critic,2
Pierre Eisenreich,F:a71405ec6df9,critic,1
Pierre Eisenreich,F:f908f6f70606,critic,3
Kat Ellinger,F:84797302ff64,critic,8
Kat Ellinger,F:b654f29a12c4,critic,3
Kat Ellinger,F:337423442fc4,critic,10
Kat Ellinger,F:b26ee869396a,critic,6
Kat Ellinger,F:59e5ed75a742,critic,4
Kat Ellinger,F:8cee8bb2e53f,critic,2
Kat Ellinger,F:2837424635fe,critic,1
Kat Ellinger,F:66a5f38eb5d4,critic,5
Kat Ellinger,F:6c37284c87eb,critic,9
Kat Ellinger,F:6a2de66bb75f,critic,7
Amir Emary,F:cbca9660da1d,critic,4
Amir Emary,F:d4937a407577,critic,3
Amir Emary,F:83ebc8b43c9d,critic,9
Amir Emary,F:e2bff7956338,critic,10
Amir Emary,F:cd6c92d24d51,critic,1
Amir Emary,F:bd648fce3b3f,critic,6
Amir Emary,F:b5749f03606c,critic,8
Amir Emary,F:c0891d475a49,critic,7
Amir Emary,F:ed7d59c56f5d,critic,2
Amir Emary,F:ed09733fe458,critic,5
Ingemo Engström,F:9767daa90a31,director,2
Ingemo Engström,F:5a722bb25331,director,3
Ingemo Engström,F:ec7726632ac1,director,9
Ingemo Engström,F:a454d3354c22,director,4
Ingemo Engström,F:813bde6e3053,director,8
Ingemo Engström,F:27cc97d93f99,director,6
Ingemo Engström,F:5094c1da4d65,director,7
Ingemo Engström,F:296c885895bb,director,5
Ingemo Engström,F:97b42f962368,director,10
Ingemo Engström,F:2ae9fd5f6099,director,1
Mirasol Enriquez,F:223b127b6a31,critic,3
Mirasol Enriquez,F:6b927993e1e1,critic,5
Mirasol Enriquez,F:d1188b34b03c,critic,8
Mirasol Enriquez,F:bee09401fa7d,critic,7
Mirasol Enriquez,F:df47b9b0a766,critic,1
Mirasol Enriquez,F:bf6387f2c8ae,critic,10
Mirasol Enriquez,F:32f33617395c,critic,6
Mirasol Enriquez,F:c77e73dfb3f8,critic,2
Mirasol Enriquez,F:08966bbb6c53,critic,9
Mirasol Enriquez,F:f1a286d2d2b0,critic,4
Kate Erbland,F:e2bff7956338,critic,8
Kate Erbland,F:bf6387f2c8ae,critic,9
Kate Erbland,F:176166e412b4,critic,4
Kate Erbland,F:cb689f3e2a97,critic,6
Kate Erbland,F:03b3065dc545,critic,5
Kate Erbland,F:83c734e30238,critic,10
Kate Erbland,F:38ccb3d447c3,critic,7
Kate Erbland,F:f6bf4689418e,critic,2
Kate Erbland,F:b59b855bd16b,critic,1
Kate Erbland,F:71c7b9363133,critic,3
Glenn Erickson,F:f5b23bc11b1d,critic,6
Glenn Erickson,F:e4e5d0b8b474,critic,10
Glenn Erickson,F:5fbe75ae8e83,critic,2
Glenn Erickson,F:7dacc043e524,critic,7
Glenn Erickson,F:24dc6c8040d9,critic,4
Glenn Erickson,F:2320d0b9141c,critic,5
Glenn Erickson,F:caf9aa22da03,critic,1
Glenn Erickson,F:03774d8054b0,critic,9
Glenn Erickson,F:d82151d9c18c,critic,3
Glenn Erickson,F:09035fce59e3,critic,8
Karoline Eriksson,F:b5a06746734d,critic,9
Karoline Eriksson,F:838a18661382,critic,4
Karoline Eriksson,F:f363acab3eb9,critic,2
Karoline Eriksson,F:146ec1241d81,critic,6
Karoline Eriksson,F:83c734e30238,critic,10
Karoline Eriksson,F:6ef9ec2a60f2,critic,7
Karoline Eriksson,F:638e73677d9d,critic,1
Karoline Eriksson,F:fb1858f30417,critic,3
Karoline Eriksson,F:77324d1d150c,critic,5
Karoline Eriksson,F:6744994f98f6,critic,8
Angie Errigo,F:bf6387f2c8ae,critic,9
Angie Errigo,F:03774d8054b0,critic,6
Angie Errigo,F:b5a06746734d,critic,10
Angie Errigo,F:d117472f572e,critic,5
Angie Errigo,F:edfb01f5a9d6,critic,4
Angie Errigo,F:e2bff7956338,critic,8
Angie Errigo,F:41d225e6ff0b,critic,1
Angie Errigo,F:4178c0f6fbb7,critic,7
Angie Errigo,F:7dacc043e524,critic,2
Angie Errigo,F:02ded6e20b97,critic,3
Almudena Escobar López,F:0dfe58c65ddc,critic,7
Almudena Escobar López,F:2ad5908b5cfa,critic,5
Almudena Escobar López,F:b4bd42e8f490,critic,2
Almudena Escobar López,F:669b990bd169,critic,3
Almudena Escobar López,F:77324d1d150c,critic,8
Almudena Escobar López,F:5edfe25197ef,critic,6
Almudena Escobar López,F:c4a0e4538395,critic,1
Almudena Escobar López,F:2da4899c687b,critic,9
Almudena Escobar López,F:26b4491996e8,critic,4
Almudena Escobar López,F:d2ac8fced14e,critic,10
Cristóbal Escobar,F:ec7726632ac1,critic,8
Cristóbal Escobar,F:e737f5f02536,critic,5
Cristóbal Escobar,F:d14927d2cdf1,critic,1
Cristóbal Escobar,F:7fa585215d06,critic,6
Cristóbal Escobar,F:1c82cd2c3011,critic,2
Cristóbal Escobar,F:97b42f962368,critic,9
Cristóbal Escobar,F:653f45346bcc,critic,10
Cristóbal Escobar,F:b95456130ebc,critic,3
Cristóbal Escobar,F:bcf63870b80d,critic,7
Cristóbal Escobar,F:fd7384f2c819,critic,4
Carlos Escolano,F:85187b5520bc,critic,2
Carlos Escolano,F:09874e3f5d06,critic,4
Carlos Escolano,F:7be38868e0ce,critic,8
Carlos Escolano,F:c124300a5be1,critic,1
Carlos Escolano,F:bcf63870b80d,critic,9
Carlos Escolano,F:1961bdb691aa,critic,10
Carlos Escolano,F:c16d8f291cd7,critic,3
Carlos Escolano,F:b36e2106dd8c,critic,7
Carlos Escolano,F:6206d3e8f67b,critic,5
Carlos Escolano,F:9223c478b715,critic,6
Miquel Escudero Diéguez,F:e4e5d0b8b474,critic,8
Miquel Escudero Diéguez,F:7dacc043e524,critic,5
Miquel Escudero Diéguez,F:c0891d475a49,critic,3
Miquel Escudero Diéguez,F:537490443a63,critic,1
Miquel Escudero Diéguez,F:d8e24aa1ab58,critic,4
Miquel Escudero Diéguez,F:b5a06746734d,critic,9
Miquel Escudero Diéguez,F:f88f86b2bb29,critic,2
Miquel Escudero Diéguez,F:29e8c2663329,critic,6
Miquel Escudero Diéguez,F:83c734e30238,critic,10
Miquel Escudero Diéguez,F:944ad783759e,critic,7
Arie Esiri,F:002c591e702f,director,9
Arie Esiri,F:edfb01f5a9d6,director,10
Arie Esiri,F:caf9aa22da03,director,4
Arie Esiri,F:e24ef98e5c4b,director,6
Arie Esiri,F:3c781cd7cdf8,director,7
Arie Esiri,F:8a762920a867,director,3
Arie Esiri,F:c4e34698c643,director,5
Arie Esiri,F:296c885895bb,director,8
Arie Esiri,F:97acad56b8d5,director,2
Arie Esiri,F:1b56643664db,director,1
Arie Esiri,F:08966bbb6c53,director,11
Chuko Esiri,F:aa65b1eedc05,director,10
Chuko Esiri,F:72d8bc7578ad,director,9
Chuko Esiri,F:5dba3e676efd,director,1
Chuko Esiri,F:9113deb430d0,director,6
Chuko Esiri,F:c4e34698c643,director,4
Chuko Esiri,F:2cd88575548a,director,2
Chuko Esiri,F:c3f4f3d3dda9,director,5
Chuko Esiri,F:3c781cd7cdf8,director,7
Chuko Esiri,F:296c885895bb,director,8
Chuko Esiri,F:2d43a6a015f0,director,3
Lorenzo Esposito,F:af4e177d1ed2,critic,4
Lorenzo Esposito,F:7cdcf0b32a06,critic,9
Lorenzo Esposito,F:421a83c66257,critic,5
Lorenzo Esposito,F:d8e24aa1ab58,critic,8
Lorenzo Esposito,F:b132d89fef53,critic,10
Lorenzo Esposito,F:fc09cadcd087,critic,3
Lorenzo Esposito,F:8a889ec62945,critic,1
Lorenzo Esposito,F:74869694acb1,critic,6
Lorenzo Esposito,F:f40b31b44aa8,critic,2
Lorenzo Esposito,F:7a7c0ff849d4,critic,7
Javier H. Estrada,F:c9a62b53f643,critic,9
Javier H. Estrada,F:123ba42af072,critic,6
Javier H. Estrada,F:325075869126,critic,10
Javier H. Estrada,F:f4e217197597,critic,8
Javier H. Estrada,F:f25f73660c23,critic,2
Javier H. Estrada,F:de039709d6c8,critic,4
Javier H. Estrada,F:288de7584d54,critic,1
Javier H. Estrada,F:08503af63a2e,critic,7
Javier H. Estrada,F:04c525415b3d,critic,5
Javier H. Estrada,F:500344d7e243,critic,3
Oriol Estrada,F:1b75128a4d7f,director,3
Oriol Estrada,F:83c734e30238,director,10
Oriol Estrada,F:c3f4f3d3dda9,director,4
Oriol Estrada,F:0fabeae822b4,director,2
Oriol Estrada,F:8db25a4797e8,director,5
Oriol Estrada,F:6d78c0ecb7e7,director,8
Oriol Estrada,F:75046ffb9b38,director,9
Oriol Estrada,F:b5749f03606c,director,7
Oriol Estrada,F:9609d2e67c50,director,6
Oriol Estrada,F:b7341d57ec8e,director,1
Swarnavel Eswaran Pillai,F:9f96298e4d23,critic,9
Swarnavel Eswaran Pillai,F:cda1a8b3152c,critic,4
Swarnavel Eswaran Pillai,F:813bde6e3053,critic,3
Swarnavel Eswaran Pillai,F:03774d8054b0,critic,6
Swarnavel Eswaran Pillai,F:83c734e30238,critic,10
Swarnavel Eswaran Pillai,F:b81ddc038404,critic,1
Swarnavel Eswaran Pillai,F:e4e5d0b8b474,critic,8
Swarnavel Eswaran Pillai,F:944ad783759e,critic,7
Swarnavel Eswaran Pillai,F:f8abdb2ec9d8,critic,2
Swarnavel Eswaran Pillai,F:29e8c2663329,critic,5
Homer Etminani,F:29e8c2663329,director,7
Homer Etminani,F:4c53a001a92c,director,3
Homer Etminani,F:7dacc043e524,director,6
Homer Etminani,F:87ddccd7c29d,director,5
Homer Etminani,F:944ad783759e,director,8
Homer Etminani,F:9f96298e4d23,director,10
Homer Etminani,F:69f5bed6f836,director,9
Homer Etminani,F:1232574daf78,director,4
Homer Etminani,F:be4681dc6e16,director,1
Homer Etminani,F:d210c0d5f689,director,2
Valerie Ettenhofer,F:d1188b34b03c,critic,9
Valerie Ettenhofer,F:7fe15b05ccde,critic,10
Valerie Ettenhofer,F:b0360159539e,critic,6
Valerie Ettenhofer,F:d2ac8fced14e,critic,8
Valerie Ettenhofer,F:af9e3551238b,critic,4
Valerie Ettenhofer,F:f44713a09e4d,critic,7
Valerie Ettenhofer,F:d19468c67d4e,critic,3
Valerie Ettenhofer,F:d6d30033c698,critic,5
Valerie Ettenhofer,F:c43a32363303,critic,1
Valerie Ettenhofer,F:6407c8c257a9,critic,2
Pierre Eugène,F:4178c0f6fbb7,critic,10
Pierre Eugène,F:a8504c4c8cb8,critic,4
Pierre Eugène,F:2d63d55ca187,critic,5
Pierre Eugène,F:72d6d9bf2299,critic,6
Pierre Eugène,F:8481529aa9c4,critic,7
Pierre Eugène,F:feaa04ac1109,critic,8
Pierre Eugène,F:850a7aac54a6,critic,2
Pierre Eugène,F:7dacc043e524,critic,9
Pierre Eugène,F:fffca159f1c2,critic,3
Pierre Eugène,F:2953f4423170,critic,1
Gareth Evans,F:dde33b599adc,critic,1
Gareth Evans,F:d8aaa50899ca,critic,5
Gareth Evans,F:69ee1e9bf06a,critic,8
Gareth Evans,F:0d9b3c1a412c,critic,2
Gareth Evans,F:9609d2e67c50,critic,10
Gareth Evans,F:05d1730cfab5,critic,9
Gareth Evans,F:06f90141bd26,critic,6
Gareth Evans,F:1df71d95bd96,critic,7
Gareth Evans,F:0b11c6fbcd15,critic,4
Gareth Evans,F:29e891335ff8,critic,3
Marian Evans,F:6461abdfd357,critic,9
Marian Evans,F:f58b8bae2bba,critic,2
Marian Evans,F:31b55caa8273,critic,4
Marian Evans,F:31f0f00a8f53,critic,6
Marian Evans,F:2c3a29085e12,critic,8
Marian Evans,F:c9191765b61f,critic,3
Marian Evans,F:e788e24de99f,critic,7
Marian Evans,F:4d651a278b3c,critic,1
Marian Evans,F:03848e18add4,critic,5
John Ewing,F:ca0238bc4718,critic,4
John Ewing,F:53f709905db4,critic,3
John Ewing,F:4a7fa7be8c87,critic,6
John Ewing,F:7cdcf0b32a06,critic,9
John Ewing,F:9503b95b7798,critic,2
John Ewing,F:4acddf379d28,critic,8
John Ewing,F:114ae73dd3a7,critic,5
John Ewing,F:ca45d2441e02,critic,1
John Ewing,F:125061f190de,critic,7
John Ewing,F:b5a06746734d,critic,10
Michael Ewins,F:75046ffb9b38,critic,9
Michael Ewins,F:8c93104a11a8,critic,7
Michael Ewins,F:d3259e8689ca,critic,6
Michael Ewins,F:ef28514dc4e7,critic,8
Michael Ewins,F:83c734e30238,critic,10
Michael Ewins,F:27d0ee37c8dc,critic,2
Michael Ewins,F:6dcf24a853ae,critic,4
Michael Ewins,F:25cae6d5f00e,critic,1
Michael Ewins,F:cc12c509527e,critic,3
Michael Ewins,F:e1fab81857f8,critic,5
Richard Eyre,F:53f709905db4,director,3
Richard Eyre,F:9f96298e4d23,director,10
Richard Eyre,F:7be38868e0ce,director,2
Richard Eyre,F:c7827e6e17bf,director,1
Richard Eyre,F:b5749f03606c,director,5
Richard Eyre,F:f44713a09e4d,director,7
Richard Eyre,F:6d78c0ecb7e7,director,8
Richard Eyre,F:e2bff7956338,director,9
Richard Eyre,F:59ad7c389a61,director,6
Richard Eyre,F:8703270231ee,director,4
Michelle Facey,F:d1d43bf4deff,critic,9
Michelle Facey,F:84fa7c2219d2,critic,10
Michelle Facey,F:e0e18f9ed1bc,critic,3
Michelle Facey,F:5fbe75ae8e83,critic,7
Michelle Facey,F:9000c8f0eb34,critic,8
Michelle Facey,F:a34902196db2,critic,6
Michelle Facey,F:ad5fec931766,critic,5
Michelle Facey,F:486d07cbffe1,critic,1
Michelle Facey,F:a9efdae91177,critic,2
Michelle Facey,F:aee812d4faf1,critic,4
Joseph Fahim,F:9f96298e4d23,critic,8
Joseph Fahim,F:bf6387f2c8ae,critic,9
Joseph Fahim,F:7b5d85393630,critic,6
Joseph Fahim,F:15298623ef1f,critic,5
Joseph Fahim,F:83c734e30238,critic,10
Joseph Fahim,F:69f5bed6f836,critic,7
Joseph Fahim,F:74b03fbb797f,critic,3
Joseph Fahim,F:dde6ffd9106a,critic,4
Joseph Fahim,F:ff72d68f7692,critic,1
Joseph Fahim,F:c0e117f757be,critic,2
Hazem Fahmy,F:2af5c5bcacdf,critic,6
Hazem Fahmy,F:96d6e4c113cc,critic,4
Hazem Fahmy,F:e4c949fb454a,critic,5
Hazem Fahmy,F:ca6f5eaaeb80,critic,1
Hazem Fahmy,F:542e7687f729,critic,3
Hazem Fahmy,F:002c591e702f,critic,8
Hazem Fahmy,F:10e86670da04,critic,9
Hazem Fahmy,F:28d41c264f9a,critic,7
Hazem Fahmy,F:02ded6e20b97,critic,10
Hazem Fahmy,F:2778fb647ba0,critic,2
Patrick Fahy,F:55dfafeb1a1e,critic,1
Patrick Fahy,F:730e011a6f06,critic,5
Patrick Fahy,F:eeb9a10a9240,critic,6
Patrick Fahy,F:bd9efaa29502,critic,9
Patrick Fahy,F:d1274c19e1e6,critic,7
Patrick Fahy,F:a17c374f523d,critic,2
Patrick Fahy,F:7dfa1b8ac6c5,critic,4
Patrick Fahy,F:eb18f3fa5ada,critic,8
Patrick Fahy,F:165ea115d0f7,critic,10
Patrick Fahy,F:4b5fdf915e51,critic,3
Dan and Edna Fainaru,F:b5a06746734d,critic,10
Dan and Edna Fainaru,F:9f96298e4d23,critic,8
Dan and Edna Fainaru,F:83ebc8b43c9d,critic,6
Dan and Edna Fainaru,F:b132d89fef53,critic,9
Dan and Edna Fainaru,F:cbb0587ba064,critic,5
Dan and Edna Fainaru,F:99525f6dd03f,critic,4
Dan and Edna Fainaru,F:f88f86b2bb29,critic,3
Dan and Edna Fainaru,F:38ccb3d447c3,critic,7
Dan and Edna Fainaru,F:461ce53274b8,critic,2
Dan and Edna Fainaru,F:dce89c1e461d,critic,1
Asghar Farhadi,F:6ff93b77cfca,director,1
Asghar Farhadi,F:edfb01f5a9d6,director,7
Asghar Farhadi,F:bee09401fa7d,director,8
Asghar Farhadi,F:7dacc043e524,director,6
Asghar Farhadi,F:ed913192d169,director,5
Asghar Farhadi,F:e2bff7956338,director,9
Asghar Farhadi,F:bd648fce3b3f,director,4
Asghar Farhadi,F:9f96298e4d23,director,10
Asghar Farhadi,F:2907bfe31ad2,director,2
Asghar Farhadi,F:ea8c30267045,director,3
Martín Farina,F:944ad783759e,director,10
Martín Farina,F:7a7c0ff849d4,director,7
Martín Farina,F:06eae096c894,director,4
Martín Farina,F:f87b3c091815,director,9
Martín Farina,F:f659b8e51bcf,director,2
Martín Farina,F:ad3ce77d6535,director,3
Martín Farina,F:8a405444b988,director,5
Martín Farina,F:2da4899c687b,director,6
Martín Farina,F:8e1186832059,director,1
Martín Farina,F:f487433720d3,director,8
Gian Luca Farinelli,F:251cd649f30e,critic,3
Gian Luca Farinelli,F:ee12594f8ed0,critic,2
Gian Luca Farinelli,F:c0cfeec65d87,critic,5
Gian Luca Farinelli,F:ec7726632ac1,critic,8
Gian Luca Farinelli,F:9c4fb101b8c4,critic,1
Gian Luca Farinelli,F:8481529aa9c4,critic,6
Gian Luca Farinelli,F:83ebc8b43c9d,critic,10
Gian Luca Farinelli,F:6d78c0ecb7e7,critic,7
Gian Luca Farinelli,F:d472058d559a,critic,9
Gian Luca Farinelli,F:77dfc27d3ab3,critic,4
Jordan Farley,F:fdbc5f598a2d,critic,1
Jordan Farley,F:7fe15b05ccde,critic,9
Jordan Farley,F:4434c6705bd6,critic,5
Jordan Farley,F:c0891d475a49,critic,7
Jordan Farley,F:e4c949fb454a,critic,2
Jordan Farley,F:653f45346bcc,critic,10
Jordan Farley,F:176166e412b4,critic,6
Jordan Farley,F:ea8c30267045,critic,4
Jordan Farley,F:d472058d559a,critic,8
Jordan Farley,F:74869694acb1,critic,3
Alberto Fasulo,F:b09fb8ce622b,director,9
Alberto Fasulo,F:296c885895bb,director,10
Alberto Fasulo,F:a76ac58f4952,director,7
Alberto Fasulo,F:97912c5551c6,director,4
Alberto Fasulo,F:3552e11592e7,director,1
Alberto Fasulo,F:8a7b215262e4,director,6
Alberto Fasulo,F:b1b533f8953d,director,2
Alberto Fasulo,F:d62c40a3d88f,director,8
Alberto Fasulo,F:03806bf652f8,director,5
Alberto Fasulo,F:2022a2bfc889,director,3
Arman Fatić,F:114ae73dd3a7,critic,4
Arman Fatić,F:33e985a235a2,critic,1
Arman Fatić,F:4a7fa7be8c87,critic,5
Arman Fatić,F:08966bbb6c53,critic,9
Arman Fatić,F:125061f190de,critic,7
Arman Fatić,F:944ad783759e,critic,8
Arman Fatić,F:edfb01f5a9d6,critic,6
Arman Fatić,F:69ee1e9bf06a,critic,2
Arman Fatić,F:31e3a3512a76,critic,3
Arman Fatić,F:b132d89fef53,critic,10
Philippe FAUVEL,F:fd4bf297a220,critic,2
Philippe FAUVEL,F:03809811ea9b,critic,9
Philippe FAUVEL,F:833cd8b378fb,critic,8
Philippe FAUVEL,F:e9122f5c99d7,critic,3
Philippe FAUVEL,F:122fb2de00e8,critic,7
Philippe FAUVEL,F:7cdcf0b32a06,critic,10
Philippe FAUVEL,F:a758f31506ad,critic,6
Philippe FAUVEL,F:391303f33124,critic,4
Philippe FAUVEL,F:0f9fd66f3ae5,critic,5
Philippe FAUVEL,F:3e5efca1385b,critic,1
Mark Feeney,F:9a480687a7e7,critic,1
Mark Feeney,F:69f5bed6f836,critic,8
Mark Feeney,F:ec7726632ac1,critic,6
Mark Feeney,F:6b927993e1e1,critic,4
Mark Feeney,F:bf6387f2c8ae,critic,10
Mark Feeney,F:03774d8054b0,critic,7
Mark Feeney,F:e2bff7956338,critic,9
Mark Feeney,F:ed7d59c56f5d,critic,2
Mark Feeney,F:e3db72878efa,critic,3
Mark Feeney,F:feaa04ac1109,critic,5
Paula Felix-Didier,F:d2ac8fced14e,critic,8
Paula Felix-Didier,F:87ddccd7c29d,critic,6
Paula Felix-Didier,F:bcf63870b80d,critic,2
Paula Felix-Didier,F:03809811ea9b,critic,7
Paula Felix-Didier,F:55ad4fb0baae,critic,5
Paula Felix-Didier,F:e4e5d0b8b474,critic,9
Paula Felix-Didier,F:a0e97ad8bdd4,critic,1
Paula Felix-Didier,F:b5a06746734d,critic,10
Paula Felix-Didier,F:77324d1d150c,critic,3
Paula Felix-Didier,F:53f709905db4,critic,4
Leslie Felperin,F:66865b943eb1,critic,1
Leslie Felperin,F:8ce8232221d4,critic,5
Leslie Felperin,F:f376d0dacdd0,critic,6
Leslie Felperin,F:be922adcc35a,critic,4
Leslie Felperin,F:08966bbb6c53,critic,10
Leslie Felperin,F:c5f22456b724,critic,3
Leslie Felperin,F:090832505b0f,critic,8
Leslie Felperin,F:03b3065dc545,critic,7
Leslie Felperin,F:d472058d559a,critic,9
Leslie Felperin,F:3c85ccd7c210,critic,2
Ilaria Feole,F:d4937a407577,critic,3
Ilaria Feole,F:122fb2de00e8,critic,2
Ilaria Feole,F:38ccb3d447c3,critic,9
Ilaria Feole,F:ed913192d169,critic,6
Ilaria Feole,F:838a18661382,critic,5
Ilaria Feole,F:c64fcab20129,critic,1
Ilaria Feole,F:6e92bae17de8,critic,4
Ilaria Feole,F:6d78c0ecb7e7,critic,8
Ilaria Feole,F:03b3065dc545,critic,7
Ilaria Feole,F:08966bbb6c53,critic,10
Wostry Ferenc,F:11f597068baf,critic,9
Wostry Ferenc,F:f6e06a656db0,critic,1
Wostry Ferenc,F:2bb32d0f4192,critic,4
Wostry Ferenc,F:ea8c30267045,critic,8
Wostry Ferenc,F:46194e616618,critic,6
Wostry Ferenc,F:7583ca385965,critic,5
Wostry Ferenc,F:23bcdf10e622,critic,7
Wostry Ferenc,F:6d78c0ecb7e7,critic,10
Wostry Ferenc,F:e036e6f19193,critic,2
Wostry Ferenc,F:6df247e8d5f5,critic,3
Zalaba Ferenc,F:3779236f3701,critic,9
Zalaba Ferenc,F:74e2739b515d,critic,3
Zalaba Ferenc,F:cbbef6d88e97,critic,5
Zalaba Ferenc,F:93840fd8f84a,critic,4
Zalaba Ferenc,F:9113deb430d0,critic,8
Zalaba Ferenc,F:2aa982232c65,critic,6
Zalaba Ferenc,F:bba1e8ad9496,critic,7
Zalaba Ferenc,F:ea8c30267045,critic,10
Zalaba Ferenc,F:fb58ef5496e3,critic,2
Zalaba Ferenc,F:ecb1899092b0,critic,1
Cristina Fernandes,F:4178c0f6fbb7,critic,10
Cristina Fernandes,F:d39d1b73d6fa,critic,7
Cristina Fernandes,F:9bfb8652e23d,critic,5
Cristina Fernandes,F:1232574daf78,critic,8
Cristina Fernandes,F:a8ed3bb0139d,critic,4
Cristina Fernandes,F:f6692754414b,critic,1
Cristina Fernandes,F:951e168add74,critic,9
Cristina Fernandes,F:9fd26c50e75f,critic,2
Cristina Fernandes,F:fd7384f2c819,critic,6
Cristina Fernandes,F:ddd936210513,critic,3
Elsa Fernández-Santos,F:7dacc043e524,critic,7
Elsa Fernández-Santos,F:cbb0587ba064,critic,8
Elsa Fernández-Santos,F:ee5e85aa2619,critic,1
Elsa Fernández-Santos,F:d117472f572e,critic,9
Elsa Fernández-Santos,F:f44713a09e4d,critic,6
Elsa Fernández-Santos,F:eeb94ecd85af,critic,2
Elsa Fernández-Santos,F:c78c6b97f980,critic,4
Elsa Fernández-Santos,F:944ad783759e,critic,10
Elsa Fernández-Santos,F:15bcedf51ef8,critic,5
Elsa Fernández-Santos,F:b5fac1879322,critic,3
Abel Ferrara,F:76f8cccf860c,director,4
Abel Ferrara,F:02ded6e20b97,director,10
Abel Ferrara,F:68f067eb3cf7,director,2
Abel Ferrara,F:bd648fce3b3f,director,6
Abel Ferrara,F:f3a8723d695d,director,3
Abel Ferrara,F:8a951208d7d3,director,1
Abel Ferrara,F:c78c6b97f980,director,8
Abel Ferrara,F:6ef9ec2a60f2,director,5
Abel Ferrara,F:03809811ea9b,director,7
Abel Ferrara,F:09035fce59e3,director,9
Francisco Ferreira,F:98aa847a19fe,critic,4
Francisco Ferreira,F:e4e5d0b8b474,critic,9
Francisco Ferreira,F:69f5bed6f836,critic,10
Francisco Ferreira,F:c0891d475a49,critic,8
Francisco Ferreira,F:833cd8b378fb,critic,6
Francisco Ferreira,F:27cc97d93f99,critic,7
Francisco Ferreira,F:47aed005507a,critic,2
Francisco Ferreira,F:6c6d0bc5ce49,critic,5
Francisco Ferreira,F:9bfb8652e23d,critic,3
Francisco Ferreira,F:068c465e7d9f,critic,1
Allyson Nadia Field,F:0565ff7fd56c,critic,8
Allyson Nadia Field,F:32f33617395c,critic,6
Allyson Nadia Field,F:6c10916fbb92,critic,4
Allyson Nadia Field,F:5094c1da4d65,critic,5
Allyson Nadia Field,F:11c0441e7010,critic,3
Allyson Nadia Field,F:9b600ac23e28,critic,1
Allyson Nadia Field,F:e4e5d0b8b474,critic,10
Allyson Nadia Field,F:03809811ea9b,critic,7
Allyson Nadia Field,F:265c97ffa60b,critic,2
Allyson Nadia Field,F:2bcbc58a252d,critic,9
Gemma Files,F:9c648373383b,critic,3
Gemma Files,F:4acddf379d28,critic,9
Gemma Files,F:1174009b97fe,critic,5
Gemma Files,F:8ce8232221d4,critic,6
Gemma Files,F:85e9e329d9df,critic,4
Gemma Files,F:74869694acb1,critic,7
Gemma Files,F:f6bceb8e9b68,critic,1
Gemma Files,F:b5a06746734d,critic,10
Gemma Files,F:214705fb05ae,critic,2
Gemma Files,F:6744994f98f6,critic,8
David Filipi,F:d90030976e74,critic,4
David Filipi,F:8b59f9e5c592,critic,5
David Filipi,F:92271c7dc38d,critic,2
David Filipi,F:950c29bf9796,critic,9
David Filipi,F:83c734e30238,critic,10
David Filipi,F:f9b6370c1fc2,critic,7
David Filipi,F:6bd726b305a8,critic,3
David Filipi,F:d8be33a7aa37,critic,8
David Filipi,F:3607e9f1675c,critic,6
David Filipi,F:ba46f4c4e6c5,critic,1
Jeanie Finlay,F:89bca25c2226,director,6
Jeanie Finlay,F:1acf09a9ea72,director,1
Jeanie Finlay,F:b2910882a46d,director,9
Jeanie Finlay,F:6744994f98f6,director,10
Jeanie Finlay,F:d1d43bf4deff,director,7
Jeanie Finlay,F:e35d40a37ce8,director,5
Jeanie Finlay,F:af9e3551238b,director,8
Jeanie Finlay,F:5da49dcce857,director,4
Jeanie Finlay,F:d5d56cef191d,director,3
Jeanie Finlay,F:369267b746ad,director,2
Lorcan Finnegan,F:b132d89fef53,director,10
Lorcan Finnegan,F:23bcdf10e622,director,7
Lorcan Finnegan,F:71c7b9363133,director,8
Lorcan Finnegan,F:7fe15b05ccde,director,9
Lorcan Finnegan,F:b5fac1879322,director,5
Lorcan Finnegan,F:be922adcc35a,director,3
Lorcan Finnegan,F:ed09733fe458,director,6
Lorcan Finnegan,F:3779236f3701,director,4
Lorcan Finnegan,F:9dc99962ce43,director,2
Lorcan Finnegan,F:dbf26c797b9a,director,1
Nora Fiore,F:e4e5d0b8b474,critic,10
Nora Fiore,F:4856ae18c1cd,critic,5
Nora Fiore,F:4910ffd369f1,critic,2
Nora Fiore,F:24dc6c8040d9,critic,3
Nora Fiore,F:79c30aef6e24,critic,4
Nora Fiore,F:eb38ff2949b1,critic,1
Nora Fiore,F:e9e268170b35,critic,6
Nora Fiore,F:7cdcf0b32a06,critic,8
Nora Fiore,F:03774d8054b0,critic,9
Nora Fiore,F:4acddf379d28,critic,7
Beatrice Fiorentino,F:74869694acb1,critic,3
Beatrice Fiorentino,F:4acddf379d28,critic,9
Beatrice Fiorentino,F:608e02fe3ca2,critic,2
Beatrice Fiorentino,F:4434c6705bd6,critic,5
Beatrice Fiorentino,F:b5a06746734d,critic,10
Beatrice Fiorentino,F:8fe1bdde11ef,critic,6
Beatrice Fiorentino,F:e48f4b5b9f13,critic,1
Beatrice Fiorentino,F:6b927993e1e1,critic,4
Beatrice Fiorentino,F:a5083fa04636,critic,8
Beatrice Fiorentino,F:59ad7c389a61,critic,7
Veronica Fitzpatrick,F:27cc97d93f99,critic,6
Veronica Fitzpatrick,F:08966bbb6c53,critic,10
Veronica Fitzpatrick,F:ec7726632ac1,critic,9
Veronica Fitzpatrick,F:1961bdb691aa,critic,8
Veronica Fitzpatrick,F:8ce8232221d4,critic,3
Veronica Fitzpatrick,F:d8ca1cf0db1b,critic,2
Veronica Fitzpatrick,F:53f709905db4,critic,5
Veronica Fitzpatrick,F:d2506ebeb73e,critic,4
Veronica Fitzpatrick,F:608e02fe3ca2,critic,7
Veronica Fitzpatrick,F:48b1b1457385,critic,1
Matthew Flanagan,F:1b6216b7041c,critic,6
Matthew Flanagan,F:d86e12aa34b1,critic,4
Matthew Flanagan,F:25b24dcf06bc,critic,3
Matthew Flanagan,F:83c734e30238,critic,10
Matthew Flanagan,F:d5ec1c66d696,critic,1
Matthew Flanagan,F:b1d5c192e56b,critic,7
Matthew Flanagan,F:8668ce0c6c69,critic,2
Matthew Flanagan,F:38b522b41810,critic,8
Matthew Flanagan,F:4ba839ad7713,critic,5
Matthew Flanagan,F:58f9e7707a27,critic,9
Nicole Flattery,F:653f45346bcc,critic,8
Nicole Flattery,F:83c734e30238,critic,10
Nicole Flattery,F:6153eeb1ef64,critic,5
Nicole Flattery,F:60c6ffed2334,critic,1
Nicole Flattery,F:d472058d559a,critic,7
Nicole Flattery,F:b5a06746734d,critic,9
Nicole Flattery,F:727b4a394724,critic,2
Nicole Flattery,F:3dc11a61f1ca,critic,3
Nicole Flattery,F:c78c6b97f980,critic,6
Nicole Flattery,F:41d225e6ff0b,critic,4
Rosie Fletcher,F:6b927993e1e1,critic,5
Rosie Fletcher,F:4acddf379d28,critic,8
Rosie Fletcher,F:37a0428a7592,critic,2
Rosie Fletcher,F:c41986eabc20,critic,6
Rosie Fletcher,F:ef28514dc4e7,critic,4
Rosie Fletcher,F:eb08e7cc3aa6,critic,3
Rosie Fletcher,F:653f45346bcc,critic,9
Rosie Fletcher,F:8b4b310f435e,critic,7
Rosie Fletcher,F:b132d89fef53,critic,10
Rosie Fletcher,F:d73f05043e71,critic,1
Thomas Flew,F:20f04f89c007,critic,3
Thomas Flew,F:69f5bed6f836,critic,8
Thomas Flew,F:e147c7e3e29c,critic,6
Thomas Flew,F:3607e9f1675c,critic,5
Thomas Flew,F:6d78c0ecb7e7,critic,7
Thomas Flew,F:2cc7bfd72ec0,critic,1
Thomas Flew,F:08966bbb6c53,critic,9
Thomas Flew,F:24ba2f5c5d79,critic,2
Thomas Flew,F:cbf27b550a02,critic,4
David Flint,F:7fe15b05ccde,critic,10
David Flint,F:ef4ed5380e4f,critic,2
David Flint,F:d2ac8fced14e,critic,9
David Flint,F:7e52230dd02d,critic,6
David Flint,F:0df7362f710e,critic,5
David Flint,F:8fe1bdde11ef,critic,8
David Flint,F:6440d59445fd,critic,1
David Flint,F:17fcc038144d,critic,4
David Flint,F:ef28514dc4e7,critic,7
David Flint,F:9000c8f0eb34,critic,3
Lukas Foerster,F:04d1cfe35a66,critic,8
Lukas Foerster,F:086f15778d67,critic,9
Lukas Foerster,F:b8d7b3ac9531,critic,7
Lukas Foerster,F:7205e8cbf7d5,critic,10
Lukas Foerster,F:f9e2e893476a,critic,6
Lukas Foerster,F:5550720b96a4,critic,4
Lukas Foerster,F:9f50a60920be,critic,3
Lukas Foerster,F:4a91b669d6c3,critic,2
Lukas Foerster,F:709804fcc88a,critic,5
Lukas Foerster,F:7bec6eca71a4,critic,1
Andreas Fontana,F:c0891d475a49,director,7
Andreas Fontana,F:9e103f641ac9,director,3
Andreas Fontana,F:03774d8054b0,director,9
Andreas Fontana,F:e9e268170b35,director,6
Andreas Fontana,F:833cd8b378fb,director,2
Andreas Fontana,F:cb689f3e2a97,director,8
Andreas Fontana,F:8481529aa9c4,director,4
Andreas Fontana,F:69dee05125cb,director,5
Andreas Fontana,F:8ed98c2d0e97,director,1
Andreas Fontana,F:e2bff7956338,director,10
Cristina Formenti,F:667f9047c4d8,critic,6
Cristina Formenti,F:69f5bed6f836,critic,10
Cristina Formenti,F:95e72a399dc5,critic,5
Cristina Formenti,F:6ae8c10ff551,critic,7
Cristina Formenti,F:75046ffb9b38,critic,9
Cristina Formenti,F:d5ddf6a4e9ac,critic,4
Cristina Formenti,F:43a410904099,critic,1
Cristina Formenti,F:0e4afa7fe348,critic,2
Cristina Formenti,F:2157af997498,critic,3
Cristina Formenti,F:c41986eabc20,critic,8
Caroline Fournier,F:125061f190de,critic,7
Caroline Fournier,F:e4e5d0b8b474,critic,10
Caroline Fournier,F:852e4b6dc461,critic,2
Caroline Fournier,F:2b8f2194d907,critic,6
Caroline Fournier,F:7b5d85393630,critic,8
Caroline Fournier,F:1a68aefe7ea1,critic,5
Caroline Fournier,F:5fbe75ae8e83,critic,4
Caroline Fournier,F:9223c478b715,critic,3
Caroline Fournier,F:2691120e9981,critic,1
Caroline Fournier,F:090832505b0f,critic,9
William Fowler,F:ffdc52a7187d,critic,1
William Fowler,F:22a4ebc4c381,critic,2
William Fowler,F:cd0d9bdeb36e,critic,3
William Fowler,F:8b024d74ee49,critic,4
William Fowler,F:5c5426771400,critic,5
William Fowler,F:37bbd65ea51f,critic,10
William Fowler,F:37dfc5b21ae7,critic,9
William Fowler,F:cbc500a5b73a,critic,6
William Fowler,F:c84499b89a4f,critic,7
William Fowler,F:0d7cff918e0a,critic,8
Jason Fox,F:d8be33a7aa37,critic,9
Jason Fox,F:a9519db91181,critic,10
Jason Fox,F:a72b11a20fda,critic,1
Jason Fox,F:0dfe58c65ddc,critic,7
Jason Fox,F:269e50561c64,critic,8
Jason Fox,F:bb5d7643d16f,critic,3
Jason Fox,F:d96a36d37e4e,critic,5
Jason Fox,F:228718d99a46,critic,2
Jason Fox,F:cb3fbfbea2a0,critic,4
Jason Fox,F:e917fde84581,critic,6
Neil Fox,F:ed913192d169,critic,9
Neil Fox,F:cebe5457b5ce,critic,4
Neil Fox,F:91da2062cc0a,critic,3
Neil Fox,F:cf4f8f54b4df,critic,7
Neil Fox,F:da2081de6713,critic,5
Neil Fox,F:76f8cccf860c,critic,8
Neil Fox,F:e414fbe0b027,critic,2
Neil Fox,F:bee5654ca481,critic,6
Neil Fox,F:0565ff7fd56c,critic,10
Neil Fox,F:d5b986a1147b,critic,1
Steven Foxon,F:08b12d19d379,critic,4
Steven Foxon,F:f5b23bc11b1d,critic,10
Steven Foxon,F:daf5a2db5fe2,critic,1
Steven Foxon,F:f525ec7061e2,critic,7
Steven Foxon,F:83232c90eb13,critic,3
Steven Foxon,F:f82430c94120,critic,6
Steven Foxon,F:81ca344ceff2,critic,2
Steven Foxon,F:e70c7eaa7408,critic,9
Steven Foxon,F:385f01d5660a,critic,5
Steven Foxon,F:cd6c92d24d51,critic,8
Michelangelo Frammartino,F:0e061101bdea,director,7
Michelangelo Frammartino,F:1e8c36f50cef,director,8
Michelangelo Frammartino,F:ee5e85aa2619,director,6
Michelangelo Frammartino,F:537490443a63,director,5
Michelangelo Frammartino,F:421a83c66257,director,4
Michelangelo Frammartino,F:5c226aa5de90,director,9
Michelangelo Frammartino,F:2ec8e3a6b8aa,director,10
Michelangelo Frammartino,F:6affaefdc16f,director,1
Michelangelo Frammartino,F:68a64538e39f,director,2
Michelangelo Frammartino,F:3fa3f9f24a21,director,3
Marc Francis,F:413d2bed80fb,critic,3
Marc Francis,F:af9e3551238b,critic,4
Marc Francis,F:69f5bed6f836,critic,10
Marc Francis,F:cf4f8f54b4df,critic,5
Marc Francis,F:1961bdb691aa,critic,6
Marc Francis,F:02ded6e20b97,critic,9
Marc Francis,F:4a7fa7be8c87,critic,8
Marc Francis,F:4869214ea5b6,critic,2
Marc Francis,F:4a36f311e3f9,critic,1
Marc Francis,F:b7dbf64232a8,critic,7
Lizzie Francke,F:f376d0dacdd0,critic,7
Lizzie Francke,F:a7d92e333282,critic,5
Lizzie Francke,F:325075869126,critic,10
Lizzie Francke,F:03a017c5576f,critic,2
Lizzie Francke,F:feda59cb5671,critic,1
Lizzie Francke,F:47e745cd663b,critic,4
Lizzie Francke,F:6744994f98f6,critic,9
Lizzie Francke,F:32f33617395c,critic,8
Lizzie Francke,F:e2d7ee3e387f,critic,3
Lizzie Francke,F:23bcdf10e622,critic,6
Guillermo Franco,F:bf6387f2c8ae,critic,10
Guillermo Franco,F:83ebc8b43c9d,critic,8
Guillermo Franco,F:1876b26426fa,critic,2
Guillermo Franco,F:7dacc043e524,critic,6
Guillermo Franco,F:f02350209d28,critic,1
Guillermo Franco,F:08966bbb6c53,critic,9
Guillermo Franco,F:75046ffb9b38,critic,7
Guillermo Franco,F:f53416daf440,critic,5
Guillermo Franco,F:fbfc282cbfbb,critic,3
Guillermo Franco,F:6b927993e1e1,critic,4
Michel Franco,F:4bbf32d00fd9,director,5
Michel Franco,F:83ebc8b43c9d,director,10
Michel Franco,F:f3a8723d695d,director,6
Michel Franco,F:44d249fc6091,director,4
Michel Franco,F:296c885895bb,director,8
Michel Franco,F:e1ed076082a4,director,1
Michel Franco,F:1a94d9f63387,director,2
Michel Franco,F:b21e5cdba7f0,director,3
Michel Franco,F:20a0a276094a,director,9
Michel Franco,F:7c54b4356371,director,7
Euan Franklin,F:e4a64e67437a,critic,3
Euan Franklin,F:e0745a34320a,critic,1
Euan Franklin,F:6c1fa30011cf,critic,2
Euan Franklin,F:653f45346bcc,critic,10
Euan Franklin,F:73ac13372020,critic,4
Euan Franklin,F:7af3bfecc2a8,critic,5
Euan Franklin,F:6ef9ec2a60f2,critic,9
Euan Franklin,F:e50615c80a64,critic,7
Euan Franklin,F:d0416491dc50,critic,6
Euan Franklin,F:2907bfe31ad2,critic,8
Ian Freer,F:360cbb1c7b84,critic,1
Ian Freer,F:38ccb3d447c3,critic,10
Ian Freer,F:a5083fa04636,critic,8
Ian Freer,F:43611010276c,critic,3
Ian Freer,F:7fe15b05ccde,critic,9
Ian Freer,F:bd648fce3b3f,critic,7
Ian Freer,F:165ea115d0f7,critic,6
Ian Freer,F:95bfe69a4869,critic,2
Ian Freer,F:f0003668a2c4,critic,5
Ian Freer,F:69037f12168c,critic,4
Jean-Michel Frodon,F:d117472f572e,critic,7
Jean-Michel Frodon,F:fd7384f2c819,critic,3
Jean-Michel Frodon,F:944ad783759e,critic,10
Jean-Michel Frodon,F:4178c0f6fbb7,critic,8
Jean-Michel Frodon,F:7afb3878fb43,critic,1
Jean-Michel Frodon,F:214b96df970a,critic,2
Jean-Michel Frodon,F:7cdcf0b32a06,critic,5
Jean-Michel Frodon,F:7b5d85393630,critic,6
Jean-Michel Frodon,F:002c591e702f,critic,4
Jean-Michel Frodon,F:97b42f962368,critic,9
José Fuentes Navarro,F:0f0cd108e73e,critic,5
José Fuentes Navarro,F:533ccb09f264,critic,4
José Fuentes Navarro,F:5ccbed3ed039,critic,7
José Fuentes Navarro,F:ea8c30267045,critic,9
José Fuentes Navarro,F:5862a4b5f813,critic,6
José Fuentes Navarro,F:b2608847d4ea,critic,1
José Fuentes Navarro,F:a7fb4794b496,critic,8
José Fuentes Navarro,F:a36581ab5651,critic,2
José Fuentes Navarro,F:e8f5c3de730c,critic,3
Kōji Fukada,F:ef557d6c32c4,director,7
Kōji Fukada,F:b339d6c582f0,director,9
Kōji Fukada,F:846c7466d39a,director,2
Kōji Fukada,F:ca8ffa522783,director,1
Kōji Fukada,F:9fa8a94443bd,director,6
Kōji Fukada,F:7cdcf0b32a06,director,10
Kōji Fukada,F:52fed6709791,director,3
Kōji Fukada,F:72d6d9bf2299,director,8
Kōji Fukada,F:4c11c72054c5,director,5
Kōji Fukada,F:bb224488a521,director,4
Mihai Fulger,F:bf6387f2c8ae,critic,8
Mihai Fulger,F:9f96298e4d23,critic,7
Mihai Fulger,F:b5a06746734d,critic,9
Mihai Fulger,F:4178c0f6fbb7,critic,6
Mihai Fulger,F:83c734e30238,critic,10
Mihai Fulger,F:ec7726632ac1,critic,5
Mihai Fulger,F:6b927993e1e1,critic,3
Mihai Fulger,F:dd03c7ae8bd4,critic,4
Mihai Fulger,F:a6b2d4ef6e92,critic,2
Mihai Fulger,F:461ce53274b8,critic,1
Graham Fuller,F:e95a92c86c8d,critic,2
Graham Fuller,F:b5a06746734d,critic,10
Graham Fuller,F:c34fe68dc6cf,critic,5
Graham Fuller,F:cbb0587ba064,critic,8
Graham Fuller,F:f376d0dacdd0,critic,6
Graham Fuller,F:4178c0f6fbb7,critic,9
Graham Fuller,F:ca45d2441e02,critic,1
Graham Fuller,F:146ec1241d81,critic,4
Graham Fuller,F:2bcbc58a252d,critic,7
Graham Fuller,F:51644bbb0d9c,critic,3
Ka Ming Fung,F:bf6387f2c8ae,critic,10
Ka Ming Fung,F:d117472f572e,critic,9
Ka Ming Fung,F:99525f6dd03f,critic,4
Ka Ming Fung,F:aa65b1eedc05,critic,6
Ka Ming Fung,F:bd232d87d529,critic,3
Ka Ming Fung,F:6d78c0ecb7e7,critic,7
Ka Ming Fung,F:7cdcf0b32a06,critic,8
Ka Ming Fung,F:d4937a407577,critic,5
Ka Ming Fung,F:7850a24b5a01,critic,1
Ka Ming Fung,F:cc2adff82318,critic,2
Carolyn Funk,F:7fa585215d06,critic,7
Carolyn Funk,F:1122a3f5fe74,critic,6
Carolyn Funk,F:3c781cd7cdf8,critic,8
Carolyn Funk,F:e9e268170b35,critic,10
Carolyn Funk,F:a4f1232def80,critic,3
Carolyn Funk,F:455369a50753,critic,1
Carolyn Funk,F:950c29bf9796,critic,9
Carolyn Funk,F:1f66797e04d7,critic,4
Carolyn Funk,F:26d9fa05409a,critic,5
Carolyn Funk,F:9256a8f67239,critic,2
Karlo Funk,F:40a613564501,critic,4
Karlo Funk,F:29e8c2663329,critic,10
Karlo Funk,F:b0360159539e,critic,7
Karlo Funk,F:146f1c3fc9b2,critic,5
Karlo Funk,F:b3c00a43f9de,critic,2
Karlo Funk,F:0d16da9ae581,critic,3
Karlo Funk,F:6744994f98f6,critic,9
Karlo Funk,F:1d911f3d3735,critic,1
Karlo Funk,F:fbac63dcd9cf,critic,8
Karlo Funk,F:2b8f2194d907,critic,6
Filipe Furtado,F:7dacc043e524,critic,9
Filipe Furtado,F:3f3ddbcd3f37,critic,6
Filipe Furtado,F:9f96298e4d23,critic,10
Filipe Furtado,F:eb31b538a969,critic,3
Filipe Furtado,F:3f5e67ae9f6f,critic,1
Filipe Furtado,F:749fbcb6e1ba,critic,4
Filipe Furtado,F:87ddccd7c29d,critic,8
Filipe Furtado,F:1b6216b7041c,critic,7
Filipe Furtado,F:2bb32d0f4192,critic,5
Filipe Furtado,F:ebaf40f4088b,critic,2
Molly Fusco,F:ab91ed1131f0,critic,1
Molly Fusco,F:aa8a3c4a330d,critic,4
Molly Fusco,F:53f709905db4,critic,8
Molly Fusco,F:5b505c37b676,critic,6
Molly Fusco,F:7cdcf0b32a06,critic,10
Molly Fusco,F:f97978e0dded,critic,5
Molly Fusco,F:0a5367f5bee7,critic,2
Molly Fusco,F:008495919c65,critic,9
Molly Fusco,F:f03f4c93d0f1,critic,7
Molly Fusco,F:a95907de93e5,critic,3
Ivan Gaal,F:bf6387f2c8ae,director,10
Ivan Gaal,F:cdb76db94f02,director,7
Ivan Gaal,F:83ebc8b43c9d,director,9
Ivan Gaal,F:c192a68fad44,director,2
Ivan Gaal,F:db40f764c4e0,director,3
Ivan Gaal,F:be5197f08d0d,director,5
Ivan Gaal,F:2c3a29085e12,director,4
Ivan Gaal,F:4434c6705bd6,director,8
Ivan Gaal,F:5da49dcce857,director,6
Ivan Gaal,F:08e9190aa081,director,1
Pierre Gabaston,F:f78b136d089b,critic,3
Pierre Gabaston,F:e737f5f02536,critic,4
Pierre Gabaston,F:d117472f572e,critic,10
Pierre Gabaston,F:1e8c36f50cef,critic,5
Pierre Gabaston,F:e3a29e728f76,critic,6
Pierre Gabaston,F:9e103f641ac9,critic,7
Pierre Gabaston,F:9c3f5dbc8d78,critic,2
Pierre Gabaston,F:5094c1da4d65,critic,8
Pierre Gabaston,F:75046ffb9b38,critic,9
Pierre Gabaston,F:26d9fa05409a,critic,1
Soham Gadre,F:4cce2f95dd1b,critic,8
Soham Gadre,F:621ccae3bfba,critic,7
Soham Gadre,F:0ae7e3972886,critic,2
Soham Gadre,F:7bf47800d216,critic,6
Soham Gadre,F:6319f08eb6d9,critic,1
Soham Gadre,F:72b4a1612873,critic,4
Soham Gadre,F:1acc5627f81f,critic,3
Soham Gadre,F:299aafd38526,critic,9
Soham Gadre,F:a362f5a8e408,critic,5
Soham Gadre,F:c78c6b97f980,critic,10
Rico Gagliano,F:69ee1e9bf06a,critic,5
Rico Gagliano,F:e4aa5abdf5fd,critic,3
Rico Gagliano,F:4c53a001a92c,critic,6
Rico Gagliano,F:a178045f2296,critic,1
Rico Gagliano,F:e2bff7956338,critic,10
Rico Gagliano,F:d1188b34b03c,critic,9
Rico Gagliano,F:4a28394dece5,critic,2
Rico Gagliano,F:6d78c0ecb7e7,critic,8
Rico Gagliano,F:69037f12168c,critic,4
Rico Gagliano,F:f8abdb2ec9d8,critic,7
Kantarama Gahigiri,F:dde6ffd9106a,director,5
Kantarama Gahigiri,F:c22c42cd69b9,director,9
Kantarama Gahigiri,F:9539729dc80f,director,7
Kantarama Gahigiri,F:b132d89fef53,director,10
Kantarama Gahigiri,F:ec644a4b48b7,director,2
Kantarama Gahigiri,F:206d9de4a9c8,director,3
Kantarama Gahigiri,F:f58915ed95d4,director,6
Kantarama Gahigiri,F:d8be33a7aa37,director,8
Kantarama Gahigiri,F:b24e28697733,director,4
Kantarama Gahigiri,F:5fa7ae2a833a,director,1
Tag Gallagher,F:1d6863d6fa66,critic,6
Tag Gallagher,F:4996e9b10df0,critic,8
Tag Gallagher,F:2ec8e3a6b8aa,critic,10
Tag Gallagher,F:2636353ad1ff,critic,4
Tag Gallagher,F:b7dbf64232a8,critic,9
Tag Gallagher,F:89437d9044be,critic,1
Tag Gallagher,F:743e8f968e3c,critic,5
Tag Gallagher,F:15cebbda1cd1,critic,7
Tag Gallagher,F:2fff82d4c078,critic,2
Tag Gallagher,F:3f3ddbcd3f37,critic,3
Santiago Gallego Murillo,F:ea67aee8a0fe,critic,5
Santiago Gallego Murillo,F:a39ffdaf1466,critic,4
Santiago Gallego Murillo,F:bedbe5f9e7d8,critic,6
Santiago Gallego Murillo,F:4ee7f7322361,critic,3
Santiago Gallego Murillo,F:63473e0a221d,critic,1
Santiago Gallego Murillo,F:fccce743c4b1,critic,2
Santiago Gallego Murillo,F:a57224c9e34a,critic,8
Santiago Gallego Murillo,F:9e129ad0f5e5,critic,9
Santiago Gallego Murillo,F:833cd8b378fb,critic,10
Santiago Gallego Murillo,F:275644968c7a,critic,7
Vigen Galstyan,F:b5a06746734d,critic,9
Vigen Galstyan,F:31e3a3512a76,critic,3
Vigen Galstyan,F:653f45346bcc,critic,8
Vigen Galstyan,F:69f5bed6f836,critic,7
Vigen Galstyan,F:83c734e30238,critic,10
Vigen Galstyan,F:bee09401fa7d,critic,6
Vigen Galstyan,F:15298623ef1f,critic,4
Vigen Galstyan,F:ee860a1dac92,critic,1
Vigen Galstyan,F:03b3065dc545,critic,5
Vigen Galstyan,F:93a1beda19cd,critic,2
Rosalind Galt,F:10e86670da04,critic,7
Rosalind Galt,F:c22c42cd69b9,critic,5
Rosalind Galt,F:3dcbf66b11b8,critic,1
Rosalind Galt,F:090832505b0f,critic,9
Rosalind Galt,F:646ea2ac9f18,critic,2
Rosalind Galt,F:d1188b34b03c,critic,8
Rosalind Galt,F:31e3a3512a76,critic,4
Rosalind Galt,F:08966bbb6c53,critic,10
Rosalind Galt,F:4a7fa7be8c87,critic,6
Rosalind Galt,F:57a1bf06a3b8,critic,3
Alexis Gambis,F:b339d6c582f0,director,1
Patrick Gamble,F:ec7726632ac1,critic,8
Patrick Gamble,F:b7dbf64232a8,critic,6
Patrick Gamble,F:8c93104a11a8,critic,4
Patrick Gamble,F:930e2118f326,critic,3
Patrick Gamble,F:83c734e30238,critic,10
Patrick Gamble,F:125061f190de,critic,7
Patrick Gamble,F:1122a3f5fe74,critic,2
Patrick Gamble,F:71f230acd3f0,critic,1
Patrick Gamble,F:653f45346bcc,critic,9
Patrick Gamble,F:cf4f8f54b4df,critic,5
Loreta Gandolfi,F:114b8506a3fa,critic,6
Loreta Gandolfi,F:0565ff7fd56c,critic,10
Loreta Gandolfi,F:caabee7db5c9,critic,9
Loreta Gandolfi,F:9d950051df5f,critic,5
Loreta Gandolfi,F:e5c08e9f1271,critic,7
Loreta Gandolfi,F:65e9c9919c40,critic,3
Loreta Gandolfi,F:0b047ecf149e,critic,4
Loreta Gandolfi,F:cdb76db94f02,critic,8
Loreta Gandolfi,F:dd08027002fb,critic,2
Loreta Gandolfi,F:ba1fd1ccc619,critic,1
Marzia Gandolfi,F:e4e5d0b8b474,critic,8
Marzia Gandolfi,F:b5a06746734d,critic,10
Marzia Gandolfi,F:a5083fa04636,critic,6
Marzia Gandolfi,F:fbfc282cbfbb,critic,4
Marzia Gandolfi,F:21c9b6bcddaa,critic,2
Marzia Gandolfi,F:f487433720d3,critic,5
Marzia Gandolfi,F:d4937a407577,critic,3
Marzia Gandolfi,F:7fe15b05ccde,critic,7
Marzia Gandolfi,F:4b1de0b58426,critic,1
Marzia Gandolfi,F:653f45346bcc,critic,9
Charles Gant,F:a5083fa04636,critic,8
Charles Gant,F:7fe15b05ccde,critic,10
Charles Gant,F:d653d89fbc90,critic,2
Charles Gant,F:4acddf379d28,critic,9
Charles Gant,F:f44713a09e4d,critic,7
Charles Gant,F:299aafd38526,critic,3
Charles Gant,F:41d225e6ff0b,critic,5
Charles Gant,F:51644bbb0d9c,critic,4
Charles Gant,F:49190c44679a,critic,1
Charles Gant,F:f376d0dacdd0,critic,6
Fernando Ganzo ,F:7c8b7c41a6af,critic,1
Fernando Ganzo ,F:d2f59305f247,critic,7
Fernando Ganzo ,F:53b46dbaf3d7,critic,2
Fernando Ganzo ,F:6c6d0bc5ce49,critic,9
Fernando Ganzo ,F:894a2bacef7f,critic,8
Fernando Ganzo ,F:15cebbda1cd1,critic,10
Fernando Ganzo ,F:49a59167770c,critic,5
Fernando Ganzo ,F:46bee6a6478f,critic,6
Fernando Ganzo ,F:d48faefd65b5,critic,3
Fernando Ganzo ,F:92f70cc71273,critic,4
Yitian Gao,F:1e3ff5e811fb,critic,7
Yitian Gao,F:81e8c65d133e,critic,9
Yitian Gao,F:e317c0295707,critic,4
Yitian Gao,F:95c6d344a0e1,critic,3
Yitian Gao,F:bfe5d9d523ed,critic,5
Yitian Gao,F:297b574430d3,critic,8
Yitian Gao,F:b15c86083265,critic,1
Yitian Gao,F:1bd2534c8158,critic,6
Yitian Gao,F:c2fcfd4867b7,critic,2
Romola Garai,F:146ec1241d81,director,7
Romola Garai,F:413d2bed80fb,director,5
Romola Garai,F:ba146e88c89d,director,2
Romola Garai,F:edfb01f5a9d6,director,9
Romola Garai,F:125061f190de,director,10
Romola Garai,F:37bbd65ea51f,director,4
Romola Garai,F:9dc99962ce43,director,3
Romola Garai,F:6df960d01ebc,director,6
Romola Garai,F:03b3065dc545,director,8
Romola Garai,F:469aac4955e8,director,1
José Luis Garci,F:aa8a3c4a330d,director,2
José Luis Garci,F:afa2cf1bc931,director,3
José Luis Garci,F:4856ae18c1cd,director,7
José Luis Garci,F:20afe757a6d1,director,5
José Luis Garci,F:dcd2a0b2887b,director,1
José Luis Garci,F:d8e24aa1ab58,director,9
José Luis Garci,F:894a2bacef7f,director,4
José Luis Garci,F:b5a06746734d,director,10
José Luis Garci,F:d5d45d8c9f1b,director,6
José Luis Garci,F:f71879711b8f,director,8
Alfonso Garcia Calvo,F:97b42f962368,critic,9
Alfonso Garcia Calvo,F:4178c0f6fbb7,critic,8
Alfonso Garcia Calvo,F:e50615c80a64,critic,4
Alfonso Garcia Calvo,F:03809811ea9b,critic,6
Alfonso Garcia Calvo,F:9f96298e4d23,critic,10
Alfonso Garcia Calvo,F:9153bf3e0b48,critic,1
Alfonso Garcia Calvo,F:4996e9b10df0,critic,5
Alfonso Garcia Calvo,F:b5749f03606c,critic,7
Alfonso Garcia Calvo,F:79c30aef6e24,critic,3
Alfonso Garcia Calvo,F:17be19f021ea,critic,2
Lautaro García Candela,F:2004b445e6ea,critic,2
Lautaro García Candela,F:e3a29e728f76,critic,7
Lautaro García Candela,F:d2e4f5e8f98d,critic,8
Lautaro García Candela,F:9fa8a94443bd,critic,6
Lautaro García Candela,F:ebb2737eeb11,critic,5
Lautaro García Candela,F:15bcedf51ef8,critic,10
Lautaro García Candela,F:4e2bc3c14baa,critic,9
Lautaro García Candela,F:b8f7a0bcc02a,critic,4
Lautaro García Candela,F:c662a8b8f3f0,critic,1
Lautaro García Candela,F:2946be8bf703,critic,3
Pablo García Canga,F:a6b2d4ef6e92,critic,8
Pablo García Canga,F:8f681498cddb,critic,3
Pablo García Canga,F:53f709905db4,critic,9
Pablo García Canga,F:dd4e80b55ae4,critic,1
Pablo García Canga,F:5a27625bd23e,critic,2
Pablo García Canga,F:421a83c66257,critic,6
Pablo García Canga,F:608e02fe3ca2,critic,10
Pablo García Canga,F:c3d63cf2d01a,critic,5
Pablo García Canga,F:5e303ce5e4f2,critic,4
Pablo García Canga,F:9e129ad0f5e5,critic,7
Félix García de Villegas Rey,F:146546b542ea,critic,1
Félix García de Villegas Rey,F:22c648f977e6,critic,2
Félix García de Villegas Rey,F:05b0f3860494,critic,3
Félix García de Villegas Rey,F:f28d730022ac,critic,4
Félix García de Villegas Rey,F:e23bab26ddd7,critic,5
Félix García de Villegas Rey,F:aff1a8e450e3,critic,9
Félix García de Villegas Rey,F:15fdf24fa583,critic,6
Félix García de Villegas Rey,F:cd86f39aeca1,critic,7
Félix García de Villegas Rey,F:cde4fc437450,critic,8
Félix García de Villegas Rey,F:6362b3718c32,critic,10
Juan Manuel García Ferrer,F:e4e5d0b8b474,critic,10
Juan Manuel García Ferrer,F:5824e32e059f,critic,2
Juan Manuel García Ferrer,F:6c6d0bc5ce49,critic,3
Juan Manuel García Ferrer,F:d8e24aa1ab58,critic,8
Juan Manuel García Ferrer,F:2907bfe31ad2,critic,4
Juan Manuel García Ferrer,F:078c56f7dec6,critic,5
Juan Manuel García Ferrer,F:b339d6c582f0,critic,7
Juan Manuel García Ferrer,F:f487433720d3,critic,6
Juan Manuel García Ferrer,F:cbb0587ba064,critic,9
Juan Manuel García Ferrer,F:596987cad521,critic,1
Rubén García López,F:df7e376793ef,critic,5
Rubén García López,F:d117472f572e,critic,10
Rubén García López,F:afd704ac0dcc,critic,6
Rubén García López,F:4a7fa7be8c87,critic,9
Rubén García López,F:8509b531b601,critic,7
Rubén García López,F:d32722cfaf18,critic,1
Rubén García López,F:24ea065fa57f,critic,2
Rubén García López,F:9804ce429abc,critic,3
Rubén García López,F:8082e9c53944,critic,8
Rubén García López,F:67806a8eb50d,critic,4
Leonardo García Tsao,F:38ccb3d447c3,critic,10
Leonardo García Tsao,F:03774d8054b0,critic,8
Leonardo García Tsao,F:a5083fa04636,critic,6
Leonardo García Tsao,F:242bcffbc89a,critic,1
Leonardo García Tsao,F:ca0238bc4718,critic,3
Leonardo García Tsao,F:b5749f03606c,critic,5
Leonardo García Tsao,F:fbfc282cbfbb,critic,2
Leonardo García Tsao,F:146ec1241d81,critic,4
Leonardo García Tsao,F:d472058d559a,critic,7
Leonardo García Tsao,F:7fe15b05ccde,critic,9
Sara García Villanueva,F:eefeea564229,critic,1
Sara García Villanueva,F:20630405440c,critic,2
Sara García Villanueva,F:f97978e0dded,critic,6
Sara García Villanueva,F:8481529aa9c4,critic,9
Sara García Villanueva,F:09ddbfa9bc38,critic,4
Sara García Villanueva,F:feaa04ac1109,critic,10
Sara García Villanueva,F:bd40bab4f242,critic,3
Sara García Villanueva,F:febda603b577,critic,5
Sara García Villanueva,F:6c6d0bc5ce49,critic,8
Sara García Villanueva,F:da997bca9f48,critic,7
Gonzalo García-Pelayo,F:4bbf32d00fd9,director,7
Gonzalo García-Pelayo,F:cac0a48aa065,director,6
Gonzalo García-Pelayo,F:dbc0eff40883,director,1
Gonzalo García-Pelayo,F:d9ac4235513f,director,2
Gonzalo García-Pelayo,F:20a0a276094a,director,8
Gonzalo García-Pelayo,F:2b67b7ec085e,director,3
Gonzalo García-Pelayo,F:f487433720d3,director,9
Gonzalo García-Pelayo,F:1d6863d6fa66,director,5
Gonzalo García-Pelayo,F:1c496632a086,director,4
Gonzalo García-Pelayo,F:d8e24aa1ab58,director,10
Lawrence Garcia,F:2af5c5bcacdf,critic,9
Lawrence Garcia,F:b5a06746734d,critic,10
Lawrence Garcia,F:ece757e25684,critic,7
Lawrence Garcia,F:beaa42a4d260,critic,4
Lawrence Garcia,F:ff5bdf04a167,critic,6
Lawrence Garcia,F:b75b5b2ed55d,critic,1
Lawrence Garcia,F:b9af680af33b,critic,8
Lawrence Garcia,F:8a405444b988,critic,5
Lawrence Garcia,F:f8aceea338d4,critic,2
Lawrence Garcia,F:e1fab81857f8,critic,3
Caden Mark Gardner,F:0a600f29226c,critic,9
Caden Mark Gardner,F:6ae8c10ff551,critic,8
Caden Mark Gardner,F:40851c97fe02,critic,6
Caden Mark Gardner,F:242bcffbc89a,critic,7
Caden Mark Gardner,F:02ded6e20b97,critic,10
Caden Mark Gardner,F:1b9a570555e5,critic,3
Caden Mark Gardner,F:4bbcec7d0753,critic,4
Caden Mark Gardner,F:265ff24c9602,critic,5
Caden Mark Gardner,F:c25d5142a521,critic,2
Caden Mark Gardner,F:b918ddcbc6ed,critic,1
Geoffrey Gardner,F:cc6eb751d249,critic,1
Geoffrey Gardner,F:a8708385b2e3,critic,4
Geoffrey Gardner,F:46194e616618,critic,7
Geoffrey Gardner,F:2bcbc58a252d,critic,9
Geoffrey Gardner,F:a5d0909bfd7e,critic,5
Geoffrey Gardner,F:802e7bb2727f,critic,3
Geoffrey Gardner,F:bf6387f2c8ae,critic,10
Geoffrey Gardner,F:dc83770a0522,critic,2
Geoffrey Gardner,F:ed09733fe458,critic,8
Geoffrey Gardner,F:e35d40a37ce8,critic,6
Ruy Gardnier,F:2bcbc58a252d,critic,9
Ruy Gardnier,F:f87b3c091815,critic,7
Ruy Gardnier,F:dcd2a0b2887b,critic,1
Ruy Gardnier,F:5094c1da4d65,critic,6
Ruy Gardnier,F:b7dbf64232a8,critic,5
Ruy Gardnier,F:75046ffb9b38,critic,10
Ruy Gardnier,F:b9af680af33b,critic,2
Ruy Gardnier,F:e3a29e728f76,critic,3
Ruy Gardnier,F:665eab0ab9d1,critic,8
Ruy Gardnier,F:d2e4f5e8f98d,critic,4
David Garlick,F:3779236f3701,critic,6
David Garlick,F:33e3eab93092,critic,2
David Garlick,F:09035fce59e3,critic,8
David Garlick,F:b0360159539e,critic,7
David Garlick,F:a2006b1e3f35,critic,4
David Garlick,F:61afc2a946ee,critic,3
David Garlick,F:4438da053b39,critic,1
David Garlick,F:b5a06746734d,critic,10
David Garlick,F:e2bff7956338,critic,9
David Garlick,F:ee2a2cfc2fc7,critic,5
Adriano Garrett,F:348e42f4c54c,critic,1
Adriano Garrett,F:22a39aaa9252,critic,6
Adriano Garrett,F:1961bdb691aa,critic,7
Adriano Garrett,F:83c734e30238,critic,10
Adriano Garrett,F:4f6eb95bd7b1,critic,2
Adriano Garrett,F:9cb0651ddc13,critic,3
Adriano Garrett,F:7e87558a3cf9,critic,4
Adriano Garrett,F:944ad783759e,critic,9
Adriano Garrett,F:cbb0587ba064,critic,8
Adriano Garrett,F:ca42ecec1704,critic,5
Charlotte Garson,F:4178c0f6fbb7,critic,8
Charlotte Garson,F:e4e5d0b8b474,critic,10
Charlotte Garson,F:8a2cf62378e3,critic,1
Charlotte Garson,F:8481529aa9c4,critic,4
Charlotte Garson,F:87ddccd7c29d,critic,5
Charlotte Garson,F:2bcbc58a252d,critic,7
Charlotte Garson,F:38ccb3d447c3,critic,9
Charlotte Garson,F:894a2bacef7f,critic,2
Charlotte Garson,F:f44713a09e4d,critic,6
Charlotte Garson,F:53f709905db4,critic,3
Marya E. Gates,F:83c734e30238,critic,10
Marya E. Gates,F:03b3065dc545,critic,8
Marya E. Gates,F:0491346a52ca,critic,3
Marya E. Gates,F:d2ac8fced14e,critic,9
Marya E. Gates,F:32f33617395c,critic,7
Marya E. Gates,F:fa708b377718,critic,2
Marya E. Gates,F:ab3cd6cbe81e,critic,4
Marya E. Gates,F:e1c01276b733,critic,6
Marya E. Gates,F:9f29b1f2f790,critic,1
Marya E. Gates,F:114b8506a3fa,critic,5
Racquel J. Gates,F:083251410aca,critic,2
Racquel J. Gates,F:3940db993e0a,critic,7
Racquel J. Gates,F:561e2a2c5d9a,critic,6
Racquel J. Gates,F:3558a21bb105,critic,5
Racquel J. Gates,F:1a0d4fed6090,critic,4
Racquel J. Gates,F:337423442fc4,critic,8
Racquel J. Gates,F:b27e84143feb,critic,1
Racquel J. Gates,F:1961bdb691aa,critic,9
Racquel J. Gates,F:0565ff7fd56c,critic,10
Racquel J. Gates,F:8c8c03337e64,critic,3
Hannah Gatward,F:6744994f98f6,critic,9
Hannah Gatward,F:33e985a235a2,critic,2
Hannah Gatward,F:74c5f4d1395f,critic,1
Hannah Gatward,F:c41986eabc20,critic,7
Hannah Gatward,F:8b59f9e5c592,critic,4
Hannah Gatward,F:2a9843e83d75,critic,3
Hannah Gatward,F:ed913192d169,critic,8
Hannah Gatward,F:38ccb3d447c3,critic,10
Hannah Gatward,F:b2910882a46d,critic,6
Hannah Gatward,F:5fbe75ae8e83,critic,5
Laure Gaudenzi,F:699b44bc8283,critic,1
Laure Gaudenzi,F:85152d3fca69,critic,5
Laure Gaudenzi,F:cb689f3e2a97,critic,9
Laure Gaudenzi,F:c0891d475a49,critic,8
Laure Gaudenzi,F:4178c0f6fbb7,critic,10
Laure Gaudenzi,F:a6bd6b25ecb3,critic,4
Laure Gaudenzi,F:be5197f08d0d,critic,6
Laure Gaudenzi,F:2ef8b39c0a4f,critic,2
Laure Gaudenzi,F:838a18661382,critic,7
Laure Gaudenzi,F:a585bc7218db,critic,3
Romain Gavras,F:8fc32725b37f,director,8
Romain Gavras,F:205059104001,director,4
Romain Gavras,F:97b42f962368,director,10
Romain Gavras,F:d425861c7fdf,director,2
Romain Gavras,F:4c53a001a92c,director,7
Romain Gavras,F:968e61298ff8,director,1
Romain Gavras,F:45bbbdf7bc53,director,3
Romain Gavras,F:e1be2047fa1c,director,6
Romain Gavras,F:7fe15b05ccde,director,9
Romain Gavras,F:b7a3542a9794,director,5
Sarah Gavron,F:03b3065dc545,director,10
Sarah Gavron,F:e4227f57ad92,director,4
Sarah Gavron,F:9539729dc80f,director,6
Sarah Gavron,F:69dee05125cb,director,8
Sarah Gavron,F:e5c08e9f1271,director,5
Sarah Gavron,F:e24ef98e5c4b,director,7
Sarah Gavron,F:cf1b735a29e9,director,1
Sarah Gavron,F:8703270231ee,director,9
Sarah Gavron,F:095dd92eb88c,director,2
Sarah Gavron,F:167dabbadece,director,3
Fran Gayo,F:a6bd6b25ecb3,critic,5
Fran Gayo,F:4a3e1e8dde96,critic,2
Fran Gayo,F:608e02fe3ca2,critic,7
Fran Gayo,F:d8e24aa1ab58,critic,9
Fran Gayo,F:55ad4fb0baae,critic,8
Fran Gayo,F:73bc2b4ab8ea,critic,4
Fran Gayo,F:aa9ca1df5398,critic,6
Fran Gayo,F:29e8c2663329,critic,10
Fran Gayo,F:777613caf3b0,critic,1
Fran Gayo,F:f20668301eda,critic,3
Grant Gee,F:8fe1bdde11ef,director,8
Grant Gee,F:8fc32725b37f,director,6
Grant Gee,F:4434c6705bd6,director,7
Grant Gee,F:af3336b803be,director,4
Grant Gee,F:d3259e8689ca,director,3
Grant Gee,F:7a7c0ff849d4,director,5
Grant Gee,F:125061f190de,director,9
Grant Gee,F:0e8bdbad1acf,director,2
Grant Gee,F:5931e44a9fad,director,1
Grant Gee,F:7fe15b05ccde,director,10
Sonia Genaitay,F:7fe15b05ccde,critic,10
Sonia Genaitay,F:28d41c264f9a,critic,5
Sonia Genaitay,F:af3336b803be,critic,4
Sonia Genaitay,F:a5083fa04636,critic,9
Sonia Genaitay,F:20afe757a6d1,critic,3
Sonia Genaitay,F:98a130754cf6,critic,1
Sonia Genaitay,F:b5749f03606c,critic,8
Sonia Genaitay,F:dd03c7ae8bd4,critic,7
Sonia Genaitay,F:f5b23bc11b1d,critic,6
Sonia Genaitay,F:f0003668a2c4,critic,2
Kaya Genc,F:b5749f03606c,critic,5
Kaya Genc,F:edfb01f5a9d6,critic,6
Kaya Genc,F:15298623ef1f,critic,4
Kaya Genc,F:838a18661382,critic,1
Kaya Genc,F:6d78c0ecb7e7,critic,7
Kaya Genc,F:813bde6e3053,critic,8
Kaya Genc,F:2907bfe31ad2,critic,3
Kaya Genc,F:b5a06746734d,critic,10
Kaya Genc,F:6ff93b77cfca,critic,2
Kaya Genc,F:ec7726632ac1,critic,9
Bill Georgaris,F:7205e8cbf7d5,critic,4
Bill Georgaris,F:f0b0cc2ef11b,critic,1
Bill Georgaris,F:ee5e85aa2619,critic,7
Bill Georgaris,F:608e02fe3ca2,critic,10
Bill Georgaris,F:0572f6125e47,critic,2
Bill Georgaris,F:b8c65bcb3d78,critic,6
Bill Georgaris,F:e1b6974b7ec8,critic,3
Bill Georgaris,F:ef557d6c32c4,critic,8
Bill Georgaris,F:1876b26426fa,critic,9
Bill Georgaris,F:3211367a4459,critic,5
Tom George,F:c4fda376339f,director,7
Tom George,F:2c00d05903b6,director,5
Tom George,F:11fff6d5f45a,director,6
Tom George,F:60a4d76c522e,director,4
Tom George,F:5aac0def84d2,director,2
Tom George,F:d42aca6e5fa1,director,1
Tom George,F:653f45346bcc,director,10
Tom George,F:f53416daf440,director,8
Tom George,F:125061f190de,director,9
Tom George,F:0e8bdbad1acf,director,3
Sergio M. Grmek Germani,F:a869dedde67d,critic,1
Sergio M. Grmek Germani,F:5a722bb25331,critic,10
Sergio M. Grmek Germani,F:18c3f1a2d135,critic,2
Sergio M. Grmek Germani,F:d1f136ff4a03,critic,3
Sergio M. Grmek Germani,F:bc4f5c3a30d7,critic,9
Sergio M. Grmek Germani,F:ffed29c9b0ff,critic,4
Sergio M. Grmek Germani,F:3d54a2645caa,critic,5
Sergio M. Grmek Germani,F:95f2d8e9da06,critic,6
Sergio M. Grmek Germani,F:151ce281ab49,critic,7
Sergio M. Grmek Germani,F:aa146f621f0c,critic,8
Julien Gester,F:e737f5f02536,critic,7
Julien Gester,F:e9122f5c99d7,critic,1
Julien Gester,F:4996e9b10df0,critic,9
Julien Gester,F:c22c42cd69b9,critic,10
Julien Gester,F:d3259e8689ca,critic,6
Julien Gester,F:ef1ae16a3954,critic,2
Julien Gester,F:92f70cc71273,critic,3
Julien Gester,F:2accb1bdefd9,critic,4
Julien Gester,F:58f9e7707a27,critic,8
Julien Gester,F:933ec9beaa5b,critic,5
Soma Ghosh,F:c075ca5a9bd2,critic,7
Soma Ghosh,F:cc882978bf66,critic,2
Soma Ghosh,F:7fe15b05ccde,critic,10
Soma Ghosh,F:125061f190de,critic,9
Soma Ghosh,F:afa2cf1bc931,critic,5
Soma Ghosh,F:e95a92c86c8d,critic,4
Soma Ghosh,F:b5e106e52b4d,critic,6
Soma Ghosh,F:03a017c5576f,critic,3
Soma Ghosh,F:86d39bc9f249,critic,1
Soma Ghosh,F:d62c40a3d88f,critic,8
Luke Gibbons,F:bf6387f2c8ae,critic,10
Luke Gibbons,F:d117472f572e,critic,8
Luke Gibbons,F:122fb2de00e8,critic,4
Luke Gibbons,F:95bd800bd9e5,critic,7
Luke Gibbons,F:9ff15b40644e,critic,1
Luke Gibbons,F:17fcc038144d,critic,5
Luke Gibbons,F:f97978e0dded,critic,3
Luke Gibbons,F:69f5bed6f836,critic,9
Luke Gibbons,F:008495919c65,critic,6
Luke Gibbons,F:520af39d3f5c,critic,2
Alex Gibney,F:64ab12e0c6ea,director,3
Alex Gibney,F:7b5d85393630,director,8
Alex Gibney,F:b5a06746734d,director,10
Alex Gibney,F:03774d8054b0,director,9
Alex Gibney,F:7d48a36cc96a,director,1
Alex Gibney,F:7e52230dd02d,director,4
Alex Gibney,F:66f271e27785,director,2
Alex Gibney,F:ea8c30267045,director,6
Alex Gibney,F:4434c6705bd6,director,7
Alex Gibney,F:cbca9660da1d,director,5
Cíntia Gil,F:4bbcec7d0753,critic,7
Cíntia Gil,F:b4de52ad6ff0,critic,1
Cíntia Gil,F:1a7eb506ded7,critic,4
Cíntia Gil,F:fffca159f1c2,critic,2
Cíntia Gil,F:ec983a6c1ee5,critic,9
Cíntia Gil,F:8082e9c53944,critic,10
Cíntia Gil,F:31ccba01f02e,critic,6
Cíntia Gil,F:6a96906d77f4,critic,5
Cíntia Gil,F:87260f5ae7bb,critic,8
Cíntia Gil,F:d393b8283dae,critic,3
Ryan Gilbey,F:15298623ef1f,critic,7
Ryan Gilbey,F:6d78c0ecb7e7,critic,9
Ryan Gilbey,F:9a480687a7e7,critic,2
Ryan Gilbey,F:ad4f804c3862,critic,3
Ryan Gilbey,F:83c734e30238,critic,10
Ryan Gilbey,F:ad61730d9d2f,critic,5
Ryan Gilbey,F:8bca2d931716,critic,1
Ryan Gilbey,F:f53416daf440,critic,8
Ryan Gilbey,F:d2f10817bb1e,critic,4
Ryan Gilbey,F:c22c42cd69b9,critic,6
Jane Giles,F:6c37284c87eb,critic,3
Jane Giles,F:792029e6ad10,critic,4
Jane Giles,F:4823aa628780,critic,5
Jane Giles,F:1bc5acc7eba9,critic,6
Jane Giles,F:f8abdb2ec9d8,critic,9
Jane Giles,F:8ff2d76d1ce7,critic,2
Jane Giles,F:0e8bdbad1acf,critic,7
Jane Giles,F:628d6b619fae,critic,1
Jane Giles,F:4a7fa7be8c87,critic,10
Jane Giles,F:ae24209c7310,critic,8
Qila Gill,F:d8be33a7aa37,critic,9
Qila Gill,F:d7cea4d25120,critic,3
Qila Gill,F:1e3ff5e811fb,critic,8
Qila Gill,F:89cb9fbc5671,critic,2
Qila Gill,F:6f995959b432,critic,1
Qila Gill,F:8a826d8712a7,critic,7
Qila Gill,F:6fa1e8389139,critic,6
Qila Gill,F:72b4a1612873,critic,4
Qila Gill,F:8b4b310f435e,critic,10
Qila Gill,F:2bbd68858abd,critic,5
Suzy Gillett,F:4c1fd1524f1c,critic,5
Suzy Gillett,F:17628f83ead5,critic,9
Suzy Gillett,F:4d5a91f07c7c,critic,6
Suzy Gillett,F:d6dd28f57e53,critic,3
Suzy Gillett,F:879f1e817e77,critic,1
Suzy Gillett,F:dcc3332a385d,critic,7
Suzy Gillett,F:0c23c9197711,critic,2
Suzy Gillett,F:62e57c17f59e,critic,4
Suzy Gillett,F:750dd0c76ac0,critic,8
Suzy Gillett,F:325075869126,critic,10
Libertad Gills,F:944ad783759e,director,10
Libertad Gills,F:6c6d0bc5ce49,director,9
Libertad Gills,F:bfe5d9d523ed,director,4
Libertad Gills,F:e3e045b158eb,director,7
Libertad Gills,F:adf93b9e5ace,director,3
Libertad Gills,F:4113c925ae65,director,2
Libertad Gills,F:b5936ac82331,director,5
Libertad Gills,F:e48d524e7f61,director,1
Libertad Gills,F:bcf63870b80d,director,8
Libertad Gills,F:5faf4e826922,director,6
Sean Gilman,F:03774d8054b0,critic,10
Sean Gilman,F:2b8f2194d907,critic,7
Sean Gilman,F:4856ae18c1cd,critic,8
Sean Gilman,F:87260f5ae7bb,critic,5
Sean Gilman,F:664488ca76c6,critic,3
Sean Gilman,F:5e66b0d59068,critic,1
Sean Gilman,F:0a600f29226c,critic,9
Sean Gilman,F:68095e4e33e8,critic,6
Sean Gilman,F:a7cef4d6d2d5,critic,4
Sean Gilman,F:796ecbd24563,critic,2
Devika Girish,F:1a68aefe7ea1,critic,9
Devika Girish,F:3607e9f1675c,critic,7
Devika Girish,F:31cfae8e6f18,critic,1
Devika Girish,F:509aa059d52b,critic,2
Devika Girish,F:569be7b19926,critic,4
Devika Girish,F:62223f240a33,critic,6
Devika Girish,F:4bdb001c33e2,critic,3
Devika Girish,F:944ad783759e,critic,10
Devika Girish,F:bcf63870b80d,critic,8
Devika Girish,F:6206d3e8f67b,critic,5
Federico Gironi,F:83ebc8b43c9d,critic,7
Federico Gironi,F:b5a06746734d,critic,10
Federico Gironi,F:ed913192d169,critic,6
Federico Gironi,F:74869694acb1,critic,3
Federico Gironi,F:146ec1241d81,critic,5
Federico Gironi,F:9fa2ffff0e05,critic,2
Federico Gironi,F:5e1dfafa4c51,critic,1
Federico Gironi,F:653f45346bcc,critic,9
Federico Gironi,F:7fe15b05ccde,critic,8
Federico Gironi,F:2af5c5bcacdf,critic,4
Amos Gitai,F:ee5e85aa2619,director,4
Amos Gitai,F:76f8cccf860c,director,7
Amos Gitai,F:125061f190de,director,9
Amos Gitai,F:e152a2918678,director,3
Amos Gitai,F:22adaefb9971,director,2
Amos Gitai,F:787e59899d58,director,1
Amos Gitai,F:8fe1bdde11ef,director,8
Amos Gitai,F:da997bca9f48,director,5
Amos Gitai,F:1232574daf78,director,6
June Givanni,F:c22c42cd69b9,critic,10
June Givanni,F:ca241fd9482a,critic,4
June Givanni,F:1961bdb691aa,critic,8
June Givanni,F:d8be33a7aa37,critic,7
June Givanni,F:64ab12e0c6ea,critic,2
June Givanni,F:e695dae6c323,critic,1
June Givanni,F:593fbbab1bb0,critic,5
June Givanni,F:32f33617395c,critic,9
June Givanni,F:f9781fc86d8b,critic,3
June Givanni,F:62223f240a33,critic,6
Anne Gjelsvik,F:e2bff7956338,critic,7
Anne Gjelsvik,F:08966bbb6c53,critic,8
Anne Gjelsvik,F:7b19d0d6e7b3,critic,1
Anne Gjelsvik,F:6d78c0ecb7e7,critic,5
Anne Gjelsvik,F:6744994f98f6,critic,4
Anne Gjelsvik,F:1a5ed79e90c4,critic,2
Anne Gjelsvik,F:fbac63dcd9cf,critic,3
Anne Gjelsvik,F:b5a06746734d,critic,10
Anne Gjelsvik,F:9f96298e4d23,critic,9
Anne Gjelsvik,F:ec7726632ac1,critic,6
Rose Glass,F:59ad7c389a61,director,7
Rose Glass,F:ec7726632ac1,director,8
Rose Glass,F:2a9843e83d75,director,3
Rose Glass,F:9dc99962ce43,director,4
Rose Glass,F:97b42f962368,director,9
Rose Glass,F:792029e6ad10,director,2
Rose Glass,F:653f45346bcc,director,10
Rose Glass,F:f85c54efe544,director,5
Rose Glass,F:520c5e0dba19,director,1
Rose Glass,F:0a600f29226c,director,6
Andrea Glawogger,F:e2bff7956338,critic,10
Andrea Glawogger,F:af3336b803be,critic,5
Andrea Glawogger,F:e2dfaf112a47,critic,4
Andrea Glawogger,F:d472058d559a,critic,9
Andrea Glawogger,F:f5b23bc11b1d,critic,7
Andrea Glawogger,F:8481529aa9c4,critic,6
Andrea Glawogger,F:ab6377087725,critic,2
Andrea Glawogger,F:a8c1f9997515,critic,3
Andrea Glawogger,F:078c56f7dec6,critic,8
Andrea Glawogger,F:880a02c9c120,critic,1
Shawn Glinis,F:fbaed03c3121,critic,8
Shawn Glinis,F:a96649cfd9dd,critic,3
Shawn Glinis,F:ca1e6b5fd534,critic,1
Shawn Glinis,F:8c2419d1eecf,critic,6
Shawn Glinis,F:2b8f2194d907,critic,10
Shawn Glinis,F:d2506ebeb73e,critic,9
Shawn Glinis,F:3f3ddbcd3f37,critic,4
Shawn Glinis,F:dc22c8e8d010,critic,2
Shawn Glinis,F:8db25a4797e8,critic,7
Shawn Glinis,F:8e930f89d440,critic,5
Michael Goddard,F:37bbd65ea51f,critic,8
Michael Goddard,F:e5d95b3c749c,critic,4
Michael Goddard,F:f70a5e5101b1,critic,6
Michael Goddard,F:7dfdb3314e45,critic,2
Michael Goddard,F:653f45346bcc,critic,10
Michael Goddard,F:9ed099161985,critic,7
Michael Goddard,F:78da71af4b77,critic,3
Michael Goddard,F:9b6035bdc05f,critic,1
Michael Goddard,F:4434c6705bd6,critic,9
Michael Goddard,F:ee3f94828883,critic,5
Katie Goh,F:477977925947,critic,5
Katie Goh,F:dd03c7ae8bd4,critic,7
Katie Goh,F:b7d2e3d83208,critic,2
Katie Goh,F:e4c949fb454a,critic,4
Katie Goh,F:af9e3551238b,critic,6
Katie Goh,F:82ac1169b061,critic,1
Katie Goh,F:08966bbb6c53,critic,10
Katie Goh,F:b5b8d610e881,critic,3
Katie Goh,F:125061f190de,critic,9
Katie Goh,F:f53416daf440,critic,8
Arlin Golden,F:39cfcfa4e115,critic,2
Arlin Golden,F:669088e8dad8,critic,1
Arlin Golden,F:11f597068baf,critic,10
Arlin Golden,F:eb763f2d4857,critic,5
Arlin Golden,F:89bca25c2226,critic,8
Arlin Golden,F:621ccae3bfba,critic,4
Arlin Golden,F:3aac5db12b12,critic,6
Arlin Golden,F:c80392c9829c,critic,7
Arlin Golden,F:930e2118f326,critic,9
Arlin Golden,F:8e930f89d440,critic,3
Daniel Goldhaber,F:96db1ec94fd6,director,3
Daniel Goldhaber,F:d1188b34b03c,director,9
Daniel Goldhaber,F:d0416491dc50,director,8
Daniel Goldhaber,F:f88f86b2bb29,director,5
Daniel Goldhaber,F:a723e5ec92ab,director,2
Daniel Goldhaber,F:83c734e30238,director,10
Daniel Goldhaber,F:65393b2ac77a,director,6
Daniel Goldhaber,F:1174009b97fe,director,4
Daniel Goldhaber,F:9609d2e67c50,director,7
Daniel Goldhaber,F:cfd05c96dd6b,director,1
Nan Goldin,F:e4e5d0b8b474,director,10
Nan Goldin,F:27c512670976,director,3
Nan Goldin,F:e0fa4f112d72,director,5
Nan Goldin,F:15bcedf51ef8,director,8
Nan Goldin,F:feaa04ac1109,director,6
Nan Goldin,F:c78c6b97f980,director,7
Nan Goldin,F:febda603b577,director,2
Nan Goldin,F:cb689f3e2a97,director,9
Nan Goldin,F:4a055198c57b,director,1
Nan Goldin,F:30c86f12fae5,director,4
Leo Goldsmith,F:69f5bed6f836,critic,10
Leo Goldsmith,F:1676ef42dd0e,critic,1
Leo Goldsmith,F:090832505b0f,critic,9
Leo Goldsmith,F:caabee7db5c9,critic,6
Leo Goldsmith,F:e3e045b158eb,critic,4
Leo Goldsmith,F:c78c6b97f980,critic,7
Leo Goldsmith,F:0565ff7fd56c,critic,8
Leo Goldsmith,F:9a64753216c8,critic,5
Leo Goldsmith,F:6206d3e8f67b,critic,2
Leo Goldsmith,F:9aa40df22c3e,critic,3
Houshang Golmakani,F:ed913192d169,critic,8
Houshang Golmakani,F:15298623ef1f,critic,9
Houshang Golmakani,F:ca1e6b5fd534,critic,2
Houshang Golmakani,F:0b5fbe0a730b,critic,1
Houshang Golmakani,F:99525f6dd03f,critic,5
Houshang Golmakani,F:c1cd242a1caa,critic,3
Houshang Golmakani,F:edfb01f5a9d6,critic,10
Houshang Golmakani,F:6ff93b77cfca,critic,6
Houshang Golmakani,F:fbfc282cbfbb,critic,7
Houshang Golmakani,F:cd6c92d24d51,critic,4
Srdan Golubović,F:024fe592458e,director,5
Srdan Golubović,F:03774d8054b0,director,9
Srdan Golubović,F:f7fb6a975b40,director,1
Srdan Golubović,F:944ad783759e,director,10
Srdan Golubović,F:8df7c4270a6d,director,3
Srdan Golubović,F:7b5d85393630,director,8
Srdan Golubović,F:8ccaf0311759,director,4
Srdan Golubović,F:51644bbb0d9c,director,7
Srdan Golubović,F:83957e3ef145,director,2
Srdan Golubović,F:6c5a28405e28,director,6
Juliano Gomes,F:19eb92f7e110,critic,6
Juliano Gomes,F:833bef0fbef2,critic,1
Juliano Gomes,F:f1f9458aedc5,critic,4
Juliano Gomes,F:9f4bdfd01cfb,critic,5
Juliano Gomes,F:bc0918f58467,critic,2
Juliano Gomes,F:6158c3acae8a,critic,7
Juliano Gomes,F:7a7c0ff849d4,critic,9
Juliano Gomes,F:f00e3c45dd9d,critic,8
Juliano Gomes,F:090832505b0f,critic,10
Juliano Gomes,F:5b9c8bdee226,critic,3
Miguel Gomes,F:e737f5f02536,director,9
Miguel Gomes,F:f7f5c7915570,director,1
Miguel Gomes,F:67f9c091abbe,director,7
Miguel Gomes,F:6c6d0bc5ce49,director,10
Miguel Gomes,F:5ccbed3ed039,director,6
Miguel Gomes,F:b1ba3937483c,director,2
Miguel Gomes,F:9f9a4da4d742,director,5
Miguel Gomes,F:6fb030bf7755,director,8
Miguel Gomes,F:bd36ac33e745,director,4
Miguel Gomes,F:c4e24283ec4e,director,3
Antonio Gonçalves Jr,F:f737da1d48bb,critic,1
Antonio Gonçalves Jr,F:9f4bdfd01cfb,critic,4
Antonio Gonçalves Jr,F:a2a1ef5c6f47,critic,5
Antonio Gonçalves Jr,F:8a2cf62378e3,critic,3
Antonio Gonçalves Jr,F:b9519c0e0789,critic,2
Antonio Gonçalves Jr,F:9e103f641ac9,critic,6
Antonio Gonçalves Jr,F:653f45346bcc,critic,9
Antonio Gonçalves Jr,F:b132d89fef53,critic,10
Antonio Gonçalves Jr,F:69f5bed6f836,critic,8
Antonio Gonçalves Jr,F:95bd800bd9e5,critic,7
Adam Gonet,F:f53416daf440,critic,6
Adam Gonet,F:e2bff7956338,critic,9
Adam Gonet,F:9f5b0931a0e5,critic,3
Adam Gonet,F:cbca9660da1d,critic,4
Adam Gonet,F:4178c0f6fbb7,critic,8
Adam Gonet,F:bf6387f2c8ae,critic,10
Adam Gonet,F:ed913192d169,critic,5
Adam Gonet,F:c0891d475a49,critic,7
Adam Gonet,F:5d99bc43562a,critic,1
Adam Gonet,F:3cee3c945b46,critic,2
Ed Gonzalez,F:69f5bed6f836,critic,8
Ed Gonzalez,F:a454d3354c22,critic,2
Ed Gonzalez,F:008495919c65,critic,5
Ed Gonzalez,F:9e103f641ac9,critic,3
Ed Gonzalez,F:b132d89fef53,critic,10
Ed Gonzalez,F:ed09733fe458,critic,4
Ed Gonzalez,F:10e86670da04,critic,6
Ed Gonzalez,F:944ad783759e,critic,7
Ed Gonzalez,F:1637cba8e345,critic,1
Ed Gonzalez,F:653f45346bcc,critic,9
Adoor Gopalakrishnan,F:cda1a8b3152c,director,9
Adoor Gopalakrishnan,F:6ff93b77cfca,director,4
Adoor Gopalakrishnan,F:a5083fa04636,director,7
Adoor Gopalakrishnan,F:b5749f03606c,director,6
Adoor Gopalakrishnan,F:9f96298e4d23,director,10
Adoor Gopalakrishnan,F:bee09401fa7d,director,8
Adoor Gopalakrishnan,F:9e103f641ac9,director,5
Adoor Gopalakrishnan,F:38b522b41810,director,3
Adoor Gopalakrishnan,F:a27ff54edcc2,director,2
Adoor Gopalakrishnan,F:e1980f159d31,director,1
Aswathy Gopalakrishnan,F:f1400046c859,critic,1
Aswathy Gopalakrishnan,F:69f5bed6f836,critic,9
Aswathy Gopalakrishnan,F:bee09401fa7d,critic,7
Aswathy Gopalakrishnan,F:d2ac8fced14e,critic,6
Aswathy Gopalakrishnan,F:325075869126,critic,10
Aswathy Gopalakrishnan,F:c075ca5a9bd2,critic,2
Aswathy Gopalakrishnan,F:feaa04ac1109,critic,4
Aswathy Gopalakrishnan,F:10e86670da04,critic,5
Aswathy Gopalakrishnan,F:1174009b97fe,critic,3
Aswathy Gopalakrishnan,F:944ad783759e,critic,8
Lalitha Gopalan,F:69f5bed6f836,critic,9
Lalitha Gopalan,F:83c734e30238,critic,10
Lalitha Gopalan,F:f3a8723d695d,critic,7
Lalitha Gopalan,F:0565ff7fd56c,critic,8
Lalitha Gopalan,F:b5b8d610e881,critic,6
Lalitha Gopalan,F:a1e94ad2a759,critic,1
Lalitha Gopalan,F:9861a1e999c3,critic,2
Lalitha Gopalan,F:d7f08cab7236,critic,3
Lalitha Gopalan,F:7a5747cb9baf,critic,4
Lalitha Gopalan,F:f556a9145024,critic,5
Jan Göransson,F:b0360159539e,critic,5
Jan Göransson,F:83c734e30238,critic,10
Jan Göransson,F:642485d19aea,critic,1
Jan Göransson,F:38ccb3d447c3,critic,9
Jan Göransson,F:7c5b517e73d5,critic,2
Jan Göransson,F:6b927993e1e1,critic,6
Jan Göransson,F:8b4b310f435e,critic,7
Jan Göransson,F:cb689f3e2a97,critic,8
Jan Göransson,F:a1f2a5eebcbe,critic,3
Jan Göransson,F:ddcf681c3397,critic,4
Andrei Gorzo,F:7416e0cb1ff8,critic,6
Andrei Gorzo,F:813bde6e3053,critic,9
Andrei Gorzo,F:2e01c218f1f2,critic,3
Andrei Gorzo,F:cb689f3e2a97,critic,10
Andrei Gorzo,F:b73df740dc05,critic,2
Andrei Gorzo,F:4996e9b10df0,critic,7
Andrei Gorzo,F:3be8bc26dd50,critic,1
Andrei Gorzo,F:461ce53274b8,critic,5
Andrei Gorzo,F:e9e268170b35,critic,8
Andrei Gorzo,F:0aec7c4badf9,critic,4
Lisa Gotto,F:69f5bed6f836,critic,9
Lisa Gotto,F:bee09401fa7d,critic,7
Lisa Gotto,F:b5a06746734d,critic,10
Lisa Gotto,F:008495919c65,critic,3
Lisa Gotto,F:97b42f962368,critic,8
Lisa Gotto,F:d2ac8fced14e,critic,6
Lisa Gotto,F:15bcedf51ef8,critic,5
Lisa Gotto,F:32f33617395c,critic,4
Lisa Gotto,F:9c7d37d05b63,critic,2
Lisa Gotto,F:5d43916ab8a1,critic,1
Kevin Gough-Yates,F:cc41d847eae9,critic,3
Kevin Gough-Yates,F:0156625211db,critic,1
Kevin Gough-Yates,F:4910ffd369f1,critic,5
Kevin Gough-Yates,F:d8e24aa1ab58,critic,9
Kevin Gough-Yates,F:163822a61feb,critic,2
Kevin Gough-Yates,F:8481529aa9c4,critic,6
Kevin Gough-Yates,F:cac0a48aa065,critic,4
Kevin Gough-Yates,F:c34fe68dc6cf,critic,7
Kevin Gough-Yates,F:feaa04ac1109,critic,8
Gaylene Gould,F:095dd92eb88c,critic,6
Gaylene Gould,F:269ff03a9765,critic,7
Gaylene Gould,F:32f33617395c,critic,10
Gaylene Gould,F:8bc393f0ec71,critic,3
Gaylene Gould,F:b81ddc038404,critic,8
Gaylene Gould,F:03a017c5576f,critic,5
Gaylene Gould,F:dd03c7ae8bd4,critic,9
Gaylene Gould,F:a4b67a0ed3a5,critic,4
Gaylene Gould,F:8b34c0610fb1,critic,2
Gaylene Gould,F:642b46aa5ce1,critic,1
Helen Grace,F:cceee39cc159,director,5
Helen Grace,F:8ef14bf34952,director,8
Helen Grace,F:4a7fa7be8c87,director,9
Helen Grace,F:83c734e30238,director,10
Helen Grace,F:031265aa2a49,director,3
Helen Grace,F:a68df565f073,director,1
Helen Grace,F:1630491b15af,director,4
Helen Grace,F:bd232d87d529,director,7
Helen Grace,F:309df6775c4c,director,2
Helen Grace,F:7a87f52cc24d,director,6
Gemma Gracewood,F:c41986eabc20,critic,6
Gemma Gracewood,F:83232c90eb13,critic,2
Gemma Gracewood,F:4856ae18c1cd,critic,7
Gemma Gracewood,F:665eab0ab9d1,critic,8
Gemma Gracewood,F:2af5c5bcacdf,critic,5
Gemma Gracewood,F:4a156fefa5cb,critic,3
Gemma Gracewood,F:6744994f98f6,critic,9
Gemma Gracewood,F:6a30f139c8c2,critic,1
Gemma Gracewood,F:e70c7eaa7408,critic,4
Gemma Gracewood,F:d1188b34b03c,critic,10
Julian Graffy,F:c432889b2240,critic,2
Julian Graffy,F:0e802a09eb66,critic,3
Julian Graffy,F:bb70bfd44746,critic,1
Julian Graffy,F:aee812d4faf1,critic,4
Julian Graffy,F:83c734e30238,critic,10
Julian Graffy,F:02ded6e20b97,critic,8
Julian Graffy,F:813bde6e3053,critic,9
Julian Graffy,F:c34fe68dc6cf,critic,7
Julian Graffy,F:fbaed03c3121,critic,6
Julian Graffy,F:ef039f7a68b5,critic,5
Daniel Graham,F:bf6387f2c8ae,director,9
Daniel Graham,F:2907bfe31ad2,director,4
Daniel Graham,F:83ebc8b43c9d,director,8
Daniel Graham,F:15cebbda1cd1,director,3
Daniel Graham,F:813bde6e3053,director,7
Daniel Graham,F:b5749f03606c,director,5
Daniel Graham,F:75719b21d0aa,director,1
Daniel Graham,F:6d78c0ecb7e7,director,6
Daniel Graham,F:6fb030bf7755,director,2
Jamie Graham,F:b132d89fef53,critic,9
Jamie Graham,F:7fe15b05ccde,critic,6
Jamie Graham,F:bf6387f2c8ae,critic,10
Jamie Graham,F:ec7726632ac1,critic,4
Jamie Graham,F:97b42f962368,critic,7
Jamie Graham,F:37a9fd3afae9,critic,1
Jamie Graham,F:d472058d559a,critic,5
Jamie Graham,F:ef28514dc4e7,critic,2
Jamie Graham,F:41d225e6ff0b,critic,3
Jamie Graham,F:9f96298e4d23,critic,8
Rōgan Graham,F:16913ba1d831,critic,10
Rōgan Graham,F:65393b2ac77a,critic,4
Rōgan Graham,F:d2506ebeb73e,critic,6
Rōgan Graham,F:59f9c53228f2,critic,1
Rōgan Graham,F:6153eeb1ef64,critic,7
Rōgan Graham,F:269ff03a9765,critic,3
Rōgan Graham,F:f9781fc86d8b,critic,2
Rōgan Graham,F:008495919c65,critic,8
Rōgan Graham,F:bd648fce3b3f,critic,9
Rōgan Graham,F:d1d43bf4deff,critic,5
Scott Graham,F:951e168add74,director,9
Scott Graham,F:9f96298e4d23,director,10
Scott Graham,F:c42f27e4ff17,director,2
Scott Graham,F:e0116f38d00c,director,4
Scott Graham,F:9b96a523138d,director,1
Scott Graham,F:e24ef98e5c4b,director,7
Scott Graham,F:6507be859f38,director,3
Scott Graham,F:61b7b07d0b46,director,6
Scott Graham,F:548cb9553267,director,5
Scott Graham,F:a7d92e333282,director,8
Lucas Granero,F:3dcb5570fe49,critic,3
Lucas Granero,F:3e7a3a8f8433,critic,7
Lucas Granero,F:7e039f75a299,critic,6
Lucas Granero,F:d63f22c37e98,critic,9
Lucas Granero,F:ea2fd1941d50,critic,4
Lucas Granero,F:7197cebceede,critic,5
Lucas Granero,F:2946be8bf703,critic,2
Lucas Granero,F:f8adc853841f,critic,1
Lucas Granero,F:a7fb4794b496,critic,8
Lucas Granero,F:1232574daf78,critic,10
Catherine Grant,F:f8988e9c22d1,critic,1
Catherine Grant,F:6b927993e1e1,critic,8
Catherine Grant,F:2320d0b9141c,critic,4
Catherine Grant,F:b5a06746734d,critic,10
Catherine Grant,F:b81ddc038404,critic,3
Catherine Grant,F:caabee7db5c9,critic,6
Catherine Grant,F:d0605fcc213a,critic,2
Catherine Grant,F:325075869126,critic,9
Catherine Grant,F:002c591e702f,critic,7
Catherine Grant,F:a7d92e333282,critic,5
Steve Gravestock,F:2af5c5bcacdf,critic,8
Steve Gravestock,F:dfb01f9b56de,critic,5
Steve Gravestock,F:c4ed073af9f3,critic,2
Steve Gravestock,F:eb31b538a969,critic,4
Steve Gravestock,F:9c4b567963c2,critic,3
Steve Gravestock,F:0156625211db,critic,1
Steve Gravestock,F:6153eeb1ef64,critic,9
Steve Gravestock,F:ec7726632ac1,critic,10
Steve Gravestock,F:248c0540b695,critic,6
Steve Gravestock,F:7a4937c915f3,critic,7
Emma Gray Munthe,F:e4c85027e5e0,critic,4
Emma Gray Munthe,F:a11e589d4258,critic,1
Emma Gray Munthe,F:7ddb425958d5,critic,2
Emma Gray Munthe,F:fb014edafd5d,critic,6
Emma Gray Munthe,F:f363acab3eb9,critic,5
Emma Gray Munthe,F:15bcedf51ef8,critic,9
Emma Gray Munthe,F:bd5b1d907d3a,critic,7
Emma Gray Munthe,F:413d2bed80fb,critic,8
Emma Gray Munthe,F:ffc07b176b82,critic,3
Emma Gray Munthe,F:6744994f98f6,critic,10
Carmen Gray,F:29e8c2663329,critic,9
Carmen Gray,F:d2ac8fced14e,critic,7
Carmen Gray,F:7e52230dd02d,critic,4
Carmen Gray,F:cbb0587ba064,critic,8
Carmen Gray,F:c48b24faa9f1,critic,3
Carmen Gray,F:114ae73dd3a7,critic,6
Carmen Gray,F:31e3a3512a76,critic,5
Carmen Gray,F:8450bc00bd46,critic,1
Carmen Gray,F:e2d7ee3e387f,critic,2
Carmen Gray,F:e2bff7956338,critic,10
James Gray,F:b132d89fef53,director,8
James Gray,F:bf6387f2c8ae,director,9
James Gray,F:e2bff7956338,director,6
James Gray,F:83ebc8b43c9d,director,5
James Gray,F:078c56f7dec6,director,1
James Gray,F:d8e24aa1ab58,director,3
James Gray,F:75046ffb9b38,director,4
James Gray,F:bd648fce3b3f,director,2
James Gray,F:9f96298e4d23,director,7
James Gray,F:b5a06746734d,director,10
Marko Grba Singh,F:56c96bf43644,critic,1
Marko Grba Singh,F:3a3ec9a6367f,critic,2
Marko Grba Singh,F:a454d3354c22,critic,6
Marko Grba Singh,F:8082e9c53944,critic,7
Marko Grba Singh,F:f87b3c091815,critic,9
Marko Grba Singh,F:cd8b74b7b5a9,critic,5
Marko Grba Singh,F:f487433720d3,critic,8
Marko Grba Singh,F:7dacc043e524,critic,10
Marko Grba Singh,F:9e129ad0f5e5,critic,4
Marko Grba Singh,F:93b853b9e717,critic,3
Eugène Green,F:813bde6e3053,director,10
Eugène Green,F:eeb94ecd85af,director,7
Eugène Green,F:4709ea00b337,director,3
Eugène Green,F:3af703bb3bf8,director,6
Eugène Green,F:421a83c66257,director,5
Eugène Green,F:6fa4815f7545,director,4
Eugène Green,F:305ec0e5f7fa,director,1
Eugène Green,F:c34fe68dc6cf,director,9
Eugène Green,F:2907bfe31ad2,director,8
Eugène Green,F:c6cf0205ca2c,director,2
Steph Green,F:a5083fa04636,critic,7
Steph Green,F:7fe15b05ccde,critic,9
Steph Green,F:73ac13372020,critic,4
Steph Green,F:f85c54efe544,critic,3
Steph Green,F:aa5b85412a3e,critic,1
Steph Green,F:e50615c80a64,critic,5
Steph Green,F:3e088c64f4af,critic,2
Steph Green,F:03b3065dc545,critic,6
Steph Green,F:d117472f572e,critic,8
Steph Green,F:e4e5d0b8b474,critic,10
Peter Greenaway,F:0df7362f710e,director,5
Peter Greenaway,F:83ebc8b43c9d,director,9
Peter Greenaway,F:bf6387f2c8ae,director,10
Peter Greenaway,F:cdb76db94f02,director,6
Peter Greenaway,F:e152a2918678,director,2
Peter Greenaway,F:8ef14bf34952,director,3
Peter Greenaway,F:7b5d85393630,director,8
Peter Greenaway,F:4434c6705bd6,director,7
Peter Greenaway,F:da2567b08a8c,director,1
Peter Greenaway,F:4fd3c9a708f4,director,4
Robert Greene,F:d3259e8689ca,director,6
Robert Greene,F:83c734e30238,director,10
Robert Greene,F:8e930f89d440,director,4
Robert Greene,F:5429e9e18700,director,2
Robert Greene,F:a3132936b824,director,3
Robert Greene,F:05bad66fbd71,director,1
Robert Greene,F:1876b26426fa,director,8
Robert Greene,F:c80392c9829c,director,7
Robert Greene,F:d0605fcc213a,director,5
Robert Greene,F:f376d0dacdd0,director,9
Erika Gregor,F:95bd800bd9e5,critic,7
Erika Gregor,F:7cdcf0b32a06,critic,9
Erika Gregor,F:e50615c80a64,critic,6
Erika Gregor,F:35c4aff1b6e2,critic,3
Erika Gregor,F:817ba6891011,critic,1
Erika Gregor,F:83c734e30238,critic,10
Erika Gregor,F:34eb1ed0c187,critic,4
Erika Gregor,F:cbb0587ba064,critic,8
Erika Gregor,F:341aefe6f409,critic,5
Erika Gregor,F:f26363208aeb,critic,2
Ulrich Gregor,F:95bd800bd9e5,critic,5
Ulrich Gregor,F:69f5bed6f836,critic,9
Ulrich Gregor,F:1e8c36f50cef,critic,3
Ulrich Gregor,F:096362e962d8,critic,2
Ulrich Gregor,F:75719b21d0aa,critic,1
Ulrich Gregor,F:cbb0587ba064,critic,7
Ulrich Gregor,F:cda1a8b3152c,critic,8
Ulrich Gregor,F:9f96298e4d23,critic,10
Ulrich Gregor,F:114ae73dd3a7,critic,4
Ulrich Gregor,F:c0891d475a49,critic,6
David Gregory,F:ef28514dc4e7,critic,9
David Gregory,F:9000c8f0eb34,critic,8
David Gregory,F:1e4f9a3a4df7,critic,6
David Gregory,F:09035fce59e3,critic,10
David Gregory,F:85ffcc5e0949,critic,3
David Gregory,F:14731d2d5e4b,critic,5
David Gregory,F:167dabbadece,critic,7
David Gregory,F:e9a0c0d78a11,critic,4
David Gregory,F:7c5817d3bd76,critic,2
David Gregory,F:ba9accf359cd,critic,1
Ana Grgić,F:0f9f666f7504,critic,1
Ana Grgić,F:667f9047c4d8,critic,8
Ana Grgić,F:d0fcfc90ffc5,critic,5
Ana Grgić,F:69dee05125cb,critic,10
Ana Grgić,F:b66ff5455e86,critic,4
Ana Grgić,F:f312ccde71fd,critic,6
Ana Grgić,F:df7402f113e1,critic,3
Ana Grgić,F:fa5e7f56ebee,critic,7
Ana Grgić,F:e1fd8f31f23e,critic,2
Ana Grgić,F:f96da45e774e,critic,9
Tim Grierson,F:9f96298e4d23,critic,8
Tim Grierson,F:97b42f962368,critic,5
Tim Grierson,F:b132d89fef53,critic,9
Tim Grierson,F:e2bff7956338,critic,7
Tim Grierson,F:83c734e30238,critic,10
Tim Grierson,F:6d78c0ecb7e7,critic,3
Tim Grierson,F:15116cd4cb7a,critic,1
Tim Grierson,F:d1188b34b03c,critic,4
Tim Grierson,F:944ad783759e,critic,6
Tim Grierson,F:d2f10817bb1e,critic,2
Stefan Grissemann,F:2799de28d75f,critic,6
Stefan Grissemann,F:8c93104a11a8,critic,4
Stefan Grissemann,F:b5a06746734d,critic,9
Stefan Grissemann,F:8fe1bdde11ef,critic,7
Stefan Grissemann,F:090832505b0f,critic,8
Stefan Grissemann,F:9966e5136279,critic,1
Stefan Grissemann,F:d0416491dc50,critic,5
Stefan Grissemann,F:9e11436fa52a,critic,2
Stefan Grissemann,F:f85c54efe544,critic,3
Stefan Grissemann,F:83c734e30238,critic,10
Rajko Grlić,F:caf9aa22da03,director,6
Rajko Grlić,F:23b7c68223e6,director,5
Rajko Grlić,F:6ff93b77cfca,director,9
Rajko Grlić,F:cb9e4afd9009,director,1
Rajko Grlić,F:7b5d85393630,director,10
Rajko Grlić,F:1c82cd2c3011,director,3
Rajko Grlić,F:7e52230dd02d,director,8
Rajko Grlić,F:fb74dfc35cf9,director,2
Rajko Grlić,F:1fe48d6933a2,director,4
Rajko Grlić,F:d62c40a3d88f,director,7
Thomas Groh,F:b8d7b3ac9531,critic,3
Thomas Groh,F:04d1cfe35a66,critic,4
Thomas Groh,F:b132d89fef53,critic,10
Thomas Groh,F:6f82214f646a,critic,1
Thomas Groh,F:d6f557bc2e5d,critic,5
Thomas Groh,F:d2ac8fced14e,critic,9
Thomas Groh,F:ef28514dc4e7,critic,8
Thomas Groh,F:146ec1241d81,critic,7
Thomas Groh,F:993081619bf4,critic,6
Thomas Groh,F:73550b754c0b,critic,2
Elinor Groom,F:fbaed03c3121,critic,8
Elinor Groom,F:369267b746ad,critic,2
Elinor Groom,F:1a5ed79e90c4,critic,7
Elinor Groom,F:d6275cba1928,critic,1
Elinor Groom,F:9f5b0931a0e5,critic,4
Elinor Groom,F:b2910882a46d,critic,9
Elinor Groom,F:be5197f08d0d,critic,6
Elinor Groom,F:c41986eabc20,critic,10
Elinor Groom,F:b1d3b0d928ca,critic,3
Elinor Groom,F:a7dc5420f605,critic,5
Sawandi Groskind,F:f87b3c091815,director,5
Sawandi Groskind,F:944ad783759e,director,10
Sawandi Groskind,F:d8e24aa1ab58,director,7
Sawandi Groskind,F:1232574daf78,director,4
Sawandi Groskind,F:125061f190de,director,8
Sawandi Groskind,F:29e8c2663329,director,9
Sawandi Groskind,F:b21e5cdba7f0,director,1
Sawandi Groskind,F:c78c6b97f980,director,6
Sawandi Groskind,F:bf3c458ce933,director,2
Sawandi Groskind,F:7be38868e0ce,director,3
Marco Grosoli,F:69dee05125cb,critic,10
Marco Grosoli,F:5c226aa5de90,critic,9
Marco Grosoli,F:0f0cd108e73e,critic,4
Marco Grosoli,F:8dc01812a8b7,critic,1
Marco Grosoli,F:5f7bf751f347,critic,5
Marco Grosoli,F:ca869253bb33,critic,2
Marco Grosoli,F:82871fa40fd5,critic,6
Marco Grosoli,F:9f4bdfd01cfb,critic,7
Marco Grosoli,F:dde6ffd9106a,critic,8
Marco Grosoli,F:0d39a7817f1f,critic,3
Varun Grover,EXPLODED,director,13
Varun Grover,F:459c330913be,director,4
Varun Grover,F:cb689f3e2a97,director,11
Varun Grover,F:64af353ded24,director,3
Varun Grover,F:944ad783759e,director,12
Varun Grover,F:71c3a979d1dc,director,1
Varun Grover,F:85945816f94f,director,7
Varun Grover,F:de151d330568,director,2
Varun Grover,F:c6014c74c7ea,director,8
Varun Grover,F:41912772ddcd,director,9
Susannah Gruder,F:c78c6b97f980,critic,8
Susannah Gruder,F:0a600f29226c,critic,6
Susannah Gruder,F:d19468c67d4e,critic,2
Susannah Gruder,F:15298623ef1f,critic,7
Susannah Gruder,F:83c734e30238,critic,10
Susannah Gruder,F:3b027eac1618,critic,3
Susannah Gruder,F:68f067eb3cf7,critic,1
Susannah Gruder,F:ef557d6c32c4,critic,5
Susannah Gruder,F:15bcedf51ef8,critic,9
Susannah Gruder,F:89bca25c2226,critic,4
Roy Grundmann,F:bf6387f2c8ae,critic,8
Roy Grundmann,F:ef039f7a68b5,critic,6
Roy Grundmann,F:b5a06746734d,critic,9
Roy Grundmann,F:c2e492d52d62,critic,4
Roy Grundmann,F:7ecd292638a9,critic,2
Roy Grundmann,F:f42a2fe544d1,critic,3
Roy Grundmann,F:269ff03a9765,critic,5
Roy Grundmann,F:011e8ad7993b,critic,1
Roy Grundmann,F:02ded6e20b97,critic,7
Luca Guadagnino,F:2ec8e3a6b8aa,director,7
Luca Guadagnino,F:ee5e85aa2619,director,5
Luca Guadagnino,F:5c226aa5de90,director,6
Luca Guadagnino,F:cf6cb2112728,director,3
Luca Guadagnino,F:9292dacffdc9,director,1
Luca Guadagnino,F:2bcbc58a252d,director,8
Luca Guadagnino,F:ed258bfa07e7,director,4
Luca Guadagnino,F:83c734e30238,director,10
Luca Guadagnino,F:9dc811d43471,director,2
Luca Guadagnino,F:e4e5d0b8b474,director,9
Bruno Guaraná,F:c6f03d072008,critic,2
Bruno Guaraná,F:73921ad3057a,critic,3
Bruno Guaraná,F:384364c7338a,critic,1
Bruno Guaraná,F:cb689f3e2a97,critic,8
Bruno Guaraná,F:83c734e30238,critic,10
Bruno Guaraná,F:2da4899c687b,critic,4
Bruno Guaraná,F:f376d0dacdd0,critic,5
Bruno Guaraná,F:ec7726632ac1,critic,7
Bruno Guaraná,F:944ad783759e,critic,9
Bruno Guaraná,F:d1188b34b03c,critic,6
Marie Anne Guerin,F:8082e9c53944,critic,9
Marie Anne Guerin,F:46bee6a6478f,critic,6
Marie Anne Guerin,F:44bd4398c705,critic,3
Marie Anne Guerin,F:3f160108cfe0,critic,4
Marie Anne Guerin,F:1b50353487a6,critic,8
Marie Anne Guerin,F:08b5f3e77bcd,critic,1
Marie Anne Guerin,F:4acddf379d28,critic,10
Marie Anne Guerin,F:4de9bf8b06ae,critic,5
Marie Anne Guerin,F:5e303ce5e4f2,critic,7
Marie Anne Guerin,F:112ec8bea3cc,critic,2
Haden Guest,F:090832505b0f,critic,7
Haden Guest,F:83c734e30238,critic,10
Haden Guest,F:cb689f3e2a97,critic,8
Haden Guest,F:114b8506a3fa,critic,3
Haden Guest,F:b7b17347ab6a,critic,5
Haden Guest,F:0565ff7fd56c,critic,6
Haden Guest,F:d8d581a179f9,critic,1
Haden Guest,F:d39d1b73d6fa,critic,4
Haden Guest,F:e4e5d0b8b474,critic,9
Haden Guest,F:da2081de6713,critic,2
Mara Guevara,F:e4e5d0b8b474,critic,10
Mara Guevara,F:87ddccd7c29d,critic,7
Mara Guevara,F:09bf30a6d68d,critic,1
Mara Guevara,F:4e2bc3c14baa,critic,8
Mara Guevara,F:85187b5520bc,critic,4
Mara Guevara,F:944ad783759e,critic,9
Mara Guevara,F:543816cdfdff,critic,2
Mara Guevara,F:a7fb4794b496,critic,6
Mara Guevara,F:9c2a59bcd9db,critic,3
Mara Guevara,F:d0605fcc213a,critic,5
Malini Guha,F:1961bdb691aa,critic,6
Malini Guha,F:9a64753216c8,critic,4
Malini Guha,F:325075869126,critic,8
Malini Guha,F:b5b8d610e881,critic,3
Malini Guha,F:d8be33a7aa37,critic,5
Malini Guha,F:0dfe58c65ddc,critic,2
Malini Guha,F:0565ff7fd56c,critic,7
Malini Guha,F:c9caaff114b0,critic,1
Malini Guha,F:83c734e30238,critic,10
Malini Guha,F:08966bbb6c53,critic,9
Antoine Guillot,F:e4e5d0b8b474,critic,7
Antoine Guillot,F:b5a06746734d,critic,9
Antoine Guillot,F:d5d45d8c9f1b,critic,2
Antoine Guillot,F:83c734e30238,critic,10
Antoine Guillot,F:cbb0587ba064,critic,6
Antoine Guillot,F:7a7c0ff849d4,critic,3
Antoine Guillot,F:114ae73dd3a7,critic,5
Antoine Guillot,F:96db1ec94fd6,critic,1
Antoine Guillot,F:653f45346bcc,critic,8
Antoine Guillot,F:f87b3c091815,critic,4
Victor Guimarães,F:7dfe590cdc89,critic,1
Victor Guimarães,F:19eb92f7e110,critic,7
Victor Guimarães,F:70635a746517,critic,3
Victor Guimarães,F:4113c925ae65,critic,4
Victor Guimarães,F:da3f1a9a55b3,critic,6
Victor Guimarães,F:2184d76ee799,critic,2
Victor Guimarães,F:83c734e30238,critic,10
Victor Guimarães,F:3607e9f1675c,critic,8
Victor Guimarães,F:5bf728a15019,critic,5
Victor Guimarães,F:944ad783759e,critic,9
Tom Gunning,F:1a94d9f63387,critic,2
Tom Gunning,F:c34fe68dc6cf,critic,5
Tom Gunning,F:853aa70a4537,critic,3
Tom Gunning,F:b5a06746734d,critic,10
Tom Gunning,F:096362e962d8,critic,4
Tom Gunning,F:d117472f572e,critic,8
Tom Gunning,F:e4e5d0b8b474,critic,9
Tom Gunning,F:c0891d475a49,critic,6
Tom Gunning,F:a0e97ad8bdd4,critic,1
Tom Gunning,F:090832505b0f,critic,7
Shubhra Gupta,F:5eedd4577d75,critic,5
Shubhra Gupta,F:0ea0e00d9fdc,critic,9
Shubhra Gupta,F:cda1a8b3152c,critic,10
Shubhra Gupta,F:0a1fec58717c,critic,1
Shubhra Gupta,F:3a2974a95f53,critic,7
Shubhra Gupta,F:784aeb6d0afa,critic,2
Shubhra Gupta,F:e5ae10ea6253,critic,3
Shubhra Gupta,F:957930b7e06e,critic,6
Shubhra Gupta,F:9e8ba0e33571,critic,4
Shubhra Gupta,F:459c330913be,critic,8
Mark Gustafson,F:b132d89fef53,director,10
Mark Gustafson,F:e2bff7956338,director,9
Mark Gustafson,F:f71879711b8f,director,5
Mark Gustafson,F:cbca9660da1d,director,2
Mark Gustafson,F:069cda2e3235,director,6
Mark Gustafson,F:ca0238bc4718,director,1
Mark Gustafson,F:03774d8054b0,director,7
Mark Gustafson,F:71c7b9363133,director,3
Mark Gustafson,F:ea8c30267045,director,4
Mark Gustafson,F:7fe15b05ccde,director,8
Evgeny Gusyatinskiy,F:29e8c2663329,critic,8
Evgeny Gusyatinskiy,F:83c734e30238,critic,10
Evgeny Gusyatinskiy,F:1232574daf78,critic,3
Evgeny Gusyatinskiy,F:944ad783759e,critic,9
Evgeny Gusyatinskiy,F:cbb0587ba064,critic,6
Evgeny Gusyatinskiy,F:090832505b0f,critic,7
Evgeny Gusyatinskiy,F:4a7fa7be8c87,critic,5
Evgeny Gusyatinskiy,F:15cebbda1cd1,critic,2
Evgeny Gusyatinskiy,F:f487433720d3,critic,4
Evgeny Gusyatinskiy,F:f85c54efe544,critic,1
Roman Gutek,F:83ebc8b43c9d,critic,6
Roman Gutek,F:15298623ef1f,critic,3
Roman Gutek,F:bf6387f2c8ae,critic,9
Roman Gutek,F:29e8c2663329,critic,5
Roman Gutek,F:97b42f962368,critic,7
Roman Gutek,F:bee09401fa7d,critic,4
Roman Gutek,F:114ae73dd3a7,critic,2
Roman Gutek,F:ae7c0cd388db,critic,1
Roman Gutek,F:9f96298e4d23,critic,8
Roman Gutek,F:b5a06746734d,critic,10
Paula  Guthat,F:4856ae18c1cd,critic,7
Paula  Guthat,F:cb689f3e2a97,critic,10
Paula  Guthat,F:79c30aef6e24,critic,5
Paula  Guthat,F:17628f83ead5,critic,3
Paula  Guthat,F:5aac0def84d2,critic,2
Paula  Guthat,F:b0360159539e,critic,6
Paula  Guthat,F:16913ba1d831,critic,9
Paula  Guthat,F:ed913192d169,critic,8
Paula  Guthat,F:8ce8232221d4,critic,4
Paula  Guthat,F:0fcff8df03a1,critic,1
Carlos A. Gutiérrez,F:dc1d31ad4494,critic,1
Carlos A. Gutiérrez,F:d0605fcc213a,critic,6
Carlos A. Gutiérrez,F:68e3c00e317b,critic,4
Carlos A. Gutiérrez,F:2da4899c687b,critic,10
Carlos A. Gutiérrez,F:419bcf910c58,critic,3
Carlos A. Gutiérrez,F:7e52230dd02d,critic,9
Carlos A. Gutiérrez,F:f9b6370c1fc2,critic,8
Carlos A. Gutiérrez,F:1ee3cb193d12,critic,2
Carlos A. Gutiérrez,F:6158c3acae8a,critic,7
Carlos A. Gutiérrez,F:5bf728a15019,critic,5
Akua Gyamfi,F:4e359000c41c,critic,8
Akua Gyamfi,F:37a9fd3afae9,critic,10
Akua Gyamfi,F:b692702bbdf2,critic,6
Akua Gyamfi,F:e64c3edf2fa7,critic,4
Akua Gyamfi,F:12b62f175156,critic,2
Akua Gyamfi,F:8c8c03337e64,critic,7
Akua Gyamfi,F:bc23a0b30cb0,critic,9
Akua Gyamfi,F:58c80c4fb10b,critic,1
Akua Gyamfi,F:cdba4c2c6eae,critic,3
Akua Gyamfi,F:8e24e206f08d,critic,5
Hauvick Habéchian,F:3c781cd7cdf8,critic,3
Hauvick Habéchian,F:cd8b74b7b5a9,critic,1
Hauvick Habéchian,F:6d78c0ecb7e7,critic,5
Hauvick Habéchian,F:b5a06746734d,critic,10
Hauvick Habéchian,F:75046ffb9b38,critic,6
Hauvick Habéchian,F:8fe1bdde11ef,critic,4
Hauvick Habéchian,F:d472058d559a,critic,7
Hauvick Habéchian,F:29e8c2663329,critic,8
Hauvick Habéchian,F:97b42f962368,critic,9
Hauvick Habéchian,F:c3f4f3d3dda9,critic,2
Lucile Hadžihalilović,F:b132d89fef53,director,10
Lucile Hadžihalilović,F:125061f190de,director,9
Lucile Hadžihalilović,F:a454d3354c22,director,3
Lucile Hadžihalilović,F:69dee05125cb,director,6
Lucile Hadžihalilović,F:9113deb430d0,director,4
Lucile Hadžihalilović,F:0a600f29226c,director,8
Lucile Hadžihalilović,F:0df7362f710e,director,5
Lucile Hadžihalilović,F:e737f5f02536,director,2
Lucile Hadžihalilović,F:3a3ec9a6367f,director,1
Lucile Hadžihalilović,F:b339d6c582f0,director,7
Kim Haery,F:feaa04ac1109,critic,8
Kim Haery,F:002c591e702f,critic,7
Kim Haery,F:cd8b74b7b5a9,critic,4
Kim Haery,F:e3db72878efa,critic,6
Kim Haery,F:75046ffb9b38,critic,9
Kim Haery,F:2accb1bdefd9,critic,2
Kim Haery,F:77324d1d150c,critic,5
Kim Haery,F:e317c0295707,critic,1
Kim Haery,F:83c734e30238,critic,10
Kim Haery,F:cae7892d945f,critic,3
Malte Hagener,F:e4e5d0b8b474,critic,8
Malte Hagener,F:c0891d475a49,critic,3
Malte Hagener,F:b5a06746734d,critic,10
Malte Hagener,F:7e52230dd02d,critic,1
Malte Hagener,F:02ded6e20b97,critic,5
Malte Hagener,F:75046ffb9b38,critic,6
Malte Hagener,F:10e86670da04,critic,2
Malte Hagener,F:944ad783759e,critic,7
Malte Hagener,F:325075869126,critic,9
Malte Hagener,F:6744994f98f6,critic,4
Toby Haggith,F:b132d89fef53,critic,10
Toby Haggith,F:c45b02da9c41,critic,2
Toby Haggith,F:dd8922e816e9,critic,5
Toby Haggith,F:477977925947,critic,8
Toby Haggith,F:b44b89d18e0a,critic,3
Toby Haggith,F:1f1a383ea551,critic,1
Toby Haggith,F:c64fcab20129,critic,6
Toby Haggith,F:ff8951301912,critic,7
Toby Haggith,F:d1188b34b03c,critic,9
Toby Haggith,F:59b784554c3b,critic,4
Mani Haghighi,F:653f45346bcc,director,10
Mani Haghighi,F:e507a2715d23,director,1
Mani Haghighi,F:0c64dd7aa964,director,3
Mani Haghighi,F:bd9efaa29502,director,4
Mani Haghighi,F:c34fe68dc6cf,director,6
Mani Haghighi,F:97b42f962368,director,9
Mani Haghighi,F:296c885895bb,director,5
Mani Haghighi,F:ec7726632ac1,director,8
Mani Haghighi,F:3f3ddbcd3f37,director,2
Mani Haghighi,F:c78c6b97f980,director,7
Anke Hahn,F:6e976edda94a,critic,2
Anke Hahn,F:f8988e9c22d1,critic,3
Anke Hahn,F:2a5f669472bc,critic,6
Anke Hahn,F:cb689f3e2a97,critic,9
Anke Hahn,F:d2ac8fced14e,critic,8
Anke Hahn,F:83c734e30238,critic,10
Anke Hahn,F:2d317099d7fe,critic,1
Anke Hahn,F:413d2bed80fb,critic,7
Anke Hahn,F:d270087b657a,critic,5
Anke Hahn,F:cdacaa64a889,critic,4
Andrew Haigh,F:f44713a09e4d,director,10
Andrew Haigh,F:8ce8232221d4,director,6
Andrew Haigh,F:0c208843518d,director,7
Andrew Haigh,F:548cb9553267,director,3
Andrew Haigh,F:23bcdf10e622,director,8
Andrew Haigh,F:e8b008a8f498,director,4
Andrew Haigh,F:33ee3fa8d57d,director,2
Andrew Haigh,F:15298623ef1f,director,9
Andrew Haigh,F:e5c08e9f1271,director,5
Andrew Haigh,F:d50f2e835547,director,1
Lindsay Hallam,F:11f597068baf,critic,7
Lindsay Hallam,F:9d5f6e82448b,critic,4
Lindsay Hallam,F:325075869126,critic,9
Lindsay Hallam,F:f3a8723d695d,critic,5
Lindsay Hallam,F:d1188b34b03c,critic,8
Lindsay Hallam,F:8001af586194,critic,1
Lindsay Hallam,F:39cfcfa4e115,critic,2
Lindsay Hallam,F:6b3a0b38e917,critic,3
Lindsay Hallam,F:08966bbb6c53,critic,10
Lindsay Hallam,F:f8abdb2ec9d8,critic,6
Fionnuala Halligan,F:03b3065dc545,critic,7
Fionnuala Halligan,F:89bca25c2226,critic,5
Fionnuala Halligan,F:848151d59c95,critic,2
Fionnuala Halligan,F:325075869126,critic,9
Fionnuala Halligan,F:83c734e30238,critic,10
Fionnuala Halligan,F:cb689f3e2a97,critic,8
Fionnuala Halligan,F:cdacaa64a889,critic,3
Fionnuala Halligan,F:d270087b657a,critic,4
Fionnuala Halligan,F:65393b2ac77a,critic,6
Fionnuala Halligan,F:c8d8fbdf2fe0,critic,1
Ed Halter,F:24a631680390,critic,1
Ed Halter,F:11520fe4980e,critic,4
Ed Halter,F:f656eec2c6b8,critic,6
Ed Halter,F:012ea933088f,critic,5
Ed Halter,F:63ff11fb72f5,critic,3
Ed Halter,F:67b0d09fb2d2,critic,10
Ed Halter,F:2bbd68858abd,critic,9
Ed Halter,F:ad29ea2e2a16,critic,2
Ed Halter,F:c09568abead3,critic,7
Ed Halter,F:fa460217bf79,critic,8
Hannah Hamad,F:b5fac1879322,critic,9
Hannah Hamad,F:f44713a09e4d,critic,10
Hannah Hamad,F:38e5d351a633,critic,1
Hannah Hamad,F:849c770807c6,critic,2
Hannah Hamad,F:18135f42a075,critic,4
Hannah Hamad,F:67b0d09fb2d2,critic,5
Hannah Hamad,F:3852b557c520,critic,6
Hannah Hamad,F:95cb5acf1ea2,critic,8
Hannah Hamad,F:13df7c77db31,critic,3
Hannah Hamad,F:e037a0ce1088,critic,7
Peter Hames,F:16ba9aaca05f,critic,1
Peter Hames,F:caa308e1aead,critic,3
Peter Hames,F:c7827e6e17bf,critic,5
Peter Hames,F:84797302ff64,critic,2
Peter Hames,F:1025f1ade830,critic,7
Peter Hames,F:29e8c2663329,critic,10
Peter Hames,F:8008ebd0f264,critic,4
Peter Hames,F:6744994f98f6,critic,9
Peter Hames,F:b7dbf64232a8,critic,8
Peter Hames,F:22e3b23afbdf,critic,6
Rahul Hamid,F:b5a06746734d,critic,9
Rahul Hamid,F:d39d1b73d6fa,critic,3
Rahul Hamid,F:944ad783759e,critic,6
Rahul Hamid,F:cebe5457b5ce,critic,1
Rahul Hamid,F:bf6387f2c8ae,critic,8
Rahul Hamid,F:83c734e30238,critic,10
Rahul Hamid,F:7fa585215d06,critic,2
Rahul Hamid,F:cb689f3e2a97,critic,5
Rahul Hamid,F:325075869126,critic,7
Rahul Hamid,F:c22c42cd69b9,critic,4
A. S. Hamrah,F:b5288e127311,critic,3
A. S. Hamrah,F:ff8f994c1c1c,critic,4
A. S. Hamrah,F:a9519db91181,critic,9
A. S. Hamrah,F:3c781cd7cdf8,critic,7
A. S. Hamrah,F:15bcedf51ef8,critic,10
A. S. Hamrah,F:11f597068baf,critic,8
A. S. Hamrah,F:242bcffbc89a,critic,6
A. S. Hamrah,F:d63f22c37e98,critic,5
A. S. Hamrah,F:e52fc2296762,critic,1
A. S. Hamrah,F:705d2e705fc7,critic,2
David Hanan,F:12ec02598dd1,critic,1
David Hanan,F:15298623ef1f,critic,9
David Hanan,F:b6d276d103b9,critic,2
David Hanan,F:e1980f159d31,critic,6
David Hanan,F:559d6b071df3,critic,3
David Hanan,F:7f53ed4db7b6,critic,8
David Hanan,F:090832505b0f,critic,10
David Hanan,F:e6ac65b5f055,critic,7
David Hanan,F:7fbd3f24989f,critic,4
David Hanan,F:74a21075d73c,critic,5
Fiona Handyside,F:ece757e25684,critic,8
Fiona Handyside,F:1bd2534c8158,critic,5
Fiona Handyside,F:d9d612ae3e59,critic,1
Fiona Handyside,F:74c5f4d1395f,critic,6
Fiona Handyside,F:00681ee2b329,critic,3
Fiona Handyside,F:f6bf2c7dd6d0,critic,2
Fiona Handyside,F:2907bfe31ad2,critic,9
Fiona Handyside,F:bba1e8ad9496,critic,4
Fiona Handyside,F:aa5b85412a3e,critic,7
Fiona Handyside,F:dd03c7ae8bd4,critic,10
Julian Hanich,F:b132d89fef53,critic,10
Julian Hanich,F:d6d30033c698,critic,5
Julian Hanich,F:ea8c30267045,critic,6
Julian Hanich,F:29e8c2663329,critic,8
Julian Hanich,F:5565070217cb,critic,1
Julian Hanich,F:e317c0295707,critic,2
Julian Hanich,F:090832505b0f,critic,7
Julian Hanich,F:d2506ebeb73e,critic,4
Julian Hanich,F:e4e5d0b8b474,critic,9
Julian Hanich,F:9a64753216c8,critic,3
Robert Hanks,F:e95a92c86c8d,critic,2
Robert Hanks,F:c0891d475a49,critic,9
Robert Hanks,F:c5f22456b724,critic,3
Robert Hanks,F:24dc6c8040d9,critic,6
Robert Hanks,F:27cc97d93f99,critic,7
Robert Hanks,F:4acddf379d28,critic,10
Robert Hanks,F:feaa04ac1109,critic,8
Robert Hanks,F:d8aaa50899ca,critic,1
Robert Hanks,F:ed258bfa07e7,critic,4
Robert Hanks,F:5e5b16dbc375,critic,5
Steven Hanley,F:9fb492d42a50,critic,8
Steven Hanley,F:2d0d385565c1,critic,3
Steven Hanley,F:8d34f177eaa2,critic,2
Steven Hanley,F:03375fce72c5,critic,5
Steven Hanley,F:159d87fb63e0,critic,7
Steven Hanley,F:aa8625a327db,critic,6
Steven Hanley,F:bfbbcb9c9f8e,critic,4
Steven Hanley,F:a7fb4794b496,critic,9
Steven Hanley,F:fbec03ec811d,critic,1
Simran Hans,F:40851c97fe02,critic,6
Simran Hans,F:930e2118f326,critic,7
Simran Hans,F:15bcedf51ef8,critic,8
Simran Hans,F:83c734e30238,critic,10
Simran Hans,F:62223f240a33,critic,4
Simran Hans,F:8c2419d1eecf,critic,3
Simran Hans,F:325075869126,critic,9
Simran Hans,F:87260f5ae7bb,critic,5
Simran Hans,F:f0d2975c53fb,critic,1
Simran Hans,F:ad27d47e2ec4,critic,2
Mia Hansen-Løve,F:2e2537d5d18d,director,2
Mia Hansen-Løve,F:078c56f7dec6,director,9
Mia Hansen-Løve,F:8703270231ee,director,8
Mia Hansen-Løve,F:85152d3fca69,director,4
Mia Hansen-Løve,F:a5c30112f5b1,director,1
Mia Hansen-Løve,F:ef557d6c32c4,director,7
Mia Hansen-Løve,F:a4fbb368886c,director,3
Mia Hansen-Løve,F:f487433720d3,director,10
Mia Hansen-Løve,F:727b4a394724,director,5
Mia Hansen-Løve,F:008495919c65,director,11
Mia Hansen-Løve,F:ed7d59c56f5d,director,6
Briony Hanson,F:51644bbb0d9c,critic,5
Briony Hanson,F:543e8ccf7282,critic,1
Briony Hanson,F:08966bbb6c53,critic,9
Briony Hanson,F:b64d55c5b8cd,critic,2
Briony Hanson,F:6744994f98f6,critic,8
Briony Hanson,F:9092dd8aef43,critic,3
Briony Hanson,F:d270087b657a,critic,4
Briony Hanson,F:59ad7c389a61,critic,7
Briony Hanson,F:83c734e30238,critic,10
Briony Hanson,F:f8abdb2ec9d8,critic,6
Fahmidul Haq,F:bf6387f2c8ae,critic,9
Fahmidul Haq,F:b5a06746734d,critic,10
Fahmidul Haq,F:edfb01f5a9d6,critic,3
Fahmidul Haq,F:bee09401fa7d,critic,4
Fahmidul Haq,F:9f96298e4d23,critic,8
Fahmidul Haq,F:cda1a8b3152c,critic,5
Fahmidul Haq,F:d472058d559a,critic,6
Fahmidul Haq,F:11f597068baf,critic,2
Fahmidul Haq,F:385f01d5660a,critic,1
Fahmidul Haq,F:08966bbb6c53,critic,7
Oli Harbottle,F:7fe15b05ccde,critic,10
Oli Harbottle,F:7b5d85393630,critic,9
Oli Harbottle,F:29be497f95ce,critic,6
Oli Harbottle,F:f376d0dacdd0,critic,8
Oli Harbottle,F:ddcf681c3397,critic,7
Oli Harbottle,F:86feade405f0,critic,2
Oli Harbottle,F:214b96df970a,critic,3
Oli Harbottle,F:fd1c97f46249,critic,4
Oli Harbottle,F:d653d89fbc90,critic,5
Oli Harbottle,F:69e7b24b6dcf,critic,1
Tom Hardiman,F:d90030976e74,director,6
Tom Hardiman,F:dd03c7ae8bd4,director,10
Tom Hardiman,F:9a112c19463d,director,1
Tom Hardiman,F:ca0238bc4718,director,8
Tom Hardiman,F:c57d23af360b,director,5
Tom Hardiman,F:95bfe69a4869,director,2
Tom Hardiman,F:61333a2dbb05,director,3
Tom Hardiman,F:77324d1d150c,director,7
Tom Hardiman,F:6153eeb1ef64,director,9
Tom Hardiman,F:369267b746ad,director,4
David Hare,F:2bcbc58a252d,critic,19
David Hare,F:5c226aa5de90,critic,13
David Hare,F:a454d3354c22,critic,11
David Hare,F:1b50353487a6,critic,10
David Hare,F:4996e9b10df0,critic,17
David Hare,F:d2e4f5e8f98d,critic,16
David Hare,F:a57224c9e34a,critic,8
David Hare,F:46194e616618,critic,15
David Hare,F:2ef8b39c0a4f,critic,4
David Hare,F:39e8daa81ee8,critic,9
David Hare,F:ef039f7a68b5,director,14
David Hare,F:40851c97fe02,director,12
David Hare,F:9f96298e4d23,director,20
David Hare,F:4361c3d865fc,director,1
David Hare,F:140ba3a31a46,director,3
David Hare,F:bdfa37bfed51,director,7
David Hare,F:feaa04ac1109,director,18
David Hare,F:66178f879ad4,director,6
David Hare,F:be4a24d4f051,director,2
David Hare,F:f7a710fc114c,director,5
Margo Harkin,F:23bcdf10e622,director,6
Margo Harkin,F:d6544d0c09c3,director,1
Margo Harkin,F:240c3c3338a1,director,4
Margo Harkin,F:b132d89fef53,director,10
Margo Harkin,F:a34902196db2,director,3
Margo Harkin,F:03774d8054b0,director,8
Margo Harkin,F:a0c4a4e80efe,director,2
Margo Harkin,F:03b3065dc545,director,7
Margo Harkin,F:3779236f3701,director,5
Margo Harkin,F:7fe15b05ccde,director,9
Alistair Harkness,F:3779236f3701,critic,7
Alistair Harkness,F:d472058d559a,critic,9
Alistair Harkness,F:d2506ebeb73e,critic,6
Alistair Harkness,F:6df960d01ebc,critic,5
Alistair Harkness,F:6bd726b305a8,critic,3
Alistair Harkness,F:f8ab762e9652,critic,1
Alistair Harkness,F:65393b2ac77a,critic,4
Alistair Harkness,F:513a2be572a8,critic,2
Alistair Harkness,F:71c7b9363133,critic,8
Alistair Harkness,F:653f45346bcc,critic,10
Kevin Harley,F:ed913192d169,critic,7
Kevin Harley,F:2bcbc58a252d,critic,9
Kevin Harley,F:4434c6705bd6,critic,8
Kevin Harley,F:11f597068baf,critic,6
Kevin Harley,F:2b8f2194d907,critic,3
Kevin Harley,F:23bcdf10e622,critic,4
Kevin Harley,F:af3336b803be,critic,2
Kevin Harley,F:ea8c30267045,critic,5
Kevin Harley,F:578c62bb9d09,critic,1
Kevin Harley,F:9f96298e4d23,critic,10
Mahamat-Saleh Haroun,F:feaa04ac1109,director,5
Mahamat-Saleh Haroun,F:03774d8054b0,director,7
Mahamat-Saleh Haroun,F:1a44df1e31af,director,1
Mahamat-Saleh Haroun,F:944ad783759e,director,9
Mahamat-Saleh Haroun,F:e4e5d0b8b474,director,10
Mahamat-Saleh Haroun,F:7fe15b05ccde,director,8
Mahamat-Saleh Haroun,F:d117472f572e,director,6
Mahamat-Saleh Haroun,F:35c4aff1b6e2,director,2
Mahamat-Saleh Haroun,F:1190a83ac033,director,3
Mahamat-Saleh Haroun,F:9503b95b7798,director,4
Brandon Harris,F:30a853edc01d,critic,2
Brandon Harris,F:299aafd38526,critic,7
Brandon Harris,F:09f868b7a983,critic,1
Brandon Harris,F:a50461292bc4,critic,8
Brandon Harris,F:621ccae3bfba,critic,6
Brandon Harris,F:c6032c33754d,critic,4
Brandon Harris,F:4cc94fb96c46,critic,5
Brandon Harris,F:4178c0f6fbb7,critic,9
Brandon Harris,F:08966bbb6c53,critic,10
Brandon Harris,F:ae7c0cd388db,critic,3
Mark Harris,F:e2bff7956338,critic,9
Mark Harris,F:b132d89fef53,critic,10
Mark Harris,F:edfb01f5a9d6,critic,7
Mark Harris,F:17628f83ead5,critic,1
Mark Harris,F:d1d43bf4deff,critic,2
Mark Harris,F:069cda2e3235,critic,6
Mark Harris,F:71c7b9363133,critic,5
Mark Harris,F:8703270231ee,critic,4
Mark Harris,F:03774d8054b0,critic,8
Mark Harris,F:b5fac1879322,critic,3
Scott Jordan Harris,F:bf6387f2c8ae,critic,9
Scott Jordan Harris,F:32f33617395c,critic,6
Scott Jordan Harris,F:83c734e30238,critic,10
Scott Jordan Harris,F:19eb92f7e110,critic,4
Scott Jordan Harris,F:f4e217197597,critic,3
Scott Jordan Harris,F:6744994f98f6,critic,7
Scott Jordan Harris,F:cbb0587ba064,critic,8
Scott Jordan Harris,F:3a2974a95f53,critic,1
Scott Jordan Harris,F:341aefe6f409,critic,5
Scott Jordan Harris,F:22e3b23afbdf,critic,2
James Harrison,F:cbb0587ba064,critic,9
James Harrison,F:ea8c30267045,critic,4
James Harrison,F:bd648fce3b3f,critic,6
James Harrison,F:4418a62420bf,critic,1
James Harrison,F:f5b23bc11b1d,critic,3
James Harrison,F:20afe757a6d1,critic,2
James Harrison,F:e9e268170b35,critic,5
James Harrison,F:02ded6e20b97,critic,8
James Harrison,F:03774d8054b0,critic,10
James Harrison,F:4434c6705bd6,critic,7
Rebecca Harrison,F:6744994f98f6,critic,10
Rebecca Harrison,F:f8abdb2ec9d8,critic,8
Rebecca Harrison,F:57a1bf06a3b8,critic,7
Rebecca Harrison,F:9ffcc2706db3,critic,3
Rebecca Harrison,F:b3858d1cff92,critic,6
Rebecca Harrison,F:0a600f29226c,critic,9
Rebecca Harrison,F:243aae7ac120,critic,4
Rebecca Harrison,F:af40e7440b63,critic,2
Rebecca Harrison,F:1ec59921ffd0,critic,5
Rebecca Harrison,F:693c3f40d356,critic,1
Eckhard Haschen,F:46194e616618,critic,5
Eckhard Haschen,F:e3a29e728f76,critic,6
Eckhard Haschen,F:c76cd5002ae1,critic,1
Eckhard Haschen,F:d5d56cef191d,critic,4
Eckhard Haschen,F:8c5eb94596d0,critic,3
Eckhard Haschen,F:b5a06746734d,critic,10
Eckhard Haschen,F:d5d45d8c9f1b,critic,8
Eckhard Haschen,F:4d7b47064c89,critic,2
Eckhard Haschen,F:28d41c264f9a,critic,7
Eckhard Haschen,F:4e2bc3c14baa,critic,9
Molly Haskell,F:4996e9b10df0,critic,5
Molly Haskell,F:813bde6e3053,critic,8
Molly Haskell,F:d117472f572e,critic,9
Molly Haskell,F:9503b95b7798,critic,3
Molly Haskell,F:f53416daf440,critic,7
Molly Haskell,F:3e7a3a8f8433,critic,1
Molly Haskell,F:97b42f962368,critic,10
Molly Haskell,F:03809811ea9b,critic,6
Molly Haskell,F:84fa7c2219d2,critic,4
Molly Haskell,F:9fa8a94443bd,critic,2
Nima Hassani Nasab,F:d2e4f5e8f98d,critic,6
Nima Hassani Nasab,F:8f681498cddb,critic,2
Nima Hassani Nasab,F:c0891d475a49,critic,8
Nima Hassani Nasab,F:2db574bfef43,critic,3
Nima Hassani Nasab,F:2ec8e3a6b8aa,critic,7
Nima Hassani Nasab,F:79c30aef6e24,critic,5
Nima Hassani Nasab,F:75046ffb9b38,critic,10
Nima Hassani Nasab,F:7cdcf0b32a06,critic,9
Nima Hassani Nasab,F:29efd26dfc57,critic,1
Nima Hassani Nasab,F:d5d56cef191d,critic,4
Tina Hassannia,F:951e168add74,critic,5
Tina Hassannia,F:8481529aa9c4,critic,6
Tina Hassannia,F:8bca2d931716,critic,2
Tina Hassannia,F:e4e5d0b8b474,critic,10
Tina Hassannia,F:8fc32725b37f,critic,7
Tina Hassannia,F:15bcedf51ef8,critic,8
Tina Hassannia,F:4869214ea5b6,critic,3
Tina Hassannia,F:3a1db211ccc6,critic,4
Tina Hassannia,F:75046ffb9b38,critic,9
Tina Hassannia,F:f7fdcf6814ee,critic,1
Nick Hasted,F:7fe15b05ccde,critic,8
Nick Hasted,F:e4e5d0b8b474,critic,9
Nick Hasted,F:15298623ef1f,critic,6
Nick Hasted,F:8ccaf0311759,critic,3
Nick Hasted,F:8d9013d433e7,critic,1
Nick Hasted,F:2af5c5bcacdf,critic,5
Nick Hasted,F:d4937a407577,critic,4
Nick Hasted,F:bf6387f2c8ae,critic,10
Nick Hasted,F:176166e412b4,critic,7
Nick Hasted,F:55f45b5f336c,critic,2
Annika Haupts,F:7a8a830211f9,critic,3
Annika Haupts,F:c0891d475a49,critic,6
Annika Haupts,F:5f1c11a1a995,critic,1
Annika Haupts,F:76f8cccf860c,critic,5
Annika Haupts,F:ddcf681c3397,critic,4
Annika Haupts,F:e2bff7956338,critic,10
Annika Haupts,F:09035fce59e3,critic,7
Annika Haupts,F:4acddf379d28,critic,8
Annika Haupts,F:d117472f572e,critic,9
Annika Haupts,F:5c4c3ce23ca5,critic,2
Marián Hausner,F:25dd1f523387,critic,3
Marián Hausner,F:325075869126,critic,10
Marián Hausner,F:4434c6705bd6,critic,8
Marián Hausner,F:aee812d4faf1,critic,5
Marián Hausner,F:f88f86b2bb29,critic,6
Marián Hausner,F:69f5bed6f836,critic,9
Marián Hausner,F:31e3a3512a76,critic,7
Marián Hausner,F:8008ebd0f264,critic,4
Marián Hausner,F:bd7675ff78f5,critic,1
Marián Hausner,F:a469a1ee7a19,critic,2
Lee Haven Jones,F:f35840b3124a,director,1
Lee Haven Jones,F:16913ba1d831,director,5
Lee Haven Jones,F:4953ffd81613,director,4
Lee Haven Jones,F:1a5144262bc4,director,2
Lee Haven Jones,F:1bc5acc7eba9,director,3
Lee Haven Jones,F:08966bbb6c53,director,10
Lee Haven Jones,F:83ebc8b43c9d,director,8
Lee Haven Jones,F:653f45346bcc,director,9
Lee Haven Jones,F:09035fce59e3,director,6
Lee Haven Jones,F:d472058d559a,director,7
Philippa Hawker,F:325075869126,critic,9
Philippa Hawker,F:4a7fa7be8c87,critic,8
Philippa Hawker,F:79c30aef6e24,critic,5
Philippa Hawker,F:83c734e30238,critic,10
Philippa Hawker,F:fbac63dcd9cf,critic,7
Philippa Hawker,F:e499a42520f0,critic,4
Philippa Hawker,F:ece762fcf3f7,critic,1
Philippa Hawker,F:ba146e88c89d,critic,2
Philippa Hawker,F:2b8f2194d907,critic,6
Philippa Hawker,F:842f32097573,critic,3
John Hay,F:e2bff7956338,director,9
John Hay,F:16913ba1d831,director,7
John Hay,F:1c5dd68c6d95,director,2
John Hay,F:85945816f94f,director,6
John Hay,F:7b5d85393630,director,8
John Hay,F:a0c4a4e80efe,director,3
John Hay,F:61afc2a946ee,director,4
John Hay,F:88bb0db89f16,director,1
John Hay,F:f6ff4c164fbd,director,5
John Hay,F:08966bbb6c53,director,10
Michael Hayden,F:369267b746ad,critic,3
Michael Hayden,F:2bcbc58a252d,critic,8
Michael Hayden,F:f0003668a2c4,critic,5
Michael Hayden,F:d1188b34b03c,critic,9
Michael Hayden,F:993081619bf4,critic,4
Michael Hayden,F:08966bbb6c53,critic,10
Michael Hayden,F:b2910882a46d,critic,6
Michael Hayden,F:36390770bdfc,critic,1
Michael Hayden,F:8b4b310f435e,critic,7
Michael Hayden,F:84611495dbe0,critic,2
Tim Hayes,F:795658b0a468,critic,7
Tim Hayes,F:1ace472ce6a8,critic,8
Tim Hayes,F:1390ada367e0,critic,3
Tim Hayes,F:3b9696c00dd1,critic,5
Tim Hayes,F:f6c376ad425c,critic,1
Tim Hayes,F:653f45346bcc,critic,10
Tim Hayes,F:10ec6aac4d8b,critic,2
Tim Hayes,F:f27b3138eae5,critic,6
Tim Hayes,F:ce83cdfc8504,critic,9
Tim Hayes,F:d058083563e4,critic,4
Stefan Hayn,F:ba34674e3025,director,5
Stefan Hayn,F:1366f06c2ff3,director,6
Stefan Hayn,F:abab9e55aab2,director,1
Stefan Hayn,F:51729dc26505,director,2
Stefan Hayn,F:7b08c21614b3,director,4
Stefan Hayn,F:cdc432f35a94,director,3
Stefan Hayn,F:26009410a7ec,director,7
Stefan Hayn,F:8ed98c2d0e97,director,10
Stefan Hayn,F:3c7d32eb8e64,director,9
Stefan Hayn,F:8838f5348714,director,8
Jack Hazan,F:bf6387f2c8ae,director,10
Jack Hazan,F:15298623ef1f,director,6
Jack Hazan,F:7b5d85393630,director,9
Jack Hazan,F:cdb76db94f02,director,4
Jack Hazan,F:eeb94ecd85af,director,2
Jack Hazan,F:1c8565784f6c,director,3
Jack Hazan,F:f71879711b8f,director,5
Jack Hazan,F:069cda2e3235,director,7
Jack Hazan,F:6a8267b2a0ea,director,1
Jack Hazan,F:2bcbc58a252d,director,8
Michel Hazanavicius,F:4a3e1e8dde96,director,1
Michel Hazanavicius,F:7dacc043e524,director,9
Michel Hazanavicius,F:8481529aa9c4,director,3
Michel Hazanavicius,F:bf6387f2c8ae,director,10
Michel Hazanavicius,F:ed913192d169,director,7
Michel Hazanavicius,F:6ef9ec2a60f2,director,4
Michel Hazanavicius,F:176166e412b4,director,8
Michel Hazanavicius,F:e9e268170b35,director,5
Michel Hazanavicius,F:bd648fce3b3f,director,6
Michel Hazanavicius,F:95e72a399dc5,director,2
Claire Marie Healy,F:d6d30033c698,critic,6
Claire Marie Healy,F:4a5bb2892077,critic,3
Claire Marie Healy,F:fbac63dcd9cf,critic,7
Claire Marie Healy,F:c7384eeb7b0e,critic,5
Claire Marie Healy,F:5bfb5fa6318b,critic,2
Claire Marie Healy,F:0a600f29226c,critic,9
Claire Marie Healy,F:ac7704e79e9c,critic,1
Claire Marie Healy,F:32f33617395c,critic,8
Claire Marie Healy,F:4e1ecc31383f,critic,4
Claire Marie Healy,F:59ad7c389a61,critic,10
Jamie Healy,F:ea8c30267045,critic,6
Jamie Healy,F:e2bff7956338,critic,9
Jamie Healy,F:176166e412b4,critic,7
Jamie Healy,F:57a1bf06a3b8,critic,4
Jamie Healy,F:38ccb3d447c3,critic,8
Jamie Healy,F:e067866bf78e,critic,3
Jamie Healy,F:5545401622fb,critic,1
Jamie Healy,F:15116cd4cb7a,critic,2
Jamie Healy,F:b2910882a46d,critic,5
Jamie Healy,F:08966bbb6c53,critic,10
Sandra Hebron,F:b2910882a46d,critic,6
Sandra Hebron,F:7cdcf0b32a06,critic,10
Sandra Hebron,F:1961bdb691aa,critic,5
Sandra Hebron,F:0565ff7fd56c,critic,9
Sandra Hebron,F:a9519db91181,critic,8
Sandra Hebron,F:dd03c7ae8bd4,critic,7
Sandra Hebron,F:413d2bed80fb,critic,4
Sandra Hebron,F:4a156fefa5cb,critic,2
Sandra Hebron,F:885b9292f4f2,critic,1
Sandra Hebron,F:5faf4e826922,critic,3
Vinzenz Hediger,F:83c734e30238,critic,10
Vinzenz Hediger,F:dd03c7ae8bd4,critic,5
Vinzenz Hediger,F:d2ac8fced14e,critic,7
Vinzenz Hediger,F:15bcedf51ef8,critic,6
Vinzenz Hediger,F:325075869126,critic,9
Vinzenz Hediger,F:cb689f3e2a97,critic,8
Vinzenz Hediger,F:7fdeecd17aea,critic,3
Vinzenz Hediger,F:69dee05125cb,critic,4
Vinzenz Hediger,F:b5489ad65bfa,critic,2
Vinzenz Hediger,F:b7a375b81ea1,critic,1
Arnaud Hée,F:251cd649f30e,critic,2
Arnaud Hée,F:69f5bed6f836,critic,10
Arnaud Hée,F:5094c1da4d65,critic,8
Arnaud Hée,F:58f9e7707a27,critic,7
Arnaud Hée,F:240c3c3338a1,critic,6
Arnaud Hée,F:944ad783759e,critic,9
Arnaud Hée,F:5115ddbe3df6,critic,3
Arnaud Hée,F:b012c8bfaaac,critic,1
Arnaud Hée,F:e1be2047fa1c,critic,4
Arnaud Hée,F:8e930f89d440,critic,5
Natesh Hegde,F:b5749f03606c,director,8
Natesh Hegde,F:1232574daf78,director,5
Natesh Hegde,F:a0d6f730a9b4,director,2
Natesh Hegde,F:c34fe68dc6cf,director,7
Natesh Hegde,F:944ad783759e,director,10
Natesh Hegde,F:ece11069f372,director,3
Natesh Hegde,F:fe50429c9bdb,director,1
Natesh Hegde,F:75046ffb9b38,director,9
Natesh Hegde,F:69dee05125cb,director,6
Natesh Hegde,F:4bbf32d00fd9,director,4
Patrick Heidmann,F:08966bbb6c53,critic,9
Patrick Heidmann,F:f44713a09e4d,critic,8
Patrick Heidmann,F:16913ba1d831,critic,6
Patrick Heidmann,F:83c734e30238,critic,10
Patrick Heidmann,F:df1099e94aec,critic,3
Patrick Heidmann,F:03b3065dc545,critic,7
Patrick Heidmann,F:904bf976bc43,critic,2
Patrick Heidmann,F:3d57bbc1680d,critic,4
Patrick Heidmann,F:c4fda376339f,critic,5
Patrick Heidmann,F:b2dff4220db9,critic,1
Liz Helfgott,F:950c29bf9796,critic,7
Liz Helfgott,F:a9519db91181,critic,8
Liz Helfgott,F:951e168add74,critic,6
Liz Helfgott,F:0565ff7fd56c,critic,9
Liz Helfgott,F:17628f83ead5,critic,4
Liz Helfgott,F:c4ed073af9f3,critic,1
Liz Helfgott,F:c4fda376339f,critic,5
Liz Helfgott,F:52fed6709791,critic,2
Liz Helfgott,F:813bde6e3053,critic,10
Liz Helfgott,F:4a931c545f02,critic,3
Susanna Helke,F:edfb01f5a9d6,critic,9
Susanna Helke,F:3eae6759564f,critic,2
Susanna Helke,F:9add670ca01e,critic,7
Susanna Helke,F:4667a3130619,critic,5
Susanna Helke,F:71c3a979d1dc,critic,4
Susanna Helke,F:9c3f5dbc8d78,critic,6
Susanna Helke,F:dd03c7ae8bd4,critic,8
Susanna Helke,F:4eee3d2340e9,critic,3
Susanna Helke,F:17dd7498ad62,critic,1
Alexandra Heller-Nicholas,F:2691120e9981,critic,3
Alexandra Heller-Nicholas,F:a6bd6b25ecb3,critic,5
Alexandra Heller-Nicholas,F:090832505b0f,critic,10
Alexandra Heller-Nicholas,F:7e52230dd02d,critic,9
Alexandra Heller-Nicholas,F:02dffd55df9c,critic,1
Alexandra Heller-Nicholas,F:beaa42a4d260,critic,4
Alexandra Heller-Nicholas,F:9d5f6e82448b,critic,6
Alexandra Heller-Nicholas,F:37bbd65ea51f,critic,7
Alexandra Heller-Nicholas,F:420322acdd41,critic,2
Alexandra Heller-Nicholas,F:65393b2ac77a,critic,8
Amy Heller,F:0565ff7fd56c,critic,10
Amy Heller,F:4996e9b10df0,critic,9
Amy Heller,F:6cc85197e38f,critic,1
Amy Heller,F:c80392c9829c,critic,6
Amy Heller,F:9539729dc80f,critic,8
Amy Heller,F:c4e34698c643,critic,7
Amy Heller,F:92dbbd1bb00b,critic,5
Amy Heller,F:acddc3a842b7,critic,2
Amy Heller,F:19d8f38c2c83,critic,4
Amy Heller,F:f32237abd68e,critic,3
Nicolas Helm-Grovas,F:d8e24aa1ab58,critic,10
Nicolas Helm-Grovas,F:49f57aba99d4,critic,5
Nicolas Helm-Grovas,F:3bd2161c967f,critic,7
Nicolas Helm-Grovas,F:09874e3f5d06,critic,8
Nicolas Helm-Grovas,F:277c632499c8,critic,6
Nicolas Helm-Grovas,F:6a468d69e231,critic,2
Nicolas Helm-Grovas,F:7fd58cc2be36,critic,1
Nicolas Helm-Grovas,F:4ddf6580e24d,critic,3
Nicolas Helm-Grovas,F:58f9e7707a27,critic,9
Nicolas Helm-Grovas,F:1bdabe7c1d46,critic,4
Eric Henderson,F:5d0fccf10633,critic,4
Eric Henderson,F:cf4f8f54b4df,critic,7
Eric Henderson,F:717d1ab835a9,critic,1
Eric Henderson,F:008495919c65,critic,9
Eric Henderson,F:49abeb5047ea,critic,3
Eric Henderson,F:5a242678dbf0,critic,2
Eric Henderson,F:8fc32725b37f,critic,10
Eric Henderson,F:3c781cd7cdf8,critic,6
Eric Henderson,F:68f067eb3cf7,critic,5
Eric Henderson,F:f87b3c091815,critic,8
Odie Henderson,F:d1d43bf4deff,critic,2
Odie Henderson,F:8b4b310f435e,critic,6
Odie Henderson,F:008495919c65,critic,5
Odie Henderson,F:1c8565784f6c,critic,4
Odie Henderson,F:d1188b34b03c,critic,8
Odie Henderson,F:ca0238bc4718,critic,3
Odie Henderson,F:bf6387f2c8ae,critic,9
Odie Henderson,F:b5a06746734d,critic,10
Odie Henderson,F:3dc11a61f1ca,critic,1
Odie Henderson,F:75046ffb9b38,critic,7
Maggie Hennefeld,F:95b87b69c55d,critic,2
Maggie Hennefeld,F:d24f18cbcc32,critic,3
Maggie Hennefeld,F:c021db020839,critic,4
Maggie Hennefeld,F:53da870e2176,critic,1
Maggie Hennefeld,F:925ac10deaec,critic,5
Maggie Hennefeld,F:d2ac8fced14e,critic,10
Maggie Hennefeld,F:b5b8d610e881,critic,7
Maggie Hennefeld,F:646ea2ac9f18,critic,8
Maggie Hennefeld,F:d8be33a7aa37,critic,9
Maggie Hennefeld,F:f1f6b7b257fc,critic,6
Carlos F. Heredero,F:b5a06746734d,critic,10
Carlos F. Heredero,F:d117472f572e,critic,7
Carlos F. Heredero,F:9f96298e4d23,critic,9
Carlos F. Heredero,F:6c6d0bc5ce49,critic,5
Carlos F. Heredero,F:08966bbb6c53,critic,8
Carlos F. Heredero,F:2e2537d5d18d,critic,1
Carlos F. Heredero,F:ef557d6c32c4,critic,4
Carlos F. Heredero,F:41912772ddcd,critic,3
Carlos F. Heredero,F:38b522b41810,critic,2
Carlos F. Heredero,F:2ec8e3a6b8aa,critic,6
Don Hertzfeldt,F:b132d89fef53,director,9
Don Hertzfeldt,F:bf6387f2c8ae,director,10
Don Hertzfeldt,F:e2bff7956338,director,8
Don Hertzfeldt,F:e54355b5ed3d,director,2
Don Hertzfeldt,F:424f6f84bc29,director,4
Don Hertzfeldt,F:8434936e6154,director,3
Don Hertzfeldt,F:7c9c923f35c0,director,6
Don Hertzfeldt,F:860988085746,director,5
Don Hertzfeldt,F:a240c3e6021c,director,1
Don Hertzfeldt,F:59ad7c389a61,director,7
Andrew Heskins,F:9f96298e4d23,critic,10
Andrew Heskins,F:08966bbb6c53,critic,9
Andrew Heskins,F:bee09401fa7d,critic,8
Andrew Heskins,F:68095e4e33e8,critic,6
Andrew Heskins,F:dcbd91f7bae6,critic,2
Andrew Heskins,F:8f88095f850f,critic,1
Andrew Heskins,F:39cfcfa4e115,critic,4
Andrew Heskins,F:7de775151e48,critic,3
Andrew Heskins,F:fbac63dcd9cf,critic,7
Andrew Heskins,F:d42aca6e5fa1,critic,5
David Heslin,F:4e2bc3c14baa,critic,7
David Heslin,F:5d4075b255cd,critic,2
David Heslin,F:838a18661382,critic,5
David Heslin,F:f487433720d3,critic,8
David Heslin,F:f1055f28d532,critic,1
David Heslin,F:8082e9c53944,critic,4
David Heslin,F:125061f190de,critic,9
David Heslin,F:b132d89fef53,critic,10
David Heslin,F:a362f5a8e408,critic,3
David Heslin,F:d0416491dc50,critic,6
John Hill,F:d39d1b73d6fa,critic,8
John Hill,F:941e4523430b,critic,2
John Hill,F:72d8bc7578ad,critic,9
John Hill,F:1a94d9f63387,critic,4
John Hill,F:25c92cc36090,critic,3
John Hill,F:79c30aef6e24,critic,7
John Hill,F:aa9ca1df5398,critic,6
John Hill,F:6744994f98f6,critic,10
John Hill,F:b1c6f88d3670,critic,1
John Hill,F:75719b21d0aa,critic,5
Walter Hill,F:03774d8054b0,director,9
Walter Hill,F:bf6387f2c8ae,director,10
Walter Hill,F:fbfc282cbfbb,director,5
Walter Hill,F:83ebc8b43c9d,director,8
Walter Hill,F:7c29c6c89454,director,1
Walter Hill,F:28d41c264f9a,director,6
Walter Hill,F:2861a518888c,director,3
Walter Hill,F:84fa7c2219d2,director,4
Walter Hill,F:2907bfe31ad2,director,7
Walter Hill,F:8ef14bf34952,director,2
John Hillcoat,F:813bde6e3053,director,9
John Hillcoat,F:4acddf379d28,director,8
John Hillcoat,F:d472058d559a,director,10
John Hillcoat,F:1c8565784f6c,director,6
John Hillcoat,F:2778fb647ba0,director,2
John Hillcoat,F:e067866bf78e,director,4
John Hillcoat,F:9a3cb1c9474c,director,1
John Hillcoat,F:10e86670da04,director,7
John Hillcoat,F:1ace472ce6a8,director,3
John Hillcoat,F:6ff93b77cfca,director,5
Henry Hills,F:69f5bed6f836,director,8
Henry Hills,F:096362e962d8,director,6
Henry Hills,F:95bd800bd9e5,director,7
Henry Hills,F:d00ae7a6785b,director,3
Henry Hills,F:679dacc3b571,director,5
Henry Hills,F:5bb3713a5eb6,director,2
Henry Hills,F:72a939f69b84,director,1
Henry Hills,F:41802f0348ba,director,4
Carolyn Hinds,F:1424e52cb514,critic,1
Carolyn Hinds,F:37dfc5b21ae7,critic,4
Carolyn Hinds,F:b0360159539e,critic,8
Carolyn Hinds,F:79e927c6fa34,critic,5
Carolyn Hinds,F:57a1bf06a3b8,critic,7
Carolyn Hinds,F:763ac841fd38,critic,2
Carolyn Hinds,F:ae24209c7310,critic,6
Carolyn Hinds,F:01850bd0383a,critic,3
Carolyn Hinds,F:16913ba1d831,critic,9
Carolyn Hinds,F:bee09401fa7d,critic,10
Lili Hinstin,F:e2e430a1802f,critic,4
Lili Hinstin,F:c2628b005779,critic,1
Lili Hinstin,F:743e8f968e3c,critic,7
Lili Hinstin,F:49f57aba99d4,critic,2
Lili Hinstin,F:1a94d9f63387,critic,8
Lili Hinstin,F:5ff8e468e0f2,critic,9
Lili Hinstin,F:9c3f5dbc8d78,critic,6
Lili Hinstin,F:d8937300348b,critic,3
Lili Hinstin,F:b7a375b81ea1,critic,5
Lili Hinstin,F:6e92bae17de8,critic,10
Isamu Hirabayashi,F:b132d89fef53,director,10
Isamu Hirabayashi,F:44e85b14693b,director,3
Isamu Hirabayashi,F:ca22974a53b4,director,2
Isamu Hirabayashi,F:8d16a29854c9,director,4
Isamu Hirabayashi,F:bee09401fa7d,director,9
Isamu Hirabayashi,F:fbac63dcd9cf,director,8
Isamu Hirabayashi,F:d2c81bee4c02,director,6
Isamu Hirabayashi,F:c247ad9469a4,director,5
Isamu Hirabayashi,F:77324d1d150c,director,7
Isamu Hirabayashi,F:128bd06f3a58,director,1
Rajkumar Hirani,F:82f51bc15898,director,5
Rajkumar Hirani,F:f993dfb4c0a6,director,1
Rajkumar Hirani,F:03774d8054b0,director,9
Rajkumar Hirani,F:5f9daceb0454,director,8
Rajkumar Hirani,F:cd6c92d24d51,director,6
Rajkumar Hirani,F:3cee3c945b46,director,4
Rajkumar Hirani,F:38ccb3d447c3,director,10
Rajkumar Hirani,F:1a44df1e31af,director,2
Rajkumar Hirani,F:a2006b1e3f35,director,7
Rajkumar Hirani,F:69037f12168c,director,3
KOMATSU Hiroshi,F:800cba055c46,critic,1
KOMATSU Hiroshi,F:82a5ffc014cb,critic,2
KOMATSU Hiroshi,F:cd934a681544,critic,3
KOMATSU Hiroshi,F:48c05f7879a4,critic,4
KOMATSU Hiroshi,F:2a8f56db9a46,critic,5
KOMATSU Hiroshi,F:2aca49668f20,critic,6
KOMATSU Hiroshi,F:f1d528b6c734,critic,9
KOMATSU Hiroshi,F:15cebbda1cd1,critic,10
KOMATSU Hiroshi,F:007b3f685d29,critic,7
KOMATSU Hiroshi,F:ab8f04900cd7,critic,8
Sam Ho,F:72d8bc7578ad,critic,4
Sam Ho,F:bd232d87d529,critic,2
Sam Ho,F:e2bff7956338,critic,9
Sam Ho,F:7cdcf0b32a06,critic,5
Sam Ho,F:29e8c2663329,critic,7
Sam Ho,F:4b8f683b55a8,critic,1
Sam Ho,F:4178c0f6fbb7,critic,8
Sam Ho,F:d117472f572e,critic,6
Sam Ho,F:341aefe6f409,critic,3
Sam Ho,F:b5a06746734d,critic,10
Phil Hoad,F:146ec1241d81,critic,5
Phil Hoad,F:b5749f03606c,critic,7
Phil Hoad,F:6d78c0ecb7e7,critic,8
Phil Hoad,F:11f597068baf,critic,6
Phil Hoad,F:4418a62420bf,critic,4
Phil Hoad,F:8434936e6154,critic,2
Phil Hoad,F:aa9ca1df5398,critic,3
Phil Hoad,F:291f21a28b35,critic,1
Phil Hoad,F:38ccb3d447c3,critic,9
Phil Hoad,F:9f96298e4d23,critic,10
J Hoberman,F:813bde6e3053,critic,7
J Hoberman,F:53f90337bcd9,critic,2
J Hoberman,F:a4c51ae5137c,critic,3
J Hoberman,F:e1ad66603213,critic,1
J Hoberman,F:69f5bed6f836,critic,10
J Hoberman,F:a9519db91181,critic,5
J Hoberman,F:cda1a8b3152c,critic,8
J Hoberman,F:9966e5136279,critic,4
J Hoberman,F:4178c0f6fbb7,critic,9
J Hoberman,F:cbb0587ba064,critic,6
Mike Hodges,F:23b7c68223e6,director,5
Mike Hodges,F:febda603b577,director,4
Mike Hodges,F:f7a710fc114c,director,2
Mike Hodges,F:dced1bd006a3,director,3
Mike Hodges,F:7fa585215d06,director,9
Mike Hodges,F:d5a278b199df,director,1
Mike Hodges,F:41a9c0cf626d,director,7
Mike Hodges,F:9fa2ffff0e05,director,8
Mike Hodges,F:85e9e329d9df,director,6
Nick Hodgin,F:69ee1e9bf06a,critic,7
Nick Hodgin,F:ac51458b9f15,critic,3
Nick Hodgin,F:c0891d475a49,critic,10
Nick Hodgin,F:a3d0b4e174aa,critic,5
Nick Hodgin,F:4434c6705bd6,critic,9
Nick Hodgin,F:ba4ac708607c,critic,2
Nick Hodgin,F:8b4b310f435e,critic,8
Nick Hodgin,F:732842e3a0e2,critic,4
Nick Hodgin,F:3685b98b5c42,critic,1
Nick Hodgin,F:ddcf681c3397,critic,6
Barrett Hodsdon,F:20f04f89c007,critic,2
Barrett Hodsdon,F:e4e5d0b8b474,critic,9
Barrett Hodsdon,F:69f5bed6f836,critic,10
Barrett Hodsdon,F:c21985a3eec4,critic,3
Barrett Hodsdon,F:af132df4533e,critic,1
Barrett Hodsdon,F:4996e9b10df0,critic,4
Barrett Hodsdon,F:008495919c65,critic,5
Barrett Hodsdon,F:09035fce59e3,critic,6
Barrett Hodsdon,F:97b42f962368,critic,8
Barrett Hodsdon,F:813bde6e3053,critic,7
Bruce Hodsdon,F:9503b95b7798,critic,2
Bruce Hodsdon,F:4178c0f6fbb7,critic,8
Bruce Hodsdon,F:b5a06746734d,critic,10
Bruce Hodsdon,F:813bde6e3053,critic,7
Bruce Hodsdon,F:fa5e7f56ebee,critic,1
Bruce Hodsdon,F:6ef9ec2a60f2,critic,5
Bruce Hodsdon,F:b339d6c582f0,critic,6
Bruce Hodsdon,F:20a0a276094a,critic,3
Bruce Hodsdon,F:4e2bc3c14baa,critic,4
Bruce Hodsdon,F:325075869126,critic,9
Adina Hoffman,F:84fa7c2219d2,critic,3
Adina Hoffman,F:2861a518888c,critic,1
Adina Hoffman,F:27cc97d93f99,critic,2
Jordan Hoffman,F:b132d89fef53,critic,10
Jordan Hoffman,F:64af353ded24,critic,4
Jordan Hoffman,F:7c54b4356371,critic,8
Jordan Hoffman,F:d1188b34b03c,critic,9
Jordan Hoffman,F:af358d7d1d59,critic,7
Jordan Hoffman,F:28ca0abc1109,critic,3
Jordan Hoffman,F:3aac5db12b12,critic,6
Jordan Hoffman,F:3c794ddf4baf,critic,2
Jordan Hoffman,F:017141e76646,critic,1
Jordan Hoffman,F:ff5bdf04a167,critic,5
Sean Hogan,F:6d78c0ecb7e7,critic,7
Sean Hogan,F:23bcdf10e622,critic,3
Sean Hogan,F:f71879711b8f,critic,6
Sean Hogan,F:08966bbb6c53,critic,10
Sean Hogan,F:653f45346bcc,critic,9
Sean Hogan,F:40f272d847b0,critic,1
Sean Hogan,F:97b42f962368,critic,8
Sean Hogan,F:bd648fce3b3f,critic,5
Sean Hogan,F:e9e268170b35,critic,4
Sean Hogan,F:1e4f9a3a4df7,critic,2
Wesley C. Hogan,F:32f33617395c,critic,10
Wesley C. Hogan,F:b999a4cb0095,critic,1
Wesley C. Hogan,F:2c3a29085e12,critic,8
Wesley C. Hogan,F:a56bbf24b04d,critic,3
Wesley C. Hogan,F:b114d06f4210,critic,6
Wesley C. Hogan,F:538519c42e30,critic,7
Wesley C. Hogan,F:eb89033f78fb,critic,2
Wesley C. Hogan,F:0a49f1b9fdde,critic,5
Wesley C. Hogan,F:95cb5acf1ea2,critic,9
Wesley C. Hogan,F:046cd14fbba2,critic,4
Joanna Hogg,F:3dc11a61f1ca,director,4
Joanna Hogg,F:2018d336cc28,director,3
Joanna Hogg,F:069cda2e3235,director,7
Joanna Hogg,F:47e745cd663b,director,2
Joanna Hogg,F:c57d23af360b,director,1
Joanna Hogg,F:0a600f29226c,director,6
Joanna Hogg,F:4178c0f6fbb7,director,8
Joanna Hogg,F:b132d89fef53,director,9
Joanna Hogg,F:83c734e30238,director,10
Joanna Hogg,F:2ec8e3a6b8aa,director,5
Ken Hollings,F:b02a94dcf890,critic,2
Ken Hollings,F:ed7d59c56f5d,critic,9
Ken Hollings,F:4012dfdbf5d0,critic,4
Ken Hollings,F:a6bd6b25ecb3,critic,7
Ken Hollings,F:37a0428a7592,critic,3
Ken Hollings,F:795658b0a468,critic,5
Ken Hollings,F:6b927993e1e1,critic,10
Ken Hollings,F:a4c51ae5137c,critic,6
Ken Hollings,F:9d1d2b412b6e,critic,1
Ken Hollings,F:b10a906b1662,critic,8
Jan Holmberg,F:b5a06746734d,critic,10
Jan Holmberg,F:d8e24aa1ab58,critic,8
Jan Holmberg,F:feaa04ac1109,critic,6
Jan Holmberg,F:b21e5cdba7f0,critic,5
Jan Holmberg,F:df7e376793ef,critic,3
Jan Holmberg,F:9f96298e4d23,critic,9
Jan Holmberg,F:d0fcfc90ffc5,critic,4
Jan Holmberg,F:c0891d475a49,critic,7
Jan Holmberg,F:b633e9f47f83,critic,1
Jan Holmberg,F:fe1224542bff,critic,2
Jonas Holmberg,F:9afd9a72ea21,critic,2
Jonas Holmberg,F:9902cb269aeb,critic,3
Jonas Holmberg,F:090832505b0f,critic,8
Jonas Holmberg,F:28d41c264f9a,critic,6
Jonas Holmberg,F:c22c42cd69b9,critic,7
Jonas Holmberg,F:8082e9c53944,critic,5
Jonas Holmberg,F:522373532ffa,critic,1
Jonas Holmberg,F:325075869126,critic,9
Jonas Holmberg,F:08966bbb6c53,critic,10
Jonas Holmberg,F:553ecfd38a6f,critic,4
Maori Holmes,F:ea8c30267045,critic,7
Maori Holmes,F:0565ff7fd56c,critic,8
Maori Holmes,F:88bb0db89f16,critic,1
Maori Holmes,F:1961bdb691aa,critic,6
Maori Holmes,F:7c54b4356371,critic,4
Maori Holmes,F:3dc11a61f1ca,critic,3
Maori Holmes,F:03774d8054b0,critic,10
Maori Holmes,F:b5fac1879322,critic,5
Maori Holmes,F:8a826d8712a7,critic,2
Maori Holmes,F:d1188b34b03c,critic,9
Patrick Holzapfel,F:8db25a4797e8,critic,9
Patrick Holzapfel,F:0565ff7fd56c,critic,10
Patrick Holzapfel,F:594bbf5ebced,critic,3
Patrick Holzapfel,F:7f24f9306213,critic,4
Patrick Holzapfel,F:20bf11b88863,critic,6
Patrick Holzapfel,F:d32d0bf575ce,critic,2
Patrick Holzapfel,F:3eae6759564f,critic,8
Patrick Holzapfel,F:4e7bd8e303f8,critic,7
Patrick Holzapfel,F:29ec9a23373b,critic,1
Patrick Holzapfel,F:df2b6081d56d,critic,5
Sangsoo Hong,F:975a6dd48ff5,director,1
Sangsoo Hong,F:e4e5d0b8b474,director,10
Sangsoo Hong,F:d8e24aa1ab58,director,7
Sangsoo Hong,F:2bcbc58a252d,director,8
Sangsoo Hong,F:3dcb5570fe49,director,2
Sangsoo Hong,F:7cdcf0b32a06,director,9
Sangsoo Hong,F:ebb2737eeb11,director,4
Sangsoo Hong,F:feaa04ac1109,director,6
Sangsoo Hong,F:411df6bf4e5c,director,3
Sangsoo Hong,F:ef557d6c32c4,director,5
Pirjo Honkasalo,F:b5749f03606c,director,7
Pirjo Honkasalo,F:44d249fc6091,director,5
Pirjo Honkasalo,F:f26363208aeb,director,2
Pirjo Honkasalo,F:99525f6dd03f,director,4
Pirjo Honkasalo,F:838a18661382,director,6
Pirjo Honkasalo,F:e0fa4f112d72,director,3
Pirjo Honkasalo,F:4b9cd36eace5,director,1
Pirjo Honkasalo,F:83ebc8b43c9d,director,8
Sky Hopinka,F:24fab12666b8,director,3
Sky Hopinka,F:0dfe58c65ddc,director,5
Sky Hopinka,F:a9519db91181,director,8
Sky Hopinka,F:21b9702b7e39,director,1
Sky Hopinka,F:9609d2e67c50,director,6
Sky Hopinka,F:08966bbb6c53,director,10
Sky Hopinka,F:a00919580a95,director,2
Sky Hopinka,F:77324d1d150c,director,7
Sky Hopinka,F:325075869126,director,9
Sky Hopinka,F:2eb5e0cd3ccf,director,4
Ben Hopkins,F:6d78c0ecb7e7,director,7
Ben Hopkins,F:e4e5d0b8b474,director,9
Ben Hopkins,F:653f45346bcc,director,10
Ben Hopkins,F:69dee05125cb,director,5
Ben Hopkins,F:fa14126df2e7,director,3
Ben Hopkins,F:9609d2e67c50,director,4
Ben Hopkins,F:cda1a8b3152c,director,8
Ben Hopkins,F:e2182ffd8508,director,1
Ben Hopkins,F:8703270231ee,director,6
Ben Hopkins,F:1feb0ee78dd1,director,2
Jan-Christopher Horak,F:bf6387f2c8ae,critic,10
Jan-Christopher Horak,F:7b1253150b96,critic,1
Jan-Christopher Horak,F:15298623ef1f,critic,6
Jan-Christopher Horak,F:9f96298e4d23,critic,9
Jan-Christopher Horak,F:10e86670da04,critic,7
Jan-Christopher Horak,F:5094c1da4d65,critic,4
Jan-Christopher Horak,F:69f5bed6f836,critic,8
Jan-Christopher Horak,F:fbfc282cbfbb,critic,3
Jan-Christopher Horak,F:3bc7224ae260,critic,2
Jan-Christopher Horak,F:32f33617395c,critic,5
Laura Horak,F:ab3cd6cbe81e,critic,3
Laura Horak,F:785ca2f4ef29,critic,1
Laura Horak,F:03809811ea9b,critic,9
Laura Horak,F:fbaed03c3121,critic,6
Laura Horak,F:c2e492d52d62,critic,5
Laura Horak,F:0dfe58c65ddc,critic,4
Laura Horak,F:57a1bf06a3b8,critic,7
Laura Horak,F:fbac63dcd9cf,critic,8
Laura Horak,F:16913ba1d831,critic,10
Laura Horak,F:7b0a51f59e4b,critic,2
Tanya Horeck,F:83c734e30238,critic,10
Tanya Horeck,F:10e86670da04,critic,8
Tanya Horeck,F:eb763f2d4857,critic,5
Tanya Horeck,F:275644968c7a,critic,4
Tanya Horeck,F:d1188b34b03c,critic,9
Tanya Horeck,F:e5c08e9f1271,critic,6
Tanya Horeck,F:984b0f1c1175,critic,1
Tanya Horeck,F:11fff6d5f45a,critic,7
Tanya Horeck,F:4925de5e6090,critic,2
Tanya Horeck,F:c377da635a16,critic,3
Philip Horne,F:9f96298e4d23,critic,8
Philip Horne,F:03774d8054b0,critic,6
Philip Horne,F:b5a06746734d,critic,10
Philip Horne,F:f53416daf440,critic,3
Philip Horne,F:6ae8c10ff551,critic,2
Philip Horne,F:cb689f3e2a97,critic,5
Philip Horne,F:4178c0f6fbb7,critic,7
Philip Horne,F:bf6387f2c8ae,critic,9
Philip Horne,F:4418a62420bf,critic,1
Philip Horne,F:d472058d559a,critic,4
Bill Horrigan,F:f5b23bc11b1d,critic,5
Bill Horrigan,F:4178c0f6fbb7,critic,9
Bill Horrigan,F:9503b95b7798,critic,4
Bill Horrigan,F:b3c8e2868bec,critic,1
Bill Horrigan,F:7ecd292638a9,critic,2
Bill Horrigan,F:83c734e30238,critic,10
Bill Horrigan,F:8fc32725b37f,critic,7
Bill Horrigan,F:cbb0587ba064,critic,8
Bill Horrigan,F:32f33617395c,critic,6
Bill Horrigan,F:9a64753216c8,critic,3
Alexander Horwath,F:e1ad66603213,critic,5
Alexander Horwath,F:69f5bed6f836,critic,10
Alexander Horwath,F:2495a255a78a,critic,4
Alexander Horwath,F:38ccb3d447c3,critic,9
Alexander Horwath,F:361f1fc496e1,critic,1
Alexander Horwath,F:4cd21d0edba0,critic,2
Alexander Horwath,F:03fd0977089b,critic,3
Alexander Horwath,F:b81ddc038404,critic,8
Alexander Horwath,F:1b9a570555e5,critic,7
Alexander Horwath,F:043933aa747f,critic,6
Eli Horwatt,F:e5c08e9f1271,critic,8
Eli Horwatt,F:5836a4615b7b,critic,3
Eli Horwatt,F:930e2118f326,critic,9
Eli Horwatt,F:b5b8d610e881,critic,7
Eli Horwatt,F:62223f240a33,critic,6
Eli Horwatt,F:43829d08eff8,critic,1
Eli Horwatt,F:fa460217bf79,critic,2
Eli Horwatt,F:651d58c8bee5,critic,5
Eli Horwatt,F:b7dbf64232a8,critic,10
Eli Horwatt,F:569be7b19926,critic,4
Jenny Horwell,F:69f5bed6f836,critic,10
Jenny Horwell,F:4326441d5975,critic,3
Jenny Horwell,F:944ad783759e,critic,9
Jenny Horwell,F:950c29bf9796,critic,8
Jenny Horwell,F:05d1730cfab5,critic,6
Jenny Horwell,F:7c9c923f35c0,critic,7
Jenny Horwell,F:33e985a235a2,critic,4
Jenny Horwell,F:41912772ddcd,critic,5
Jenny Horwell,F:fd56aade3fee,critic,1
Jenny Horwell,F:b8f720f79cf8,critic,2
Peter Hoskin,F:b9324859bf42,critic,2
Peter Hoskin,F:7dacc043e524,critic,10
Peter Hoskin,F:29efd26dfc57,critic,1
Peter Hoskin,F:4418a62420bf,critic,6
Peter Hoskin,F:17be19f021ea,critic,5
Peter Hoskin,F:8ce8232221d4,critic,8
Peter Hoskin,F:52158130c010,critic,3
Peter Hoskin,F:d2ac8fced14e,critic,9
Peter Hoskin,F:ff478deae1ed,critic,7
Peter Hoskin,F:7b1253150b96,critic,4
Hassan Hosseini,F:bc4f5c3a30d7,critic,5
Hassan Hosseini,F:9cfb482519f5,critic,6
Hassan Hosseini,F:cd38e7f30696,critic,8
Hassan Hosseini,F:161e34a823ad,critic,1
Hassan Hosseini,F:365e1fe4cd79,critic,2
Hassan Hosseini,F:b7dbf64232a8,critic,9
Hassan Hosseini,F:b5a06746734d,critic,10
Hassan Hosseini,F:dfe38d5b7289,critic,7
Hassan Hosseini,F:feecebaabada,critic,3
Hassan Hosseini,F:87050fcb6451,critic,4
Peter Hourigan,F:e4e5d0b8b474,critic,8
Peter Hourigan,F:5f7bf751f347,critic,2
Peter Hourigan,F:15cebbda1cd1,critic,4
Peter Hourigan,F:4a7fa7be8c87,critic,7
Peter Hourigan,F:9f96298e4d23,critic,9
Peter Hourigan,F:d13a6d5e1fe9,critic,1
Peter Hourigan,F:ed09733fe458,critic,6
Peter Hourigan,F:838a18661382,critic,3
Peter Hourigan,F:d5d45d8c9f1b,critic,5
Courtney  Howard,F:7dacc043e524,critic,8
Courtney  Howard,F:71c7b9363133,critic,6
Courtney  Howard,F:ae24209c7310,critic,4
Courtney  Howard,F:9ffcc2706db3,critic,1
Courtney  Howard,F:e2bff7956338,critic,10
Courtney  Howard,F:f6bf4689418e,critic,3
Courtney  Howard,F:d1188b34b03c,critic,9
Courtney  Howard,F:88bb0db89f16,critic,2
Courtney  Howard,F:93a1beda19cd,critic,5
Courtney  Howard,F:c41986eabc20,critic,7
Peter Howell,F:b132d89fef53,critic,9
Peter Howell,F:7fe15b05ccde,critic,5
Peter Howell,F:d1188b34b03c,critic,4
Peter Howell,F:069cda2e3235,critic,2
Peter Howell,F:08966bbb6c53,critic,7
Peter Howell,F:6b927993e1e1,critic,1
Peter Howell,F:653f45346bcc,critic,6
Peter Howell,F:75046ffb9b38,critic,3
Peter Howell,F:9f96298e4d23,critic,8
Peter Howell,F:b5a06746734d,critic,10
Brian Hu,F:aa65b1eedc05,critic,8
Brian Hu,F:32f33617395c,critic,9
Brian Hu,F:d6d30033c698,critic,5
Brian Hu,F:b5489ad65bfa,critic,2
Brian Hu,F:9e103f641ac9,critic,6
Brian Hu,F:75046ffb9b38,critic,10
Brian Hu,F:7de775151e48,critic,1
Brian Hu,F:a7dc5420f605,critic,4
Brian Hu,F:1190a83ac033,critic,3
Brian Hu,F:f87b3c091815,critic,7
Teresa Huang,F:7fe15b05ccde,critic,9
Teresa Huang,F:79e927c6fa34,critic,3
Teresa Huang,F:34cf774aeffe,critic,4
Teresa Huang,F:fbfc282cbfbb,critic,6
Teresa Huang,F:72d8bc7578ad,critic,5
Teresa Huang,F:aa65b1eedc05,critic,7
Teresa Huang,F:6a2cf6c39785,critic,2
Teresa Huang,F:83ebc8b43c9d,critic,8
Teresa Huang,F:b132d89fef53,critic,10
Teresa Huang,F:3d3b476c98d2,critic,1
Christoph Huber,F:8ba8b70d3caf,critic,1
Christoph Huber,F:de947fe325da,critic,2
Christoph Huber,F:fc09cadcd087,critic,9
Christoph Huber,F:e71af48ba4ad,critic,3
Christoph Huber,F:8d49e235c45e,critic,4
Christoph Huber,F:847d26f5aedd,critic,6
Christoph Huber,F:d1c027d0faa7,critic,5
Christoph Huber,F:14731d2d5e4b,critic,10
Christoph Huber,F:be4ce07d5231,critic,7
Christoph Huber,F:e04bef8ab2b2,critic,8
Tomáš Hudák,F:844254bf9f5a,critic,3
Tomáš Hudák,F:d8ca1cf0db1b,critic,7
Tomáš Hudák,F:3607e9f1675c,critic,8
Tomáš Hudák,F:83c734e30238,critic,10
Tomáš Hudák,F:05e0a59114de,critic,1
Tomáš Hudák,F:32f33617395c,critic,9
Tomáš Hudák,F:0bf91d44f497,critic,4
Tomáš Hudák,F:a30767e64789,critic,5
Tomáš Hudák,F:c500ef4a229d,critic,2
Tomáš Hudák,F:5b9c8bdee226,critic,6
Tom Huddleston,F:b5749f03606c,critic,7
Tom Huddleston,F:7fe15b05ccde,critic,10
Tom Huddleston,F:4434c6705bd6,critic,6
Tom Huddleston,F:5b505c37b676,critic,3
Tom Huddleston,F:cb689f3e2a97,critic,9
Tom Huddleston,F:860988085746,critic,2
Tom Huddleston,F:4acddf379d28,critic,8
Tom Huddleston,F:cf34159e97b2,critic,1
Tom Huddleston,F:f87b3c091815,critic,5
Tom Huddleston,F:9000c8f0eb34,critic,4
Helen Hughes,F:162a695c5498,critic,1
Helen Hughes,F:03809811ea9b,critic,9
Helen Hughes,F:f23dc7049cd5,critic,3
Helen Hughes,F:d210c0d5f689,critic,7
Helen Hughes,F:6dce6699f9c1,critic,6
Helen Hughes,F:72d6d9bf2299,critic,8
Helen Hughes,F:cb689f3e2a97,critic,10
Helen Hughes,F:1e4add68afa4,critic,5
Helen Hughes,F:bc0918f58467,critic,4
Helen Hughes,F:cfd05c96dd6b,critic,2
Kat Hughes,F:37dfc5b21ae7,critic,8
Kat Hughes,F:ed4cc778aea4,critic,5
Kat Hughes,F:fdbc5f598a2d,critic,9
Kat Hughes,F:fbda7f17395d,critic,4
Kat Hughes,F:3b9696c00dd1,critic,7
Kat Hughes,F:ee2a2cfc2fc7,critic,10
Kat Hughes,F:eb08e7cc3aa6,critic,6
Kat Hughes,F:b43489cf962c,critic,3
Kat Hughes,F:f487e7aad4eb,critic,1
Kat Hughes,F:7db85f294e84,critic,2
Stephen Hughes,F:1c8565784f6c,critic,8
Stephen Hughes,F:e4e5d0b8b474,critic,10
Stephen Hughes,F:5b505c37b676,critic,4
Stephen Hughes,F:41d225e6ff0b,critic,9
Stephen Hughes,F:60a4d76c522e,critic,3
Stephen Hughes,F:2af5c5bcacdf,critic,7
Stephen Hughes,F:7c54b4356371,critic,6
Stephen Hughes,F:d5b986a1147b,critic,2
Stephen Hughes,F:730e011a6f06,critic,1
Stephen Hughes,F:6df960d01ebc,critic,5
El Hunt,F:83ebc8b43c9d,critic,10
El Hunt,F:394de78933d0,critic,2
El Hunt,F:3852b557c520,critic,4
El Hunt,F:d1188b34b03c,critic,9
El Hunt,F:6744994f98f6,critic,8
El Hunt,F:c4fda376339f,critic,6
El Hunt,F:16913ba1d831,critic,7
El Hunt,F:260766c4f881,critic,1
El Hunt,F:ab87aa838d6d,critic,3
El Hunt,F:95cb5acf1ea2,critic,5
Maggi Hurt,F:acb5d1106367,critic,1
Maggi Hurt,F:c823f40274e5,critic,6
Maggi Hurt,F:64ab12e0c6ea,critic,5
Maggi Hurt,F:9a64753216c8,critic,7
Maggi Hurt,F:ec7726632ac1,critic,10
Maggi Hurt,F:858143f278b6,critic,3
Maggi Hurt,F:bedbe5f9e7d8,critic,4
Maggi Hurt,F:7b5d85393630,critic,9
Maggi Hurt,F:8a6c0bc8c881,critic,2
Maggi Hurt,F:b2910882a46d,critic,8
José Antonio Hurtado Alvarez,F:d117472f572e,critic,7
José Antonio Hurtado Alvarez,F:9503b95b7798,critic,2
José Antonio Hurtado Alvarez,F:b5a06746734d,critic,10
José Antonio Hurtado Alvarez,F:79c30aef6e24,critic,3
José Antonio Hurtado Alvarez,F:17fcc038144d,critic,5
José Antonio Hurtado Alvarez,F:6c6d0bc5ce49,critic,4
José Antonio Hurtado Alvarez,F:9f96298e4d23,critic,9
José Antonio Hurtado Alvarez,F:afd704ac0dcc,critic,1
José Antonio Hurtado Alvarez,F:95bd800bd9e5,critic,6
José Antonio Hurtado Alvarez,F:08966bbb6c53,critic,8
Moin Hussain,F:77324d1d150c,director,8
Moin Hussain,F:65393b2ac77a,director,6
Moin Hussain,F:d2f10817bb1e,director,4
Moin Hussain,F:432bbc185cbb,director,5
Moin Hussain,F:8509b531b601,director,3
Moin Hussain,F:d0416491dc50,director,7
Moin Hussain,F:91da2062cc0a,director,1
Moin Hussain,F:23bcdf10e622,director,9
Moin Hussain,F:9f96298e4d23,director,10
Moin Hussain,F:1e8b45df0ba0,director,2
Pamela Hutchinson,F:3ffb67c0b2aa,critic,2
Pamela Hutchinson,F:2eb5e0cd3ccf,critic,3
Pamela Hutchinson,F:cb689f3e2a97,critic,9
Pamela Hutchinson,F:32f33617395c,critic,7
Pamela Hutchinson,F:7fa585215d06,critic,6
Pamela Hutchinson,F:08966bbb6c53,critic,10
Pamela Hutchinson,F:fe7ec09da724,critic,1
Pamela Hutchinson,F:83d479d3ae29,critic,5
Pamela Hutchinson,F:0a600f29226c,critic,8
Pamela Hutchinson,F:1ec59921ffd0,critic,4
Adam Hyman,F:97b42f962368,critic,8
Adam Hyman,F:51a5d769d9e4,critic,1
Adam Hyman,F:114ae73dd3a7,critic,6
Adam Hyman,F:9f96298e4d23,critic,10
Adam Hyman,F:1a68aefe7ea1,critic,4
Adam Hyman,F:68f067eb3cf7,critic,3
Adam Hyman,F:090832505b0f,critic,7
Adam Hyman,F:d96a36d37e4e,critic,2
Adam Hyman,F:cbca9660da1d,critic,5
Adam Hyman,F:69f5bed6f836,critic,9
Eric Hynes,F:c78c6b97f980,critic,3
Eric Hynes,F:b132d89fef53,critic,10
Eric Hynes,F:cbb0587ba064,critic,5
Eric Hynes,F:e4e5d0b8b474,critic,6
Eric Hynes,F:930e2118f326,critic,2
Eric Hynes,F:08966bbb6c53,critic,8
Eric Hynes,F:9f96298e4d23,critic,9
Eric Hynes,F:325075869126,critic,7
Eric Hynes,F:6e32d636769c,critic,1
Eric Hynes,F:b5749f03606c,critic,4
Pasquale Iannone,F:ef039f7a68b5,critic,9
Pasquale Iannone,F:69dee05125cb,critic,10
Pasquale Iannone,F:db739cff8eb8,critic,4
Pasquale Iannone,F:96db1ec94fd6,critic,7
Pasquale Iannone,F:3a7dbc0df0c9,critic,6
Pasquale Iannone,F:b7200e673fa2,critic,3
Pasquale Iannone,F:6b95d897c319,critic,1
Pasquale Iannone,F:581429551782,critic,2
Pasquale Iannone,F:a50461292bc4,critic,8
Pasquale Iannone,F:d4ee0330f69e,critic,5
Armando Iannucci,F:b132d89fef53,director,10
Armando Iannucci,F:e2bff7956338,director,9
Armando Iannucci,F:02ded6e20b97,director,8
Armando Iannucci,F:8a2cf62378e3,director,3
Armando Iannucci,F:6153eeb1ef64,director,7
Armando Iannucci,F:7c54b4356371,director,4
Armando Iannucci,F:3779236f3701,director,6
Armando Iannucci,F:fd1c97f46249,director,2
Armando Iannucci,F:477977925947,director,5
Armando Iannucci,F:8434936e6154,director,1
Wendy Ide,F:c5f22456b724,critic,3
Wendy Ide,F:a5083fa04636,critic,8
Wendy Ide,F:15bcedf51ef8,critic,7
Wendy Ide,F:ed09733fe458,critic,5
Wendy Ide,F:325075869126,critic,10
Wendy Ide,F:e4e5d0b8b474,critic,9
Wendy Ide,F:e52595f9a0ff,critic,1
Wendy Ide,F:494fd4aacc71,critic,4
Wendy Ide,F:6ef9ec2a60f2,critic,6
Wendy Ide,F:3c85ccd7c210,critic,2
Eulàlia Iglesias Huix,F:7cdcf0b32a06,critic,8
Eulàlia Iglesias Huix,F:e4e5d0b8b474,critic,10
Eulàlia Iglesias Huix,F:ec983a6c1ee5,critic,3
Eulàlia Iglesias Huix,F:219f0fe7d6f9,critic,2
Eulàlia Iglesias Huix,F:f487433720d3,critic,6
Eulàlia Iglesias Huix,F:87ddccd7c29d,critic,5
Eulàlia Iglesias Huix,F:5fedfb24d51d,critic,1
Eulàlia Iglesias Huix,F:97b42f962368,critic,9
Eulàlia Iglesias Huix,F:122fb2de00e8,critic,4
Eulàlia Iglesias Huix,F:8fc32725b37f,critic,7
Javier Ikaz,F:b339d6c582f0,critic,6
Javier Ikaz,F:7e52230dd02d,critic,5
Javier Ikaz,F:7de0eaabaf36,critic,3
Javier Ikaz,F:97b42f962368,critic,9
Javier Ikaz,F:3f5b12f3358f,critic,1
Javier Ikaz,F:bee09401fa7d,critic,8
Javier Ikaz,F:a6d7e0a65cf8,critic,2
Javier Ikaz,F:a5083fa04636,critic,7
Javier Ikaz,F:ec983a6c1ee5,critic,4
Javier Ikaz,F:944ad783759e,critic,10
Philip Ilson,F:08b12d19d379,critic,9
Philip Ilson,F:090832505b0f,critic,10
Philip Ilson,F:6e965f961bec,critic,1
Philip Ilson,F:bb3d2061b32f,critic,2
Philip Ilson,F:c0b54188d528,critic,3
Philip Ilson,F:7c039de4152a,critic,4
Philip Ilson,F:16e8141546aa,critic,5
Philip Ilson,F:3c180a374f2c,critic,6
Philip Ilson,F:92267ca14878,critic,7
Philip Ilson,F:984b0f1c1175,critic,8
Alejandro González Iñárritu,F:b5749f03606c,director,7
Alejandro González Iñárritu,F:7be38868e0ce,director,3
Alejandro González Iñárritu,F:656e29a90259,director,1
Alejandro González Iñárritu,F:15298623ef1f,director,4
Alejandro González Iñárritu,F:d8e24aa1ab58,director,8
Alejandro González Iñárritu,F:75046ffb9b38,director,9
Alejandro González Iñárritu,F:97b42f962368,director,10
Alejandro González Iñárritu,F:8fe1bdde11ef,director,5
Alejandro González Iñárritu,F:d210c0d5f689,director,2
Alejandro González Iñárritu,F:069cda2e3235,director,6
May Adadol Ingawanij,F:b4f86b2fbbfd,critic,1
May Adadol Ingawanij,F:6e1c8eb8c528,critic,2
May Adadol Ingawanij,F:c8e09f05e900,critic,7
May Adadol Ingawanij,F:b85000de8053,critic,6
May Adadol Ingawanij,F:553ecfd38a6f,critic,10
May Adadol Ingawanij,F:17fa18b11736,critic,8
May Adadol Ingawanij,F:cedcb1ca9043,critic,3
May Adadol Ingawanij,F:3a7cbd30dbd5,critic,4
May Adadol Ingawanij,F:0d39a7817f1f,critic,9
May Adadol Ingawanij,F:d3547320e36d,critic,5
Nachman Ingber,F:9f96298e4d23,critic,9
Nachman Ingber,F:83ebc8b43c9d,critic,7
Nachman Ingber,F:ec7726632ac1,critic,6
Nachman Ingber,F:296c885895bb,critic,2
Nachman Ingber,F:20a0a276094a,critic,3
Nachman Ingber,F:bee09401fa7d,critic,5
Nachman Ingber,F:97b42f962368,critic,8
Nachman Ingber,F:bf6387f2c8ae,critic,10
Nachman Ingber,F:3af703bb3bf8,critic,1
Nachman Ingber,F:665eab0ab9d1,critic,4
Grazia Ingravalle,F:95bd800bd9e5,critic,9
Grazia Ingravalle,F:afa2cf1bc931,critic,6
Grazia Ingravalle,F:4925de5e6090,critic,4
Grazia Ingravalle,F:c075ca5a9bd2,critic,7
Grazia Ingravalle,F:325075869126,critic,10
Grazia Ingravalle,F:e067866bf78e,critic,8
Grazia Ingravalle,F:74c0add9a6d7,critic,2
Grazia Ingravalle,F:e1d0de9d5667,critic,3
Grazia Ingravalle,F:47088f18fd55,critic,1
Grazia Ingravalle,F:a775f32ff944,critic,5
Dina Iordanova,F:c823f40274e5,critic,6
Dina Iordanova,F:b7b30937b7e5,critic,1
Dina Iordanova,F:10e86670da04,critic,7
Dina Iordanova,F:9f96298e4d23,critic,10
Dina Iordanova,F:f26363208aeb,critic,4
Dina Iordanova,F:125061f190de,critic,8
Dina Iordanova,F:fff2643fc671,critic,2
Dina Iordanova,F:c9caaff114b0,critic,5
Dina Iordanova,F:325075869126,critic,9
Dina Iordanova,F:3d3b476c98d2,critic,3
Bruce Isaacs,F:e2bff7956338,critic,9
Bruce Isaacs,F:7fe15b05ccde,critic,8
Bruce Isaacs,F:165ea115d0f7,critic,3
Bruce Isaacs,F:41d225e6ff0b,critic,4
Bruce Isaacs,F:08966bbb6c53,critic,10
Bruce Isaacs,F:ea8c30267045,critic,5
Bruce Isaacs,F:d472058d559a,critic,7
Bruce Isaacs,F:176166e412b4,critic,6
Bruce Isaacs,F:6bd726b305a8,critic,2
Bruce Isaacs,F:f233e5cf9f43,critic,1
Ifa Isfansyah,F:b0360159539e,director,7
Ifa Isfansyah,F:7b19d0d6e7b3,director,3
Ifa Isfansyah,F:9f96298e4d23,director,10
Ifa Isfansyah,F:734b8ecc58b4,director,2
Ifa Isfansyah,F:93a1beda19cd,director,6
Ifa Isfansyah,F:7a8a830211f9,director,4
Ifa Isfansyah,F:b5c4e19cccb8,director,1
Ifa Isfansyah,F:08966bbb6c53,director,9
Ifa Isfansyah,F:114ae73dd3a7,director,8
Ifa Isfansyah,F:79e927c6fa34,director,5
larushka_iz Ivan-Zadeh,F:29e8c2663329,critic,7
larushka_iz Ivan-Zadeh,F:b2910882a46d,critic,3
larushka_iz Ivan-Zadeh,F:7c9c923f35c0,critic,1
larushka_iz Ivan-Zadeh,F:9f96298e4d23,critic,10
larushka_iz Ivan-Zadeh,F:38ccb3d447c3,critic,8
larushka_iz Ivan-Zadeh,F:653f45346bcc,critic,9
larushka_iz Ivan-Zadeh,F:f44713a09e4d,critic,6
larushka_iz Ivan-Zadeh,F:e9e268170b35,critic,5
larushka_iz Ivan-Zadeh,F:fbac63dcd9cf,critic,4
larushka_iz Ivan-Zadeh,F:69dee05125cb,critic,2
Stefan Ivančić,F:feaa04ac1109,critic,7
Stefan Ivančić,F:db803e57874f,critic,4
Stefan Ivančić,F:125061f190de,critic,9
Stefan Ivančić,F:8fc32725b37f,critic,8
Stefan Ivančić,F:ef557d6c32c4,critic,5
Stefan Ivančić,F:9d950051df5f,critic,2
Stefan Ivančić,F:af3336b803be,critic,6
Stefan Ivančić,F:08966bbb6c53,critic,10
Stefan Ivančić,F:ec983a6c1ee5,critic,3
Stefan Ivančić,F:9256289a6e18,critic,1
Isabel Ivars,F:f1a286d2d2b0,critic,5
Isabel Ivars,F:293dfc21d09a,critic,1
Isabel Ivars,F:5d3065bd0abe,critic,4
Isabel Ivars,F:ddcf681c3397,critic,7
Isabel Ivars,F:f58915ed95d4,critic,8
Isabel Ivars,F:e54355b5ed3d,critic,6
Isabel Ivars,F:09035fce59e3,critic,10
Isabel Ivars,F:a49cc68f493e,critic,2
Isabel Ivars,F:f44713a09e4d,critic,9
Isabel Ivars,F:cfe1054a2d2a,critic,3
Usha Iyer,F:29be497f95ce,critic,5
Usha Iyer,F:b5489ad65bfa,critic,3
Usha Iyer,F:32f33617395c,critic,9
Usha Iyer,F:95cb5acf1ea2,critic,8
Usha Iyer,F:8078ada3fa2f,critic,1
Usha Iyer,F:d1188b34b03c,critic,10
Usha Iyer,F:25c92cc36090,critic,4
Usha Iyer,F:0ea0e00d9fdc,critic,6
Usha Iyer,F:b81ddc038404,critic,7
Usha Iyer,F:d9dced2e3135,critic,2
Annemarie Jacir,F:325075869126,director,9
Annemarie Jacir,F:08966bbb6c53,director,10
Annemarie Jacir,F:bee09401fa7d,director,7
Annemarie Jacir,F:20afe757a6d1,director,4
Annemarie Jacir,F:02ded6e20b97,director,6
Annemarie Jacir,F:2778fb647ba0,director,1
Annemarie Jacir,F:d82151d9c18c,director,3
Annemarie Jacir,F:a5083fa04636,director,5
Annemarie Jacir,F:944ad783759e,director,8
Annemarie Jacir,F:3852b557c520,director,2
Sean Jacobs,F:02ded6e20b97,critic,9
Sean Jacobs,F:d2c78f32bff9,critic,2
Sean Jacobs,F:d1188b34b03c,critic,10
Sean Jacobs,F:e2d7ee3e387f,critic,6
Sean Jacobs,F:9c707a2e0bd5,critic,4
Sean Jacobs,F:fc1bce53ba45,critic,3
Sean Jacobs,F:0350b637bae7,critic,1
Sean Jacobs,F:8fc32725b37f,critic,8
Sean Jacobs,F:dc23ba92a341,critic,5
Sean Jacobs,F:459c330913be,critic,7
Brian Jacobson,F:69f5bed6f836,critic,8
Brian Jacobson,F:090832505b0f,critic,7
Brian Jacobson,F:02ded6e20b97,critic,5
Brian Jacobson,F:83c734e30238,critic,10
Brian Jacobson,F:b7b17347ab6a,critic,4
Brian Jacobson,F:d1188b34b03c,critic,6
Brian Jacobson,F:325075869126,critic,9
Brian Jacobson,F:da2a7a0ed7fa,critic,2
Brian Jacobson,F:05d1730cfab5,critic,3
Brian Jacobson,F:f0cc122eff42,critic,1
Harlan Jacobson,F:bf6387f2c8ae,critic,10
Harlan Jacobson,F:cbca9660da1d,critic,8
Harlan Jacobson,F:a3d0b4e174aa,critic,6
Harlan Jacobson,F:b75ee5f0aa88,critic,2
Harlan Jacobson,F:cc882978bf66,critic,4
Harlan Jacobson,F:17628f83ead5,critic,5
Harlan Jacobson,F:477977925947,critic,7
Harlan Jacobson,F:560e55f76ea0,critic,3
Harlan Jacobson,F:8703270231ee,critic,9
Harlan Jacobson,F:06e2291989f7,critic,1
Juliet Jacques,F:95bd800bd9e5,critic,5
Juliet Jacques,F:e4e5d0b8b474,critic,8
Juliet Jacques,F:c0891d475a49,critic,7
Juliet Jacques,F:9f96298e4d23,critic,9
Juliet Jacques,F:8fe1bdde11ef,critic,6
Juliet Jacques,F:ca0238bc4718,critic,3
Juliet Jacques,F:146ec1241d81,critic,4
Juliet Jacques,F:b09fb8ce622b,critic,1
Juliet Jacques,F:9609d2e67c50,critic,2
Frédéric Jaeger,F:dabe2aa1ef74,critic,3
Frédéric Jaeger,F:c3389fe02bf0,critic,4
Frédéric Jaeger,F:27f48f96b283,critic,1
Frédéric Jaeger,F:f87b3c091815,critic,8
Frédéric Jaeger,F:1a7eb506ded7,critic,6
Frédéric Jaeger,F:325075869126,critic,10
Frédéric Jaeger,F:c9a62b53f643,critic,7
Frédéric Jaeger,F:1f66797e04d7,critic,2
Frédéric Jaeger,F:ee860a1dac92,critic,5
Frédéric Jaeger,F:cb689f3e2a97,critic,9
Ahmed Jamal,F:03774d8054b0,director,9
Ahmed Jamal,F:e2bff7956338,director,10
Ahmed Jamal,F:ca45d2441e02,director,1
Ahmed Jamal,F:6ff93b77cfca,director,4
Ahmed Jamal,F:cda1a8b3152c,director,8
Ahmed Jamal,F:f44713a09e4d,director,6
Ahmed Jamal,F:ca0238bc4718,director,5
Ahmed Jamal,F:cd2b19d5e1ca,director,2
Ahmed Jamal,F:53f709905db4,director,3
Ahmed Jamal,F:09035fce59e3,director,7
Nazmia Jamal,F:2589598ce21f,critic,4
Nazmia Jamal,F:ba2ba5190629,critic,2
Nazmia Jamal,F:b5b8d610e881,critic,5
Nazmia Jamal,F:8082e9c53944,critic,6
Nazmia Jamal,F:03b3065dc545,critic,9
Nazmia Jamal,F:31e3a3512a76,critic,7
Nazmia Jamal,F:d2ac8fced14e,critic,10
Nazmia Jamal,F:7e850f7d03c6,critic,3
Nazmia Jamal,F:16913ba1d831,critic,8
Nazmia Jamal,F:a44f61d221e0,critic,1
Caryn James,F:bee09401fa7d,critic,5
Caryn James,F:bf6387f2c8ae,critic,10
Caryn James,F:4178c0f6fbb7,critic,8
Caryn James,F:e2bff7956338,critic,9
Caryn James,F:4856ae18c1cd,critic,1
Caryn James,F:83ebc8b43c9d,critic,7
Caryn James,F:f53416daf440,critic,3
Caryn James,F:8b4b310f435e,critic,2
Caryn James,F:7b5d85393630,critic,6
Caryn James,F:edfb01f5a9d6,critic,4
Nick James,F:b5749f03606c,critic,7
Nick James,F:aa65b1eedc05,critic,6
Nick James,F:2d8fc354cc2d,critic,1
Nick James,F:08966bbb6c53,critic,10
Nick James,F:79c30aef6e24,critic,4
Nick James,F:b2910882a46d,critic,5
Nick James,F:1a5144262bc4,critic,2
Nick James,F:38ccb3d447c3,critic,9
Nick James,F:df99a097e950,critic,3
Nick James,F:ec7726632ac1,critic,8
Aleksandar S. Janković,F:87ddccd7c29d,critic,7
Aleksandar S. Janković,F:6ae8c10ff551,critic,6
Aleksandar S. Janković,F:69ee1e9bf06a,critic,5
Aleksandar S. Janković,F:8fe1bdde11ef,critic,10
Aleksandar S. Janković,F:6475a9b7fa1e,critic,1
Aleksandar S. Janković,F:c968ffb19b67,critic,3
Aleksandar S. Janković,F:8b4b310f435e,critic,9
Aleksandar S. Janković,F:b2910882a46d,critic,8
Aleksandar S. Janković,F:fe45d0594cf1,critic,4
Aleksandar S. Janković,F:093959fc1968,critic,2
Carmen Jaquier,F:e8f8d8dc162f,director,1
Carmen Jaquier,F:15bcedf51ef8,director,9
Carmen Jaquier,F:e8eb9fbeb338,director,2
Carmen Jaquier,F:ef1ae16a3954,director,5
Carmen Jaquier,F:e2e430a1802f,director,6
Carmen Jaquier,F:2018d336cc28,director,7
Carmen Jaquier,F:2551ccb2c996,director,3
Carmen Jaquier,F:77324d1d150c,director,8
Carmen Jaquier,F:170194725dbe,director,4
Stefan Jaworzyn,F:fbfc282cbfbb,critic,7
Stefan Jaworzyn,F:337423442fc4,critic,4
Stefan Jaworzyn,F:7fe15b05ccde,critic,10
Stefan Jaworzyn,F:c247ad9469a4,critic,3
Stefan Jaworzyn,F:74869694acb1,critic,8
Stefan Jaworzyn,F:63d46e5d8cef,critic,6
Stefan Jaworzyn,F:125061f190de,critic,9
Stefan Jaworzyn,F:dbf73dd7780a,critic,1
Stefan Jaworzyn,F:af358d7d1d59,critic,5
Stefan Jaworzyn,F:c23113d53b2c,critic,2
Marcel Jean,F:e4c85027e5e0,critic,1
Marcel Jean,F:a8d48e8e61f0,critic,3
Marcel Jean,F:e4e5d0b8b474,critic,9
Marcel Jean,F:ee5e85aa2619,critic,4
Marcel Jean,F:feaa04ac1109,critic,7
Marcel Jean,F:7b5d85393630,critic,8
Marcel Jean,F:55fd868ffa49,critic,2
Marcel Jean,F:0c208843518d,critic,5
Marcel Jean,F:b339d6c582f0,critic,6
Marcel Jean,F:83c734e30238,critic,10
Clyde Jeavons,F:4418a62420bf,critic,4
Clyde Jeavons,F:cda1a8b3152c,critic,8
Clyde Jeavons,F:b4d61a735aa6,critic,2
Clyde Jeavons,F:f134a7d6b523,critic,1
Clyde Jeavons,F:feaa04ac1109,critic,7
Clyde Jeavons,F:38ccb3d447c3,critic,9
Clyde Jeavons,F:e2bff7956338,critic,10
Clyde Jeavons,F:e35009677263,critic,3
Clyde Jeavons,F:ed7d59c56f5d,critic,5
Clyde Jeavons,F:fbfc282cbfbb,critic,6
Alessandro Jedlowski,F:69f5bed6f836,critic,10
Alessandro Jedlowski,F:9c3f5dbc8d78,critic,4
Alessandro Jedlowski,F:0bf91d44f497,critic,3
Alessandro Jedlowski,F:7b1253150b96,critic,5
Alessandro Jedlowski,F:91bbce13df74,critic,1
Alessandro Jedlowski,F:f2335c6d4034,critic,2
Alessandro Jedlowski,F:62223f240a33,critic,7
Alessandro Jedlowski,F:6fb030bf7755,critic,8
Alessandro Jedlowski,F:fbfc282cbfbb,critic,9
Alessandro Jedlowski,F:114b8506a3fa,critic,6
Mark Jenkin,F:aa9ca1df5398,director,8
Mark Jenkin,F:97b42f962368,director,10
Mark Jenkin,F:1232574daf78,director,9
Mark Jenkin,F:3ddf61d354f3,director,4
Mark Jenkin,F:548cb9553267,director,5
Mark Jenkin,F:65f242612f92,director,7
Mark Jenkin,F:732842e3a0e2,director,6
Mark Jenkin,F:9d753c1d5da9,director,1
Mark Jenkin,F:4e4fb2616f60,director,2
Mark Jenkin,F:c968ffb19b67,director,3
Barry Jenkins,F:b7b17347ab6a,director,3
Barry Jenkins,F:d472058d559a,director,7
Barry Jenkins,F:325075869126,director,8
Barry Jenkins,F:08966bbb6c53,director,9
Barry Jenkins,F:114ae73dd3a7,director,4
Barry Jenkins,F:a27ff54edcc2,director,1
Barry Jenkins,F:b132d89fef53,director,10
Barry Jenkins,F:11fff6d5f45a,director,2
Barry Jenkins,F:d1188b34b03c,director,6
Barry Jenkins,F:0565ff7fd56c,director,5
Bruce Jenkins,F:9a64753216c8,critic,4
Bruce Jenkins,F:7ecd292638a9,critic,3
Bruce Jenkins,F:944ad783759e,critic,8
Bruce Jenkins,F:f23dc7049cd5,critic,2
Bruce Jenkins,F:cf4f8f54b4df,critic,5
Bruce Jenkins,F:83c734e30238,critic,10
Bruce Jenkins,F:0565ff7fd56c,critic,7
Bruce Jenkins,F:69f5bed6f836,critic,9
Bruce Jenkins,F:822f493093bf,critic,1
Bruce Jenkins,F:8fc32725b37f,critic,6
David Jenkins,F:a8504c4c8cb8,critic,3
David Jenkins,F:72d6d9bf2299,critic,8
David Jenkins,F:3e088c64f4af,critic,7
David Jenkins,F:a4fbb368886c,critic,4
David Jenkins,F:c41986eabc20,critic,9
David Jenkins,F:3bcc68f09988,critic,1
David Jenkins,F:da997bca9f48,critic,6
David Jenkins,F:2fa011030bb0,critic,2
David Jenkins,F:c22c42cd69b9,critic,10
David Jenkins,F:f1f9458aedc5,critic,5
Shanay Jhaveri,F:813bde6e3053,critic,9
Shanay Jhaveri,F:8fc32725b37f,critic,8
Shanay Jhaveri,F:aa65b1eedc05,critic,7
Shanay Jhaveri,F:325075869126,critic,10
Shanay Jhaveri,F:de8e6242d3f5,critic,5
Shanay Jhaveri,F:e965d5c760f0,critic,1
Shanay Jhaveri,F:c9caaff114b0,critic,6
Shanay Jhaveri,F:a2cf7b6c9680,critic,2
Shanay Jhaveri,F:a4242369b119,critic,3
Shanay Jhaveri,F:242568708f10,critic,4
Thierry Jobin,F:4acddf379d28,critic,6
Thierry Jobin,F:d4937a407577,critic,1
Thierry Jobin,F:e2bff7956338,critic,9
Thierry Jobin,F:b0360159539e,critic,3
Thierry Jobin,F:bf6387f2c8ae,critic,10
Thierry Jobin,F:bee09401fa7d,critic,5
Thierry Jobin,F:41d225e6ff0b,critic,2
Thierry Jobin,F:4178c0f6fbb7,critic,8
Thierry Jobin,F:a5083fa04636,critic,4
Thierry Jobin,F:d472058d559a,critic,7
Lauren John Joseph,F:621ccae3bfba,critic,7
Lauren John Joseph,F:76a54ede5d64,critic,6
Lauren John Joseph,F:608e02fe3ca2,critic,9
Lauren John Joseph,F:2af5c5bcacdf,critic,10
Lauren John Joseph,F:9efcb3d93167,critic,8
Lauren John Joseph,F:34c509b6a2c8,critic,4
Lauren John Joseph,F:65b2c1a9a03a,critic,5
Lauren John Joseph,F:8624d2b15d7d,critic,2
Lauren John Joseph,F:4cf2060e3423,critic,3
Lauren John Joseph,F:a86baaeef3bf,critic,1
Justin Johnson,F:fa08c517c8ab,critic,2
Justin Johnson,F:2c1b8d02644e,critic,4
Justin Johnson,F:11f597068baf,critic,9
Justin Johnson,F:3aac5db12b12,critic,5
Justin Johnson,F:4e1ecc31383f,critic,3
Justin Johnson,F:fbac63dcd9cf,critic,8
Justin Johnson,F:63d46e5d8cef,critic,6
Justin Johnson,F:08966bbb6c53,critic,10
Justin Johnson,F:f20668301eda,critic,1
Justin Johnson,F:b5fac1879322,critic,7
Kirsten Johnson,F:944ad783759e,director,8
Kirsten Johnson,F:dde6ffd9106a,director,1
Kirsten Johnson,F:325075869126,director,10
Kirsten Johnson,F:3dc11a61f1ca,director,2
Kirsten Johnson,F:69f5bed6f836,director,9
Kirsten Johnson,F:dd03c7ae8bd4,director,6
Kirsten Johnson,F:69dee05125cb,director,5
Kirsten Johnson,F:02ded6e20b97,director,7
Kirsten Johnson,F:05d1730cfab5,director,3
Kirsten Johnson,F:a7d92e333282,director,4
Matt Johnson,F:185593d4591d,director,4
Matt Johnson,F:1a5ed79e90c4,director,9
Matt Johnson,F:0aa6f0d6f865,director,1
Matt Johnson,F:e883b87e1b57,director,3
Matt Johnson,F:03375fce72c5,director,2
Matt Johnson,F:45a8e45c3691,director,5
Matt Johnson,F:85e9e329d9df,director,6
Matt Johnson,F:f88f86b2bb29,director,8
Matt Johnson,F:61afc2a946ee,director,7
Matt Johnson,F:ca0238bc4718,director,10
Sheila Johnston,F:edfb01f5a9d6,critic,6
Sheila Johnston,F:5b505c37b676,critic,2
Sheila Johnston,F:950c29bf9796,critic,4
Sheila Johnston,F:fe0ac73a70a2,critic,1
Sheila Johnston,F:653f45346bcc,critic,8
Sheila Johnston,F:6744994f98f6,critic,5
Sheila Johnston,F:4178c0f6fbb7,critic,7
Sheila Johnston,F:9f96298e4d23,critic,9
Sheila Johnston,F:b5a06746734d,critic,10
Sheila Johnston,F:69ee1e9bf06a,critic,3
Trevor Johnston,F:813bde6e3053,critic,5
Trevor Johnston,F:15298623ef1f,critic,3
Trevor Johnston,F:bf6387f2c8ae,critic,9
Trevor Johnston,F:7cdcf0b32a06,critic,4
Trevor Johnston,F:4418a62420bf,critic,2
Trevor Johnston,F:653f45346bcc,critic,7
Trevor Johnston,F:ec7726632ac1,critic,6
Trevor Johnston,F:f363acab3eb9,critic,1
Trevor Johnston,F:b132d89fef53,critic,8
Trevor Johnston,F:b5a06746734d,critic,10
Dan Jolin,F:9bc253a7e2b4,critic,7
Dan Jolin,F:63d46e5d8cef,critic,9
Dan Jolin,F:2aa982232c65,critic,3
Dan Jolin,F:ff8951301912,critic,5
Dan Jolin,F:c41986eabc20,critic,10
Dan Jolin,F:165ea115d0f7,critic,8
Dan Jolin,F:af88a53db7a4,critic,2
Dan Jolin,F:85910834754f,critic,1
Dan Jolin,F:fdbc5f598a2d,critic,4
Dan Jolin,F:4409f275b372,critic,6
Alan Jones,F:09035fce59e3,critic,9
Alan Jones,F:ef4ed5380e4f,critic,5
Alan Jones,F:e71bb4ce0704,critic,3
Alan Jones,F:008495919c65,critic,7
Alan Jones,F:63ac410ba679,critic,4
Alan Jones,F:462d5432a2a9,critic,1
Alan Jones,F:d472058d559a,critic,10
Alan Jones,F:47792aba47f4,critic,2
Alan Jones,F:f44713a09e4d,critic,8
Alan Jones,F:e0a07c197db1,critic,6
Kent Jones,F:cbb0587ba064,critic,7
Kent Jones,F:8703270231ee,critic,2
Kent Jones,F:c34fe68dc6cf,critic,3
Kent Jones,F:2ec8e3a6b8aa,critic,4
Kent Jones,F:b5a06746734d,critic,10
Kent Jones,F:c78c6b97f980,critic,6
Kent Jones,F:bd648fce3b3f,critic,5
Kent Jones,F:1232574daf78,critic,1
Kent Jones,F:d117472f572e,critic,8
Kent Jones,F:b132d89fef53,critic,9
Stephen Jones,F:bf6387f2c8ae,critic,10
Stephen Jones,F:88f068b796c4,critic,5
Stephen Jones,F:4856ae18c1cd,critic,9
Stephen Jones,F:79c30aef6e24,critic,6
Stephen Jones,F:b193e983a4be,critic,1
Stephen Jones,F:b5fac1879322,critic,8
Stephen Jones,F:84cc262a6766,critic,4
Stephen Jones,F:1c8565784f6c,critic,7
Stephen Jones,F:8bd8bd1fc0e8,critic,3
Stephen Jones,F:19906ed27aab,critic,2
Bong Joon-ho,F:09035fce59e3,director,10
Bong Joon-ho,F:6f2a4d797b57,director,2
Bong Joon-ho,F:40851c97fe02,director,6
Bong Joon-ho,F:1859da86bd20,director,1
Bong Joon-ho,F:bd648fce3b3f,director,9
Bong Joon-ho,F:72d8bc7578ad,director,8
Bong Joon-ho,F:d19468c67d4e,director,5
Bong Joon-ho,F:ce83cdfc8504,director,4
Bong Joon-ho,F:e4c949fb454a,director,7
Bong Joon-ho,F:1bd2534c8158,director,3
Neil Jordan,F:096362e962d8,director,1
Neil Jordan,F:f5b23bc11b1d,director,4
Neil Jordan,F:bee09401fa7d,director,8
Neil Jordan,F:fbfc282cbfbb,director,3
Neil Jordan,F:4996e9b10df0,director,5
Neil Jordan,F:8fe1bdde11ef,director,6
Neil Jordan,F:83ebc8b43c9d,director,9
Neil Jordan,F:bf6387f2c8ae,director,10
Neil Jordan,F:02ded6e20b97,director,7
Neil Jordan,F:0c208843518d,director,2
Namrata Joshi,F:cda1a8b3152c,critic,7
Namrata Joshi,F:593fbbab1bb0,critic,3
Namrata Joshi,F:47189ef057b8,critic,1
Namrata Joshi,F:b81ddc038404,critic,4
Namrata Joshi,F:95cf6a38f24b,critic,2
Namrata Joshi,F:9f96298e4d23,critic,10
Namrata Joshi,F:09035fce59e3,critic,6
Namrata Joshi,F:cb689f3e2a97,critic,8
Namrata Joshi,F:951e168add74,critic,5
Namrata Joshi,F:08966bbb6c53,critic,9
François Jost,F:0df7362f710e,critic,6
François Jost,F:bf6387f2c8ae,critic,10
François Jost,F:8fe1bdde11ef,critic,7
François Jost,F:f8c0c9d5b4c5,critic,1
François Jost,F:bee09401fa7d,critic,8
François Jost,F:cc32d7e75c84,critic,3
François Jost,F:dfb01f9b56de,critic,5
François Jost,F:80476c85ac52,critic,4
François Jost,F:653f45346bcc,critic,9
François Jost,F:ce97185ded6f,critic,2
Murielle Joudet,F:b5a06746734d,critic,2
Murielle Joudet,F:d2e4f5e8f98d,critic,1
Thierry Jousse,F:4996e9b10df0,critic,9
Thierry Jousse,F:28d41c264f9a,critic,6
Thierry Jousse,F:8481529aa9c4,critic,7
Thierry Jousse,F:0525cace8386,critic,3
Thierry Jousse,F:27cc97d93f99,critic,5
Thierry Jousse,F:8703270231ee,critic,8
Thierry Jousse,F:843562fa2cc9,critic,1
Thierry Jousse,F:5094c1da4d65,critic,10
Thierry Jousse,F:4a3e1e8dde96,critic,2
Thierry Jousse,F:4910ffd369f1,critic,4
Goran Jovanović,F:bee09401fa7d,critic,8
Goran Jovanović,F:cc882978bf66,critic,2
Goran Jovanović,F:d210c0d5f689,critic,5
Goran Jovanović,F:34cf774aeffe,critic,6
Goran Jovanović,F:bf6387f2c8ae,critic,10
Goran Jovanović,F:caf9aa22da03,critic,4
Goran Jovanović,F:29e8c2663329,critic,9
Goran Jovanović,F:31e3a3512a76,critic,7
Goran Jovanović,F:35eee092a1be,critic,3
Goran Jovanović,F:e755afc950d9,critic,1
Nebojša Jovanović,F:b5a06746734d,critic,10
Nebojša Jovanović,F:653f45346bcc,critic,9
Nebojša Jovanović,F:2da4899c687b,critic,4
Nebojša Jovanović,F:69f5bed6f836,critic,8
Nebojša Jovanović,F:d62c40a3d88f,critic,2
Nebojša Jovanović,F:cbb0587ba064,critic,6
Nebojša Jovanović,F:8b4b310f435e,critic,5
Nebojša Jovanović,F:7c9c923f35c0,critic,3
Nebojša Jovanović,F:c6014c74c7ea,critic,1
Nebojša Jovanović,F:7b5d85393630,critic,7
Olivier Joyard,F:b5a06746734d,critic,9
Olivier Joyard,F:008495919c65,critic,7
Olivier Joyard,F:9223c478b715,critic,2
Olivier Joyard,F:15bcedf51ef8,critic,8
Olivier Joyard,F:83c734e30238,critic,10
Olivier Joyard,F:b9af680af33b,critic,4
Olivier Joyard,F:7a7c0ff849d4,critic,6
Olivier Joyard,F:cd8b74b7b5a9,critic,3
Olivier Joyard,F:9add670ca01e,critic,1
Olivier Joyard,F:f00e3c45dd9d,critic,5
Tara Judah,F:83c734e30238,critic,10
Tara Judah,F:e147c7e3e29c,critic,6
Tara Judah,F:0df7362f710e,critic,7
Tara Judah,F:0bd171a9d013,critic,1
Tara Judah,F:6ca9676ba9f4,critic,2
Tara Judah,F:951e168add74,critic,8
Tara Judah,F:d2ac8fced14e,critic,9
Tara Judah,F:fbaed03c3121,critic,5
Tara Judah,F:e3e045b158eb,critic,3
Tara Judah,F:9113deb430d0,critic,4
Radu Jude,F:8a0d3edd6b30,director,3
Radu Jude,F:2bb39a8c5136,director,8
Radu Jude,F:08fbc77eeba6,director,2
Radu Jude,F:b108cca94c9d,director,9
Radu Jude,F:e8aeeb4d2f39,director,4
Radu Jude,F:620440930eba,director,5
Radu Jude,F:fb9b096a7f12,director,7
Radu Jude,F:11e36d1e4350,director,10
Radu Jude,F:a8c6cb7adb50,director,1
Radu Jude,F:89847dbac64d,director,6
Isaac Julien,F:3940db993e0a,director,3
Isaac Julien,F:06be1a53f8b8,director,1
Isaac Julien,F:69f5bed6f836,director,11
Isaac Julien,F:4acddf379d28,director,9
Isaac Julien,F:ca241fd9482a,director,4
Isaac Julien,F:c22c42cd69b9,director,6
Isaac Julien,F:10e86670da04,director,8
Isaac Julien,F:8fc32725b37f,director,7
Isaac Julien,F:d1188b34b03c,director,10
Isaac Julien,F:9a64753216c8,director,5
Isaac Julien,F:65abf8c26731,director,2
Laurent Jullier,F:f5b23bc11b1d,critic,7
Laurent Jullier,F:4178c0f6fbb7,critic,10
Laurent Jullier,F:8b4b310f435e,critic,9
Laurent Jullier,F:e9f152c4c353,critic,1
Laurent Jullier,F:da997bca9f48,critic,4
Laurent Jullier,F:078c56f7dec6,critic,8
Laurent Jullier,F:28d41c264f9a,critic,6
Laurent Jullier,F:e147c7e3e29c,critic,5
Laurent Jullier,F:55ee808f2b0d,critic,2
Laurent Jullier,F:cf6cb2112728,critic,3
Soudade Kaadan,F:edfb01f5a9d6,director,9
Soudade Kaadan,F:cd6c92d24d51,director,5
Soudade Kaadan,F:2d98c3557d3b,director,1
Soudade Kaadan,F:f993dfb4c0a6,director,3
Soudade Kaadan,F:03b3065dc545,director,8
Soudade Kaadan,F:1a89b137af3a,director,2
Soudade Kaadan,F:99525f6dd03f,director,6
Soudade Kaadan,F:bfe5d9d523ed,director,4
Soudade Kaadan,F:951e168add74,director,7
Helmi Kajaste,F:38516f3726c8,critic,4
Helmi Kajaste,F:4acddf379d28,critic,9
Helmi Kajaste,F:fbaed03c3121,critic,6
Helmi Kajaste,F:c78c6b97f980,critic,8
Helmi Kajaste,F:7cdcf0b32a06,critic,10
Helmi Kajaste,F:caabee7db5c9,critic,7
Helmi Kajaste,F:be5197f08d0d,critic,5
Helmi Kajaste,F:0813fd94c20e,critic,2
Helmi Kajaste,F:e499a42520f0,critic,3
Helmi Kajaste,F:0b163ac9d3c4,critic,1
Tina Kalinić,F:b132d89fef53,critic,10
Tina Kalinić,F:75046ffb9b38,critic,9
Tina Kalinić,F:813bde6e3053,critic,8
Tina Kalinić,F:838a18661382,critic,6
Tina Kalinić,F:1b75128a4d7f,critic,4
Tina Kalinić,F:8d8d5a82beb1,critic,1
Tina Kalinić,F:3d3b476c98d2,critic,3
Tina Kalinić,F:afa2cf1bc931,critic,5
Tina Kalinić,F:45a6e7cd71d6,critic,2
Tina Kalinić,F:03b3065dc545,critic,7
Petteri Kalliomäki,F:6f8df8b2773e,critic,1
Petteri Kalliomäki,F:b4a5ee26ac20,critic,2
Petteri Kalliomäki,F:ee860a1dac92,critic,10
Petteri Kalliomäki,F:c47f3a270320,critic,9
Petteri Kalliomäki,F:30bd911e6330,critic,3
Petteri Kalliomäki,F:e6bc95fe4215,critic,8
Petteri Kalliomäki,F:83a4d18da983,critic,4
Petteri Kalliomäki,F:b7b1f3dce70a,critic,5
Petteri Kalliomäki,F:c71b9bd6175f,critic,7
Petteri Kalliomäki,F:ec9618f485f9,critic,6
Vanja Kaludjercic,F:667f9047c4d8,critic,10
Vanja Kaludjercic,F:0fd50f23762e,critic,1
Vanja Kaludjercic,F:13238235a2da,critic,2
Vanja Kaludjercic,F:5862a4b5f813,critic,8
Vanja Kaludjercic,F:feeab0469465,critic,3
Vanja Kaludjercic,F:6e079238646f,critic,4
Vanja Kaludjercic,F:08503af63a2e,critic,9
Vanja Kaludjercic,F:e21ad610ca24,critic,5
Vanja Kaludjercic,F:eb28658f31b2,critic,6
Vanja Kaludjercic,F:65742653cd61,critic,7
Dominik Kamalzadeh,F:adf93b9e5ace,critic,2
Dominik Kamalzadeh,F:325075869126,critic,10
Dominik Kamalzadeh,F:264b0bf1dd83,critic,4
Dominik Kamalzadeh,F:3f04a810483b,critic,1
Dominik Kamalzadeh,F:caabee7db5c9,critic,8
Dominik Kamalzadeh,F:a839db59f170,critic,3
Dominik Kamalzadeh,F:ad61730d9d2f,critic,6
Dominik Kamalzadeh,F:c22c42cd69b9,critic,9
Dominik Kamalzadeh,F:7a4937c915f3,critic,7
Dominik Kamalzadeh,F:1df71d95bd96,critic,5
Alexia Kannas,F:090832505b0f,critic,7
Alexia Kannas,F:b5a06746734d,critic,9
Alexia Kannas,F:653f45346bcc,critic,8
Alexia Kannas,F:15bcedf51ef8,critic,6
Alexia Kannas,F:fbaed03c3121,critic,4
Alexia Kannas,F:122fb2de00e8,critic,2
Alexia Kannas,F:83c734e30238,critic,10
Alexia Kannas,F:bee5654ca481,critic,1
Alexia Kannas,F:b339d6c582f0,critic,5
Alexia Kannas,F:1a68aefe7ea1,critic,3
Asif Kapadia,F:b5a06746734d,director,10
Asif Kapadia,F:bd648fce3b3f,director,5
Asif Kapadia,F:b132d89fef53,director,9
Asif Kapadia,F:4a7fa7be8c87,director,7
Asif Kapadia,F:ea8c30267045,director,4
Asif Kapadia,F:23bcdf10e622,director,2
Asif Kapadia,F:f71879711b8f,director,6
Asif Kapadia,F:f376d0dacdd0,director,3
Asif Kapadia,F:5f9daceb0454,director,1
Asif Kapadia,F:08966bbb6c53,director,8
Aneil Karia,F:3c781cd7cdf8,director,9
Aneil Karia,F:325075869126,director,10
Aneil Karia,F:d2506ebeb73e,director,8
Aneil Karia,F:6e92bae17de8,director,7
Aneil Karia,F:0b59db9c3fd9,director,3
Aneil Karia,F:9b6d7e6fd7d3,director,6
Aneil Karia,F:aeb779653548,director,5
Aneil Karia,F:356fb3c3f370,director,2
Aneil Karia,F:d9e0d79f1b20,director,1
Aneil Karia,F:984b0f1c1175,director,4
Anurag Kashyap,F:e2bff7956338,director,10
Anurag Kashyap,F:02ded6e20b97,director,7
Anurag Kashyap,F:edfb01f5a9d6,director,8
Anurag Kashyap,F:d283ca2f31be,director,1
Anurag Kashyap,F:c6014c74c7ea,director,2
Anurag Kashyap,F:d472058d559a,director,9
Anurag Kashyap,F:0ea0e00d9fdc,director,3
Anurag Kashyap,F:bd648fce3b3f,director,6
Anurag Kashyap,F:6b927993e1e1,director,5
Anurag Kashyap,F:41d225e6ff0b,director,4
Daniel Kasman,F:a57224c9e34a,critic,4
Daniel Kasman,F:c0891d475a49,critic,10
Daniel Kasman,F:e499a42520f0,critic,6
Daniel Kasman,F:b1d3b0d928ca,critic,5
Daniel Kasman,F:d39d1b73d6fa,critic,8
Daniel Kasman,F:caabee7db5c9,critic,9
Daniel Kasman,F:515e6ef251b3,critic,2
Daniel Kasman,F:dbf76df2cb20,critic,3
Daniel Kasman,F:44526cabf469,critic,1
Daniel Kasman,F:b9af680af33b,critic,7
David Katz,F:75046ffb9b38,critic,10
David Katz,F:13d89ea77046,critic,2
David Katz,F:98aa847a19fe,critic,6
David Katz,F:125061f190de,critic,9
David Katz,F:ccf025d52138,critic,3
David Katz,F:a9519db91181,critic,8
David Katz,F:c0cfeec65d87,critic,4
David Katz,F:1232574daf78,critic,7
David Katz,F:86520f41e847,critic,1
David Katz,F:09a914de09e9,critic,5
Sten Kauber,F:29e8c2663329,critic,3
Sten Kauber,F:97b42f962368,critic,5
Sten Kauber,F:b5a06746734d,critic,10
Sten Kauber,F:9f96298e4d23,critic,9
Sten Kauber,F:08966bbb6c53,critic,8
Sten Kauber,F:e4e5d0b8b474,critic,6
Sten Kauber,F:7fe15b05ccde,critic,4
Sten Kauber,F:653f45346bcc,critic,7
Sten Kauber,F:fbac63dcd9cf,critic,2
Sten Kauber,F:6b927993e1e1,critic,1
Sarah Kaufman,F:38ccb3d447c3,critic,9
Sarah Kaufman,F:bc7efd321b05,critic,1
Sarah Kaufman,F:e2bff7956338,critic,10
Sarah Kaufman,F:176166e412b4,critic,8
Sarah Kaufman,F:27cc97d93f99,critic,4
Sarah Kaufman,F:4856ae18c1cd,critic,6
Sarah Kaufman,F:0a600f29226c,critic,7
Sarah Kaufman,F:84fa7c2219d2,critic,5
Sarah Kaufman,F:000c71b9b4be,critic,2
Sarah Kaufman,F:6461abdfd357,critic,3
Aki Kaurismäki,F:6b3a0b38e917,director,7
Aki Kaurismäki,F:bc9d9316bdc3,director,2
Aki Kaurismäki,F:b339d6c582f0,director,10
Aki Kaurismäki,F:18febe4125b6,director,6
Aki Kaurismäki,F:ae5ff367a47f,director,3
Aki Kaurismäki,F:8735c8ec16f6,director,4
Aki Kaurismäki,F:e282a07f323c,director,1
Aki Kaurismäki,F:ff575e494ec5,director,5
Aki Kaurismäki,F:74b03fbb797f,director,8
Aki Kaurismäki,F:a8d48e8e61f0,director,9
Christian Keathley,F:5d99bc43562a,critic,1
Christian Keathley,F:aa65b1eedc05,critic,6
Christian Keathley,F:6ae8c10ff551,critic,4
Christian Keathley,F:7cdcf0b32a06,critic,9
Christian Keathley,F:7416e0cb1ff8,critic,2
Christian Keathley,F:c0891d475a49,critic,8
Christian Keathley,F:feaa04ac1109,critic,5
Christian Keathley,F:176166e412b4,critic,7
Christian Keathley,F:4178c0f6fbb7,critic,10
Christian Keathley,F:20a0a276094a,critic,3
Cael Keegan,F:b5a06746734d,critic,10
Cael Keegan,F:d1188b34b03c,critic,5
Cael Keegan,F:38ccb3d447c3,critic,7
Cael Keegan,F:57a1bf06a3b8,critic,2
Cael Keegan,F:e4c949fb454a,critic,1
Cael Keegan,F:125061f190de,critic,4
Cael Keegan,F:653f45346bcc,critic,8
Cael Keegan,F:71c7b9363133,critic,3
Cael Keegan,F:08966bbb6c53,critic,9
Cael Keegan,F:ec7726632ac1,critic,6
Dave Kehr,F:096362e962d8,critic,2
Dave Kehr,F:4e9ea31e2e3f,critic,1
Dave Kehr,F:c0891d475a49,critic,8
Dave Kehr,F:4996e9b10df0,critic,5
Dave Kehr,F:87ddccd7c29d,critic,3
Dave Kehr,F:75046ffb9b38,critic,9
Dave Kehr,F:d5d45d8c9f1b,critic,4
Dave Kehr,F:b7dbf64232a8,critic,6
Dave Kehr,F:b5a06746734d,critic,10
Dave Kehr,F:2ec8e3a6b8aa,critic,7
Sek Kei,F:4fd3c9a708f4,critic,5
Sek Kei,F:8501b9a76718,critic,4
Sek Kei,F:7fe15b05ccde,critic,10
Sek Kei,F:125061f190de,critic,9
Sek Kei,F:dd66b883fc5c,critic,1
Sek Kei,F:fbac63dcd9cf,critic,8
Sek Kei,F:6e812d498e77,critic,2
Sek Kei,F:f96da45e774e,critic,6
Sek Kei,F:37582b1b2b83,critic,3
Sek Kei,F:b0360159539e,critic,7
Sascha Keilholz,F:b132d89fef53,critic,10
Sascha Keilholz,F:feaa04ac1109,critic,5
Sascha Keilholz,F:f71879711b8f,critic,7
Sascha Keilholz,F:c0891d475a49,critic,8
Sascha Keilholz,F:76f8cccf860c,critic,4
Sascha Keilholz,F:bd648fce3b3f,critic,6
Sascha Keilholz,F:4319655c5540,critic,1
Sascha Keilholz,F:b36e2106dd8c,critic,2
Sascha Keilholz,F:9609d2e67c50,critic,3
Sascha Keilholz,F:7fe15b05ccde,critic,9
Patrick Keiller,F:2bcbc58a252d,director,9
Patrick Keiller,F:9efcb3d93167,director,5
Patrick Keiller,F:21c9b6bcddaa,director,1
Patrick Keiller,F:a5d0909bfd7e,director,3
Patrick Keiller,F:4a7fa7be8c87,director,7
Patrick Keiller,F:41a9c0cf626d,director,4
Patrick Keiller,F:a8ed3bb0139d,director,2
Patrick Keiller,F:29e8c2663329,director,10
Patrick Keiller,F:a9519db91181,director,8
Patrick Keiller,F:79c30aef6e24,director,6
Sarah K Keller,F:69f5bed6f836,critic,8
Sarah K Keller,F:665eab0ab9d1,critic,5
Sarah K Keller,F:090832505b0f,critic,7
Sarah K Keller,F:c22c42cd69b9,critic,6
Sarah K Keller,F:83c734e30238,critic,10
Sarah K Keller,F:3b90fa867e61,critic,1
Sarah K Keller,F:e35d40a37ce8,critic,3
Sarah K Keller,F:325075869126,critic,9
Sarah K Keller,F:48fbddc904dd,critic,2
Sarah K Keller,F:e037a0ce1088,critic,4
Paul Kelly,F:a5083fa04636,director,9
Paul Kelly,F:ed913192d169,director,8
Paul Kelly,F:c9b8f0d2ee63,director,1
Paul Kelly,F:240c3c3338a1,director,7
Paul Kelly,F:c64fcab20129,director,3
Paul Kelly,F:51644bbb0d9c,director,6
Paul Kelly,F:b5e106e52b4d,director,5
Paul Kelly,F:4f6f3f9bcf2a,director,2
Paul Kelly,F:d472058d559a,director,10
Paul Kelly,F:ff8951301912,director,4
Richard Kelly,F:653f45346bcc,director,8
Richard Kelly,F:b132d89fef53,director,9
Richard Kelly,F:6d78c0ecb7e7,director,7
Richard Kelly,F:bf6387f2c8ae,director,10
Richard Kelly,F:f53416daf440,director,6
Richard Kelly,F:9bc253a7e2b4,director,3
Richard Kelly,F:7b0fdc076a32,director,2
Richard Kelly,F:59e7441be420,director,1
Richard Kelly,F:d2506ebeb73e,director,5
Richard Kelly,F:96db1ec94fd6,director,4
Richard T Kelly,F:813bde6e3053,critic,8
Richard T Kelly,F:4bbf32d00fd9,critic,2
Richard T Kelly,F:d8e24aa1ab58,critic,7
Richard T Kelly,F:d117472f572e,critic,9
Richard T Kelly,F:c34fe68dc6cf,critic,4
Richard T Kelly,F:e4e5d0b8b474,critic,10
Richard T Kelly,F:f363acab3eb9,critic,1
Richard T Kelly,F:f376d0dacdd0,critic,5
Richard T Kelly,F:f71879711b8f,critic,6
Richard T Kelly,F:ed09733fe458,critic,3
Ella Kemp,F:af3336b803be,critic,4
Ella Kemp,F:002c591e702f,critic,6
Ella Kemp,F:4a5bb2892077,critic,2
Ella Kemp,F:38ccb3d447c3,critic,10
Ella Kemp,F:7bf47800d216,critic,1
Ella Kemp,F:c78c6b97f980,critic,8
Ella Kemp,F:57a1bf06a3b8,critic,5
Ella Kemp,F:17fcc038144d,critic,3
Ella Kemp,F:16913ba1d831,critic,7
Ella Kemp,F:d2ac8fced14e,critic,9
Philip Kemp,F:77dfc27d3ab3,critic,3
Philip Kemp,F:e50615c80a64,critic,6
Philip Kemp,F:3dcb5570fe49,critic,2
Philip Kemp,F:1a68aefe7ea1,critic,5
Philip Kemp,F:1a94d9f63387,critic,4
Philip Kemp,F:eeccea3a3476,critic,1
Philip Kemp,F:e9e268170b35,critic,9
Philip Kemp,F:cb689f3e2a97,critic,10
Philip Kemp,F:c41986eabc20,critic,8
Philip Kemp,F:f5b23bc11b1d,critic,7
Andrew Kendall,F:b5fac1879322,critic,10
Andrew Kendall,F:b10a906b1662,critic,7
Andrew Kendall,F:d1d43bf4deff,critic,9
Andrew Kendall,F:81e8c65d133e,critic,8
Andrew Kendall,F:703e064069d1,critic,4
Andrew Kendall,F:4d1cd4656b98,critic,3
Andrew Kendall,F:35eee092a1be,critic,5
Andrew Kendall,F:dcdf408cc6c8,critic,1
Andrew Kendall,F:dcef20282bc9,critic,2
Andrew Kendall,F:cd2b19d5e1ca,critic,6
Natalia Keogan,F:c24630263803,critic,1
Natalia Keogan,F:653f45346bcc,critic,9
Natalia Keogan,F:f376d0dacdd0,critic,7
Natalia Keogan,F:73ac13372020,critic,6
Natalia Keogan,F:ad5fec931766,critic,4
Natalia Keogan,F:4acddf379d28,critic,8
Natalia Keogan,F:83c734e30238,critic,10
Natalia Keogan,F:bcf63870b80d,critic,5
Natalia Keogan,F:060d2de6c1da,critic,2
Natalia Keogan,F:f60d8a411d0b,critic,3
Dimitris Kerkinos,F:b5a06746734d,critic,10
Dimitris Kerkinos,F:b132d89fef53,critic,9
Dimitris Kerkinos,F:7fe15b05ccde,critic,8
Dimitris Kerkinos,F:03774d8054b0,critic,7
Dimitris Kerkinos,F:eeb94ecd85af,critic,1
Dimitris Kerkinos,F:cdb76db94f02,critic,4
Dimitris Kerkinos,F:2799de28d75f,critic,2
Dimitris Kerkinos,F:76f8cccf860c,critic,5
Dimitris Kerkinos,F:1c8565784f6c,critic,3
Dimitris Kerkinos,F:4434c6705bd6,critic,6
Jennie Kermode,F:3870d5428078,critic,5
Jennie Kermode,F:b5a06746734d,critic,10
Jennie Kermode,F:297b574430d3,critic,3
Jennie Kermode,F:477977925947,critic,8
Jennie Kermode,F:08cc8188022e,critic,4
Jennie Kermode,F:4ee3cc00151d,critic,1
Jennie Kermode,F:73ac13372020,critic,7
Jennie Kermode,F:45a8e45c3691,critic,2
Jennie Kermode,F:23bcdf10e622,critic,9
Jennie Kermode,F:a250f5c6593b,critic,6
Laura Kern,F:5ff8e468e0f2,critic,4
Laura Kern,F:b10a906b1662,critic,5
Laura Kern,F:a5083fa04636,critic,8
Laura Kern,F:09035fce59e3,critic,9
Laura Kern,F:9dc99962ce43,critic,7
Laura Kern,F:38ccb3d447c3,critic,10
Laura Kern,F:f173d870a9c1,critic,3
Laura Kern,F:860988085746,critic,6
Laura Kern,F:0f747bd2ebff,critic,2
Laura Kern,F:cd5dff858679,critic,1
Lisa Kerrigan,F:269ff03a9765,critic,4
Lisa Kerrigan,F:08966bbb6c53,critic,10
Lisa Kerrigan,F:b2910882a46d,critic,6
Lisa Kerrigan,F:76b554fe871c,critic,1
Lisa Kerrigan,F:7c6b5e4e666a,critic,2
Lisa Kerrigan,F:c41986eabc20,critic,7
Lisa Kerrigan,F:d1188b34b03c,critic,9
Lisa Kerrigan,F:f53416daf440,critic,8
Lisa Kerrigan,F:4869214ea5b6,critic,3
Lisa Kerrigan,F:74869694acb1,critic,5
Eric Khoo,F:03774d8054b0,director,9
Eric Khoo,F:9dc99962ce43,director,4
Eric Khoo,F:b5e106e52b4d,director,3
Eric Khoo,F:e2bff7956338,director,10
Eric Khoo,F:f71879711b8f,director,7
Eric Khoo,F:71c7b9363133,director,6
Eric Khoo,F:d472058d559a,director,8
Eric Khoo,F:3779236f3701,director,5
Eric Khoo,F:af3bb4e546db,director,1
Eric Khoo,F:5fedfb24d51d,director,2
Ehsan Khoshbakht,F:18578e25390d,critic,3
Ehsan Khoshbakht,F:75046ffb9b38,critic,10
Ehsan Khoshbakht,F:fb0a10906223,critic,2
Ehsan Khoshbakht,F:f9b6370c1fc2,critic,6
Ehsan Khoshbakht,F:087f773c406b,critic,4
Ehsan Khoshbakht,F:cf940e79a3bb,critic,1
Ehsan Khoshbakht,F:2320d0b9141c,critic,8
Ehsan Khoshbakht,F:98aa847a19fe,critic,5
Ehsan Khoshbakht,F:0df7362f710e,critic,9
Ehsan Khoshbakht,F:b81ddc038404,critic,7
Jessica Kiang,F:7c9c923f35c0,critic,5
Jessica Kiang,F:ed913192d169,critic,7
Jessica Kiang,F:325075869126,critic,8
Jessica Kiang,F:c48b24faa9f1,critic,4
Jessica Kiang,F:4a6e9bfd13e1,critic,2
Jessica Kiang,F:83c734e30238,critic,10
Jessica Kiang,F:feaa04ac1109,critic,6
Jessica Kiang,F:787e59899d58,critic,1
Jessica Kiang,F:b10a906b1662,critic,3
Jessica Kiang,F:9f96298e4d23,critic,9
Andreas Kilb,F:c0891d475a49,critic,5
Andreas Kilb,F:d117472f572e,critic,7
Andreas Kilb,F:8fe1bdde11ef,critic,3
Andreas Kilb,F:078c56f7dec6,critic,2
Andreas Kilb,F:069cda2e3235,critic,4
Andreas Kilb,F:4fd3c9a708f4,critic,1
Andreas Kilb,F:125061f190de,critic,6
Andreas Kilb,F:7fe15b05ccde,critic,9
Andreas Kilb,F:d472058d559a,critic,8
Andreas Kilb,F:08966bbb6c53,critic,10
Nellie Killian,F:b509d917f22b,critic,2
Nellie Killian,F:ff840fbe5d78,critic,1
Nellie Killian,F:7cdcf0b32a06,critic,10
Nellie Killian,F:5bef0b693d91,critic,5
Nellie Killian,F:1a68aefe7ea1,critic,7
Nellie Killian,F:83b32881f0c6,critic,3
Nellie Killian,F:a9519db91181,critic,8
Nellie Killian,F:2bcbc58a252d,critic,9
Nellie Killian,F:bee5654ca481,critic,6
Nellie Killian,F:0ad642c99f72,critic,4
Bora Kim,F:002c591e702f,director,8
Bora Kim,F:caabee7db5c9,director,7
Bora Kim,F:0330eeb7767e,director,4
Bora Kim,F:6a2cf6c39785,director,2
Bora Kim,F:02ded6e20b97,director,10
Bora Kim,F:d82151d9c18c,director,5
Bora Kim,F:167dabbadece,director,3
Bora Kim,F:e037a0ce1088,director,6
Bora Kim,F:f87b3c091815,director,9
Bora Kim,F:e69201453018,director,1
Jihoon Kim,F:69f5bed6f836,critic,8
Jihoon Kim,F:1ca544c954c2,critic,2
Jihoon Kim,F:34cf774aeffe,critic,5
Jihoon Kim,F:0df7362f710e,critic,6
Jihoon Kim,F:853aa70a4537,critic,3
Jihoon Kim,F:83c734e30238,critic,10
Jihoon Kim,F:7a7c0ff849d4,critic,7
Jihoon Kim,F:b132d89fef53,critic,9
Jihoon Kim,F:6ffcf833b768,critic,4
Jihoon Kim,F:591638310d07,critic,1
Masoud Kimiai,F:3bef09611962,director,7
Masoud Kimiai,F:caf9aa22da03,director,9
Masoud Kimiai,F:23b7c68223e6,director,8
Masoud Kimiai,F:b75ee5f0aa88,director,2
Masoud Kimiai,F:d4b93469b4a7,director,3
Masoud Kimiai,F:d7a68fd84711,director,6
Masoud Kimiai,F:6c3b64c2aa3b,director,1
Masoud Kimiai,F:e2bff7956338,director,10
Masoud Kimiai,F:00845128669c,director,4
Masoud Kimiai,F:0d16da9ae581,director,5
Jack King,F:1a5144262bc4,critic,6
Jack King,F:16913ba1d831,critic,8
Jack King,F:db031bbccad7,critic,5
Jack King,F:727c835b3b08,critic,1
Jack King,F:a6c1795f9e35,critic,2
Jack King,F:dfed58b3a670,critic,3
Jack King,F:208669d4e45c,critic,4
Jack King,F:a50461292bc4,critic,7
Jack King,F:97b42f962368,critic,10
Jack King,F:a5083fa04636,critic,9
Jordan King,F:4438da053b39,critic,1
Jordan King,F:b5a06746734d,critic,10
Jordan King,F:38ccb3d447c3,critic,7
Jordan King,F:9f96298e4d23,critic,8
Jordan King,F:7dacc043e524,critic,6
Jordan King,F:ae8a4e6355c1,critic,3
Jordan King,F:b21e5cdba7f0,critic,4
Jordan King,F:b132d89fef53,critic,9
Jordan King,F:6744994f98f6,critic,5
Jordan King,F:b9dd1388a8cf,critic,2
Miklós Kiss,F:83ebc8b43c9d,critic,10
Miklós Kiss,F:04242e34e9b2,critic,2
Miklós Kiss,F:8022836bbaab,critic,1
Miklós Kiss,F:d472058d559a,critic,9
Miklós Kiss,F:0df7362f710e,critic,5
Miklós Kiss,F:114ae73dd3a7,critic,7
Miklós Kiss,F:146f1c3fc9b2,critic,4
Miklós Kiss,F:41d225e6ff0b,critic,6
Miklós Kiss,F:6d78c0ecb7e7,critic,8
Miklós Kiss,F:b2a7ef1dc935,critic,3
B (Brent) Kite,F:2bcbc58a252d,critic,7
B (Brent) Kite,F:4bbcec7d0753,critic,2
B (Brent) Kite,F:83c734e30238,critic,10
B (Brent) Kite,F:feaa04ac1109,critic,6
B (Brent) Kite,F:ff478deae1ed,critic,3
B (Brent) Kite,F:75046ffb9b38,critic,8
B (Brent) Kite,F:67f9c091abbe,critic,1
B (Brent) Kite,F:76f8cccf860c,critic,5
B (Brent) Kite,F:833cd8b378fb,critic,4
B (Brent) Kite,F:b5a06746734d,critic,9
John Klacsmann,F:8c93104a11a8,critic,10
John Klacsmann,F:f23dc7049cd5,critic,6
John Klacsmann,F:b5936ac82331,critic,8
John Klacsmann,F:f5c41eeea85f,critic,3
John Klacsmann,F:4823aa628780,critic,7
John Klacsmann,F:5eabd7cea43d,critic,1
John Klacsmann,F:5de6c4a1f227,critic,4
John Klacsmann,F:498eeb20c2a6,critic,5
John Klacsmann,F:07c03d2f5bce,critic,2
John Klacsmann,F:000c71b9b4be,critic,9
Pauline Kleijer,F:7dacc043e524,critic,9
Pauline Kleijer,F:84fa7c2219d2,critic,5
Pauline Kleijer,F:7cdcf0b32a06,critic,10
Pauline Kleijer,F:176166e412b4,critic,8
Pauline Kleijer,F:0df7362f710e,critic,4
Pauline Kleijer,F:ca0238bc4718,critic,6
Pauline Kleijer,F:9fa2ffff0e05,critic,2
Pauline Kleijer,F:2da4899c687b,critic,7
Pauline Kleijer,F:479e6879e365,critic,1
Pauline Kleijer,F:4953ffd81613,critic,3
James Kleinmann,F:af9e3551238b,critic,5
James Kleinmann,F:9cac88a557fd,critic,4
James Kleinmann,F:6ef9ec2a60f2,critic,7
James Kleinmann,F:b5fac1879322,critic,6
James Kleinmann,F:090832505b0f,critic,8
James Kleinmann,F:052c23677d2a,critic,2
James Kleinmann,F:23661f8983c5,critic,1
James Kleinmann,F:9f96298e4d23,critic,10
James Kleinmann,F:653f45346bcc,critic,9
James Kleinmann,F:eb763f2d4857,critic,3
Owen Kline,F:adeabe1fa0ca,director,1
Owen Kline,F:39a4603f807d,director,2
Owen Kline,F:76f8cccf860c,director,10
Owen Kline,F:84cc262a6766,director,6
Owen Kline,F:2f78aa46dcb8,director,7
Owen Kline,F:c68af662acf9,director,4
Owen Kline,F:269fc98283c3,director,8
Owen Kline,F:b05f728b8e60,director,3
Owen Kline,F:bee5654ca481,director,9
Owen Kline,F:ca869253bb33,director,5
Gabe Klinger,F:813bde6e3053,critic,10
Gabe Klinger,F:aa65b1eedc05,critic,7
Gabe Klinger,F:264b0bf1dd83,critic,4
Gabe Klinger,F:6158c3acae8a,critic,5
Gabe Klinger,F:3e7ee17d3890,critic,1
Gabe Klinger,F:59ad7c389a61,critic,8
Gabe Klinger,F:f7bf57781e76,critic,3
Gabe Klinger,F:b37ab3a2088d,critic,2
Gabe Klinger,F:a5083fa04636,critic,9
Gabe Klinger,F:76f8cccf860c,critic,6
Rainer Knepperges,F:eb43190f173f,critic,1
Rainer Knepperges,F:7a3d2c8be0e4,critic,2
Rainer Knepperges,F:e6685b9e4f22,critic,3
Rainer Knepperges,F:1668c189dfb5,critic,4
Rainer Knepperges,F:4acddf379d28,critic,10
Rainer Knepperges,F:242bcffbc89a,critic,9
Rainer Knepperges,F:23f58e4083ed,critic,5
Rainer Knepperges,F:69bdfc8b33af,critic,6
Rainer Knepperges,F:d6421f6509a1,critic,7
Rainer Knepperges,F:47e745cd663b,critic,8
Tobias Kniebe,F:15298623ef1f,critic,6
Tobias Kniebe,F:7b5d85393630,critic,8
Tobias Kniebe,F:e2bff7956338,critic,10
Tobias Kniebe,F:63d46e5d8cef,critic,5
Tobias Kniebe,F:00c8b9107d1c,critic,2
Tobias Kniebe,F:85945816f94f,critic,4
Tobias Kniebe,F:176166e412b4,critic,7
Tobias Kniebe,F:fc09cadcd087,critic,1
Tobias Kniebe,F:d472058d559a,critic,9
Tobias Kniebe,F:ad5fec931766,critic,3
Chris Knight,F:4856ae18c1cd,critic,6
Chris Knight,F:b5a06746734d,critic,9
Chris Knight,F:b132d89fef53,critic,8
Chris Knight,F:ae24209c7310,critic,4
Chris Knight,F:165ea115d0f7,critic,5
Chris Knight,F:4434c6705bd6,critic,7
Chris Knight,F:66e0b02405e2,critic,3
Chris Knight,F:1629ef12b31b,critic,1
Chris Knight,F:520af39d3f5c,critic,2
Alexandre Koberidze,F:73815b069c3d,director,3
Alexandre Koberidze,F:06eae096c894,director,8
Alexandre Koberidze,F:51ca5842666e,director,5
Alexandre Koberidze,F:eaf09917035a,director,7
Alexandre Koberidze,F:03de286369dd,director,1
Alexandre Koberidze,F:51644bbb0d9c,director,10
Alexandre Koberidze,F:a31aa5e62aac,director,2
Alexandre Koberidze,F:66b62fdfd1c7,director,6
Alexandre Koberidze,F:c3389fe02bf0,director,9
Alexandre Koberidze,F:037af9c77b93,director,4
Robert Koehler,F:15298623ef1f,critic,4
Robert Koehler,F:b132d89fef53,critic,9
Robert Koehler,F:f5b23bc11b1d,critic,3
Robert Koehler,F:83c734e30238,critic,10
Robert Koehler,F:b9af680af33b,critic,2
Robert Koehler,F:7cdcf0b32a06,critic,6
Robert Koehler,F:f51282aa60e8,critic,1
Robert Koehler,F:944ad783759e,critic,8
Robert Koehler,F:bee09401fa7d,critic,5
Robert Koehler,F:cda1a8b3152c,critic,7
- Kogonada,F:a5083fa04636,director,8
- Kogonada,F:e35d40a37ce8,director,4
- Kogonada,F:d39d1b73d6fa,director,5
- Kogonada,F:4a6e9bfd13e1,director,1
- Kogonada,F:ea57f6c88dad,director,2
- Kogonada,F:08966bbb6c53,director,9
- Kogonada,F:4a7fa7be8c87,director,7
- Kogonada,F:c6d1318cb697,director,3
- Kogonada,F:9f96298e4d23,director,10
- Kogonada,F:002c591e702f,director,6
Rainer Kohlberger,F:114ae73dd3a7,director,6
Rainer Kohlberger,F:7b5d85393630,director,7
Rainer Kohlberger,F:479e6879e365,director,3
Rainer Kohlberger,F:b2a7ef1dc935,director,2
Rainer Kohlberger,F:06fdbc95a00e,director,1
Rainer Kohlberger,F:5e201ce6e4d7,director,5
Rainer Kohlberger,F:325075869126,director,9
Rainer Kohlberger,F:b132d89fef53,director,10
Rainer Kohlberger,F:090832505b0f,director,8
Rainer Kohlberger,F:ae8a4e6355c1,director,4
Eric Kohn,F:f88f86b2bb29,critic,5
Eric Kohn,F:b132d89fef53,critic,10
Eric Kohn,F:ac195d2b072c,critic,1
Eric Kohn,F:75046ffb9b38,critic,9
Eric Kohn,F:2c00d05903b6,critic,4
Eric Kohn,F:114b8506a3fa,critic,3
Eric Kohn,F:c41986eabc20,critic,7
Eric Kohn,F:3dc11a61f1ca,critic,6
Eric Kohn,F:7dacc043e524,critic,8
Eric Kohn,F:9fb492d42a50,critic,2
Daniel Kokotajlo,F:15d8f6b8cd00,director,1
Daniel Kokotajlo,F:4b9cd36eace5,director,2
Daniel Kokotajlo,F:edfb01f5a9d6,director,8
Daniel Kokotajlo,F:167dabbadece,director,3
Daniel Kokotajlo,F:a250f5c6593b,director,4
Daniel Kokotajlo,F:6d78c0ecb7e7,director,9
Daniel Kokotajlo,F:6ae8c10ff551,director,5
Daniel Kokotajlo,F:d1188b34b03c,director,10
Daniel Kokotajlo,F:d8e24aa1ab58,director,7
Daniel Kokotajlo,F:10e86670da04,director,6
Tomasz Kolankiewicz,F:b189ce868d84,critic,1
Tomasz Kolankiewicz,F:d2ac8fced14e,critic,9
Tomasz Kolankiewicz,F:b3858d1cff92,critic,3
Tomasz Kolankiewicz,F:f376d0dacdd0,critic,8
Tomasz Kolankiewicz,F:6ef9ec2a60f2,critic,6
Tomasz Kolankiewicz,F:125061f190de,critic,10
Tomasz Kolankiewicz,F:146f1c3fc9b2,critic,4
Tomasz Kolankiewicz,F:9f4bdfd01cfb,critic,5
Tomasz Kolankiewicz,F:6b927993e1e1,critic,7
Tomasz Kolankiewicz,F:c0cfeec65d87,critic,2
Michael Koller,F:ec7726632ac1,critic,9
Michael Koller,F:c0891d475a49,critic,8
Michael Koller,F:8ce8232221d4,critic,4
Michael Koller,F:b5a06746734d,critic,10
Michael Koller,F:078c56f7dec6,critic,7
Michael Koller,F:5da49dcce857,critic,1
Michael Koller,F:951e168add74,critic,6
Michael Koller,F:c3f4f3d3dda9,critic,2
Michael Koller,F:8db25a4797e8,critic,3
Michael Koller,F:a7d92e333282,critic,5
Anna Kopecka,F:a2bb7f83c763,critic,2
Anna Kopecka,F:b89ea4d56737,critic,3
Anna Kopecka,F:b0cb48ab6dd8,critic,5
Anna Kopecka,F:a89eca461289,critic,6
Anna Kopecka,F:b311cd09dc72,critic,1
Anna Kopecka,F:77324d1d150c,critic,9
Anna Kopecka,F:98a436b4ca32,critic,4
Anna Kopecka,F:be5197f08d0d,critic,7
Anna Kopecka,F:9aa40df22c3e,critic,8
Anna Kopecka,F:cb689f3e2a97,critic,10
Hirokazu Kore-eda,F:f6b979207ad8,director,3
Hirokazu Kore-eda,F:e4e5d0b8b474,director,10
Hirokazu Kore-eda,F:ac5ed19415a0,director,4
Hirokazu Kore-eda,F:b9c7e12b9045,director,1
Hirokazu Kore-eda,F:84fa7c2219d2,director,8
Hirokazu Kore-eda,F:8481529aa9c4,director,9
Hirokazu Kore-eda,F:27cc97d93f99,director,7
Hirokazu Kore-eda,F:2f78aa46dcb8,director,5
Hirokazu Kore-eda,F:578c62bb9d09,director,6
Hirokazu Kore-eda,F:d743775a5179,director,2
Michael Koresky,F:b132d89fef53,critic,8
Michael Koresky,F:cd8b74b7b5a9,critic,1
Michael Koresky,F:813bde6e3053,critic,5
Michael Koresky,F:f0003668a2c4,critic,2
Michael Koresky,F:d1188b34b03c,critic,6
Michael Koresky,F:83c734e30238,critic,10
Michael Koresky,F:cbb0587ba064,critic,4
Michael Koresky,F:e4e5d0b8b474,critic,7
Michael Koresky,F:c34fe68dc6cf,critic,3
Michael Koresky,F:b5a06746734d,critic,9
Georgia Korossi,F:9f96298e4d23,critic,10
Georgia Korossi,F:22f40089914e,critic,5
Georgia Korossi,F:1961bdb691aa,critic,9
Georgia Korossi,F:f3a8723d695d,critic,8
Georgia Korossi,F:75719b21d0aa,critic,7
Georgia Korossi,F:964e4629ef44,critic,1
Georgia Korossi,F:3d57bbc1680d,critic,6
Georgia Korossi,F:558ec27a6e77,critic,3
Georgia Korossi,F:ad4f77639a76,critic,2
Georgia Korossi,F:d88c3c1bd9a8,critic,4
Peter Körte,F:1c8565784f6c,critic,4
Peter Körte,F:2b8f2194d907,critic,5
Peter Körte,F:d2506ebeb73e,critic,3
Peter Körte,F:3af703bb3bf8,critic,1
Peter Körte,F:f487433720d3,critic,6
Peter Körte,F:8fe1bdde11ef,critic,9
Peter Körte,F:a50461292bc4,critic,2
Peter Körte,F:d117472f572e,critic,10
Peter Körte,F:f87b3c091815,critic,7
Peter Körte,F:8b4b310f435e,critic,8
Peter Kosminsky,F:84ac3824415d,director,7
Peter Kosminsky,F:6865eafea53d,director,2
Peter Kosminsky,F:520af39d3f5c,director,9
Peter Kosminsky,F:56a33e24f6cc,director,6
Peter Kosminsky,F:7563724e051a,director,8
Peter Kosminsky,F:13b8e7464e55,director,3
Peter Kosminsky,F:944cb491fccd,director,5
Peter Kosminsky,F:8c2419d1eecf,director,10
Peter Kosminsky,F:20f44dd3b8ff,director,1
Peter Kosminsky,F:c0aacbd3a774,director,4
Richard Koszarski,F:edfb01f5a9d6,critic,4
Richard Koszarski,F:bf6387f2c8ae,critic,9
Richard Koszarski,F:e2bff7956338,critic,7
Richard Koszarski,F:98aa847a19fe,critic,2
Richard Koszarski,F:096362e962d8,critic,1
Richard Koszarski,F:ec7726632ac1,critic,5
Richard Koszarski,F:bd648fce3b3f,critic,3
Richard Koszarski,F:d117472f572e,critic,6
Richard Koszarski,F:b132d89fef53,critic,8
Richard Koszarski,F:b5a06746734d,critic,10
Daniel Kothenschulte,F:e4e5d0b8b474,critic,9
Daniel Kothenschulte,F:160c0a7ef6ba,critic,4
Daniel Kothenschulte,F:000c71b9b4be,critic,6
Daniel Kothenschulte,F:9812f80a68b0,critic,2
Daniel Kothenschulte,F:2b8f2194d907,critic,8
Daniel Kothenschulte,F:60c2dd6fd370,critic,1
Daniel Kothenschulte,F:9966e5136279,critic,5
Daniel Kothenschulte,F:da997bca9f48,critic,7
Daniel Kothenschulte,F:1a823522a2e6,critic,3
Daniel Kothenschulte,F:325075869126,critic,10
Andrew Kötting,F:d0416491dc50,director,7
Andrew Kötting,F:125061f190de,director,10
Andrew Kötting,F:bf3c458ce933,director,6
Andrew Kötting,F:8a380af62e16,director,3
Andrew Kötting,F:03b3065dc545,director,9
Andrew Kötting,F:31e3a3512a76,director,8
Andrew Kötting,F:c401ac1e8648,director,4
Andrew Kötting,F:38da7451fa3f,director,1
Andrew Kötting,F:733d9a78e7dd,director,2
Andrew Kötting,F:09f3580bb130,director,5
Mladen Kovačević,F:146ec1241d81,director,6
Mladen Kovačević,F:5c226aa5de90,director,5
Mladen Kovačević,F:79095b9f1a31,director,1
Mladen Kovačević,F:a50461292bc4,director,4
Mladen Kovačević,F:2accb1bdefd9,director,2
Mladen Kovačević,F:1190a83ac033,director,3
Mladen Kovačević,F:f87b3c091815,director,7
Mladen Kovačević,F:4a7fa7be8c87,director,8
Mladen Kovačević,F:8fe1bdde11ef,director,10
Mladen Kovačević,F:4434c6705bd6,director,9
Nino Kovačić,F:bf6387f2c8ae,critic,9
Nino Kovačić,F:7b5d85393630,critic,6
Nino Kovačić,F:69f5bed6f836,critic,7
Nino Kovačić,F:b132d89fef53,critic,8
Nino Kovačić,F:bee09401fa7d,critic,5
Nino Kovačić,F:eeb94ecd85af,critic,1
Nino Kovačić,F:cdb76db94f02,critic,3
Nino Kovačić,F:665eab0ab9d1,critic,4
Nino Kovačić,F:b5a06746734d,critic,10
Nino Kovačić,F:4c53a001a92c,critic,2
András Bálint Kovács,F:069cda2e3235,critic,6
András Bálint Kovács,F:93a1beda19cd,critic,2
András Bálint Kovács,F:4856ae18c1cd,critic,3
András Bálint Kovács,F:29e8c2663329,critic,8
András Bálint Kovács,F:f53416daf440,critic,5
András Bálint Kovács,F:97b42f962368,critic,9
András Bálint Kovács,F:f71879711b8f,critic,4
András Bálint Kovács,F:7b5d85393630,critic,7
András Bálint Kovács,F:653f45346bcc,critic,10
András Bálint Kovács,F:59e546399154,critic,1
Violeta Kovacsics,F:fef228299354,critic,2
Violeta Kovacsics,F:cd38e7f30696,critic,3
Violeta Kovacsics,F:7cdcf0b32a06,critic,6
Violeta Kovacsics,F:7fa585215d06,critic,4
Violeta Kovacsics,F:b5a06746734d,critic,8
Violeta Kovacsics,F:4e2bc3c14baa,critic,5
Violeta Kovacsics,F:83c734e30238,critic,9
Violeta Kovacsics,F:d4dbf7ffd70c,critic,1
Violeta Kovacsics,F:653f45346bcc,critic,7
Gábor Köves,F:078c56f7dec6,critic,6
Gábor Köves,F:ae24209c7310,critic,4
Gábor Köves,F:ed913192d169,critic,9
Gábor Köves,F:20afe757a6d1,critic,5
Gábor Köves,F:8b4b310f435e,critic,8
Gábor Köves,F:ea8c30267045,critic,7
Gábor Köves,F:513a2be572a8,critic,1
Gábor Köves,F:9fa2ffff0e05,critic,3
Gábor Köves,F:4434c6705bd6,critic,10
Gábor Köves,F:dc69230484fa,critic,2
Yamashita Koyo,F:29e8c2663329,critic,9
Yamashita Koyo,F:25dd1f523387,critic,2
Yamashita Koyo,F:090832505b0f,critic,8
Yamashita Koyo,F:f00e3c45dd9d,critic,6
Yamashita Koyo,F:69f5bed6f836,critic,10
Yamashita Koyo,F:6ffcf833b768,critic,7
Yamashita Koyo,F:f601ed387e6f,critic,1
Yamashita Koyo,F:087e78d81ab1,critic,3
Yamashita Koyo,F:846c7466d39a,critic,4
Yamashita Koyo,F:853aa70a4537,critic,5
Roger Koza,F:b35a6eb22597,critic,1
Roger Koza,F:83c734e30238,critic,10
Roger Koza,F:fd39b1974fc7,critic,6
Roger Koza,F:8c03ff5cee34,critic,4
Roger Koza,F:9d950051df5f,critic,5
Roger Koza,F:6b1aa0972a5e,critic,2
Roger Koza,F:a454d3354c22,critic,9
Roger Koza,F:9e129ad0f5e5,critic,8
Roger Koza,F:515e6ef251b3,critic,3
Roger Koza,F:7416e0cb1ff8,critic,7
Mario Kozina,F:b132d89fef53,critic,9
Mario Kozina,F:08966bbb6c53,critic,8
Mario Kozina,F:15298623ef1f,critic,7
Mario Kozina,F:838a18661382,critic,5
Mario Kozina,F:83c734e30238,critic,10
Mario Kozina,F:337423442fc4,critic,3
Mario Kozina,F:cf4f8f54b4df,critic,6
Mario Kozina,F:9daa251a7795,critic,4
Mario Kozina,F:6a96906d77f4,critic,2
Mario Kozina,F:a8708385b2e3,critic,1
Ivan Kozlenko,F:f44713a09e4d,critic,6
Ivan Kozlenko,F:08966bbb6c53,critic,9
Ivan Kozlenko,F:69f5bed6f836,critic,8
Ivan Kozlenko,F:069cda2e3235,critic,5
Ivan Kozlenko,F:15298623ef1f,critic,4
Ivan Kozlenko,F:7dacc043e524,critic,7
Ivan Kozlenko,F:b132d89fef53,critic,10
Ivan Kozlenko,F:c0586f89aede,critic,2
Ivan Kozlenko,F:e3db72878efa,critic,3
Ivan Kozlenko,F:1c5dd68c6d95,critic,1
Amanda Kramer,F:fa08c517c8ab,director,6
Amanda Kramer,F:ac9fbeccbe9e,director,2
Amanda Kramer,F:1aaca6f7cb3c,director,1
Amanda Kramer,F:3dc11a61f1ca,director,8
Amanda Kramer,F:10e86670da04,director,10
Amanda Kramer,F:dfed58b3a670,director,4
Amanda Kramer,F:d2f10817bb1e,director,7
Amanda Kramer,F:12c7f776e133,director,3
Amanda Kramer,F:93a306d86cc1,director,5
Amanda Kramer,F:11fff6d5f45a,director,9
Marie Kreutzer,F:c74f65658e20,director,4
Marie Kreutzer,F:f88efb2ea592,director,5
Marie Kreutzer,F:af3336b803be,director,8
Marie Kreutzer,F:85945816f94f,director,7
Marie Kreutzer,F:98a436b4ca32,director,2
Marie Kreutzer,F:22ef271f15e9,director,1
Marie Kreutzer,F:1db1fcb7215f,director,3
Marie Kreutzer,F:08966bbb6c53,director,9
Marie Kreutzer,F:7a86f6bfe4b7,director,6
Lars Ole Kristiansen,F:6ef9ec2a60f2,critic,8
Lars Ole Kristiansen,F:8703270231ee,critic,7
Lars Ole Kristiansen,F:1f696ff5de67,critic,3
Lars Ole Kristiansen,F:7de0eaabaf36,critic,4
Lars Ole Kristiansen,F:ba2ff6c9eac4,critic,2
Lars Ole Kristiansen,F:85945816f94f,critic,5
Lars Ole Kristiansen,F:9000c8f0eb34,critic,6
Lars Ole Kristiansen,F:0f8fa53de98b,critic,1
Lars Ole Kristiansen,F:7cdcf0b32a06,critic,10
Lars Ole Kristiansen,F:4434c6705bd6,critic,9
Ryan Krivoshey,F:8b4b310f435e,critic,6
Ryan Krivoshey,F:47aed005507a,critic,1
Ryan Krivoshey,F:a8708385b2e3,critic,3
Ryan Krivoshey,F:b5a06746734d,critic,10
Ryan Krivoshey,F:653f45346bcc,critic,8
Ryan Krivoshey,F:9f96298e4d23,critic,9
Ryan Krivoshey,F:950c29bf9796,critic,5
Ryan Krivoshey,F:15298623ef1f,critic,7
Ryan Krivoshey,F:6dce6699f9c1,critic,4
Ryan Krivoshey,F:c1096be11b09,critic,2
Michal Kriz,F:114ae73dd3a7,critic,8
Michal Kriz,F:1025f1ade830,critic,5
Michal Kriz,F:9398c1c968eb,critic,3
Michal Kriz,F:6d78c0ecb7e7,critic,10
Michal Kriz,F:b5749f03606c,critic,9
Michal Kriz,F:012c3222e891,critic,2
Michal Kriz,F:8703270231ee,critic,7
Michal Kriz,F:fd39b1974fc7,critic,4
Michal Kriz,F:6f6b78177abe,critic,1
Michal Kriz,F:9ed099161985,critic,6
Karen Krizanovich,F:b132d89fef53,critic,10
Karen Krizanovich,F:5865a11f6f3b,critic,2
Karen Krizanovich,F:e35009677263,critic,4
Karen Krizanovich,F:c4794e337d6b,critic,3
Karen Krizanovich,F:5f9daceb0454,critic,6
Karen Krizanovich,F:71c7b9363133,critic,8
Karen Krizanovich,F:3779236f3701,critic,7
Karen Krizanovich,F:4409f275b372,critic,5
Karen Krizanovich,F:0e1a8fea1e93,critic,1
Karen Krizanovich,F:e2bff7956338,critic,9
Gerd Kroske,F:c80392c9829c,director,6
Gerd Kroske,F:d1ce0af32c2d,director,2
Gerd Kroske,F:7af3bfecc2a8,director,9
Gerd Kroske,F:db803e57874f,director,8
Gerd Kroske,F:d63f22c37e98,director,7
Gerd Kroske,F:21c9b6bcddaa,director,4
Gerd Kroske,F:84d0059a7dd2,director,3
Gerd Kroske,F:89f4b5080984,director,5
Gerd Kroske,F:c22c42cd69b9,director,10
Gerd Kroske,F:8b00f89730a7,director,1
Vassilis Kroustallis,F:bee09401fa7d,critic,9
Vassilis Kroustallis,F:667f9047c4d8,critic,3
Vassilis Kroustallis,F:a5083fa04636,critic,7
Vassilis Kroustallis,F:2a9843e83d75,critic,4
Vassilis Kroustallis,F:9113deb430d0,critic,5
Vassilis Kroustallis,F:4178c0f6fbb7,critic,10
Vassilis Kroustallis,F:fbb0ef1cee07,critic,2
Vassilis Kroustallis,F:7dacc043e524,critic,8
Vassilis Kroustallis,F:f00a99f9d433,critic,1
Vassilis Kroustallis,F:069cda2e3235,critic,6
Esin Küçüktepepınar,F:f0003668a2c4,critic,2
Esin Küçüktepepınar,F:2da4899c687b,critic,6
Esin Küçüktepepınar,F:20a0a276094a,critic,4
Esin Küçüktepepınar,F:9f96298e4d23,critic,10
Esin Küçüktepepınar,F:02ded6e20b97,critic,8
Esin Küçüktepepınar,F:114ae73dd3a7,critic,7
Esin Küçüktepepınar,F:99525f6dd03f,critic,3
Esin Küçüktepepınar,F:9e103f641ac9,critic,5
Esin Küçüktepepınar,F:f07821a051fc,critic,1
Esin Küçüktepepınar,F:6d78c0ecb7e7,critic,9
Jay Kuehner,F:9f96298e4d23,critic,8
Jay Kuehner,F:feaa04ac1109,critic,2
Jay Kuehner,F:b5a06746734d,critic,9
Jay Kuehner,F:69f5bed6f836,critic,6
Jay Kuehner,F:aa65b1eedc05,critic,3
Jay Kuehner,F:f5b23bc11b1d,critic,1
Jay Kuehner,F:d117472f572e,critic,5
Jay Kuehner,F:325075869126,critic,7
Jay Kuehner,F:8fc32725b37f,critic,4
Jay Kuehner,F:83c734e30238,critic,10
Annette Kuhn,F:3af703bb3bf8,critic,3
Annette Kuhn,F:69f5bed6f836,critic,9
Annette Kuhn,F:95e72a399dc5,critic,1
Annette Kuhn,F:4178c0f6fbb7,critic,8
Annette Kuhn,F:090832505b0f,critic,7
Annette Kuhn,F:0a600f29226c,critic,5
Annette Kuhn,F:9f96298e4d23,critic,10
Annette Kuhn,F:a5083fa04636,critic,6
Annette Kuhn,F:6461abdfd357,critic,2
Annette Kuhn,F:8c93104a11a8,critic,4
Richard Kuipers,F:aa9ca1df5398,critic,5
Richard Kuipers,F:72d6d9bf2299,critic,8
Richard Kuipers,F:14731d2d5e4b,critic,2
Richard Kuipers,F:008495919c65,critic,9
Richard Kuipers,F:9000c8f0eb34,critic,6
Richard Kuipers,F:d653d89fbc90,critic,3
Richard Kuipers,F:5da49dcce857,critic,4
Richard Kuipers,F:7fe15b05ccde,critic,10
Richard Kuipers,F:d99cab596cb3,critic,1
Richard Kuipers,F:af358d7d1d59,critic,7
Umesh Kulkarni,F:9f96298e4d23,director,10
Umesh Kulkarni,F:740786459d34,director,3
Umesh Kulkarni,F:951e168add74,director,7
Umesh Kulkarni,F:29e8c2663329,director,9
Umesh Kulkarni,F:c9a62b53f643,director,5
Umesh Kulkarni,F:e3f9a5827411,director,4
Umesh Kulkarni,F:feaa04ac1109,director,8
Umesh Kulkarni,F:22143a7664f4,director,1
Umesh Kulkarni,F:dce89c1e461d,director,2
Umesh Kulkarni,F:6ff93b77cfca,director,6
Dea Kulumbegashvili,F:97b42f962368,director,9
Dea Kulumbegashvili,F:e0fa4f112d72,director,3
Dea Kulumbegashvili,F:29e8c2663329,director,8
Dea Kulumbegashvili,F:edfb01f5a9d6,director,6
Dea Kulumbegashvili,F:6fb030bf7755,director,2
Dea Kulumbegashvili,F:951e168add74,director,5
Dea Kulumbegashvili,F:83c734e30238,director,10
Dea Kulumbegashvili,F:d8f68ce737a6,director,1
Dea Kulumbegashvili,F:a7d92e333282,director,4
Dea Kulumbegashvili,F:75046ffb9b38,director,7
Blagoja Kunovski,F:4c53a001a92c,critic,5
Blagoja Kunovski,F:73ac13372020,critic,4
Blagoja Kunovski,F:b5749f03606c,critic,7
Blagoja Kunovski,F:8a2cf62378e3,critic,3
Blagoja Kunovski,F:7fe15b05ccde,critic,10
Blagoja Kunovski,F:bee09401fa7d,critic,8
Blagoja Kunovski,F:75046ffb9b38,critic,9
Blagoja Kunovski,F:fbfc282cbfbb,critic,6
Blagoja Kunovski,F:1637cba8e345,critic,2
Blagoja Kunovski,F:cc2adff82318,critic,1
Juho Kuosmanen,F:9f96298e4d23,director,10
Juho Kuosmanen,F:a5083fa04636,director,7
Juho Kuosmanen,F:69f5bed6f836,director,8
Juho Kuosmanen,F:74b03fbb797f,director,2
Juho Kuosmanen,F:9e11436fa52a,director,1
Juho Kuosmanen,F:28d41c264f9a,director,5
Juho Kuosmanen,F:ea8c30267045,director,6
Juho Kuosmanen,F:e2bff7956338,director,9
Juho Kuosmanen,F:e4227f57ad92,director,3
Juho Kuosmanen,F:838a18661382,director,4
Peter Kuplowsky,F:933ec9beaa5b,critic,4
Peter Kuplowsky,F:3ae06c534361,critic,3
Peter Kuplowsky,F:ad205766f909,critic,1
Peter Kuplowsky,F:c41986eabc20,critic,9
Peter Kuplowsky,F:2db574bfef43,critic,5
Peter Kuplowsky,F:2b8f2194d907,critic,8
Peter Kuplowsky,F:fdffe3f0bfb8,critic,7
Peter Kuplowsky,F:dc401d30e4c5,critic,2
Peter Kuplowsky,F:ae24209c7310,critic,6
Peter Kuplowsky,F:bf6387f2c8ae,critic,10
Márton Kurutz,F:1c496632a086,critic,8
Márton Kurutz,F:3a72b214b520,critic,6
Márton Kurutz,F:e4694d48e73e,critic,5
Márton Kurutz,F:3af703bb3bf8,critic,9
Márton Kurutz,F:8271e923742a,critic,2
Márton Kurutz,F:991c68a375bd,critic,1
Márton Kurutz,F:53f709905db4,critic,10
Márton Kurutz,F:5e9acaf0198e,critic,4
Márton Kurutz,F:2f902249928e,critic,3
Márton Kurutz,F:22f3ae735864,critic,7
Justin Kurzel,F:63f70e59fd09,director,2
Justin Kurzel,F:71c7b9363133,director,6
Justin Kurzel,F:dea1f161b306,director,1
Justin Kurzel,F:0e8bdbad1acf,director,3
Justin Kurzel,F:bd648fce3b3f,director,7
Justin Kurzel,F:5da49dcce857,director,4
Justin Kurzel,F:e2bff7956338,director,10
Justin Kurzel,F:11fff6d5f45a,director,5
Justin Kurzel,F:c78c6b97f980,director,8
Justin Kurzel,F:325075869126,director,9
Karyn Kusama,F:f376d0dacdd0,director,7
Karyn Kusama,F:d2f10817bb1e,director,3
Karyn Kusama,F:83c734e30238,director,10
Karyn Kusama,F:ed09733fe458,director,6
Karyn Kusama,F:ff8951301912,director,2
Karyn Kusama,F:e50615c80a64,director,4
Karyn Kusama,F:b5fac1879322,director,5
Karyn Kusama,F:51464e1d99a0,director,1
Karyn Kusama,F:b132d89fef53,director,9
Karyn Kusama,F:0a600f29226c,director,8
Axel Kuschevatzky,F:f71879711b8f,director,7
Axel Kuschevatzky,F:87ddccd7c29d,director,5
Axel Kuschevatzky,F:176166e412b4,director,8
Axel Kuschevatzky,F:8b59f9e5c592,director,3
Axel Kuschevatzky,F:5f9daceb0454,director,2
Axel Kuschevatzky,F:2320d0b9141c,director,4
Axel Kuschevatzky,F:38ccb3d447c3,director,10
Axel Kuschevatzky,F:c0891d475a49,director,9
Axel Kuschevatzky,F:e9e268170b35,director,6
Axel Kuschevatzky,F:40a613564501,director,1
Kaarel Kuurmaa,F:cda1a8b3152c,critic,9
Kaarel Kuurmaa,F:944ad783759e,critic,10
Kaarel Kuurmaa,F:cac88447f68b,critic,1
Kaarel Kuurmaa,F:f03f4c93d0f1,critic,4
Kaarel Kuurmaa,F:8a7b215262e4,critic,3
Kaarel Kuurmaa,F:ddcf681c3397,critic,5
Kaarel Kuurmaa,F:0e802a09eb66,critic,2
Kaarel Kuurmaa,F:e24ef98e5c4b,critic,6
Kaarel Kuurmaa,F:16913ba1d831,critic,7
Kaarel Kuurmaa,F:125061f190de,critic,8
Maria Kuvshinova,F:daa4e33579d2,critic,1
Maria Kuvshinova,F:d3b521828c87,critic,4
Maria Kuvshinova,F:6744994f98f6,critic,10
Maria Kuvshinova,F:62d21e72d097,critic,2
Maria Kuvshinova,F:45a8e45c3691,critic,5
Maria Kuvshinova,F:82eee241d720,critic,3
Maria Kuvshinova,F:221a46a574d6,critic,6
Maria Kuvshinova,F:9cac88a557fd,critic,9
Maria Kuvshinova,F:1bc5acc7eba9,critic,7
Maria Kuvshinova,F:b7d2e3d83208,critic,8
Stanley Kwan,F:aa65b1eedc05,director,6
Stanley Kwan,F:ed09733fe458,director,5
Stanley Kwan,F:08cc8188022e,director,1
Stanley Kwan,F:e2bff7956338,director,9
Stanley Kwan,F:4bbcec7d0753,director,3
Stanley Kwan,F:75719b21d0aa,director,2
Stanley Kwan,F:bd648fce3b3f,director,7
Stanley Kwan,F:d117472f572e,director,8
Stanley Kwan,F:6ff93b77cfca,director,4
Stanley Kwan,F:9f96298e4d23,director,10
Richard Kwietniowski,F:8c5eb94596d0,director,4
Richard Kwietniowski,F:4996e9b10df0,director,7
Richard Kwietniowski,F:b5a06746734d,director,10
Richard Kwietniowski,F:a9519db91181,director,9
Richard Kwietniowski,F:1c8565784f6c,director,6
Richard Kwietniowski,F:11f597068baf,director,8
Richard Kwietniowski,F:17e5c861f7f2,director,2
Richard Kwietniowski,F:af3336b803be,director,5
Richard Kwietniowski,F:b2a7ef1dc935,director,3
Richard Kwietniowski,F:90ab3877e3ac,director,1
Eugene Kwon,F:30ccbfadde74,critic,2
Eugene Kwon,F:ebcbcc541c25,critic,4
Eugene Kwon,F:3e22576491f6,critic,6
Eugene Kwon,F:a1dd9677ccc9,critic,7
Eugene Kwon,F:06480ab50dab,critic,3
Eugene Kwon,F:76dfc6967008,critic,5
Eugene Kwon,F:ed258bfa07e7,critic,9
Eugene Kwon,F:b98c514a3242,critic,8
Eugene Kwon,F:269e50561c64,critic,10
Eugene Kwon,F:3fb18c8770c4,critic,1
Amir Labaki,F:69f5bed6f836,critic,7
Amir Labaki,F:bf6387f2c8ae,critic,10
Amir Labaki,F:e3db72878efa,critic,2
Amir Labaki,F:38ccb3d447c3,critic,6
Amir Labaki,F:f53416daf440,critic,4
Amir Labaki,F:cbca9660da1d,critic,3
Amir Labaki,F:b132d89fef53,critic,9
Amir Labaki,F:6158c3acae8a,critic,1
Amir Labaki,F:cbb0587ba064,critic,5
Amir Labaki,F:08966bbb6c53,critic,8
Peter Labuza,F:0e4a9c6e3e4e,critic,1
Peter Labuza,F:d2e4f5e8f98d,critic,7
Peter Labuza,F:1d6863d6fa66,critic,5
Peter Labuza,F:8481529aa9c4,critic,8
Peter Labuza,F:b5a06746734d,critic,9
Peter Labuza,F:6272422b6a29,critic,2
Peter Labuza,F:83c734e30238,critic,10
Peter Labuza,F:15116cd4cb7a,critic,3
Peter Labuza,F:d90030976e74,critic,6
Peter Labuza,F:2eb5e0cd3ccf,critic,4
Emmanuelle Lacalm,F:e48f4b5b9f13,critic,4
Emmanuelle Lacalm,F:894a2bacef7f,critic,7
Emmanuelle Lacalm,F:1876b26426fa,critic,9
Emmanuelle Lacalm,F:fbaed03c3121,critic,8
Emmanuelle Lacalm,F:15bcedf51ef8,critic,10
Emmanuelle Lacalm,F:ca30e2fe35c8,critic,1
Emmanuelle Lacalm,F:a8504c4c8cb8,critic,6
Emmanuelle Lacalm,F:7146c5a999b1,critic,3
Emmanuelle Lacalm,F:e883b87e1b57,critic,5
Emmanuelle Lacalm,F:0e10e1f085bf,critic,2
Isaki Lacuesta,F:f02350209d28,director,2
Isaki Lacuesta,F:2799de28d75f,director,7
Isaki Lacuesta,F:03774d8054b0,director,9
Isaki Lacuesta,F:c812573c722b,director,1
Isaki Lacuesta,F:e9309b2e7a6c,director,4
Isaki Lacuesta,F:40a613564501,director,5
Isaki Lacuesta,F:f88f86b2bb29,director,6
Isaki Lacuesta,F:72d6d9bf2299,director,8
Isaki Lacuesta,F:bd232d87d529,director,3
Isaki Lacuesta,F:325075869126,director,10
Occitane Lacurie,F:57a1bf06a3b8,critic,9
Occitane Lacurie,F:461f01038202,critic,4
Occitane Lacurie,F:248c0540b695,critic,7
Occitane Lacurie,F:8394d3ce5830,critic,5
Occitane Lacurie,F:0df7362f710e,critic,8
Occitane Lacurie,F:941e4523430b,critic,6
Occitane Lacurie,F:6744994f98f6,critic,10
Occitane Lacurie,F:747ddfceba04,critic,3
Occitane Lacurie,F:5c047c8e9530,critic,1
Occitane Lacurie,F:b38679d49a5f,critic,2
Tomris Laffly,F:83c734e30238,critic,10
Tomris Laffly,F:9f96298e4d23,critic,9
Tomris Laffly,F:59ad7c389a61,critic,6
Tomris Laffly,F:653f45346bcc,critic,8
Tomris Laffly,F:7fa585215d06,critic,3
Tomris Laffly,F:7a8a830211f9,critic,1
Tomris Laffly,F:813bde6e3053,critic,7
Tomris Laffly,F:03b3065dc545,critic,5
Tomris Laffly,F:e24ef98e5c4b,critic,4
Tomris Laffly,F:f6bf4689418e,critic,2
Mark Lager,F:651d58c8bee5,critic,5
Mark Lager,F:6796a1206bd9,critic,1
Mark Lager,F:17fcc038144d,critic,10
Mark Lager,F:b09fb8ce622b,critic,9
Mark Lager,F:f03f4c93d0f1,critic,7
Mark Lager,F:ad61730d9d2f,critic,6
Mark Lager,F:c47f3a270320,critic,3
Mark Lager,F:e1be2047fa1c,critic,4
Mark Lager,F:e0fa4f112d72,critic,8
Mark Lager,F:4f6998b28856,critic,2
Jean-Marc Lalanne,F:fdffe3f0bfb8,critic,5
Jean-Marc Lalanne,F:5a4277e1dcea,critic,4
Jean-Marc Lalanne,F:c2f3d4820d16,critic,3
Jean-Marc Lalanne,F:ff478deae1ed,critic,6
Jean-Marc Lalanne,F:4996e9b10df0,critic,7
Jean-Marc Lalanne,F:83c734e30238,critic,10
Jean-Marc Lalanne,F:b615c405ead7,critic,2
Jean-Marc Lalanne,F:d9cefb61ab93,critic,1
Jean-Marc Lalanne,F:008495919c65,critic,8
Jean-Marc Lalanne,F:653f45346bcc,critic,9
Jeff Lambert,F:c874d4f13a2b,critic,1
Jeff Lambert,F:4e2bc3c14baa,critic,8
Jeff Lambert,F:1fb0f0e77585,critic,3
Jeff Lambert,F:7fa585215d06,critic,6
Jeff Lambert,F:6f2c24acc2d5,critic,2
Jeff Lambert,F:aa11d8192a83,critic,4
Jeff Lambert,F:d5d45d8c9f1b,critic,7
Jeff Lambert,F:03809811ea9b,critic,9
Jeff Lambert,F:eb6115735be9,critic,5
John Landis,F:88f068b796c4,director,6
John Landis,F:f71879711b8f,director,9
John Landis,F:59519d7fbcf1,director,1
John Landis,F:e499a42520f0,director,4
John Landis,F:84fa7c2219d2,director,7
John Landis,F:87ddccd7c29d,director,8
John Landis,F:f173d870a9c1,director,2
John Landis,F:8ef14bf34952,director,5
John Landis,F:2c1b8d02644e,director,3
John Landis,F:09035fce59e3,director,10
Jan Langlo,F:8810e0dee643,critic,1
Jan Langlo,F:4acddf379d28,critic,6
Jan Langlo,F:813bde6e3053,critic,7
Jan Langlo,F:ea8c30267045,critic,2
Jan Langlo,F:8fe1bdde11ef,critic,4
Jan Langlo,F:114ae73dd3a7,critic,3
Jan Langlo,F:9f96298e4d23,critic,10
Jan Langlo,F:e4e5d0b8b474,critic,9
Jan Langlo,F:ec7726632ac1,critic,8
Jan Langlo,F:2bcbc58a252d,critic,5
Hans Langsteiner,F:cbca9660da1d,critic,6
Hans Langsteiner,F:6d78c0ecb7e7,critic,8
Hans Langsteiner,F:9f5b0931a0e5,critic,3
Hans Langsteiner,F:a6b2d4ef6e92,critic,4
Hans Langsteiner,F:cdb76db94f02,critic,5
Hans Langsteiner,F:09035fce59e3,critic,7
Hans Langsteiner,F:dce89c1e461d,critic,2
Hans Langsteiner,F:5d3065bd0abe,critic,1
Hans Langsteiner,F:d117472f572e,critic,10
Hans Langsteiner,F:125061f190de,critic,9
Nadav Lapid,F:f487433720d3,director,9
Nadav Lapid,F:5094c1da4d65,director,8
Nadav Lapid,F:17e5c861f7f2,director,2
Nadav Lapid,F:3b027eac1618,director,5
Nadav Lapid,F:ae24be4474d6,director,3
Nadav Lapid,F:9ed099161985,director,4
Nadav Lapid,F:4d3d07824721,director,1
Nadav Lapid,F:e067866bf78e,director,6
Nadav Lapid,F:296c885895bb,director,7
Nadav Lapid,F:69f5bed6f836,director,10
Hicham Lasri,F:9539729dc80f,director,6
Hicham Lasri,F:694f6d5a97f4,director,5
Hicham Lasri,F:f376d0dacdd0,director,9
Hicham Lasri,F:6e92bae17de8,director,8
Hicham Lasri,F:1d79d0d24756,director,1
Hicham Lasri,F:1cbb3fb7b6b2,director,2
Hicham Lasri,F:b132d89fef53,director,10
Hicham Lasri,F:9113deb430d0,director,7
Hicham Lasri,F:2d18ee4dff52,director,3
Hicham Lasri,F:f8ab762e9652,director,4
Leila Latif,F:6b927993e1e1,critic,7
Leila Latif,F:e50615c80a64,critic,4
Leila Latif,F:4a7fa7be8c87,critic,8
Leila Latif,F:1961bdb691aa,critic,5
Leila Latif,F:15bcedf51ef8,critic,9
Leila Latif,F:4cc94fb96c46,critic,2
Leila Latif,F:a3b5848da6ee,critic,1
Leila Latif,F:653f45346bcc,critic,10
Leila Latif,F:e4227f57ad92,critic,3
Leila Latif,F:b0360159539e,critic,6
James Lattimer,F:8d3a29722de3,critic,1
James Lattimer,F:a7d92e333282,critic,6
James Lattimer,F:caabee7db5c9,critic,7
James Lattimer,F:5c226aa5de90,critic,5
James Lattimer,F:7cdcf0b32a06,critic,10
James Lattimer,F:87260f5ae7bb,critic,4
James Lattimer,F:a9519db91181,critic,9
James Lattimer,F:c0fb0aee874a,critic,2
James Lattimer,F:8fc32725b37f,critic,8
James Lattimer,F:e1c01276b733,critic,3
Natacha Laurent,F:e152a2918678,critic,5
Natacha Laurent,F:53f709905db4,critic,7
Natacha Laurent,F:e2bff7956338,critic,10
Natacha Laurent,F:078c56f7dec6,critic,8
Natacha Laurent,F:e4e5d0b8b474,critic,9
Natacha Laurent,F:10bc373a545f,critic,1
Natacha Laurent,F:2018d336cc28,critic,6
Natacha Laurent,F:243aae7ac120,critic,4
Natacha Laurent,F:5c746c4dbc26,critic,2
Natacha Laurent,F:eca2826edd7a,critic,3
Will Lautzenheiser,F:7416e0cb1ff8,critic,6
Will Lautzenheiser,F:fc5a91d7eca9,critic,2
Will Lautzenheiser,F:5b505c37b676,critic,7
Will Lautzenheiser,F:4ceb4fce20b6,critic,4
Will Lautzenheiser,F:950c29bf9796,critic,9
Will Lautzenheiser,F:83c734e30238,critic,10
Will Lautzenheiser,F:f87b3c091815,critic,8
Will Lautzenheiser,F:73560e587b94,critic,3
Will Lautzenheiser,F:124c1c7a15d5,critic,5
Will Lautzenheiser,F:7a41b25393e7,critic,1
Nikita Lavretski,F:635cbb131f2a,critic,3
Nikita Lavretski,F:ff832a03a248,critic,2
Nikita Lavretski,F:1df71d95bd96,critic,9
Nikita Lavretski,F:ea3bfabe0619,critic,4
Nikita Lavretski,F:21eb85d332e4,critic,1
Nikita Lavretski,F:d3259e8689ca,critic,10
Nikita Lavretski,F:5a9edc4cc42d,critic,5
Nikita Lavretski,F:12fb318fa245,critic,8
Nikita Lavretski,F:56c96bf43644,critic,7
Nikita Lavretski,F:8f82065f0a4c,critic,6
Joe/Christine Lawlor/Molloy,F:6d78c0ecb7e7,director,9
Joe/Christine Lawlor/Molloy,F:8b4b310f435e,director,5
Joe/Christine Lawlor/Molloy,F:11f597068baf,director,4
Joe/Christine Lawlor/Molloy,F:83c734e30238,director,10
Joe/Christine Lawlor/Molloy,F:8bd00b2fb9a2,director,1
Joe/Christine Lawlor/Molloy,F:0a600f29226c,director,6
Joe/Christine Lawlor/Molloy,F:af9e3551238b,director,3
Joe/Christine Lawlor/Molloy,F:1919c799d0d7,director,2
Joe/Christine Lawlor/Molloy,F:c22c42cd69b9,director,7
Joe/Christine Lawlor/Molloy,F:d8e24aa1ab58,director,8
Edward Lawrenson,F:6c6d0bc5ce49,critic,6
Edward Lawrenson,F:2ec8e3a6b8aa,critic,8
Edward Lawrenson,F:a9519db91181,critic,9
Edward Lawrenson,F:9f96298e4d23,critic,10
Edward Lawrenson,F:ce5b9731c7d2,critic,1
Edward Lawrenson,F:b1d3b0d928ca,critic,3
Edward Lawrenson,F:002c591e702f,critic,7
Edward Lawrenson,F:ef557d6c32c4,critic,5
Edward Lawrenson,F:05d1730cfab5,critic,4
Edward Lawrenson,F:2fe512425872,critic,2
Bart Layton,F:f71879711b8f,director,5
Bart Layton,F:f44713a09e4d,director,7
Bart Layton,F:aeb779653548,director,1
Bart Layton,F:e3db72878efa,director,4
Bart Layton,F:11fff6d5f45a,director,3
Bart Layton,F:08966bbb6c53,director,10
Bart Layton,F:59ad7c389a61,director,6
Bart Layton,F:38ccb3d447c3,director,9
Bart Layton,F:c64fcab20129,director,2
Bart Layton,F:bee09401fa7d,director,8
Elena Lazic,F:9503b95b7798,critic,6
Elena Lazic,F:e3db72878efa,critic,7
Elena Lazic,F:eb38ff2949b1,critic,5
Elena Lazic,F:38ccb3d447c3,critic,10
Elena Lazic,F:1dc9f3701636,critic,1
Elena Lazic,F:c6032c33754d,critic,4
Elena Lazic,F:55ad4fb0baae,critic,8
Elena Lazic,F:ef28514dc4e7,critic,9
Elena Lazic,F:b7a3542a9794,critic,3
Elena Lazic,F:0f747bd2ebff,critic,2
Mark Le Fanu,F:bf6387f2c8ae,critic,10
Mark Le Fanu,F:fd39b1974fc7,critic,3
Mark Le Fanu,F:45b24d0baf76,critic,2
Mark Le Fanu,F:b7dbf64232a8,critic,6
Mark Le Fanu,F:d8e24aa1ab58,critic,7
Mark Le Fanu,F:4a3e1e8dde96,critic,1
Mark Le Fanu,F:53f709905db4,critic,4
Mark Le Fanu,F:cda1a8b3152c,critic,9
Mark Le Fanu,F:2907bfe31ad2,critic,5
Mark Le Fanu,F:cbb0587ba064,critic,8
Eric Le Roy,F:a6683cb6769e,critic,2
Eric Le Roy,F:e3db72878efa,critic,8
Eric Le Roy,F:8fe1bdde11ef,critic,10
Eric Le Roy,F:98aa847a19fe,critic,7
Eric Le Roy,F:76a54ede5d64,critic,5
Eric Le Roy,F:70a8505f1ac4,critic,3
Eric Le Roy,F:d5d45d8c9f1b,critic,9
Eric Le Roy,F:4a15fa8216c8,critic,1
Eric Le Roy,F:593fbbab1bb0,critic,6
Eric Le Roy,F:34c509b6a2c8,critic,4
Phuong Le,F:a6bd6b25ecb3,critic,4
Phuong Le,F:a0352b39f069,critic,1
Phuong Le,F:74b03fbb797f,critic,6
Phuong Le,F:92271c7dc38d,critic,3
Phuong Le,F:4996e9b10df0,critic,8
Phuong Le,F:2a5f669472bc,critic,5
Phuong Le,F:a9519db91181,critic,9
Phuong Le,F:0ea0e00d9fdc,critic,7
Phuong Le,F:fe031910e1c0,critic,2
Phuong Le,F:b5a06746734d,critic,10
Andy Lea,F:e0a07c197db1,critic,2
Andy Lea,F:2c00d05903b6,critic,1
Andy Lea,F:af358d7d1d59,critic,3
Andy Lea,F:4434c6705bd6,critic,6
Andy Lea,F:6e92bae17de8,critic,4
Andy Lea,F:bf6387f2c8ae,critic,10
Andy Lea,F:09035fce59e3,critic,7
Andy Lea,F:fbfc282cbfbb,critic,5
Andy Lea,F:e2bff7956338,critic,9
Andy Lea,F:03774d8054b0,critic,8
Michael Leader,F:0a600f29226c,critic,8
Michael Leader,F:43611010276c,critic,1
Michael Leader,F:6d78c0ecb7e7,critic,9
Michael Leader,F:0813fd94c20e,critic,3
Michael Leader,F:c41986eabc20,critic,7
Michael Leader,F:d1188b34b03c,critic,10
Michael Leader,F:2b8f2194d907,critic,6
Michael Leader,F:e35d40a37ce8,critic,4
Michael Leader,F:57a1bf06a3b8,critic,5
Michael Leader,F:e7dac9257c72,critic,2
Alisa Lebow,F:83c734e30238,critic,10
Alisa Lebow,F:944ad783759e,critic,9
Alisa Lebow,F:10e86670da04,critic,7
Alisa Lebow,F:25c92cc36090,critic,3
Alisa Lebow,F:e8b008a8f498,critic,2
Alisa Lebow,F:950c29bf9796,critic,6
Alisa Lebow,F:02ded6e20b97,critic,8
Alisa Lebow,F:8dafa40ab4bf,critic,1
Alisa Lebow,F:646ea2ac9f18,critic,4
Alisa Lebow,F:930e2118f326,critic,5
Dorota Lech,F:b5fac1879322,critic,3
Dorota Lech,F:69f5bed6f836,critic,8
Dorota Lech,F:090832505b0f,critic,7
Dorota Lech,F:9539729dc80f,critic,2
Dorota Lech,F:d2ac8fced14e,critic,6
Dorota Lech,F:31e3a3512a76,critic,4
Dorota Lech,F:15bcedf51ef8,critic,5
Dorota Lech,F:83c734e30238,critic,10
Dorota Lech,F:3bc7224ae260,critic,1
Dorota Lech,F:08966bbb6c53,critic,9
Alberto Lechuga,F:2ec8e3a6b8aa,critic,9
Alberto Lechuga,F:d5d45d8c9f1b,critic,7
Alberto Lechuga,F:15cebbda1cd1,critic,6
Alberto Lechuga,F:8450bc00bd46,critic,4
Alberto Lechuga,F:9223c478b715,critic,5
Alberto Lechuga,F:f487433720d3,critic,8
Alberto Lechuga,F:6bc1513ee7fb,critic,2
Alberto Lechuga,F:cbb0587ba064,critic,10
Alberto Lechuga,F:36b3bcc77b0c,critic,3
Alberto Lechuga,F:f1fe1c243b6b,critic,1
Dietrich Leder,F:03809811ea9b,critic,8
Dietrich Leder,F:2799de28d75f,critic,6
Dietrich Leder,F:15bcedf51ef8,critic,9
Dietrich Leder,F:4acddf379d28,critic,10
Dietrich Leder,F:6286030475a9,critic,1
Dietrich Leder,F:84fa7c2219d2,critic,7
Dietrich Leder,F:89bca25c2226,critic,5
Dietrich Leder,F:d90030976e74,critic,3
Dietrich Leder,F:2d8fc354cc2d,critic,2
Dietrich Leder,F:d5d56cef191d,critic,4
Albert Lee,F:7dacc043e524,critic,8
Albert Lee,F:f71879711b8f,critic,7
Albert Lee,F:38ccb3d447c3,critic,10
Albert Lee,F:03774d8054b0,critic,9
Albert Lee,F:6ff93b77cfca,critic,6
Albert Lee,F:9e11436fa52a,critic,4
Albert Lee,F:5fbe75ae8e83,critic,5
Albert Lee,F:ca8ea0e72427,critic,1
Albert Lee,F:d6bce4e6ffa4,critic,2
Albert Lee,F:af4e177d1ed2,critic,3
Ann Lee,F:2b8f2194d907,critic,9
Ann Lee,F:08966bbb6c53,critic,10
Ann Lee,F:b59055f29ae4,critic,4
Ann Lee,F:85945816f94f,critic,6
Ann Lee,F:a34902196db2,critic,5
Ann Lee,F:ab5b8610a371,critic,1
Ann Lee,F:57a1bf06a3b8,critic,8
Ann Lee,F:da63db39e047,critic,3
Ann Lee,F:d6d30033c698,critic,7
Ann Lee,F:50e4392ab373,critic,2
Benjamin Lee,F:1a5ed79e90c4,critic,8
Benjamin Lee,F:74869694acb1,critic,9
Benjamin Lee,F:d82151d9c18c,critic,7
Benjamin Lee,F:9fec4fea25ca,critic,3
Benjamin Lee,F:ade48fcbd9a8,critic,1
Benjamin Lee,F:e8dfb9e46ef2,critic,2
Benjamin Lee,F:221a46a574d6,critic,5
Benjamin Lee,F:f53416daf440,critic,10
Benjamin Lee,F:45a8e45c3691,critic,4
Benjamin Lee,F:c0586f89aede,critic,6
Dong-jin Lee,F:9e11436fa52a,critic,3
Dong-jin Lee,F:e4e5d0b8b474,critic,9
Dong-jin Lee,F:9f96298e4d23,critic,10
Dong-jin Lee,F:7e52230dd02d,critic,6
Dong-jin Lee,F:dd8922e816e9,critic,2
Dong-jin Lee,F:b5749f03606c,critic,8
Dong-jin Lee,F:114ae73dd3a7,critic,7
Dong-jin Lee,F:e35d40a37ce8,critic,5
Dong-jin Lee,F:177b2b045021,critic,1
Dong-jin Lee,F:5e5b16dbc375,critic,4
Francis Lee,F:d472058d559a,director,10
Francis Lee,F:c7384eeb7b0e,director,5
Francis Lee,F:4acddf379d28,director,9
Francis Lee,F:9a64753216c8,director,6
Francis Lee,F:f233e5cf9f43,director,2
Francis Lee,F:3779236f3701,director,8
Francis Lee,F:194f0d6d66d6,director,1
Francis Lee,F:167dabbadece,director,4
Francis Lee,F:f525ec7061e2,director,3
Francis Lee,F:2799de28d75f,director,7
Kevin B Lee,F:090832505b0f,critic,9
Kevin B Lee,F:d8e24aa1ab58,critic,8
Kevin B Lee,F:d2ac8fced14e,critic,7
Kevin B Lee,F:68095e4e33e8,critic,5
Kevin B Lee,F:83c734e30238,critic,10
Kevin B Lee,F:569be7b19926,critic,2
Kevin B Lee,F:5edfe25197ef,critic,1
Kevin B Lee,F:950c29bf9796,critic,6
Kevin B Lee,F:c6d1318cb697,critic,4
Kevin B Lee,F:84611495dbe0,critic,3
Kyoung-mi Lee,F:4f6f3f9bcf2a,director,7
Kyoung-mi Lee,F:4d7b47064c89,director,5
Kyoung-mi Lee,F:705d2e705fc7,director,3
Kyoung-mi Lee,F:f0003668a2c4,director,9
Kyoung-mi Lee,F:730990d51462,director,2
Kyoung-mi Lee,F:c78c6b97f980,director,10
Kyoung-mi Lee,F:64af353ded24,director,6
Kyoung-mi Lee,F:a250f5c6593b,director,8
Kyoung-mi Lee,F:835b7b615f7a,director,4
Kyoung-mi Lee,F:1dc9cb4009b6,director,1
Nathan Lee,F:f85c54efe544,critic,4
Nathan Lee,F:83c734e30238,critic,10
Nathan Lee,F:b9af680af33b,critic,3
Nathan Lee,F:69f5bed6f836,critic,8
Nathan Lee,F:09035fce59e3,critic,5
Nathan Lee,F:973f14339a61,critic,1
Nathan Lee,F:813bde6e3053,critic,6
Nathan Lee,F:653f45346bcc,critic,9
Nathan Lee,F:4178c0f6fbb7,critic,7
Nathan Lee,F:ccb2d378f3ad,critic,2
Alex Lehmann,F:71c7b9363133,director,10
Alex Lehmann,F:4667a3130619,director,2
Alex Lehmann,F:c7384eeb7b0e,director,7
Alex Lehmann,F:37a9fd3afae9,director,3
Alex Lehmann,F:5c4c3ce23ca5,director,1
Alex Lehmann,F:e70c7eaa7408,director,6
Alex Lehmann,F:3cee3c945b46,director,5
Alex Lehmann,F:57a1bf06a3b8,director,8
Alex Lehmann,F:ad5fec931766,director,4
Alex Lehmann,F:6ae8c10ff551,director,9
Danny Leigh,F:56ef15c45ef3,critic,1
Danny Leigh,F:eb1fffa00cfe,critic,2
Danny Leigh,F:4a7fa7be8c87,critic,10
Danny Leigh,F:34c509b6a2c8,critic,3
Danny Leigh,F:e5c08e9f1271,critic,5
Danny Leigh,F:03809811ea9b,critic,9
Danny Leigh,F:6ef9ec2a60f2,critic,8
Danny Leigh,F:f00e3c45dd9d,critic,7
Danny Leigh,F:03a017c5576f,critic,4
Danny Leigh,F:eb6115735be9,critic,6
Mike Leigh,F:b8f5e0cc80a9,director,1
Mike Leigh,F:9f96298e4d23,director,10
Mike Leigh,F:a5083fa04636,director,8
Mike Leigh,F:f44713a09e4d,director,7
Mike Leigh,F:55ad4fb0baae,director,6
Mike Leigh,F:2c1796d61abc,director,3
Mike Leigh,F:872ad7d2c30e,director,2
Mike Leigh,F:6d78c0ecb7e7,director,9
Mike Leigh,F:bf3c458ce933,director,5
Mike Leigh,F:461ce53274b8,director,4
Tina Leisch,F:646ea2ac9f18,director,9
Tina Leisch,F:d2ac8fced14e,director,10
Tina Leisch,F:2ac440ed49bb,director,1
Tina Leisch,F:4fddd1062164,director,5
Tina Leisch,F:9b0ae697053e,director,7
Tina Leisch,F:8802ae18c66c,director,6
Tina Leisch,F:b61994c88a24,director,3
Tina Leisch,F:f068f2a8b4da,director,4
Tina Leisch,F:ab0f17904050,director,8
Tina Leisch,F:82aa1dafe980,director,2
Sebastián Lelio,F:b132d89fef53,director,9
Sebastián Lelio,F:069cda2e3235,director,4
Sebastián Lelio,F:b09fb8ce622b,director,2
Sebastián Lelio,F:653f45346bcc,director,8
Sebastián Lelio,F:75046ffb9b38,director,6
Sebastián Lelio,F:b5a06746734d,director,10
Sebastián Lelio,F:e20c69dc0df6,director,1
Sebastián Lelio,F:a5083fa04636,director,5
Sebastián Lelio,F:c78c6b97f980,director,3
Sebastián Lelio,F:38ccb3d447c3,director,7
Jackie Lentzou,F:b132d89fef53,director,8
Jackie Lentzou,F:69f5bed6f836,director,5
Jackie Lentzou,F:e2bff7956338,director,6
Jackie Lentzou,F:b5a06746734d,director,9
Jackie Lentzou,F:97b42f962368,director,4
Jackie Lentzou,F:9f96298e4d23,director,7
Jackie Lentzou,F:4a7fa7be8c87,director,3
Jackie Lentzou,F:951e168add74,director,2
Jackie Lentzou,F:83c734e30238,director,10
Jackie Lentzou,F:9add670ca01e,director,1
Isaac León-Frías,F:69f5bed6f836,critic,8
Isaac León-Frías,F:4178c0f6fbb7,critic,6
Isaac León-Frías,F:2ec8e3a6b8aa,critic,4
Isaac León-Frías,F:ed913192d169,critic,5
Isaac León-Frías,F:d5d45d8c9f1b,critic,2
Isaac León-Frías,F:b5a06746734d,critic,9
Isaac León-Frías,F:87ddccd7c29d,critic,1
Isaac León-Frías,F:5094c1da4d65,critic,3
Isaac León-Frías,F:97b42f962368,critic,7
Isaac León-Frías,F:83c734e30238,critic,10
Nanouk Leopold,F:296c885895bb,director,9
Nanouk Leopold,F:b09fb8ce622b,director,7
Nanouk Leopold,F:7c29c6c89454,director,2
Nanouk Leopold,F:9daa251a7795,director,8
Nanouk Leopold,F:9ed099161985,director,6
Nanouk Leopold,F:325075869126,director,10
Nanouk Leopold,F:674a68c0910c,director,1
Nanouk Leopold,F:61b7b07d0b46,director,5
Nanouk Leopold,F:91da2062cc0a,director,3
Nanouk Leopold,F:219f0fe7d6f9,director,4
Joachim Lepastier,F:d824ef904599,critic,1
Joachim Lepastier,F:7fe15b05ccde,critic,7
Joachim Lepastier,F:944ad783759e,critic,10
Joachim Lepastier,F:7a7c0ff849d4,critic,5
Joachim Lepastier,F:97b42f962368,critic,9
Joachim Lepastier,F:3211367a4459,critic,2
Joachim Lepastier,F:75046ffb9b38,critic,6
Joachim Lepastier,F:1876b26426fa,critic,3
Joachim Lepastier,F:4178c0f6fbb7,critic,8
Joachim Lepastier,F:77324d1d150c,critic,4
Diego Lerer,F:7fe15b05ccde,critic,7
Diego Lerer,F:813bde6e3053,critic,5
Diego Lerer,F:cb689f3e2a97,critic,6
Diego Lerer,F:944ad783759e,critic,8
Diego Lerer,F:59ad7c389a61,critic,4
Diego Lerer,F:83c734e30238,critic,10
Diego Lerer,F:2da4899c687b,critic,3
Diego Lerer,F:653f45346bcc,critic,9
Diego Lerer,F:41d225e6ff0b,critic,2
Diego Lerer,F:77324d1d150c,critic,1
Matthias Lerf,F:146ec1241d81,critic,5
Matthias Lerf,F:665eab0ab9d1,critic,6
Matthias Lerf,F:b132d89fef53,critic,10
Matthias Lerf,F:df99a097e950,critic,3
Matthias Lerf,F:7edd9692528b,critic,1
Matthias Lerf,F:6744994f98f6,critic,9
Matthias Lerf,F:16913ba1d831,critic,7
Matthias Lerf,F:176166e412b4,critic,8
Matthias Lerf,F:f78b136d089b,critic,2
Matthias Lerf,F:e24ef98e5c4b,critic,4
Julia Lesage,F:076854ed976a,critic,5
Julia Lesage,F:9107ede3bfb3,critic,3
Julia Lesage,F:f2335c6d4034,critic,6
Julia Lesage,F:46ac8c76893a,critic,2
Julia Lesage,F:b5936ac82331,critic,9
Julia Lesage,F:1827a0668e12,critic,1
Julia Lesage,F:ad27d47e2ec4,critic,7
Julia Lesage,F:3d05169f6da7,critic,4
Julia Lesage,F:dd03c7ae8bd4,critic,10
Julia Lesage,F:4cc94fb96c46,critic,8
Esther Leslie,F:95bd800bd9e5,critic,8
Esther Leslie,F:b0360159539e,critic,7
Esther Leslie,F:69f5bed6f836,critic,10
Esther Leslie,F:60d89c7aabd3,critic,4
Esther Leslie,F:7e3cb50b7d3c,critic,2
Esther Leslie,F:090832505b0f,critic,9
Esther Leslie,F:b25f0a77f352,critic,1
Esther Leslie,F:f3d08d20e859,critic,3
Esther Leslie,F:3705e036ace6,critic,5
Esther Leslie,F:bee39b98c3b9,critic,6
Emmanuel Levaufre,F:10acf0e1e664,critic,2
Emmanuel Levaufre,F:537490443a63,critic,7
Emmanuel Levaufre,F:3ec40e40a443,critic,9
Emmanuel Levaufre,F:a5d0909bfd7e,critic,3
Emmanuel Levaufre,F:f53416daf440,critic,10
Emmanuel Levaufre,F:bd9efaa29502,critic,8
Emmanuel Levaufre,F:d2f59305f247,critic,5
Emmanuel Levaufre,F:5d1eeae30e1c,critic,6
Emmanuel Levaufre,F:47f7b6f61804,critic,4
Emmanuel Levaufre,F:b22ea004a411,critic,1
Jean-Marc Leveratto,F:e4e5d0b8b474,critic,8
Jean-Marc Leveratto,F:03774d8054b0,critic,7
Jean-Marc Leveratto,F:008495919c65,critic,4
Jean-Marc Leveratto,F:bf6387f2c8ae,critic,10
Jean-Marc Leveratto,F:d117472f572e,critic,6
Jean-Marc Leveratto,F:078c56f7dec6,critic,3
Jean-Marc Leveratto,F:53f709905db4,critic,1
Jean-Marc Leveratto,F:e2bff7956338,critic,9
Jean-Marc Leveratto,F:8b4b310f435e,critic,5
Jean-Marc Leveratto,F:93a1beda19cd,critic,2
Tomer Levy,F:c2e492d52d62,critic,7
Tomer Levy,F:ef557d6c32c4,critic,9
Tomer Levy,F:9f96298e4d23,critic,10
Tomer Levy,F:3a98cfac84b7,critic,1
Tomer Levy,F:dfc3ec48e6dd,critic,5
Tomer Levy,F:9317441c8489,critic,2
Tomer Levy,F:124c1c7a15d5,critic,3
Tomer Levy,F:a7dc5420f605,critic,8
Tomer Levy,F:0813fd94c20e,critic,6
Tomer Levy,F:2d0a70a530cf,critic,4
Anke Leweke,F:8fe1bdde11ef,critic,6
Anke Leweke,F:72d8bc7578ad,critic,4
Anke Leweke,F:97b42f962368,critic,9
Anke Leweke,F:f44713a09e4d,critic,7
Anke Leweke,F:15cebbda1cd1,critic,5
Anke Leweke,F:7fdeecd17aea,critic,3
Anke Leweke,F:bd232d87d529,critic,2
Anke Leweke,F:83c734e30238,critic,10
Anke Leweke,F:7cdcf0b32a06,critic,8
Anke Leweke,F:b3c8e2868bec,critic,1
Josh Lewis,F:7a4937c915f3,critic,9
Josh Lewis,F:2d63d55ca187,critic,2
Josh Lewis,F:68095e4e33e8,critic,7
Josh Lewis,F:d19468c67d4e,critic,4
Josh Lewis,F:e6f5f1842694,critic,1
Josh Lewis,F:17be19f021ea,critic,8
Josh Lewis,F:a7fb4794b496,critic,6
Josh Lewis,F:ef28514dc4e7,critic,10
Josh Lewis,F:41a9c0cf626d,critic,3
Josh Lewis,F:b1d5c192e56b,critic,5
Matthew Leyland,F:bf6387f2c8ae,critic,10
Matthew Leyland,F:ae24209c7310,critic,3
Matthew Leyland,F:d6d30033c698,critic,5
Matthew Leyland,F:4434c6705bd6,critic,8
Matthew Leyland,F:e70c7eaa7408,critic,4
Matthew Leyland,F:578c62bb9d09,critic,2
Matthew Leyland,F:653f45346bcc,critic,9
Matthew Leyland,F:fbac63dcd9cf,critic,7
Matthew Leyland,F:41d225e6ff0b,critic,6
Matthew Leyland,F:a5d43fd2b2bf,critic,1
Ruijun Li,F:341aefe6f409,director,2
Ruijun Li,F:9f96298e4d23,director,9
Ruijun Li,F:edfb01f5a9d6,director,7
Ruijun Li,F:2907bfe31ad2,director,6
Ruijun Li,F:db803e57874f,director,3
Ruijun Li,F:29e8c2663329,director,8
Ruijun Li,F:ca7945c92b6b,director,1
Ruijun Li,F:3c781cd7cdf8,director,4
Ruijun Li,F:72d8bc7578ad,director,5
Ruijun Li,F:b132d89fef53,director,10
Xun Li,F:096362e962d8,critic,6
Xun Li,F:95bd800bd9e5,critic,8
Xun Li,F:bf6387f2c8ae,critic,10
Xun Li,F:341aefe6f409,critic,5
Xun Li,F:0f9fd66f3ae5,critic,4
Xun Li,F:c6db6eaf22a3,critic,1
Xun Li,F:125061f190de,critic,9
Xun Li,F:20a09859e3a0,critic,2
Xun Li,F:77324d1d150c,critic,7
Xun Li,F:c03eb2ecef96,critic,3
Michael Lieberman,F:1876b26426fa,critic,10
Michael Lieberman,F:3211367a4459,critic,4
Michael Lieberman,F:6c6d0bc5ce49,critic,9
Michael Lieberman,F:be4681dc6e16,critic,3
Michael Lieberman,F:3885fea35767,critic,1
Michael Lieberman,F:87260f5ae7bb,critic,8
Michael Lieberman,F:87b3264b23de,critic,2
Michael Lieberman,F:265ff24c9602,critic,7
Michael Lieberman,F:722a41234523,critic,5
Michael Lieberman,F:4bbcec7d0753,critic,6
Andrei Liimets,F:f5b23bc11b1d,critic,5
Andrei Liimets,F:69f5bed6f836,critic,10
Andrei Liimets,F:7dacc043e524,critic,7
Andrei Liimets,F:edfb01f5a9d6,critic,8
Andrei Liimets,F:f53416daf440,critic,6
Andrei Liimets,F:03774d8054b0,critic,9
Andrei Liimets,F:cbca9660da1d,critic,4
Andrei Liimets,F:1174009b97fe,critic,2
Andrei Liimets,F:57a1bf06a3b8,critic,3
Andrei Liimets,F:9f5b0931a0e5,critic,1
Dennis Lim,F:822f493093bf,critic,2
Dennis Lim,F:f1d528b6c734,critic,3
Dennis Lim,F:47f7b6f61804,critic,4
Dennis Lim,F:9153bf3e0b48,critic,1
Dennis Lim,F:ec983a6c1ee5,critic,7
Dennis Lim,F:a9519db91181,critic,10
Dennis Lim,F:a76ac58f4952,critic,6
Dennis Lim,F:ff478deae1ed,critic,9
Dennis Lim,F:c6d1318cb697,critic,5
Dennis Lim,F:f00e3c45dd9d,critic,8
Wood Lin,F:c651d7d22b23,critic,7
Wood Lin,F:c8e09f05e900,critic,8
Wood Lin,F:06e640dae01d,critic,6
Wood Lin,F:2db0e2e44c54,critic,2
Wood Lin,F:31151e4166d8,critic,1
Wood Lin,F:83c734e30238,critic,10
Wood Lin,F:402de2a8eb59,critic,3
Wood Lin,F:c4a17220521d,critic,5
Wood Lin,F:3507dda6aee1,critic,9
Wood Lin,F:7de92ebffc1c,critic,4
Helena Lindblad,F:08966bbb6c53,critic,9
Helena Lindblad,F:9f96298e4d23,critic,10
Helena Lindblad,F:9dc99962ce43,critic,5
Helena Lindblad,F:7b5d85393630,critic,7
Helena Lindblad,F:cb689f3e2a97,critic,8
Helena Lindblad,F:dd8922e816e9,critic,2
Helena Lindblad,F:d90030976e74,critic,4
Helena Lindblad,F:6744994f98f6,critic,6
Helena Lindblad,F:59e546399154,critic,3
Helena Lindblad,F:a863c80b635a,critic,1
Sebastian Lindvall,F:7a4937c915f3,critic,6
Sebastian Lindvall,F:9f96298e4d23,critic,10
Sebastian Lindvall,F:9d5f6e82448b,critic,5
Sebastian Lindvall,F:cf4f8f54b4df,critic,8
Sebastian Lindvall,F:4434c6705bd6,critic,9
Sebastian Lindvall,F:e1ff7de2ce1b,critic,2
Sebastian Lindvall,F:b1d5c192e56b,critic,4
Sebastian Lindvall,F:d0fcfc90ffc5,critic,3
Sebastian Lindvall,F:e147c7e3e29c,critic,7
Sebastian Lindvall,F:f8673da7b435,critic,1
Zhang Ling,F:95bd800bd9e5,critic,6
Zhang Ling,F:c0891d475a49,critic,7
Zhang Ling,F:272809be74da,critic,1
Zhang Ling,F:edfb01f5a9d6,critic,9
Zhang Ling,F:e1c01276b733,critic,3
Zhang Ling,F:02ded6e20b97,critic,8
Zhang Ling,F:b8df595b2530,critic,2
Zhang Ling,F:3607e9f1675c,critic,4
Zhang Ling,F:944ad783759e,critic,10
Zhang Ling,F:aa65b1eedc05,critic,5
Richard Linklater,F:da997bca9f48,director,2
Richard Linklater,F:59ad7c389a61,director,7
Richard Linklater,F:1232574daf78,director,3
Richard Linklater,F:6d78c0ecb7e7,director,8
Richard Linklater,F:e2bff7956338,director,9
Richard Linklater,F:8703270231ee,director,5
Richard Linklater,F:6153eeb1ef64,director,4
Richard Linklater,F:f487433720d3,director,6
Richard Linklater,F:97d8d5966fb4,director,1
Richard Linklater,F:bf6387f2c8ae,director,10
Dana Linssen,F:8fc32725b37f,critic,9
Dana Linssen,F:950c29bf9796,critic,8
Dana Linssen,F:5c1e3f7c310c,critic,1
Dana Linssen,F:d2ac8fced14e,critic,10
Dana Linssen,F:a2a1ef5c6f47,critic,4
Dana Linssen,F:684c0aff62a2,critic,3
Dana Linssen,F:e037a0ce1088,critic,5
Dana Linssen,F:9609d2e67c50,critic,6
Dana Linssen,F:69dee05125cb,critic,7
Dana Linssen,F:33c5520d461a,critic,2
Michel Lipkes,F:6d78c0ecb7e7,critic,8
Michel Lipkes,F:83c734e30238,critic,10
Michel Lipkes,F:2320d0b9141c,critic,3
Michel Lipkes,F:44d249fc6091,critic,2
Michel Lipkes,F:2ec8e3a6b8aa,critic,6
Michel Lipkes,F:325075869126,critic,9
Michel Lipkes,F:55ad4fb0baae,critic,4
Michel Lipkes,F:7a4937c915f3,critic,1
Michel Lipkes,F:114ae73dd3a7,critic,7
Michel Lipkes,F:69dee05125cb,critic,5
Ross Lipman,F:ab3cd6cbe81e,critic,5
Ross Lipman,F:5353987811a8,critic,1
Ross Lipman,F:6ff93b77cfca,critic,8
Ross Lipman,F:a0e97ad8bdd4,critic,4
Ross Lipman,F:15bcedf51ef8,critic,9
Ross Lipman,F:0565ff7fd56c,critic,10
Ross Lipman,F:1ab301e33298,critic,2
Ross Lipman,F:86ef78b3fb25,critic,3
Ross Lipman,F:9609d2e67c50,critic,7
Ross Lipman,F:05d1730cfab5,critic,6
Akira Mizuta Lippit,F:9f96298e4d23,critic,9
Akira Mizuta Lippit,F:83c734e30238,critic,10
Akira Mizuta Lippit,F:125061f190de,critic,8
Akira Mizuta Lippit,F:d8e24aa1ab58,critic,7
Akira Mizuta Lippit,F:070ba63145ba,critic,1
Akira Mizuta Lippit,F:0565ff7fd56c,critic,5
Akira Mizuta Lippit,F:d2ac8fced14e,critic,6
Akira Mizuta Lippit,F:da3f1a9a55b3,critic,3
Akira Mizuta Lippit,F:679dacc3b571,critic,2
Akira Mizuta Lippit,F:a9519db91181,critic,4
Kjetil Lismoen,F:33e985a235a2,critic,1
Kjetil Lismoen,F:02ded6e20b97,critic,9
Kjetil Lismoen,F:ed09733fe458,critic,6
Kjetil Lismoen,F:078c56f7dec6,critic,7
Kjetil Lismoen,F:fbac63dcd9cf,critic,8
Kjetil Lismoen,F:41d225e6ff0b,critic,5
Kjetil Lismoen,F:e037a0ce1088,critic,3
Kjetil Lismoen,F:325075869126,critic,10
Kjetil Lismoen,F:b5fac1879322,critic,4
Kjetil Lismoen,F:c075ca5a9bd2,critic,2
Leandro Listorti,F:eb763f2d4857,critic,3
Leandro Listorti,F:8fc32725b37f,critic,9
Leandro Listorti,F:36774373bb89,critic,1
Leandro Listorti,F:64f33aa0be54,critic,2
Leandro Listorti,F:432bbc185cbb,critic,5
Leandro Listorti,F:242bcffbc89a,critic,6
Leandro Listorti,F:83c734e30238,critic,10
Leandro Listorti,F:6b927993e1e1,critic,8
Leandro Listorti,F:e3e045b158eb,critic,4
Leandro Listorti,F:2da4899c687b,critic,7
Rebecca Liu,F:0491346a52ca,critic,5
Rebecca Liu,F:6744994f98f6,critic,9
Rebecca Liu,F:3779236f3701,critic,8
Rebecca Liu,F:d2ac8fced14e,critic,10
Rebecca Liu,F:6674e206d591,critic,3
Rebecca Liu,F:a1c47b3efd27,critic,1
Rebecca Liu,F:29be497f95ce,critic,7
Rebecca Liu,F:c57979060018,critic,4
Rebecca Liu,F:1122a3f5fe74,critic,6
Rebecca Liu,F:fafeb6e41355,critic,2
Jennie Livingston,F:83ebc8b43c9d,director,10
Jennie Livingston,F:e50615c80a64,director,5
Jennie Livingston,F:8703270231ee,director,7
Jennie Livingston,F:b5749f03606c,director,9
Jennie Livingston,F:820dcf54e776,director,1
Jennie Livingston,F:1174009b97fe,director,3
Jennie Livingston,F:8b59f9e5c592,director,2
Jennie Livingston,F:3dc11a61f1ca,director,4
Jennie Livingston,F:950c29bf9796,director,8
Jennie Livingston,F:6153eeb1ef64,director,6
Chloe Lizotte,F:9966e5136279,critic,3
Chloe Lizotte,F:090832505b0f,critic,9
Chloe Lizotte,F:ee860a1dac92,critic,2
Chloe Lizotte,F:75046ffb9b38,critic,8
Chloe Lizotte,F:930e2118f326,critic,6
Chloe Lizotte,F:83c734e30238,critic,10
Chloe Lizotte,F:1876b26426fa,critic,7
Chloe Lizotte,F:7307b6ae7ae6,critic,1
Chloe Lizotte,F:18634c22b226,critic,4
Chloe Lizotte,F:f00e3c45dd9d,critic,5
Dario Llinares,F:18634c22b226,critic,3
Dario Llinares,F:d4b93469b4a7,critic,1
Dario Llinares,F:5094c1da4d65,critic,5
Dario Llinares,F:8b59f9e5c592,critic,2
Dario Llinares,F:15298623ef1f,critic,6
Dario Llinares,F:d472058d559a,critic,8
Dario Llinares,F:08966bbb6c53,critic,9
Dario Llinares,F:4434c6705bd6,critic,7
Dario Llinares,F:e3e045b158eb,critic,4
Dario Llinares,F:9f96298e4d23,critic,10
Mariano Llinás,F:069cda2e3235,director,8
Mariano Llinás,F:2bcbc58a252d,director,9
Mariano Llinás,F:fef228299354,director,3
Mariano Llinás,F:5a4277e1dcea,director,4
Mariano Llinás,F:17be19f021ea,director,5
Mariano Llinás,F:4178c0f6fbb7,director,10
Mariano Llinás,F:ec04b06536b4,director,1
Mariano Llinás,F:c7fbb2560b75,director,2
Mariano Llinás,F:176166e412b4,director,7
Mariano Llinás,F:5094c1da4d65,director,6
Beatrice Loayza,F:83c734e30238,critic,10
Beatrice Loayza,F:34eb1ed0c187,critic,3
Beatrice Loayza,F:72d6d9bf2299,critic,7
Beatrice Loayza,F:4910ffd369f1,critic,5
Beatrice Loayza,F:1b50353487a6,critic,4
Beatrice Loayza,F:15bcedf51ef8,critic,9
Beatrice Loayza,F:b899b9a82ab4,critic,1
Beatrice Loayza,F:aa65b1eedc05,critic,8
Beatrice Loayza,F:f85c54efe544,critic,6
Beatrice Loayza,F:f382e28e935f,critic,2
Kalle Løchen,F:db803e57874f,critic,2
Kalle Løchen,F:83ebc8b43c9d,critic,10
Kalle Løchen,F:11f597068baf,critic,6
Kalle Løchen,F:1232574daf78,critic,4
Kalle Løchen,F:29e8c2663329,critic,9
Kalle Løchen,F:69ee1e9bf06a,critic,1
Kalle Løchen,F:8b4b310f435e,critic,7
Kalle Løchen,F:0c208843518d,critic,3
Kalle Løchen,F:edfb01f5a9d6,critic,8
Kalle Løchen,F:23bcdf10e622,critic,5
Guy Lodge,F:325075869126,critic,8
Guy Lodge,F:08966bbb6c53,critic,9
Guy Lodge,F:83c734e30238,critic,10
Guy Lodge,F:ec7726632ac1,critic,6
Guy Lodge,F:97b42f962368,critic,7
Guy Lodge,F:0a600f29226c,critic,4
Guy Lodge,F:f44713a09e4d,critic,5
Guy Lodge,F:b339d6c582f0,critic,3
Guy Lodge,F:6df960d01ebc,critic,2
Guy Lodge,F:3232a2646dad,critic,1
Alena Lodkina,F:15cebbda1cd1,director,9
Alena Lodkina,F:29e8c2663329,director,10
Alena Lodkina,F:eb6115735be9,director,7
Alena Lodkina,F:f55430b2c93b,director,4
Alena Lodkina,F:ca2d3a80e651,director,1
Alena Lodkina,F:22f40089914e,director,2
Alena Lodkina,F:e1c01276b733,director,6
Alena Lodkina,F:2a3218a2fda2,director,3
Alena Lodkina,F:a8708385b2e3,director,5
Alena Lodkina,F:ff478deae1ed,director,8
Johannes Lõhmus,F:c6032c33754d,critic,2
Johannes Lõhmus,F:0c208843518d,critic,4
Johannes Lõhmus,F:29e8c2663329,critic,10
Johannes Lõhmus,F:6ef9ec2a60f2,critic,7
Johannes Lõhmus,F:bee09401fa7d,critic,9
Johannes Lõhmus,F:fbac63dcd9cf,critic,8
Johannes Lõhmus,F:d39d1b73d6fa,critic,5
Johannes Lõhmus,F:af3336b803be,critic,6
Johannes Lõhmus,F:ae24209c7310,critic,3
Johannes Lõhmus,F:925eabb0cc61,critic,1
Tara Lomax,F:b5e106e52b4d,critic,3
Tara Lomax,F:7fe15b05ccde,critic,9
Tara Lomax,F:03774d8054b0,critic,8
Tara Lomax,F:8b4b310f435e,critic,6
Tara Lomax,F:87ddccd7c29d,critic,4
Tara Lomax,F:cb689f3e2a97,critic,7
Tara Lomax,F:6b927993e1e1,critic,5
Tara Lomax,F:c25d5142a521,critic,1
Tara Lomax,F:bf6387f2c8ae,critic,10
Tara Lomax,F:0aa6f0d6f865,critic,2
Manuel J Lombardo,F:7cdcf0b32a06,critic,8
Manuel J Lombardo,F:f128272fb973,critic,3
Manuel J Lombardo,F:d117472f572e,critic,9
Manuel J Lombardo,F:b5a06746734d,critic,10
Manuel J Lombardo,F:f487433720d3,critic,7
Manuel J Lombardo,F:f40b31b44aa8,critic,1
Manuel J Lombardo,F:3e088c64f4af,critic,5
Manuel J Lombardo,F:06eae096c894,critic,2
Manuel J Lombardo,F:86215fbfd4ef,critic,4
Manuel J Lombardo,F:432bbc185cbb,critic,6
Kim Longinotto,F:8be35057f0fb,director,7
Kim Longinotto,F:8d02aa5583db,director,1
Kim Longinotto,F:827d56fea49d,director,2
Kim Longinotto,F:594b29cc2dc7,director,5
Kim Longinotto,F:2c3a29085e12,director,9
Kim Longinotto,F:951e168add74,director,10
Kim Longinotto,F:13df7c77db31,director,4
Kim Longinotto,F:0e8bdbad1acf,director,8
Kim Longinotto,F:0e8301cd53e9,director,6
Kim Longinotto,F:dedfac25ffb4,director,3
Phillip Lopate,F:c34fe68dc6cf,critic,5
Phillip Lopate,F:4996e9b10df0,critic,4
Phillip Lopate,F:8fe1bdde11ef,critic,8
Phillip Lopate,F:8fc32725b37f,critic,7
Phillip Lopate,F:7dacc043e524,critic,9
Phillip Lopate,F:e074ce2e38fe,critic,1
Phillip Lopate,F:7cdcf0b32a06,critic,10
Phillip Lopate,F:3e7a3a8f8433,critic,3
Phillip Lopate,F:15298623ef1f,critic,6
Phillip Lopate,F:34eb1ed0c187,critic,2
João Lopes,F:4178c0f6fbb7,critic,9
João Lopes,F:2ec8e3a6b8aa,critic,7
João Lopes,F:7b5d85393630,critic,8
João Lopes,F:5ff8e468e0f2,critic,6
João Lopes,F:ca869253bb33,critic,2
João Lopes,F:97b42f962368,critic,10
João Lopes,F:e70b97ffada6,critic,3
João Lopes,F:638b5213b5ff,critic,4
João Lopes,F:6483a057f068,critic,5
João Lopes,F:5853b6b87f54,critic,1
Kristen Lopez,F:494fd4aacc71,critic,2
Kristen Lopez,F:b5fac1879322,critic,7
Kristen Lopez,F:b59b855bd16b,critic,1
Kristen Lopez,F:96db1ec94fd6,critic,3
Kristen Lopez,F:3dc11a61f1ca,critic,5
Kristen Lopez,F:4acddf379d28,critic,10
Kristen Lopez,F:269ff03a9765,critic,4
Kristen Lopez,F:0a600f29226c,critic,9
Kristen Lopez,F:2b8f2194d907,critic,8
Kristen Lopez,F:2af5c5bcacdf,critic,6
José Luis Lorenzo,F:e2bff7956338,critic,9
José Luis Lorenzo,F:6ae8c10ff551,critic,7
José Luis Lorenzo,F:fdbc5f598a2d,critic,3
José Luis Lorenzo,F:b5a06746734d,critic,10
José Luis Lorenzo,F:3a4215fb5c3d,critic,2
José Luis Lorenzo,F:a7fb4794b496,critic,5
José Luis Lorenzo,F:bd9efaa29502,critic,4
José Luis Lorenzo,F:608e02fe3ca2,critic,6
José Luis Lorenzo,F:ccf025d52138,critic,1
José Luis Lorenzo,F:0a600f29226c,critic,8
Carlos Losilla,F:894a2bacef7f,critic,4
Carlos Losilla,F:34cf774aeffe,critic,7
Carlos Losilla,F:709fc4c2ac34,critic,2
Carlos Losilla,F:b36e2106dd8c,critic,3
Carlos Losilla,F:240c3c3338a1,critic,6
Carlos Losilla,F:8fe1bdde11ef,critic,10
Carlos Losilla,F:d5d45d8c9f1b,critic,8
Carlos Losilla,F:cd38e7f30696,critic,1
Carlos Losilla,F:bd9efaa29502,critic,5
Carlos Losilla,F:8fc32725b37f,critic,9
David Lowery,F:b132d89fef53,director,9
David Lowery,F:1174009b97fe,director,4
David Lowery,F:d1188b34b03c,director,8
David Lowery,F:e70c7eaa7408,director,3
David Lowery,F:ad61730d9d2f,director,2
David Lowery,F:b5749f03606c,director,7
David Lowery,F:e4c949fb454a,director,5
David Lowery,F:a178dcbc5c71,director,1
David Lowery,F:7af3bfecc2a8,director,6
David Lowery,F:83c734e30238,director,10
Tim Lucas,F:88f068b796c4,critic,6
Tim Lucas,F:b0d5d33e14fd,critic,2
Tim Lucas,F:36e8fab01ce0,critic,1
Tim Lucas,F:0df7362f710e,critic,7
Tim Lucas,F:ece757e25684,critic,5
Tim Lucas,F:ea8c30267045,critic,8
Tim Lucas,F:9c648373383b,critic,3
Tim Lucas,F:fa14126df2e7,critic,4
Violet Lucca,F:782f6b9d4a23,critic,1
Violet Lucca,F:9f4bdfd01cfb,critic,4
Violet Lucca,F:a7d92e333282,critic,8
Violet Lucca,F:c22c42cd69b9,critic,10
Violet Lucca,F:f00e3c45dd9d,critic,5
Violet Lucca,F:f9b6370c1fc2,critic,7
Violet Lucca,F:0d1fd8db8fb0,critic,3
Violet Lucca,F:e037a0ce1088,critic,6
Violet Lucca,F:722a41234523,critic,2
Violet Lucca,F:002c591e702f,critic,9
Roger Luckhurst,F:76f8cccf860c,critic,5
Roger Luckhurst,F:d472058d559a,critic,8
Roger Luckhurst,F:653f45346bcc,critic,10
Roger Luckhurst,F:cb689f3e2a97,critic,9
Roger Luckhurst,F:a50461292bc4,critic,4
Roger Luckhurst,F:553ecfd38a6f,critic,2
Roger Luckhurst,F:f96da45e774e,critic,3
Roger Luckhurst,F:6ef9ec2a60f2,critic,6
Roger Luckhurst,F:6744994f98f6,critic,7
Roger Luckhurst,F:add0e1e03d2c,critic,1
Jan Lumholdt,F:af358d7d1d59,critic,7
Jan Lumholdt,F:4acddf379d28,critic,9
Jan Lumholdt,F:176166e412b4,critic,8
Jan Lumholdt,F:eb38ff2949b1,critic,4
Jan Lumholdt,F:06fdbc95a00e,critic,3
Jan Lumholdt,F:9c97824359e1,critic,1
Jan Lumholdt,F:277ba4ed211e,critic,2
Jan Lumholdt,F:ad4f804c3862,critic,6
Jan Lumholdt,F:47e745cd663b,critic,5
Jan Lumholdt,F:7cdcf0b32a06,critic,10
Sarah Lutton,F:090832505b0f,critic,9
Sarah Lutton,F:9e103f641ac9,critic,7
Sarah Lutton,F:bb4b17e3f1c5,critic,2
Sarah Lutton,F:d472058d559a,critic,10
Sarah Lutton,F:6fb030bf7755,critic,5
Sarah Lutton,F:6ef9ec2a60f2,critic,8
Sarah Lutton,F:88a36348e4c0,critic,3
Sarah Lutton,F:bf44dea0525b,critic,1
Sarah Lutton,F:fd1c97f46249,critic,4
Sarah Lutton,F:af3336b803be,critic,6
Laura Lux,F:833cd8b378fb,critic,7
Laura Lux,F:325075869126,critic,9
Laura Lux,F:6a2cf6c39785,critic,6
Laura Lux,F:4cf2060e3423,critic,2
Laura Lux,F:f87b3c091815,critic,8
Laura Lux,F:a8ed3bb0139d,critic,5
Laura Lux,F:b132d89fef53,critic,10
Laura Lux,F:af283adff85f,critic,4
Laura Lux,F:c4e24283ec4e,critic,3
Laura Lux,F:99e2cf803a3a,critic,1
Ben Luxford,F:22e12cfe1772,critic,3
Ben Luxford,F:b2910882a46d,critic,10
Ben Luxford,F:ef039f7a68b5,critic,8
Ben Luxford,F:3558a21bb105,critic,2
Ben Luxford,F:e037a0ce1088,critic,7
Ben Luxford,F:dfc5fb2e8468,critic,1
Ben Luxford,F:40851c97fe02,critic,6
Ben Luxford,F:6df960d01ebc,critic,9
Ben Luxford,F:002dd21bef36,critic,4
Ben Luxford,F:e0a07c197db1,critic,5
Victoria Luxford,F:93a1beda19cd,critic,2
Victoria Luxford,F:e2bff7956338,critic,10
Victoria Luxford,F:e9e268170b35,critic,5
Victoria Luxford,F:09035fce59e3,critic,8
Victoria Luxford,F:71c7b9363133,critic,3
Victoria Luxford,F:38ccb3d447c3,critic,9
Victoria Luxford,F:59ad7c389a61,critic,7
Victoria Luxford,F:4434c6705bd6,critic,6
Victoria Luxford,F:b2910882a46d,critic,4
Victoria Luxford,F:e0a07c197db1,critic,1
Paul Lynch,F:e4e5d0b8b474,critic,8
Paul Lynch,F:4996e9b10df0,critic,4
Paul Lynch,F:41d225e6ff0b,critic,3
Paul Lynch,F:c34fe68dc6cf,critic,5
Paul Lynch,F:4953ffd81613,critic,1
Paul Lynch,F:b5749f03606c,critic,6
Paul Lynch,F:813bde6e3053,critic,7
Paul Lynch,F:0c208843518d,critic,2
Paul Lynch,F:b5a06746734d,critic,10
Paul Lynch,F:9f96298e4d23,critic,9
Kevin Lyons,F:b132d89fef53,critic,10
Kevin Lyons,F:4434c6705bd6,critic,9
Kevin Lyons,F:d6f557bc2e5d,critic,3
Kevin Lyons,F:a601030a6bd4,critic,1
Kevin Lyons,F:6ae8c10ff551,critic,7
Kevin Lyons,F:8434936e6154,critic,4
Kevin Lyons,F:c79c561e7b8b,critic,5
Kevin Lyons,F:71c7b9363133,critic,8
Kevin Lyons,F:4cce2f95dd1b,critic,6
Kevin Lyons,F:e4aa5abdf5fd,critic,2
Sofie Cato Maas,F:3ec40e40a443,critic,9
Sofie Cato Maas,F:581e75932b64,critic,6
Sofie Cato Maas,F:28b14ee0135c,critic,4
Sofie Cato Maas,F:136922b061b3,critic,5
Sofie Cato Maas,F:3507dda6aee1,critic,8
Sofie Cato Maas,F:4e9ea31e2e3f,critic,7
Sofie Cato Maas,F:c0e951d72db5,critic,2
Sofie Cato Maas,F:1961bdb691aa,critic,10
Sofie Cato Maas,F:26695009a9fe,critic,3
Sofie Cato Maas,F:fbadc9ffef65,critic,1
Patricia MacCormack,F:b26ee869396a,critic,7
Patricia MacCormack,F:04d3a4de39c1,critic,3
Patricia MacCormack,F:b204919c8e02,critic,6
Patricia MacCormack,F:a250f5c6593b,critic,9
Patricia MacCormack,F:9d5f6e82448b,critic,10
Patricia MacCormack,F:c0261a412933,critic,2
Patricia MacCormack,F:94b1cb03d18f,critic,4
Patricia MacCormack,F:69e6abfe052c,critic,8
Patricia MacCormack,F:bf2b4154f9de,critic,1
Patricia MacCormack,F:b5b9ea9a7522,critic,5
Scott MacDonald,F:f5b23bc11b1d,critic,6
Scott MacDonald,F:09035fce59e3,critic,8
Scott MacDonald,F:e9309b2e7a6c,critic,4
Scott MacDonald,F:cbb0587ba064,critic,9
Scott MacDonald,F:1d103ee947b6,critic,3
Scott MacDonald,F:80efe2c548c9,critic,2
Scott MacDonald,F:c0891d475a49,critic,7
Scott MacDonald,F:67d9b0eadd89,critic,1
Scott MacDonald,F:930e2118f326,critic,5
Scott MacDonald,F:69f5bed6f836,critic,10
Peter Machen,F:b132d89fef53,critic,9
Peter Machen,F:f0003668a2c4,critic,5
Peter Machen,F:b5a06746734d,critic,10
Peter Machen,F:f233e5cf9f43,critic,2
Peter Machen,F:a2a1ef5c6f47,critic,4
Peter Machen,F:4eee3d2340e9,critic,1
Peter Machen,F:7af3bfecc2a8,critic,8
Peter Machen,F:9daa251a7795,critic,7
Peter Machen,F:9cac88a557fd,critic,3
Peter Machen,F:e24ef98e5c4b,critic,6
Mathieu Macheret,F:9767daa90a31,critic,3
Mathieu Macheret,F:b7dbf64232a8,critic,9
Mathieu Macheret,F:a6b2d4ef6e92,critic,8
Mathieu Macheret,F:d74e8e184a09,critic,1
Mathieu Macheret,F:ee5e85aa2619,critic,7
Mathieu Macheret,F:b6490bda1d25,critic,4
Mathieu Macheret,F:67f9c091abbe,critic,6
Mathieu Macheret,F:09035fce59e3,critic,10
Mathieu Macheret,F:012db212a980,critic,2
Mathieu Macheret,F:0ad642c99f72,critic,5
Anna Machukh,F:afa2cf1bc931,critic,4
Anna Machukh,F:e2bff7956338,critic,10
Anna Machukh,F:95bd800bd9e5,critic,7
Anna Machukh,F:69f5bed6f836,critic,9
Anna Machukh,F:eb18f3fa5ada,critic,5
Anna Machukh,F:4856ae18c1cd,critic,6
Anna Machukh,F:4434c6705bd6,critic,8
Anna Machukh,F:053a16cbf3bb,critic,2
Anna Machukh,F:651d58c8bee5,critic,3
Anna Machukh,F:895635b02fd0,critic,1
Willow Catelyn Maclay,F:0a600f29226c,critic,9
Willow Catelyn Maclay,F:da3f1a9a55b3,critic,5
Willow Catelyn Maclay,F:ed09733fe458,critic,8
Willow Catelyn Maclay,F:9000c8f0eb34,critic,6
Willow Catelyn Maclay,F:e9309b2e7a6c,critic,3
Willow Catelyn Maclay,F:265ff24c9602,critic,4
Willow Catelyn Maclay,F:ef28514dc4e7,critic,7
Willow Catelyn Maclay,F:cb21a9a501e8,critic,1
Willow Catelyn Maclay,F:26be51a0abcf,critic,2
Willow Catelyn Maclay,F:090832505b0f,critic,10
Ross Maclean,F:ed913192d169,critic,8
Ross Maclean,F:e499a42520f0,critic,4
Ross Maclean,F:db40f764c4e0,critic,2
Ross Maclean,F:ee96362bbbc2,critic,3
Ross Maclean,F:e2bff7956338,critic,10
Ross Maclean,F:0a600f29226c,critic,7
Ross Maclean,F:03774d8054b0,critic,9
Ross Maclean,F:6ef9ec2a60f2,critic,6
Ross Maclean,F:41d225e6ff0b,critic,5
Ross Maclean,F:89e16e3b9b3a,critic,1
Geoffrey Macnab,F:b5a06746734d,critic,10
Geoffrey Macnab,F:03b3065dc545,critic,5
Geoffrey Macnab,F:ed913192d169,critic,4
Geoffrey Macnab,F:6744994f98f6,critic,6
Geoffrey Macnab,F:f8abdb2ec9d8,critic,2
Geoffrey Macnab,F:97b42f962368,critic,8
Geoffrey Macnab,F:9f96298e4d23,critic,9
Geoffrey Macnab,F:6d78c0ecb7e7,critic,7
Geoffrey Macnab,F:1629ef12b31b,critic,1
Geoffrey Macnab,F:2ec8e3a6b8aa,critic,3
Guy Maddin,F:2c1b8d02644e,director,8
Guy Maddin,F:6e63730d04c1,director,9
Guy Maddin,F:6dc210dd3487,director,1
Guy Maddin,F:a95907de93e5,director,6
Guy Maddin,F:2004b445e6ea,director,5
Guy Maddin,F:c7132445071c,director,4
Guy Maddin,F:893c87e11121,director,2
Guy Maddin,F:488b0a1b09d2,director,3
Guy Maddin,F:bee5654ca481,director,10
Guy Maddin,F:792029e6ad10,director,7
Maria João Madeira,F:47f557a5b803,critic,1
Maria João Madeira,F:e4e5d0b8b474,critic,9
Maria João Madeira,F:833cd8b378fb,critic,5
Maria João Madeira,F:c0891d475a49,critic,7
Maria João Madeira,F:46194e616618,critic,4
Maria João Madeira,F:3ec40e40a443,critic,2
Maria João Madeira,F:d2e4f5e8f98d,critic,6
Maria João Madeira,F:17be19f021ea,critic,3
Maria João Madeira,F:7cdcf0b32a06,critic,8
Maria João Madeira,F:83c734e30238,critic,10
Saffron Maeve,F:6153eeb1ef64,critic,10
Saffron Maeve,F:a74f4a56d682,critic,4
Saffron Maeve,F:f85c54efe544,critic,8
Saffron Maeve,F:6507be859f38,critic,3
Saffron Maeve,F:a585bc7218db,critic,5
Saffron Maeve,F:d327388a6fd2,critic,1
Saffron Maeve,F:b5b8d610e881,critic,7
Saffron Maeve,F:1232574daf78,critic,9
Saffron Maeve,F:d5d56cef191d,critic,6
Saffron Maeve,F:cf229f7514ca,critic,2
Mike Maggiore,F:bf6387f2c8ae,critic,10
Mike Maggiore,F:09035fce59e3,critic,3
Mike Maggiore,F:813bde6e3053,critic,4
Mike Maggiore,F:d1188b34b03c,critic,6
Mike Maggiore,F:97b42f962368,critic,8
Mike Maggiore,F:83ebc8b43c9d,critic,7
Mike Maggiore,F:e147c7e3e29c,critic,2
Mike Maggiore,F:cda1a8b3152c,critic,5
Mike Maggiore,F:2db574bfef43,critic,1
Mike Maggiore,F:69f5bed6f836,critic,9
Sharon Maguire,F:ed913192d169,director,6
Sharon Maguire,F:59ad7c389a61,director,8
Sharon Maguire,F:e2bff7956338,director,10
Sharon Maguire,F:ad4f804c3862,director,3
Sharon Maguire,F:03b3065dc545,director,7
Sharon Maguire,F:b2910882a46d,director,5
Sharon Maguire,F:38ccb3d447c3,director,9
Sharon Maguire,F:c64fcab20129,director,2
Sharon Maguire,F:5d90d1f80509,director,1
Sharon Maguire,F:7c54b4356371,director,4
Nikhil Mahajan,F:f71879711b8f,director,4
Nikhil Mahajan,F:ce83cdfc8504,director,2
Nikhil Mahajan,F:08966bbb6c53,director,10
Nikhil Mahajan,F:d472058d559a,director,7
Nikhil Mahajan,F:b7d2e3d83208,director,1
Nikhil Mahajan,F:6bd726b305a8,director,3
Nikhil Mahajan,F:cda1a8b3152c,director,6
Nikhil Mahajan,F:09035fce59e3,director,5
Nikhil Mahajan,F:03774d8054b0,director,9
Nikhil Mahajan,F:83ebc8b43c9d,director,8
Eri Mahihara,F:665eab0ab9d1,critic,7
Eri Mahihara,F:9f96298e4d23,critic,10
Eri Mahihara,F:31e3a3512a76,critic,6
Eri Mahihara,F:125061f190de,critic,8
Eri Mahihara,F:0a3aade733e2,critic,1
Eri Mahihara,F:4435e07fea33,critic,3
Eri Mahihara,F:93b853b9e717,critic,4
Eri Mahihara,F:39cdf13e23a9,critic,2
Eri Mahihara,F:08966bbb6c53,critic,9
Eri Mahihara,F:c247ad9469a4,critic,5
Nadin Mai,F:08966bbb6c53,critic,9
Nadin Mai,F:ac45950f9100,critic,1
Nadin Mai,F:29e8c2663329,critic,8
Nadin Mai,F:83c734e30238,critic,10
Nadin Mai,F:f556a9145024,critic,3
Nadin Mai,F:1e3ff5e811fb,critic,4
Nadin Mai,F:cbb0587ba064,critic,7
Nadin Mai,F:9609d2e67c50,critic,6
Nadin Mai,F:e5c08e9f1271,critic,5
Nadin Mai,F:13928d934b6d,critic,2
Paulo Maia,F:f78b136d089b,critic,5
Paulo Maia,F:69f5bed6f836,critic,9
Paulo Maia,F:68fd67a83b47,critic,1
Paulo Maia,F:f53a5fa83255,critic,2
Paulo Maia,F:b23ae2fcaef5,critic,3
Paulo Maia,F:c80392c9829c,critic,7
Paulo Maia,F:30c86f12fae5,critic,6
Paulo Maia,F:930e2118f326,critic,8
Paulo Maia,F:83c734e30238,critic,10
Paulo Maia,F:bacc77cade12,critic,4
Florence Maillard,F:069cda2e3235,critic,9
Florence Maillard,F:70c6fa35ccf3,critic,5
Florence Maillard,F:cda1a8b3152c,critic,10
Florence Maillard,F:d6f557bc2e5d,critic,6
Florence Maillard,F:176166e412b4,critic,8
Florence Maillard,F:888b49e7455f,critic,1
Florence Maillard,F:070ba63145ba,critic,4
Florence Maillard,F:951e168add74,critic,7
Florence Maillard,F:c6e45b467e40,critic,2
Florence Maillard,F:fb5dd6ac6669,critic,3
Frédéric Maire,F:e3a29e728f76,critic,7
Frédéric Maire,F:d117472f572e,critic,8
Frédéric Maire,F:5e1dfafa4c51,critic,4
Frédéric Maire,F:17e5c861f7f2,critic,2
Frédéric Maire,F:3a7dbc0df0c9,critic,3
Frédéric Maire,F:35eee092a1be,critic,5
Frédéric Maire,F:208669d4e45c,critic,1
Frédéric Maire,F:9f96298e4d23,critic,10
Frédéric Maire,F:e4e5d0b8b474,critic,9
Frédéric Maire,F:fdffe3f0bfb8,critic,6
Vincent Malausa,F:e4e5d0b8b474,critic,10
Vincent Malausa,F:537490443a63,critic,6
Vincent Malausa,F:09035fce59e3,critic,9
Vincent Malausa,F:9ff15b40644e,critic,4
Vincent Malausa,F:08cc8188022e,critic,5
Vincent Malausa,F:ef28514dc4e7,critic,7
Vincent Malausa,F:2d945336a27d,critic,2
Vincent Malausa,F:c22c42cd69b9,critic,8
Vincent Malausa,F:e49cac55852a,critic,1
Vincent Malausa,F:be1e76866ac0,critic,3
Roberto Manassero,F:813bde6e3053,critic,7
Roberto Manassero,F:bd648fce3b3f,critic,5
Roberto Manassero,F:4178c0f6fbb7,critic,9
Roberto Manassero,F:97b42f962368,critic,10
Roberto Manassero,F:d117472f572e,critic,8
Roberto Manassero,F:40851c97fe02,critic,4
Roberto Manassero,F:75719b21d0aa,critic,3
Roberto Manassero,F:ed913192d169,critic,6
Roberto Manassero,F:2a3218a2fda2,critic,1
Roberto Manassero,F:ee96362bbbc2,critic,2
Milcho Manchevski,F:7b5d85393630,director,7
Milcho Manchevski,F:bf6387f2c8ae,director,10
Milcho Manchevski,F:99525f6dd03f,director,2
Milcho Manchevski,F:e2bff7956338,director,9
Milcho Manchevski,F:59ad7c389a61,director,6
Milcho Manchevski,F:3efe90729e70,director,1
Milcho Manchevski,F:4a7fa7be8c87,director,5
Milcho Manchevski,F:97b42f962368,director,8
Milcho Manchevski,F:7af3bfecc2a8,director,4
Milcho Manchevski,F:8c93104a11a8,director,3
Bertrand Mandico,F:83ebc8b43c9d,director,9
Bertrand Mandico,F:653f45346bcc,director,10
Bertrand Mandico,F:f376d0dacdd0,director,6
Bertrand Mandico,F:fe6ea6819b87,director,2
Bertrand Mandico,F:6d78c0ecb7e7,director,7
Bertrand Mandico,F:4acddf379d28,director,8
Bertrand Mandico,F:ee3b9dd8a7d5,director,4
Bertrand Mandico,F:4e2bc3c14baa,director,5
Bertrand Mandico,F:d72b4cc8c914,director,1
Bertrand Mandico,F:2005e6c55528,director,3
Łukasz Mańkowski,F:f1400046c859,critic,5
Łukasz Mańkowski,F:da3f1a9a55b3,critic,6
Łukasz Mańkowski,F:f55430b2c93b,critic,3
Łukasz Mańkowski,F:83c734e30238,critic,10
Łukasz Mańkowski,F:6ffcf833b768,critic,7
Łukasz Mańkowski,F:cf4f8f54b4df,critic,8
Łukasz Mańkowski,F:214b96df970a,critic,2
Łukasz Mańkowski,F:48f6f9148b34,critic,4
Łukasz Mańkowski,F:31a1926e505a,critic,1
Łukasz Mańkowski,F:325075869126,critic,9
Michael Mann,F:7fe15b05ccde,director,9
Michael Mann,F:95bd800bd9e5,director,7
Michael Mann,F:806780c79e39,director,3
Michael Mann,F:ca0238bc4718,director,5
Michael Mann,F:bf6387f2c8ae,director,10
Michael Mann,F:ec7726632ac1,director,8
Michael Mann,F:bd648fce3b3f,director,6
Michael Mann,F:79c30aef6e24,director,4
Michael Mann,F:a0d6f730a9b4,director,2
Michael Mann,F:bfef1e1aa75a,director,1
Ian Mantgani,F:2799de28d75f,critic,6
Ian Mantgani,F:69f5bed6f836,critic,10
Ian Mantgani,F:2861a518888c,critic,4
Ian Mantgani,F:09035fce59e3,critic,9
Ian Mantgani,F:e35009677263,critic,2
Ian Mantgani,F:b5b062b8702a,critic,1
Ian Mantgani,F:11f597068baf,critic,7
Ian Mantgani,F:dde6ffd9106a,critic,3
Ian Mantgani,F:59ad7c389a61,critic,8
Ian Mantgani,F:e037a0ce1088,critic,5
Pia Marais,F:069cda2e3235,director,8
Pia Marais,F:6d78c0ecb7e7,director,10
Pia Marais,F:8fe1bdde11ef,director,7
Pia Marais,F:02ded6e20b97,director,9
Pia Marais,F:1876b26426fa,director,6
Pia Marais,F:c9ad99b8ef3b,director,1
Pia Marais,F:c95f16d9c37c,director,4
Pia Marais,F:9e22de7eb9ed,director,5
Pia Marais,F:05570d9e8de6,director,2
Pia Marais,F:8d8d5a82beb1,director,3
Chiara Marañón,F:83c734e30238,critic,10
Chiara Marañón,F:72c4d3bacd9e,critic,1
Chiara Marañón,F:f74c44fe7e92,critic,5
Chiara Marañón,F:875135c43b9f,critic,4
Chiara Marañón,F:c80392c9829c,critic,7
Chiara Marañón,F:75046ffb9b38,critic,9
Chiara Marañón,F:c823f40274e5,critic,6
Chiara Marañón,F:70635a746517,critic,3
Chiara Marañón,F:8fc32725b37f,critic,8
Chiara Marañón,F:b15f271ff36c,critic,2
Damian Marcano,F:1a0d4fed6090,director,7
Damian Marcano,F:f58915ed95d4,director,9
Damian Marcano,F:c6ddbd74fc24,director,1
Damian Marcano,F:7d7d7739a805,director,3
Damian Marcano,F:944cb491fccd,director,8
Damian Marcano,F:cdbf7cdd3c98,director,6
Damian Marcano,F:5ef42ce0bf84,director,4
Damian Marcano,F:be922adcc35a,director,10
Damian Marcano,F:364640e76b19,director,2
Damian Marcano,F:5032832ff5c4,director,5
Gabrielle Marceau,F:653f45346bcc,critic,9
Gabrielle Marceau,F:34cf774aeffe,critic,7
Gabrielle Marceau,F:b4c2515d2391,critic,2
Gabrielle Marceau,F:a9519db91181,critic,8
Gabrielle Marceau,F:822f493093bf,critic,3
Gabrielle Marceau,F:a6b2d4ef6e92,critic,6
Gabrielle Marceau,F:b5a06746734d,critic,10
Gabrielle Marceau,F:3e5e38da32d9,critic,1
Gabrielle Marceau,F:d2f59305f247,critic,5
Gabrielle Marceau,F:4b1de0b58426,critic,4
Giovanni Marchini Camia,F:653f45346bcc,critic,9
Giovanni Marchini Camia,F:77324d1d150c,critic,7
Giovanni Marchini Camia,F:325075869126,critic,10
Giovanni Marchini Camia,F:ec983a6c1ee5,critic,5
Giovanni Marchini Camia,F:bcf63870b80d,critic,6
Giovanni Marchini Camia,F:a39d38b1dad9,critic,1
Giovanni Marchini Camia,F:944ad783759e,critic,8
Giovanni Marchini Camia,F:8d3a29722de3,critic,2
Giovanni Marchini Camia,F:98ca671012c5,critic,4
Giovanni Marchini Camia,F:ee2a2cfc2fc7,critic,3
Yevgeny Margolit,F:5703232b6a8e,critic,2
Yevgeny Margolit,F:8bd00b2fb9a2,critic,3
Yevgeny Margolit,F:ec7726632ac1,critic,8
Yevgeny Margolit,F:69f5bed6f836,critic,10
Yevgeny Margolit,F:a4f1232def80,critic,4
Yevgeny Margolit,F:83d479d3ae29,critic,5
Yevgeny Margolit,F:7dacc043e524,critic,6
Yevgeny Margolit,F:bee09401fa7d,critic,7
Yevgeny Margolit,F:83ebc8b43c9d,critic,9
Yevgeny Margolit,F:2595624ff63c,critic,1
Ivone Margulies,F:6158c3acae8a,critic,4
Ivone Margulies,F:944ad783759e,critic,9
Ivone Margulies,F:0565ff7fd56c,critic,6
Ivone Margulies,F:7a87f52cc24d,critic,2
Ivone Margulies,F:2bfb03e4c0df,critic,1
Ivone Margulies,F:4178c0f6fbb7,critic,8
Ivone Margulies,F:83c734e30238,critic,10
Ivone Margulies,F:a76ac58f4952,critic,3
Ivone Margulies,F:813bde6e3053,critic,7
Ivone Margulies,F:10e86670da04,critic,5
Miguel Marías,F:7e039f75a299,critic,7
Miguel Marías,F:e737f5f02536,critic,8
Miguel Marías,F:0080f774d62c,critic,4
Miguel Marías,F:6c6d0bc5ce49,critic,9
Miguel Marías,F:b5a06746734d,critic,10
Miguel Marías,F:a71405ec6df9,critic,6
Miguel Marías,F:83c1b28f33b4,critic,1
Miguel Marías,F:c1521c9d5fba,critic,5
Miguel Marías,F:0608ff1daf89,critic,3
Miguel Marías,F:b3c32ce489fe,critic,2
Pablo Marín,F:f7caf2323752,critic,8
Pablo Marín,F:81017b7f5d56,critic,1
Pablo Marín,F:e9309b2e7a6c,critic,10
Pablo Marín,F:e8f0778acc65,critic,2
Pablo Marín,F:ab5a1975cb2e,critic,9
Pablo Marín,F:b1591e112015,critic,3
Pablo Marín,F:f444b1707b9a,critic,7
Pablo Marín,F:9958ad22d7cf,critic,4
Pablo Marín,F:d69e2f6b8676,critic,5
Pablo Marín,F:d1defa206465,critic,6
Antonio Mariotti,F:bf6387f2c8ae,critic,9
Antonio Mariotti,F:069cda2e3235,critic,6
Antonio Mariotti,F:db803e57874f,critic,2
Antonio Mariotti,F:a5083fa04636,critic,7
Antonio Mariotti,F:7b5d85393630,critic,8
Antonio Mariotti,F:1c8565784f6c,critic,3
Antonio Mariotti,F:03b3065dc545,critic,5
Antonio Mariotti,F:f908f6f70606,critic,1
Antonio Mariotti,F:b5a06746734d,critic,10
Antonio Mariotti,F:11f597068baf,critic,4
Eva Markovits,F:1a68aefe7ea1,critic,4
Eva Markovits,F:8481529aa9c4,critic,6
Eva Markovits,F:bd9efaa29502,critic,2
Eva Markovits,F:8db25a4797e8,critic,3
Eva Markovits,F:944ad783759e,critic,9
Eva Markovits,F:e3a29e728f76,critic,5
Eva Markovits,F:bef1d4864b29,critic,1
Eva Markovits,F:d5d45d8c9f1b,critic,7
Eva Markovits,F:d8e24aa1ab58,critic,8
Eva Markovits,F:83c734e30238,critic,10
Steven Markovitz,F:c22c42cd69b9,critic,8
Steven Markovitz,F:3232a2646dad,critic,4
Steven Markovitz,F:5cd9c6152e14,critic,2
Steven Markovitz,F:f58915ed95d4,critic,6
Steven Markovitz,F:03b3065dc545,critic,9
Steven Markovitz,F:b5a06746734d,critic,10
Steven Markovitz,F:5656756fb8c9,critic,3
Steven Markovitz,F:874b2431247f,critic,1
Steven Markovitz,F:4953ffd81613,critic,7
Steven Markovitz,F:fd1c97f46249,critic,5
Camilla Markvardsen,F:cb9710eaaac9,critic,3
Camilla Markvardsen,F:ec7726632ac1,critic,9
Camilla Markvardsen,F:4a7fa7be8c87,critic,7
Camilla Markvardsen,F:97b42f962368,critic,10
Camilla Markvardsen,F:20bf11b88863,critic,2
Camilla Markvardsen,F:3aac5db12b12,critic,4
Camilla Markvardsen,F:d1188b34b03c,critic,8
Camilla Markvardsen,F:e2fb8e210649,critic,1
Camilla Markvardsen,F:57a1bf06a3b8,critic,5
Camilla Markvardsen,F:cf4f8f54b4df,critic,6
Carlos Marqués-Marcet,F:9f96298e4d23,director,9
Carlos Marqués-Marcet,F:7dacc043e524,director,5
Carlos Marqués-Marcet,F:d8e24aa1ab58,director,4
Carlos Marqués-Marcet,F:d117472f572e,director,6
Carlos Marqués-Marcet,F:c78c6b97f980,director,2
Carlos Marqués-Marcet,F:8fc32725b37f,director,3
Carlos Marqués-Marcet,F:944ad783759e,director,7
Carlos Marqués-Marcet,F:608e02fe3ca2,director,1
Carlos Marqués-Marcet,F:325075869126,director,8
Carlos Marqués-Marcet,F:bf6387f2c8ae,director,10
Mela Marquez,F:d4937a407577,critic,7
Mela Marquez,F:e1be2047fa1c,critic,4
Mela Marquez,F:08966bbb6c53,critic,9
Mela Marquez,F:6ff93b77cfca,critic,8
Mela Marquez,F:bd1eddc31e6d,critic,3
Mela Marquez,F:bf6387f2c8ae,critic,10
Mela Marquez,F:3f88f66da89c,critic,1
Mela Marquez,F:bef1d4864b29,critic,5
Mela Marquez,F:cd6c92d24d51,critic,6
Mela Marquez,F:c5217b3d6472,critic,2
Linda Marric,F:cebe5457b5ce,critic,4
Linda Marric,F:38ccb3d447c3,critic,10
Linda Marric,F:02ded6e20b97,critic,9
Linda Marric,F:9b6d7e6fd7d3,critic,3
Linda Marric,F:8908ba563ef4,critic,1
Linda Marric,F:d5d45d8c9f1b,critic,6
Linda Marric,F:008495919c65,critic,7
Linda Marric,F:ed913192d169,critic,8
Linda Marric,F:9bc253a7e2b4,critic,5
Linda Marric,F:f60d8a411d0b,critic,2
David Marriot,F:a76ac58f4952,critic,5
David Marriot,F:b132d89fef53,critic,10
David Marriot,F:1232574daf78,critic,7
David Marriot,F:7fa585215d06,critic,6
David Marriot,F:a9519db91181,critic,8
David Marriot,F:50e6d95c3f0d,critic,1
David Marriot,F:0565ff7fd56c,critic,9
David Marriot,F:e2dfaf112a47,critic,3
David Marriot,F:802e7bb2727f,critic,4
David Marriot,F:8d852e5c68c6,critic,2
Lee Marshall,F:2bcbc58a252d,critic,6
Lee Marshall,F:e067866bf78e,critic,2
Lee Marshall,F:325075869126,critic,9
Lee Marshall,F:2da4899c687b,critic,4
Lee Marshall,F:cb689f3e2a97,critic,8
Lee Marshall,F:84fa7c2219d2,critic,3
Lee Marshall,F:c9e4f6487b2b,critic,1
Lee Marshall,F:83c734e30238,critic,10
Lee Marshall,F:4acddf379d28,critic,7
Lee Marshall,F:2907bfe31ad2,critic,5
Neil  Marshall,F:165ea115d0f7,director,6
Neil  Marshall,F:cbca9660da1d,director,10
Neil  Marshall,F:3779236f3701,director,8
Neil  Marshall,F:fbfc282cbfbb,director,7
Neil  Marshall,F:6c86e1883516,director,2
Neil  Marshall,F:b5b062b8702a,director,1
Neil  Marshall,F:74869694acb1,director,9
Neil  Marshall,F:c79c561e7b8b,director,3
Neil  Marshall,F:9f5b0931a0e5,director,5
Neil  Marshall,F:3cee3c945b46,director,4
Manuela Martelli,F:b5a06746734d,director,9
Manuela Martelli,F:15298623ef1f,director,5
Manuela Martelli,F:29e8c2663329,director,7
Manuela Martelli,F:83c734e30238,director,10
Manuela Martelli,F:c78c6b97f980,director,6
Manuela Martelli,F:7eb5094e6cc5,director,1
Manuela Martelli,F:950c29bf9796,director,4
Manuela Martelli,F:2da4899c687b,director,3
Manuela Martelli,F:c823f40274e5,director,2
Manuela Martelli,F:97b42f962368,director,8
Gustavo Martín Garzo,F:f74c44fe7e92,critic,2
Gustavo Martín Garzo,F:8703270231ee,critic,4
Gustavo Martín Garzo,F:7dacc043e524,critic,7
Gustavo Martín Garzo,F:813bde6e3053,critic,9
Gustavo Martín Garzo,F:d8e24aa1ab58,critic,6
Gustavo Martín Garzo,F:d117472f572e,critic,10
Gustavo Martín Garzo,F:7cdcf0b32a06,critic,8
Gustavo Martín Garzo,F:5bef0b693d91,critic,3
Gustavo Martín Garzo,F:2ae216a7ff10,critic,1
Gustavo Martín Garzo,F:c34fe68dc6cf,critic,5
Miguel Angel Martín Maestro,F:e4e5d0b8b474,critic,8
Miguel Angel Martín Maestro,F:2bcbc58a252d,critic,5
Miguel Angel Martín Maestro,F:8fe1bdde11ef,critic,4
Miguel Angel Martín Maestro,F:97b42f962368,critic,7
Miguel Angel Martín Maestro,F:f97978e0dded,critic,3
Miguel Angel Martín Maestro,F:69f5bed6f836,critic,9
Miguel Angel Martín Maestro,F:83ebc8b43c9d,critic,6
Miguel Angel Martín Maestro,F:a933b5bf7889,critic,1
Miguel Angel Martín Maestro,F:c0e117f757be,critic,2
Adrian Martin,F:aa8a3c4a330d,critic,6
Adrian Martin,F:0916add2163e,critic,5
Adrian Martin,F:6cee4dae07e2,critic,2
Adrian Martin,F:3ec40e40a443,critic,8
Adrian Martin,F:4869214ea5b6,critic,7
Adrian Martin,F:7d6b1fda7135,critic,1
Adrian Martin,F:5ec2400e7f7b,critic,3
Adrian Martin,F:1876b26426fa,critic,9
Adrian Martin,F:9e4d6a8ad2fc,critic,4
Adrian Martin,F:15bcedf51ef8,critic,10
Michael Martin,F:02ded6e20b97,critic,10
Michael Martin,F:ed09733fe458,critic,9
Michael Martin,F:7ee6d063929b,critic,1
Michael Martin,F:27c512670976,critic,6
Michael Martin,F:25e769e47e10,critic,4
Michael Martin,F:3232a2646dad,critic,7
Michael Martin,F:8501b9a76718,critic,5
Michael Martin,F:494fd4aacc71,critic,8
Michael Martin,F:3eea1c731021,critic,2
Michael Martin,F:afc7c37f5883,critic,3
Raya Martin,F:03809811ea9b,director,10
Raya Martin,F:7fa585215d06,director,9
Raya Martin,F:d8ca1cf0db1b,director,7
Raya Martin,F:453a9ef9a7b6,director,1
Raya Martin,F:3583aef25377,director,5
Raya Martin,F:60834c1d1530,director,2
Raya Martin,F:acbfb63383ae,director,3
Raya Martin,F:be6e4197e417,director,4
Raya Martin,F:b36e2106dd8c,director,8
Raya Martin,F:ee3f94828883,director,6
Luis Martínez,F:2bcbc58a252d,critic,6
Luis Martínez,F:6c6d0bc5ce49,critic,3
Luis Martínez,F:cda1a8b3152c,critic,8
Luis Martínez,F:4c53a001a92c,critic,4
Luis Martínez,F:83c734e30238,critic,10
Luis Martínez,F:29e8c2663329,critic,9
Luis Martínez,F:6d78c0ecb7e7,critic,7
Luis Martínez,F:11f597068baf,critic,5
Luis Martínez,F:e3f9a5827411,critic,2
Luis Martínez,F:12400ca3e8ae,critic,1
Emanuela Martini,F:bf6387f2c8ae,critic,10
Emanuela Martini,F:6153eeb1ef64,critic,4
Emanuela Martini,F:0a600f29226c,critic,5
Emanuela Martini,F:176166e412b4,critic,6
Emanuela Martini,F:d117472f572e,critic,9
Emanuela Martini,F:069cda2e3235,critic,7
Emanuela Martini,F:fbfc282cbfbb,critic,2
Emanuela Martini,F:f44713a09e4d,critic,8
Emanuela Martini,F:93a1beda19cd,critic,3
Emanuela Martini,F:d1d43bf4deff,critic,1
Andro Martinovic,F:477977925947,critic,4
Andro Martinovic,F:b5749f03606c,critic,5
Andro Martinovic,F:e2bff7956338,critic,8
Andro Martinovic,F:6d78c0ecb7e7,critic,6
Andro Martinovic,F:97b42f962368,critic,7
Andro Martinovic,F:b5a06746734d,critic,10
Andro Martinovic,F:40851c97fe02,critic,2
Andro Martinovic,F:bf6387f2c8ae,critic,9
Andro Martinovic,F:44d249fc6091,critic,3
Andro Martinovic,F:9c7f3a8e5749,critic,1
Dmitry Martov,F:b5288e127311,critic,5
Dmitry Martov,F:92271c7dc38d,critic,6
Dmitry Martov,F:c0e117f757be,critic,7
Dmitry Martov,F:e03c3468d2d9,critic,3
Dmitry Martov,F:2ec8e3a6b8aa,critic,9
Dmitry Martov,F:45c3b81c1ecd,critic,2
Dmitry Martov,F:5b4c323351c4,critic,1
Dmitry Martov,F:e4e5d0b8b474,critic,10
Dmitry Martov,F:46194e616618,critic,8
Dmitry Martov,F:034af5eac88b,critic,4
Nicola Marzano,F:7e52230dd02d,critic,4
Nicola Marzano,F:a5083fa04636,critic,5
Nicola Marzano,F:edfb01f5a9d6,critic,6
Nicola Marzano,F:e3e045b158eb,critic,2
Nicola Marzano,F:29e8c2663329,critic,7
Nicola Marzano,F:83ebc8b43c9d,critic,8
Nicola Marzano,F:efb7ff86155e,critic,1
Nicola Marzano,F:7fe15b05ccde,critic,9
Nicola Marzano,F:99525f6dd03f,critic,3
Nicola Marzano,F:bf6387f2c8ae,critic,10
Agustín Masaedo,F:2d18ee4dff52,critic,4
Agustín Masaedo,F:84fa7c2219d2,critic,8
Agustín Masaedo,F:75046ffb9b38,critic,10
Agustín Masaedo,F:6772bc6cc3e3,critic,5
Agustín Masaedo,F:2861a518888c,critic,7
Agustín Masaedo,F:ad4f804c3862,critic,6
Agustín Masaedo,F:56b1d259f08e,critic,2
Agustín Masaedo,F:22ef271f15e9,critic,3
Agustín Masaedo,F:ed913192d169,critic,9
Agustín Masaedo,F:accb840a34ea,critic,1
Gabriel Mascaro,F:65f242612f92,director,3
Gabriel Mascaro,F:a8ebdac2f7a7,director,2
Gabriel Mascaro,F:7a87f52cc24d,director,4
Gabriel Mascaro,F:325075869126,director,9
Gabriel Mascaro,F:7d827c2ff251,director,1
Gabriel Mascaro,F:08966bbb6c53,director,10
Gabriel Mascaro,F:114ae73dd3a7,director,5
Gabriel Mascaro,F:125061f190de,director,8
Gabriel Mascaro,F:10e86670da04,director,7
Gabriel Mascaro,F:4a7fa7be8c87,director,6
Mike Mashon,F:97d8d5966fb4,critic,3
Mike Mashon,F:10e86670da04,critic,6
Mike Mashon,F:27cc97d93f99,critic,5
Mike Mashon,F:e4e5d0b8b474,critic,8
Mike Mashon,F:e0fa4f112d72,critic,4
Mike Mashon,F:ff72d68f7692,critic,2
Mike Mashon,F:02ded6e20b97,critic,7
Mike Mashon,F:e2e855d257e2,critic,1
Mike Mashon,F:9f96298e4d23,critic,9
Mike Mashon,F:bf6387f2c8ae,critic,10
Mia Mask,F:d1188b34b03c,critic,9
Mia Mask,F:bf6387f2c8ae,critic,10
Mia Mask,F:84fa7c2219d2,critic,6
Mia Mask,F:b73822cfb14f,critic,3
Mia Mask,F:ecbca918ed01,critic,2
Mia Mask,F:10e86670da04,critic,7
Mia Mask,F:9bc253a7e2b4,critic,4
Mia Mask,F:e5c454c08cec,critic,1
Mia Mask,F:d2ac8fced14e,critic,8
Mia Mask,F:9dc99962ce43,critic,5
Emily Maskell,F:6744994f98f6,critic,5
Emily Maskell,F:a0c4a4e80efe,critic,1
Emily Maskell,F:08966bbb6c53,critic,10
Emily Maskell,F:7b5d85393630,critic,8
Emily Maskell,F:cb689f3e2a97,critic,9
Emily Maskell,F:f44713a09e4d,critic,4
Emily Maskell,F:edfb01f5a9d6,critic,7
Emily Maskell,F:be922adcc35a,critic,2
Emily Maskell,F:31e3a3512a76,critic,3
Emily Maskell,F:d2ac8fced14e,critic,6
Cloe Masotta,F:6e976edda94a,critic,3
Cloe Masotta,F:ab3cd6cbe81e,critic,6
Cloe Masotta,F:c24a8c59baf0,critic,4
Cloe Masotta,F:b5936ac82331,critic,7
Cloe Masotta,F:09a914de09e9,critic,8
Cloe Masotta,F:646ea2ac9f18,critic,9
Cloe Masotta,F:f9781fc86d8b,critic,5
Cloe Masotta,F:25243b89bdbd,critic,1
Cloe Masotta,F:9a64753216c8,critic,10
Cloe Masotta,F:8fcac7143438,critic,2
Alain Masson,F:38ccb3d447c3,critic,10
Alain Masson,F:2d98b8f110a8,critic,4
Alain Masson,F:a57224c9e34a,critic,5
Alain Masson,F:143259a9cf32,critic,3
Alain Masson,F:e5cd9cbe9aa4,critic,1
Alain Masson,F:4996e9b10df0,critic,9
Alain Masson,F:838a18661382,critic,8
Alain Masson,F:da997bca9f48,critic,6
Alain Masson,F:759cca70005c,critic,2
Alain Masson,F:c7384eeb7b0e,critic,7
Bob Mastrangelo,F:f5b23bc11b1d,critic,7
Bob Mastrangelo,F:ec7726632ac1,critic,10
Bob Mastrangelo,F:2a5f669472bc,critic,2
Bob Mastrangelo,F:84fa7c2219d2,critic,6
Bob Mastrangelo,F:24dc6c8040d9,critic,4
Bob Mastrangelo,F:17be19f021ea,critic,3
Bob Mastrangelo,F:7cdcf0b32a06,critic,9
Bob Mastrangelo,F:f312ccde71fd,critic,1
Bob Mastrangelo,F:0565ff7fd56c,critic,8
Bob Mastrangelo,F:c4fda376339f,critic,5
Lucrecia Matarozzo,F:f02350209d28,critic,1
Lucrecia Matarozzo,F:d8e24aa1ab58,critic,8
Lucrecia Matarozzo,F:be5197f08d0d,critic,5
Lucrecia Matarozzo,F:813bde6e3053,critic,9
Lucrecia Matarozzo,F:951e168add74,critic,7
Lucrecia Matarozzo,F:0330eeb7767e,critic,4
Lucrecia Matarozzo,F:08966bbb6c53,critic,10
Lucrecia Matarozzo,F:ae7c0cd388db,critic,2
Lucrecia Matarozzo,F:231f757197dc,critic,3
Lucrecia Matarozzo,F:bcf63870b80d,critic,6
Demetrios Matheou,F:27cc97d93f99,critic,5
Demetrios Matheou,F:7cdcf0b32a06,critic,9
Demetrios Matheou,F:76f8cccf860c,critic,7
Demetrios Matheou,F:eeb94ecd85af,critic,4
Demetrios Matheou,F:97b42f962368,critic,10
Demetrios Matheou,F:f9b6370c1fc2,critic,3
Demetrios Matheou,F:cebe5457b5ce,critic,1
Demetrios Matheou,F:f03f4c93d0f1,critic,2
Demetrios Matheou,F:41d225e6ff0b,critic,6
Demetrios Matheou,F:6744994f98f6,critic,8
Kristy Matheson,F:732842e3a0e2,critic,4
Kristy Matheson,F:cf4f8f54b4df,critic,7
Kristy Matheson,F:a7d92e333282,critic,6
Kristy Matheson,F:75f2f20dce69,critic,2
Kristy Matheson,F:83c734e30238,critic,10
Kristy Matheson,F:feaa04ac1109,critic,8
Kristy Matheson,F:ec7726632ac1,critic,9
Kristy Matheson,F:d81a1921e4c4,critic,1
Kristy Matheson,F:c80392c9829c,critic,5
Kristy Matheson,F:4a63c7d35151,critic,3
Peter Matthews,F:9f96298e4d23,critic,8
Peter Matthews,F:98aa847a19fe,critic,6
Peter Matthews,F:fd39b1974fc7,critic,2
Peter Matthews,F:096362e962d8,critic,5
Peter Matthews,F:e152a2918678,critic,3
Peter Matthews,F:b5a06746734d,critic,9
Peter Matthews,F:83c734e30238,critic,10
Peter Matthews,F:fbaed03c3121,critic,7
Peter Matthews,F:c48b24faa9f1,critic,4
Peter Matthews,F:5037acc21ccc,critic,1
Alan Mattli,F:b3858d1cff92,critic,2
Alan Mattli,F:69f5bed6f836,critic,9
Alan Mattli,F:8b4b310f435e,critic,8
Alan Mattli,F:8ef14bf34952,critic,3
Alan Mattli,F:b132d89fef53,critic,10
Alan Mattli,F:ea8c30267045,critic,7
Alan Mattli,F:146ec1241d81,critic,5
Alan Mattli,F:2c00d05903b6,critic,4
Alan Mattli,F:fbac63dcd9cf,critic,6
Alan Mattli,F:4e7bd8e303f8,critic,1
Carlos Alberto Mattos,F:83ebc8b43c9d,critic,6
Carlos Alberto Mattos,F:bf6387f2c8ae,critic,10
Carlos Alberto Mattos,F:6158c3acae8a,critic,2
Carlos Alberto Mattos,F:69f5bed6f836,critic,8
Carlos Alberto Mattos,F:2907bfe31ad2,critic,4
Carlos Alberto Mattos,F:527fb91c0fbd,critic,1
Carlos Alberto Mattos,F:95bd800bd9e5,critic,5
Carlos Alberto Mattos,F:f9b6370c1fc2,critic,3
Carlos Alberto Mattos,F:944ad783759e,critic,7
Carlos Alberto Mattos,F:b132d89fef53,critic,9
Carly Mattox,F:950c29bf9796,critic,9
Carly Mattox,F:af9e3551238b,critic,8
Carly Mattox,F:89bca25c2226,critic,7
Carly Mattox,F:1ca544c954c2,critic,4
Carly Mattox,F:a1578fa4635e,critic,2
Carly Mattox,F:e917fde84581,critic,6
Carly Mattox,F:0dfb9a9c78e5,critic,1
Carly Mattox,F:a9519db91181,critic,10
Carly Mattox,F:b8f720f79cf8,critic,5
Carly Mattox,F:d444ea5a6aac,critic,3
Fisnik Maxville,F:41d225e6ff0b,director,7
Fisnik Maxville,F:03b3065dc545,director,9
Fisnik Maxville,F:4a7fa7be8c87,director,8
Fisnik Maxville,F:325075869126,director,10
Fisnik Maxville,F:098d836cdd5c,director,1
Fisnik Maxville,F:299aafd38526,director,4
Fisnik Maxville,F:6674e206d591,director,2
Fisnik Maxville,F:146f1c3fc9b2,director,3
Fisnik Maxville,F:e5c08e9f1271,director,6
Fisnik Maxville,F:ddcf681c3397,director,5
Brigitte Mayr,F:67e4464eabeb,critic,6
Brigitte Mayr,F:bbd65560d1d7,critic,2
Brigitte Mayr,F:12e0b7aceb7f,critic,4
Brigitte Mayr,F:623b28b17a02,critic,3
Brigitte Mayr,F:966619788aed,critic,5
Brigitte Mayr,F:79e927c6fa34,critic,7
Brigitte Mayr,F:8b59f9e5c592,critic,8
Brigitte Mayr,F:cf450fa352e5,critic,1
Brigitte Mayr,F:5fbe75ae8e83,critic,9
Brigitte Mayr,F:23bcdf10e622,critic,10
Matt Maytum,F:bf6387f2c8ae,critic,10
Matt Maytum,F:09035fce59e3,critic,6
Matt Maytum,F:b132d89fef53,critic,9
Matt Maytum,F:e2bff7956338,critic,8
Matt Maytum,F:d472058d559a,critic,7
Matt Maytum,F:e70c7eaa7408,critic,4
Matt Maytum,F:96d6e4c113cc,critic,1
Matt Maytum,F:c41986eabc20,critic,5
Matt Maytum,F:e8d2748de292,critic,2
Matt Maytum,F:4409f275b372,critic,3
Gonzalo Maza,F:1b50353487a6,critic,4
Gonzalo Maza,F:f88f86b2bb29,critic,6
Gonzalo Maza,F:d2e4f5e8f98d,critic,7
Gonzalo Maza,F:e50615c80a64,critic,8
Gonzalo Maza,F:59ad7c389a61,critic,10
Gonzalo Maza,F:c39d1f493804,critic,2
Gonzalo Maza,F:2da4899c687b,critic,9
Gonzalo Maza,F:3583aef25377,critic,3
Gonzalo Maza,F:a76ac58f4952,critic,5
Gonzalo Maza,F:c91599284d45,critic,1
Ewa Mazierska,F:20a0a276094a,critic,7
Ewa Mazierska,F:a7f298647973,critic,1
Ewa Mazierska,F:114ae73dd3a7,critic,9
Ewa Mazierska,F:ee3f83148818,critic,2
Ewa Mazierska,F:6a96906d77f4,critic,6
Ewa Mazierska,F:e507a2715d23,critic,4
Ewa Mazierska,F:6b927993e1e1,critic,8
Ewa Mazierska,F:4d7b47064c89,critic,5
Ewa Mazierska,F:653f45346bcc,critic,10
Ewa Mazierska,F:d440520d1dd8,critic,3
Sam McAuliffe,F:99d15fab63f8,critic,1
Sam McAuliffe,F:e93e5ffca34a,critic,3
Sam McAuliffe,F:72d6d9bf2299,critic,6
Sam McAuliffe,F:83c734e30238,critic,10
Sam McAuliffe,F:4e2bc3c14baa,critic,7
Sam McAuliffe,F:f487433720d3,critic,8
Sam McAuliffe,F:665eab0ab9d1,critic,9
Sam McAuliffe,F:12fb318fa245,critic,4
Sam McAuliffe,F:34eb1ed0c187,critic,5
Sam McAuliffe,F:5ed7c77fc75e,critic,2
Jim McBride,F:078c56f7dec6,director,7
Jim McBride,F:62f2866d3bb5,director,3
Jim McBride,F:4996e9b10df0,director,6
Jim McBride,F:f71879711b8f,director,9
Jim McBride,F:f53416daf440,director,10
Jim McBride,F:002c591e702f,director,8
Jim McBride,F:4418a62420bf,director,5
Jim McBride,F:a4b67a0ed3a5,director,1
Jim McBride,F:ae7c0cd388db,director,2
Jim McBride,F:4910ffd369f1,director,4
Joseph McBride,F:9503b95b7798,critic,7
Joseph McBride,F:6e63730d04c1,critic,6
Joseph McBride,F:46194e616618,critic,8
Joseph McBride,F:9f96298e4d23,critic,10
Joseph McBride,F:e4e5d0b8b474,critic,9
Joseph McBride,F:842f32097573,critic,4
Joseph McBride,F:9bfb8652e23d,critic,5
Joseph McBride,F:51bc13a31e66,critic,1
Joseph McBride,F:0c64dd7aa964,critic,3
Joseph McBride,F:a95907de93e5,critic,2
Katie McCabe,F:4acddf379d28,critic,8
Katie McCabe,F:0a600f29226c,critic,5
Katie McCabe,F:5f9daceb0454,critic,3
Katie McCabe,F:74b03fbb797f,critic,1
Katie McCabe,F:cda1a8b3152c,critic,9
Katie McCabe,F:d8be33a7aa37,critic,4
Katie McCabe,F:a250f5c6593b,critic,2
Katie McCabe,F:f53416daf440,critic,7
Katie McCabe,F:653f45346bcc,critic,10
Katie McCabe,F:15bcedf51ef8,critic,6
Simon McCallum,F:9a64753216c8,critic,5
Simon McCallum,F:ed09733fe458,critic,8
Simon McCallum,F:5ea75731b547,critic,1
Simon McCallum,F:03a18fead1c1,critic,3
Simon McCallum,F:9aa40df22c3e,critic,4
Simon McCallum,F:a617c5ffa026,critic,2
Simon McCallum,F:f3a8723d695d,critic,6
Simon McCallum,F:cbb0587ba064,critic,10
Simon McCallum,F:8b4b310f435e,critic,9
Simon McCallum,F:b5fac1879322,critic,7
Ruairí McCann,F:19eb92f7e110,critic,7
Ruairí McCann,F:1d6863d6fa66,critic,6
Ruairí McCann,F:d7c0c8626380,critic,1
Ruairí McCann,F:31e3a3512a76,critic,9
Ruairí McCann,F:5abf26686957,critic,4
Ruairí McCann,F:aa65b1eedc05,critic,10
Ruairí McCann,F:2d87c8bb1a5c,critic,2
Ruairí McCann,F:e77cc6c544d2,critic,5
Ruairí McCann,F:be231833a04b,critic,3
Ruairí McCann,F:f00e3c45dd9d,critic,8
Todd McCarthy,F:03809811ea9b,critic,7
Todd McCarthy,F:46194e616618,critic,3
Todd McCarthy,F:27cc97d93f99,critic,4
Todd McCarthy,F:79c30aef6e24,critic,2
Todd McCarthy,F:cbca9660da1d,critic,5
Todd McCarthy,F:8fe1bdde11ef,critic,8
Todd McCarthy,F:078c56f7dec6,critic,6
Todd McCarthy,F:02ded6e20b97,critic,9
Todd McCarthy,F:39e8daa81ee8,critic,1
Todd McCarthy,F:6d78c0ecb7e7,critic,10
Blair McClendon,F:5094c1da4d65,critic,9
Blair McClendon,F:ef213b0b33c2,critic,2
Blair McClendon,F:802e7bb2727f,critic,4
Blair McClendon,F:21f4a70f8383,critic,1
Blair McClendon,F:d90030976e74,critic,6
Blair McClendon,F:c78c6b97f980,critic,10
Blair McClendon,F:8394d3ce5830,critic,3
Blair McClendon,F:1a5ed79e90c4,critic,7
Blair McClendon,F:b7b17347ab6a,critic,8
Blair McClendon,F:8e930f89d440,critic,5
John Michael McDonagh,F:8f7cd918a7c0,director,6
John Michael McDonagh,F:975d9524ce39,director,3
John Michael McDonagh,F:a03875649fbc,director,4
John Michael McDonagh,F:9235bdde6f3e,director,7
John Michael McDonagh,F:e2d7ee3e387f,director,9
John Michael McDonagh,F:40a613564501,director,8
John Michael McDonagh,F:d71705dbda3c,director,5
John Michael McDonagh,F:5bff7ec723f9,director,2
John Michael McDonagh,F:15bcedf51ef8,director,10
John Michael McDonagh,F:a80389671f78,director,1
Martin Mcdonagh,F:d6d30033c698,director,3
Martin Mcdonagh,F:b2910882a46d,director,5
Martin Mcdonagh,F:e067866bf78e,director,1
Martin Mcdonagh,F:d472058d559a,director,7
Martin Mcdonagh,F:e2bff7956338,director,9
Martin Mcdonagh,F:03774d8054b0,director,8
Martin Mcdonagh,F:63d46e5d8cef,director,2
Martin Mcdonagh,F:4acddf379d28,director,6
Martin Mcdonagh,F:bf6387f2c8ae,director,10
Martin Mcdonagh,F:fbfc282cbfbb,director,4
Ross McDonnell,F:30a853edc01d,critic,4
Ross McDonnell,F:325075869126,critic,10
Ross McDonnell,F:64f33aa0be54,critic,5
Ross McDonnell,F:eeb94ecd85af,critic,7
Ross McDonnell,F:358572bee21a,critic,3
Ross McDonnell,F:cf4f8f54b4df,critic,8
Ross McDonnell,F:ef557d6c32c4,critic,6
Ross McDonnell,F:a9519db91181,critic,9
Ross McDonnell,F:563a524c398f,critic,1
Ross McDonnell,F:2756f5394c7b,critic,2
Brian McFarlane,F:1a5ed79e90c4,critic,5
Brian McFarlane,F:9da9c0bbc5b8,critic,3
Brian McFarlane,F:a249395737e4,critic,1
Brian McFarlane,F:6153eeb1ef64,critic,6
Brian McFarlane,F:87514510672b,critic,2
Brian McFarlane,F:cda1a8b3152c,critic,9
Brian McFarlane,F:598ffacf374c,critic,4
Brian McFarlane,F:d117472f572e,critic,10
Brian McFarlane,F:e9e268170b35,critic,7
Brian McFarlane,F:95bd800bd9e5,critic,8
Patrick McGilligan,F:f5b23bc11b1d,critic,3
Patrick McGilligan,F:6b927993e1e1,critic,5
Patrick McGilligan,F:bf6387f2c8ae,critic,10
Patrick McGilligan,F:83ebc8b43c9d,critic,8
Patrick McGilligan,F:cdb76db94f02,critic,2
Patrick McGilligan,F:a5083fa04636,critic,6
Patrick McGilligan,F:9f96298e4d23,critic,9
Patrick McGilligan,F:6153eeb1ef64,critic,4
Patrick McGilligan,F:7c54b4356371,critic,1
Patrick McGilligan,F:d1188b34b03c,critic,7
Neil McGlone,F:c33ac66ac5ac,critic,2
Neil McGlone,F:f376d0dacdd0,critic,3
Neil McGlone,F:11f597068baf,critic,4
Neil McGlone,F:97b42f962368,critic,8
Neil McGlone,F:08966bbb6c53,critic,9
Neil McGlone,F:b5a06746734d,critic,10
Neil McGlone,F:4acddf379d28,critic,5
Neil McGlone,F:ec7726632ac1,critic,7
Neil McGlone,F:813bde6e3053,critic,6
Neil McGlone,F:3909778b41cf,critic,1
Ruby McGuigan,F:84fa7c2219d2,critic,5
Ruby McGuigan,F:c34fe68dc6cf,critic,7
Ruby McGuigan,F:4996e9b10df0,critic,6
Ruby McGuigan,F:4f6f3f9bcf2a,critic,2
Ruby McGuigan,F:97b42f962368,critic,10
Ruby McGuigan,F:7fe15b05ccde,critic,9
Ruby McGuigan,F:33e3eab93092,critic,1
Ruby McGuigan,F:65393b2ac77a,critic,3
Ruby McGuigan,F:7c9c923f35c0,critic,4
Ruby McGuigan,F:16913ba1d831,critic,8
Adam McKay,F:bf6387f2c8ae,director,9
Adam McKay,F:7b0fdc076a32,director,4
Adam McKay,F:c57979060018,director,2
Adam McKay,F:15298623ef1f,director,7
Adam McKay,F:d1188b34b03c,director,8
Adam McKay,F:83c734e30238,director,10
Adam McKay,F:c1cd242a1caa,director,3
Adam McKay,F:e24ef98e5c4b,director,5
Adam McKay,F:35c1122a234d,director,1
Adam McKay,F:11f597068baf,director,6
Luke McKernan,F:92069ae96f15,critic,1
Luke McKernan,F:c02d402fb467,critic,2
Luke McKernan,F:8747b07844ce,critic,3
Luke McKernan,F:1961bdb691aa,critic,10
Luke McKernan,F:f0c72016ea77,critic,6
Luke McKernan,F:84b113471b45,critic,8
Luke McKernan,F:9be2217049fc,critic,4
Luke McKernan,F:1f91c7802b11,critic,5
Luke McKernan,F:ae0cc120b2e3,critic,7
Luke McKernan,F:6c6ea7c94084,critic,9
Adrienne McKibbins,F:8b408201c4c6,critic,6
Adrienne McKibbins,F:72d8bc7578ad,critic,10
Adrienne McKibbins,F:fdaf7b137c69,critic,2
Adrienne McKibbins,F:a469a1ee7a19,critic,3
Adrienne McKibbins,F:122fb2de00e8,critic,9
Adrienne McKibbins,F:a63c052d0d4b,critic,5
Adrienne McKibbins,F:ef7db7a41756,critic,1
Adrienne McKibbins,F:a1dd9677ccc9,critic,4
Adrienne McKibbins,F:a7dc5420f605,critic,8
Adrienne McKibbins,F:68833666b0ff,critic,7
Katherine McLaughlin,F:413d2bed80fb,critic,5
Katherine McLaughlin,F:a250f5c6593b,critic,2
Katherine McLaughlin,F:cb689f3e2a97,critic,9
Katherine McLaughlin,F:653f45346bcc,critic,10
Katherine McLaughlin,F:4e2bc3c14baa,critic,6
Katherine McLaughlin,F:d2ac8fced14e,critic,7
Katherine McLaughlin,F:4acddf379d28,critic,8
Katherine McLaughlin,F:fa08c517c8ab,critic,1
Katherine McLaughlin,F:7a4937c915f3,critic,3
Katherine McLaughlin,F:8082e9c53944,critic,4
Craig McLean,F:240c3c3338a1,critic,2
Craig McLean,F:7fe15b05ccde,critic,8
Craig McLean,F:59ad7c389a61,critic,6
Craig McLean,F:f71879711b8f,critic,5
Craig McLean,F:b132d89fef53,critic,9
Craig McLean,F:93a1beda19cd,critic,3
Craig McLean,F:4acddf379d28,critic,7
Craig McLean,F:71c7b9363133,critic,4
Craig McLean,F:13b8e7464e55,critic,1
Jamie McLeish ,F:d1d43bf4deff,critic,3
Jamie McLeish ,F:4a7fa7be8c87,critic,6
Jamie McLeish ,F:8fe1bdde11ef,critic,7
Jamie McLeish ,F:02ded6e20b97,critic,8
Jamie McLeish ,F:97b42f962368,critic,9
Jamie McLeish ,F:23bcdf10e622,critic,4
Jamie McLeish ,F:bd648fce3b3f,critic,5
Jamie McLeish ,F:d2f10817bb1e,critic,2
Jamie McLeish ,F:08966bbb6c53,critic,10
Jamie McLeish ,F:ae8a4e6355c1,critic,1
Alasdair  McLellan,F:cd38f587b228,director,3
Alasdair  McLellan,F:231f44b56c04,director,2
Alasdair  McLellan,F:d99f797ea58d,director,1
Alasdair  McLellan,F:af9e3551238b,director,9
Alasdair  McLellan,F:24dc6c8040d9,director,7
Alasdair  McLellan,F:61afc2a946ee,director,5
Alasdair  McLellan,F:18135f42a075,director,4
Alasdair  McLellan,F:9000c8f0eb34,director,8
Alasdair  McLellan,F:51644bbb0d9c,director,6
Alasdair  McLellan,F:8b4b310f435e,director,10
Manus McManus,F:7af3bfecc2a8,critic,5
Manus McManus,F:d6d30033c698,critic,6
Manus McManus,F:560e55f76ea0,critic,2
Manus McManus,F:b339d6c582f0,critic,8
Manus McManus,F:bf6387f2c8ae,critic,10
Manus McManus,F:4953ffd81613,critic,4
Manus McManus,F:1e8b45df0ba0,critic,3
Manus McManus,F:8aa595fbb778,critic,1
Manus McManus,F:8703270231ee,critic,7
Manus McManus,F:b5749f03606c,critic,9
Mary McNamara,F:4856ae18c1cd,critic,8
Mary McNamara,F:d1d43bf4deff,critic,6
Mary McNamara,F:f71879711b8f,critic,9
Mary McNamara,F:71c7b9363133,critic,7
Mary McNamara,F:ee96362bbbc2,critic,3
Mary McNamara,F:9f5b0931a0e5,critic,5
Mary McNamara,F:70fae98b2625,critic,1
Mary McNamara,F:7bf47800d216,critic,2
Mary McNamara,F:38ccb3d447c3,critic,10
Mary McNamara,F:b10a906b1662,critic,4
Michael McNeely,F:dce89c1e461d,critic,6
Michael McNeely,F:d1274c19e1e6,critic,3
Michael McNeely,F:7583ca385965,critic,7
Michael McNeely,F:a5114659ddc1,critic,2
Michael McNeely,F:e24ef98e5c4b,critic,9
Michael McNeely,F:4667a3130619,critic,4
Michael McNeely,F:32c0dc6f340e,critic,1
Michael McNeely,F:bec332d8ab3d,critic,8
Michael McNeely,F:feada1db862a,critic,5
Michael McNeely,F:16913ba1d831,critic,10
Isabelle McNeill,F:dd03c7ae8bd4,critic,8
Isabelle McNeill,F:6744994f98f6,critic,10
Isabelle McNeill,F:32f33617395c,critic,9
Isabelle McNeill,F:36de65e2f43e,critic,2
Isabelle McNeill,F:132d9439f658,critic,5
Isabelle McNeill,F:d270087b657a,critic,6
Isabelle McNeill,F:6d26a6039865,critic,1
Isabelle McNeill,F:1961bdb691aa,critic,7
Isabelle McNeill,F:f8aecf9f8332,critic,3
Isabelle McNeill,F:2335731a89eb,critic,4
Christopher McQuarrie,F:fdbc5f598a2d,director,9
Christopher McQuarrie,F:11727396de07,director,1
Christopher McQuarrie,F:6e92bae17de8,director,10
Christopher McQuarrie,F:de7014209bb3,director,4
Christopher McQuarrie,F:aeb779653548,director,8
Christopher McQuarrie,F:8f1126aa151b,director,3
Christopher McQuarrie,F:f41890e514d6,director,6
Christopher McQuarrie,F:eeccea3a3476,director,5
Christopher McQuarrie,F:47830ba9d5b4,director,2
Christopher McQuarrie,F:6e32d636769c,director,7
Steve McQueen,F:02ded6e20b97,director,5
Steve McQueen,F:eb6115735be9,director,2
Steve McQueen,F:39d304559270,director,1
Steve McQueen,F:4178c0f6fbb7,director,7
Steve McQueen,F:8fe1bdde11ef,director,4
Steve McQueen,F:d1188b34b03c,director,6
Steve McQueen,F:d4937a407577,director,3
Steve McQueen,F:9f96298e4d23,director,10
Steve McQueen,F:38ccb3d447c3,director,8
Steve McQueen,F:325075869126,director,9
Tom McSorley,F:b132d89fef53,critic,9
Tom McSorley,F:b5749f03606c,critic,5
Tom McSorley,F:bf6387f2c8ae,critic,10
Tom McSorley,F:83ebc8b43c9d,critic,8
Tom McSorley,F:2bcbc58a252d,critic,6
Tom McSorley,F:2320d0b9141c,critic,2
Tom McSorley,F:bee09401fa7d,critic,7
Tom McSorley,F:cdb76db94f02,critic,3
Tom McSorley,F:1961bdb691aa,critic,4
Tom McSorley,F:b270f6c2406f,critic,1
Brian Meacham,F:85ba49355f30,critic,1
Brian Meacham,F:111e32c8a9fe,critic,3
Brian Meacham,F:7cdcf0b32a06,critic,8
Brian Meacham,F:b5a06746734d,critic,10
Brian Meacham,F:a5083fa04636,critic,7
Brian Meacham,F:6e92bae17de8,critic,5
Brian Meacham,F:fc8d0f8c53b1,critic,2
Brian Meacham,F:944ad783759e,critic,9
Brian Meacham,F:03b3065dc545,critic,6
Brian Meacham,F:aee812d4faf1,critic,4
Richie Mehta,F:dcef20282bc9,director,5
Richie Mehta,F:63f70e59fd09,director,4
Richie Mehta,F:48085b62d6ae,director,2
Richie Mehta,F:02ded6e20b97,director,9
Richie Mehta,F:740bba99adab,director,1
Richie Mehta,F:b132d89fef53,director,10
Richie Mehta,F:0b59db9c3fd9,director,6
Richie Mehta,F:7b0fdc076a32,director,7
Richie Mehta,F:f96da45e774e,director,8
Richie Mehta,F:3ccfa5c73edb,director,3
Karsten Meinich,F:ec7726632ac1,critic,7
Karsten Meinich,F:cb689f3e2a97,critic,8
Karsten Meinich,F:97b42f962368,critic,9
Karsten Meinich,F:6d78c0ecb7e7,critic,6
Karsten Meinich,F:7c54b4356371,critic,4
Karsten Meinich,F:a7fb4794b496,critic,3
Karsten Meinich,F:944ad783759e,critic,10
Karsten Meinich,F:ee2a2cfc2fc7,critic,2
Karsten Meinich,F:d2506ebeb73e,critic,5
Karsten Meinich,F:1f696ff5de67,critic,1
Joan Mellen,F:95bd800bd9e5,critic,9
Joan Mellen,F:e152a2918678,critic,2
Joan Mellen,F:03774d8054b0,critic,10
Joan Mellen,F:ed09733fe458,critic,6
Joan Mellen,F:7c29c6c89454,critic,1
Joan Mellen,F:7e52230dd02d,critic,5
Joan Mellen,F:98aa847a19fe,critic,4
Joan Mellen,F:665eab0ab9d1,critic,7
Joan Mellen,F:ad61730d9d2f,critic,3
Joan Mellen,F:f71879711b8f,critic,8
Roy Menarini,F:b5a06746734d,critic,10
Roy Menarini,F:ae24be4474d6,critic,2
Roy Menarini,F:2907bfe31ad2,critic,6
Roy Menarini,F:a5083fa04636,critic,8
Roy Menarini,F:af4e177d1ed2,critic,3
Roy Menarini,F:069cda2e3235,critic,7
Roy Menarini,F:55f45b5f336c,critic,1
Roy Menarini,F:bf6387f2c8ae,critic,9
Roy Menarini,F:73ac13372020,critic,4
Roy Menarini,F:7c54b4356371,critic,5
Kleber Mendonça Filho,F:6158c3acae8a,director,5
Kleber Mendonça Filho,F:f376d0dacdd0,director,7
Kleber Mendonça Filho,F:e4aa5abdf5fd,director,2
Kleber Mendonça Filho,F:c28d95072746,director,1
Kleber Mendonça Filho,F:83c734e30238,director,10
Kleber Mendonça Filho,F:4a7fa7be8c87,director,9
Kleber Mendonça Filho,F:a3d0b4e174aa,director,4
Kleber Mendonça Filho,F:2da4899c687b,director,6
Kleber Mendonça Filho,F:aa65b1eedc05,director,8
Kleber Mendonça Filho,F:479e6879e365,director,3
Nina Menkes,F:b5749f03606c,director,7
Nina Menkes,F:ec7726632ac1,director,9
Nina Menkes,F:dd03c7ae8bd4,director,5
Nina Menkes,F:ce96101eab01,director,1
Nina Menkes,F:15bcedf51ef8,director,6
Nina Menkes,F:813bde6e3053,director,8
Nina Menkes,F:83c734e30238,director,10
Nina Menkes,F:2da4899c687b,director,3
Nina Menkes,F:6b927993e1e1,director,4
Nina Menkes,F:264b0bf1dd83,director,2
Vishal Menon,F:6ef9ec2a60f2,critic,9
Vishal Menon,F:bf6387f2c8ae,critic,10
Vishal Menon,F:1366b0e8b92b,critic,3
Vishal Menon,F:5aac0def84d2,critic,5
Vishal Menon,F:e70c7eaa7408,critic,7
Vishal Menon,F:86215fbfd4ef,critic,4
Vishal Menon,F:2b8f2194d907,critic,8
Vishal Menon,F:8df8e1c9d486,critic,2
Vishal Menon,F:a7667577adc0,critic,1
Vishal Menon,F:9347a82e3372,critic,6
Nana Mensah,F:703e064069d1,director,3
Nana Mensah,F:08966bbb6c53,director,10
Nana Mensah,F:1961bdb691aa,director,8
Nana Mensah,F:89f4b5080984,director,4
Nana Mensah,F:2c3a29085e12,director,6
Nana Mensah,F:56a33e24f6cc,director,2
Nana Mensah,F:4869214ea5b6,director,5
Nana Mensah,F:ed3112cc56e4,director,1
Nana Mensah,F:d1188b34b03c,director,9
Nana Mensah,F:29be497f95ce,director,7
Thierry Méranger,F:b5a06746734d,critic,10
Thierry Méranger,F:008495919c65,critic,6
Thierry Méranger,F:653f45346bcc,critic,9
Thierry Méranger,F:4acddf379d28,critic,7
Thierry Méranger,F:cae7892d945f,critic,1
Thierry Méranger,F:240c3c3338a1,critic,2
Thierry Méranger,F:9daa251a7795,critic,3
Thierry Méranger,F:6df960d01ebc,critic,4
Thierry Méranger,F:b0360159539e,critic,5
Thierry Méranger,F:813bde6e3053,critic,8
Lidia Merás,F:95bd800bd9e5,critic,6
Lidia Merás,F:5824e32e059f,critic,1
Lidia Merás,F:665eab0ab9d1,critic,5
Lidia Merás,F:0e061101bdea,critic,3
Lidia Merás,F:38ccb3d447c3,critic,10
Lidia Merás,F:cda1a8b3152c,critic,9
Lidia Merás,F:4a7fa7be8c87,critic,7
Lidia Merás,F:11f597068baf,critic,4
Lidia Merás,F:03b3065dc545,critic,8
Lidia Merás,F:1bc5acc7eba9,critic,2
Benjamin Mercer,F:b132d89fef53,critic,10
Benjamin Mercer,F:b5749f03606c,critic,7
Benjamin Mercer,F:69dee05125cb,critic,4
Benjamin Mercer,F:944ad783759e,critic,9
Benjamin Mercer,F:3f2df544d36d,critic,1
Benjamin Mercer,F:db40f764c4e0,critic,2
Benjamin Mercer,F:122fb2de00e8,critic,3
Benjamin Mercer,F:6153eeb1ef64,critic,5
Benjamin Mercer,F:75046ffb9b38,critic,8
Benjamin Mercer,F:c34fe68dc6cf,critic,6
Frédéric Mercier,F:66b235a77bb5,critic,1
Frédéric Mercier,F:03809811ea9b,critic,8
Frédéric Mercier,F:ebb2737eeb11,critic,4
Frédéric Mercier,F:03774d8054b0,critic,10
Frédéric Mercier,F:813bde6e3053,critic,9
Frédéric Mercier,F:f96da45e774e,critic,5
Frédéric Mercier,F:248c0540b695,critic,3
Frédéric Mercier,F:4c53a001a92c,critic,7
Frédéric Mercier,F:240c3c3338a1,critic,6
Frédéric Mercier,F:c36b992a8239,critic,2
Paolo Mereghetti,F:665eab0ab9d1,critic,6
Paolo Mereghetti,F:ed913192d169,critic,7
Paolo Mereghetti,F:f97978e0dded,critic,4
Paolo Mereghetti,F:4178c0f6fbb7,critic,9
Paolo Mereghetti,F:b4c2515d2391,critic,3
Paolo Mereghetti,F:bf6387f2c8ae,critic,10
Paolo Mereghetti,F:ca48a61eb0b2,critic,2
Paolo Mereghetti,F:069cda2e3235,critic,8
Paolo Mereghetti,F:6bb7d5718013,critic,1
Paolo Mereghetti,F:da997bca9f48,critic,5
Marcos Mereles,F:83ebc8b43c9d,director,8
Marcos Mereles,F:b132d89fef53,director,9
Marcos Mereles,F:93a1beda19cd,director,4
Marcos Mereles,F:59ad7c389a61,director,6
Marcos Mereles,F:4c53a001a92c,director,2
Marcos Mereles,F:0df7362f710e,director,3
Marcos Mereles,F:6d78c0ecb7e7,director,7
Marcos Mereles,F:d0416491dc50,director,1
Marcos Mereles,F:bf6387f2c8ae,director,10
Marcos Mereles,F:41d225e6ff0b,director,5
Jennifer Merin,F:fa343d1e47f1,critic,1
Jennifer Merin,F:9dcdbed9224f,critic,2
Jennifer Merin,F:e037a0ce1088,critic,8
Jennifer Merin,F:4a28394dece5,critic,6
Jennifer Merin,F:9d36d8c70f78,critic,4
Jennifer Merin,F:f908f6f70606,critic,7
Jennifer Merin,F:4e3d24017a02,critic,3
Jennifer Merin,F:058bec8182a5,critic,5
Bruno Mestdagh,F:2bcbc58a252d,critic,9
Bruno Mestdagh,F:34cf774aeffe,critic,4
Bruno Mestdagh,F:428496ac65e7,critic,1
Bruno Mestdagh,F:83c734e30238,critic,10
Bruno Mestdagh,F:608e02fe3ca2,critic,5
Bruno Mestdagh,F:ee12594f8ed0,critic,2
Bruno Mestdagh,F:03809811ea9b,critic,8
Bruno Mestdagh,F:c34fe68dc6cf,critic,7
Bruno Mestdagh,F:2907bfe31ad2,critic,6
Bruno Mestdagh,F:85152d3fca69,critic,3
Márta Mészáros,F:95bd800bd9e5,director,10
Márta Mészáros,F:6ff93b77cfca,director,8
Márta Mészáros,F:e0fa4f112d72,director,6
Márta Mészáros,F:1dcad897f9cc,director,2
Márta Mészáros,F:e1c01276b733,director,5
Márta Mészáros,F:1fe48d6933a2,director,3
Márta Mészáros,F:c192a68fad44,director,1
Márta Mészáros,F:6ef9ec2a60f2,director,9
Márta Mészáros,F:4953ffd81613,director,7
Márta Mészáros,F:f525ec7061e2,director,4
Petra Meterc,F:83c734e30238,critic,10
Petra Meterc,F:dd03c7ae8bd4,critic,5
Petra Meterc,F:9daa251a7795,critic,4
Petra Meterc,F:02ded6e20b97,critic,9
Petra Meterc,F:9000c8f0eb34,critic,3
Petra Meterc,F:c22c42cd69b9,critic,6
Petra Meterc,F:2bb39a8c5136,critic,1
Petra Meterc,F:d2ac8fced14e,critic,8
Petra Meterc,F:10e86670da04,critic,7
Petra Meterc,F:9539729dc80f,critic,2
Ilian Metev,F:bec332d8ab3d,director,4
Ilian Metev,F:3b027eac1618,director,5
Ilian Metev,F:feaa04ac1109,director,6
Ilian Metev,F:9f96298e4d23,director,10
Ilian Metev,F:b5749f03606c,director,9
Ilian Metev,F:37a9fd3afae9,director,3
Ilian Metev,F:176166e412b4,director,8
Ilian Metev,F:d4985f21e5ad,director,2
Ilian Metev,F:c78c6b97f980,director,7
Ilian Metev,F:2c65d51a3b10,director,1
Gary Meyer,F:b5749f03606c,critic,10
Gary Meyer,F:69dee05125cb,critic,8
Gary Meyer,F:9a480687a7e7,critic,3
Gary Meyer,F:a2ddf1122092,critic,1
Gary Meyer,F:3dcbf66b11b8,critic,2
Gary Meyer,F:e4c949fb454a,critic,7
Gary Meyer,F:16913ba1d831,critic,9
Gary Meyer,F:ed7d59c56f5d,critic,6
Gary Meyer,F:c7384eeb7b0e,critic,5
Gary Meyer,F:85152d3fca69,critic,4
Hind Mezaina,F:b9519c0e0789,critic,4
Hind Mezaina,F:c03385ed2f30,critic,1
Hind Mezaina,F:83c734e30238,critic,10
Hind Mezaina,F:6585623dc6cf,critic,3
Hind Mezaina,F:8be35057f0fb,critic,2
Hind Mezaina,F:325075869126,critic,9
Hind Mezaina,F:87260f5ae7bb,critic,6
Hind Mezaina,F:65393b2ac77a,critic,7
Hind Mezaina,F:b1d5c192e56b,critic,5
Hind Mezaina,F:bcf63870b80d,critic,8
José Miccio,F:27cc97d93f99,critic,10
José Miccio,F:8c5eb94596d0,critic,9
José Miccio,F:6272422b6a29,critic,7
José Miccio,F:b8f7a0bcc02a,critic,5
José Miccio,F:86492732cf2a,critic,3
José Miccio,F:3a39e29bb890,critic,1
José Miccio,F:2d96ab038341,critic,2
José Miccio,F:c39d1f493804,critic,6
José Miccio,F:8398f4e890ff,critic,8
José Miccio,F:8b5eca97318a,critic,4
Christoph Michel,F:6d421012a7d5,critic,4
Christoph Michel,F:67f9c091abbe,critic,5
Christoph Michel,F:c3d63cf2d01a,critic,6
Christoph Michel,F:cb689f3e2a97,critic,9
Christoph Michel,F:e1c01276b733,critic,7
Christoph Michel,F:bee5654ca481,critic,8
Christoph Michel,F:da4a3293e970,critic,2
Christoph Michel,F:b43d0e7409c3,critic,3
Christoph Michel,F:b5a06746734d,critic,10
Christoph Michel,F:ba3bdb90af64,critic,1
Daniela Michel,F:5bef0b693d91,critic,1
Daniela Michel,F:b5a06746734d,critic,9
Daniela Michel,F:bf6387f2c8ae,critic,8
Daniela Michel,F:9f96298e4d23,critic,7
Daniela Michel,F:2bcbc58a252d,critic,4
Daniela Michel,F:ec7726632ac1,critic,5
Daniela Michel,F:cb689f3e2a97,critic,6
Daniela Michel,F:83c734e30238,critic,10
Daniela Michel,F:114ae73dd3a7,critic,3
Daniela Michel,F:79c30aef6e24,critic,2
Gerhard Midding,F:d5d45d8c9f1b,critic,8
Gerhard Midding,F:4996e9b10df0,critic,9
Gerhard Midding,F:1c8565784f6c,critic,7
Gerhard Midding,F:fb3eec0da507,critic,3
Gerhard Midding,F:1c496632a086,critic,4
Gerhard Midding,F:e70b47085f79,critic,1
Gerhard Midding,F:fdffe3f0bfb8,critic,6
Gerhard Midding,F:002c591e702f,critic,10
Gerhard Midding,F:709fc4c2ac34,critic,5
Gerhard Midding,F:dc0a286b0992,critic,2
Mads K. Mikkelsen,F:4e2bc3c14baa,critic,8
Mads K. Mikkelsen,F:03809811ea9b,critic,9
Mads K. Mikkelsen,F:9e129ad0f5e5,critic,6
Mads K. Mikkelsen,F:8fc32725b37f,critic,10
Mads K. Mikkelsen,F:7c881c5053db,critic,1
Mads K. Mikkelsen,F:858143f278b6,critic,4
Mads K. Mikkelsen,F:9966e5136279,critic,5
Mads K. Mikkelsen,F:9a64753216c8,critic,7
Mads K. Mikkelsen,F:9859fed0bef0,critic,3
Mads K. Mikkelsen,F:631b4f57dbb0,critic,2
Riina Mikkonen,F:08966bbb6c53,critic,10
Riina Mikkonen,F:f88efb2ea592,critic,3
Riina Mikkonen,F:325075869126,critic,9
Riina Mikkonen,F:28d41c264f9a,critic,7
Riina Mikkonen,F:d6fdaf1cde57,critic,1
Riina Mikkonen,F:1174009b97fe,critic,5
Riina Mikkonen,F:ed767c96d423,critic,2
Riina Mikkonen,F:dd03c7ae8bd4,critic,8
Riina Mikkonen,F:af9e3551238b,critic,6
Riina Mikkonen,F:bf3c458ce933,critic,4
Petar Milat,F:b339d6c582f0,critic,4
Petar Milat,F:83c734e30238,critic,10
Petar Milat,F:4a7fa7be8c87,critic,5
Petar Milat,F:8fe1bdde11ef,critic,6
Petar Milat,F:97b42f962368,critic,8
Petar Milat,F:46bee6a6478f,critic,1
Petar Milat,F:cbb0587ba064,critic,7
Petar Milat,F:e2bff7956338,critic,9
Petar Milat,F:6fb030bf7755,critic,2
Petar Milat,F:146ec1241d81,critic,3
May Miles Thomas,F:d8e24aa1ab58,director,7
May Miles Thomas,F:325075869126,director,10
May Miles Thomas,F:b2910882a46d,director,6
May Miles Thomas,F:29e8c2663329,director,9
May Miles Thomas,F:1a6d36da56e9,director,1
May Miles Thomas,F:e9a0c0d78a11,director,3
May Miles Thomas,F:02ded6e20b97,director,8
May Miles Thomas,F:0330eeb7767e,director,4
May Miles Thomas,F:2861a518888c,director,5
May Miles Thomas,F:a6da9a65f928,director,2
George Miller,F:f71879711b8f,director,9
George Miller,F:02ded6e20b97,director,10
George Miller,F:2c1b8d02644e,director,3
George Miller,F:ad4f804c3862,director,4
George Miller,F:6bb7d5718013,director,1
George Miller,F:41912772ddcd,director,6
George Miller,F:3779236f3701,director,7
George Miller,F:b0360159539e,director,8
George Miller,F:77dfc27d3ab3,director,2
George Miller,F:f6ff4c164fbd,director,5
Henry K. Miller,F:7a87eaf156d0,critic,1
Henry K. Miller,F:549d4c16ecd3,critic,5
Henry K. Miller,F:6b71c0470d21,critic,6
Henry K. Miller,F:457bb9899bcf,critic,2
Henry K. Miller,F:6772bc6cc3e3,critic,4
Henry K. Miller,F:ec9e969b2474,critic,7
Henry K. Miller,F:5534ae339fb5,critic,3
Henry K. Miller,F:59ad7c389a61,critic,10
Henry K. Miller,F:4b1de0b58426,critic,8
Henry K. Miller,F:2c00d05903b6,critic,9
Jacob Milligan,F:3779236f3701,critic,5
Jacob Milligan,F:2e9ddad51cab,critic,2
Jacob Milligan,F:64a986b8f039,critic,3
Jacob Milligan,F:59ad7c389a61,critic,7
Jacob Milligan,F:08966bbb6c53,critic,10
Jacob Milligan,F:653f45346bcc,critic,9
Jacob Milligan,F:7583ca385965,critic,4
Jacob Milligan,F:756fe245c6c2,critic,1
Jacob Milligan,F:d5d45d8c9f1b,critic,6
Jacob Milligan,F:38ccb3d447c3,critic,8
Jane Mills,F:dcc3332a385d,critic,4
Jane Mills,F:325075869126,critic,10
Jane Mills,F:820dcf54e776,critic,5
Jane Mills,F:98ca671012c5,critic,8
Jane Mills,F:67e4464eabeb,critic,7
Jane Mills,F:32f33617395c,critic,9
Jane Mills,F:ba0d9c2270cb,critic,3
Jane Mills,F:e5ca9f380ac5,critic,2
Jane Mills,F:969715daa45c,critic,1
Jane Mills,F:f59dcc92d76b,critic,6
Jelena Milosavljevic,F:11fff6d5f45a,critic,3
Jelena Milosavljevic,F:4953ffd81613,critic,2
Jelena Milosavljevic,F:29e8c2663329,critic,8
Jelena Milosavljevic,F:125061f190de,critic,7
Jelena Milosavljevic,F:83c734e30238,critic,10
Jelena Milosavljevic,F:950c29bf9796,critic,5
Jelena Milosavljevic,F:1b75128a4d7f,critic,1
Jelena Milosavljevic,F:b5a06746734d,critic,9
Jelena Milosavljevic,F:0565ff7fd56c,critic,6
Jelena Milosavljevic,F:002c591e702f,critic,4
Lluís Miñarro,F:d8e24aa1ab58,director,9
Lluís Miñarro,F:ee5e85aa2619,director,3
Lluís Miñarro,F:813bde6e3053,director,10
Lluís Miñarro,F:6c6d0bc5ce49,director,5
Lluís Miñarro,F:2799de28d75f,director,6
Lluís Miñarro,F:f88fe6fb9a21,director,1
Lluís Miñarro,F:da3f1a9a55b3,director,4
Lluís Miñarro,F:2db574bfef43,director,2
Lluís Miñarro,F:76f8cccf860c,director,7
Lluís Miñarro,F:0a600f29226c,director,8
Roberto Minervini,F:35c4aff1b6e2,director,4
Roberto Minervini,F:83d479d3ae29,director,6
Roberto Minervini,F:55ad4fb0baae,director,9
Roberto Minervini,F:651d58c8bee5,director,5
Roberto Minervini,F:37bbd65ea51f,director,8
Roberto Minervini,F:387f1537f720,director,2
Roberto Minervini,F:08966bbb6c53,director,10
Roberto Minervini,F:e0fa4f112d72,director,7
Roberto Minervini,F:ccb58b5bf8dd,director,1
Roberto Minervini,F:d393b8283dae,director,3
Luis Miranda,F:813bde6e3053,critic,10
Luis Miranda,F:242bcffbc89a,critic,5
Luis Miranda,F:39e8daa81ee8,critic,2
Luis Miranda,F:7cdcf0b32a06,critic,9
Luis Miranda,F:03809811ea9b,critic,6
Luis Miranda,F:9fa8a94443bd,critic,4
Luis Miranda,F:8fc32725b37f,critic,7
Luis Miranda,F:3b027eac1618,critic,3
Luis Miranda,F:823ab27adf39,critic,1
Luis Miranda,F:d8e24aa1ab58,critic,8
Sophie Mirouze,F:269e50561c64,critic,7
Sophie Mirouze,F:a5083fa04636,critic,10
Sophie Mirouze,F:6ee5393780c9,critic,2
Sophie Mirouze,F:be5197f08d0d,critic,6
Sophie Mirouze,F:5ff8e468e0f2,critic,5
Sophie Mirouze,F:7dfa1b8ac6c5,critic,4
Sophie Mirouze,F:23da57c4aa71,critic,3
Sophie Mirouze,F:fdffe3f0bfb8,critic,8
Sophie Mirouze,F:008495919c65,critic,9
Sophie Mirouze,F:f94de395f5a2,critic,1
Jelena Mišeljić,F:325075869126,critic,9
Jelena Mišeljić,F:11fff6d5f45a,critic,4
Jelena Mišeljić,F:cb689f3e2a97,critic,8
Jelena Mišeljić,F:a3d0b4e174aa,critic,2
Jelena Mišeljić,F:4a7fa7be8c87,critic,5
Jelena Mišeljić,F:146f1c3fc9b2,critic,1
Jelena Mišeljić,F:090832505b0f,critic,7
Jelena Mišeljić,F:7a4937c915f3,critic,3
Jelena Mišeljić,F:b5a06746734d,critic,10
Jelena Mišeljić,F:cbb0587ba064,critic,6
Ben Mitchell,F:f00e3c45dd9d,critic,7
Ben Mitchell,F:3b9696c00dd1,critic,3
Ben Mitchell,F:f8c5398ca08c,critic,1
Ben Mitchell,F:6ef9ec2a60f2,critic,8
Ben Mitchell,F:97b42f962368,critic,10
Ben Mitchell,F:ae8a4e6355c1,critic,5
Ben Mitchell,F:8ff2d76d1ce7,critic,4
Ben Mitchell,F:47e745cd663b,critic,6
Ben Mitchell,F:b202ced1b7e3,critic,2
Ben Mitchell,F:f53416daf440,critic,9
Megan Mitchell,F:c0891d475a49,critic,10
Megan Mitchell,F:95ae5fa7b31c,critic,1
Megan Mitchell,F:b9e66ffaa644,critic,2
Megan Mitchell,F:424f6f84bc29,critic,9
Megan Mitchell,F:fb5fed8da3b4,critic,3
Megan Mitchell,F:c2af93bdd283,critic,4
Megan Mitchell,F:5d0fccf10633,critic,8
Megan Mitchell,F:bb8f39bd455f,critic,5
Megan Mitchell,F:9a246a555eed,critic,7
Megan Mitchell,F:36ee14e9a945,critic,6
Neil Mitchell,F:5da49dcce857,critic,4
Neil Mitchell,F:02ded6e20b97,critic,8
Neil Mitchell,F:ad23cdf77252,critic,1
Neil Mitchell,F:23c627763e32,critic,2
Neil Mitchell,F:85910834754f,critic,3
Neil Mitchell,F:ef28514dc4e7,critic,7
Neil Mitchell,F:da3f1a9a55b3,critic,6
Neil Mitchell,F:d3259e8689ca,critic,5
Neil Mitchell,F:d1188b34b03c,critic,9
Robert Mitchell,F:bd648fce3b3f,critic,7
Robert Mitchell,F:e9e268170b35,critic,6
Robert Mitchell,F:b2910882a46d,critic,5
Robert Mitchell,F:f5b23bc11b1d,critic,4
Robert Mitchell,F:ed913192d169,critic,8
Robert Mitchell,F:b5fac1879322,critic,3
Robert Mitchell,F:ec7726632ac1,critic,9
Robert Mitchell,F:9f96298e4d23,critic,10
Robert Mitchell,F:0628886f98c0,critic,1
Robert Mitchell,F:d2506ebeb73e,critic,2
Wendy Mitchell,F:11f597068baf,critic,5
Wendy Mitchell,F:9cac88a557fd,critic,2
Wendy Mitchell,F:fd1c97f46249,critic,1
Wendy Mitchell,F:15298623ef1f,critic,6
Wendy Mitchell,F:85945816f94f,critic,3
Wendy Mitchell,F:b0360159539e,critic,4
Wendy Mitchell,F:6744994f98f6,critic,8
Wendy Mitchell,F:38ccb3d447c3,critic,9
Wendy Mitchell,F:f44713a09e4d,critic,7
Wendy Mitchell,F:b5a06746734d,critic,10
Santiago Mitre,F:5c226aa5de90,director,6
Santiago Mitre,F:ef039f7a68b5,director,7
Santiago Mitre,F:27cc97d93f99,director,8
Santiago Mitre,F:87ddccd7c29d,director,9
Santiago Mitre,F:ebb2737eeb11,director,4
Santiago Mitre,F:3df0b555b56d,director,1
Santiago Mitre,F:8b59f9e5c592,director,5
Santiago Mitre,F:f71879711b8f,director,10
Santiago Mitre,F:620a311dd03c,director,3
Santiago Mitre,F:ebaf40f4088b,director,2
Varja Močnik,F:ea8c30267045,critic,6
Varja Močnik,F:2bcbc58a252d,critic,8
Varja Močnik,F:69f5bed6f836,critic,9
Varja Močnik,F:bef1d4864b29,critic,2
Varja Močnik,F:95bd800bd9e5,critic,7
Varja Močnik,F:e6bc95fe4215,critic,1
Varja Močnik,F:6e92bae17de8,critic,4
Varja Močnik,F:b5a06746734d,critic,10
Varja Močnik,F:d63f22c37e98,critic,3
Varja Močnik,F:008495919c65,critic,5
Mehelli Modi,F:ed913192d169,critic,9
Mehelli Modi,F:8703270231ee,critic,7
Mehelli Modi,F:950c29bf9796,critic,8
Mehelli Modi,F:cf4f8f54b4df,critic,6
Mehelli Modi,F:d2f59305f247,critic,3
Mehelli Modi,F:1025f1ade830,critic,4
Mehelli Modi,F:1e8c36f50cef,critic,5
Mehelli Modi,F:75046ffb9b38,critic,10
Mehelli Modi,F:29d951de200d,critic,1
Mehelli Modi,F:13d89ea77046,critic,2
Alejo Moguillansky,F:5094c1da4d65,director,8
Alejo Moguillansky,F:f134a7d6b523,director,2
Alejo Moguillansky,F:c73edbaf26a1,director,1
Alejo Moguillansky,F:75046ffb9b38,director,10
Alejo Moguillansky,F:73bc2b4ab8ea,director,5
Alejo Moguillansky,F:d824ef904599,director,3
Alejo Moguillansky,F:8481529aa9c4,director,7
Alejo Moguillansky,F:34cf774aeffe,director,6
Alejo Moguillansky,F:dd26e0ec916e,director,4
Alejo Moguillansky,F:069cda2e3235,director,9
Khalid Mohamed,F:44d249fc6091,critic,2
Khalid Mohamed,F:cda1a8b3152c,critic,7
Khalid Mohamed,F:b5a06746734d,critic,10
Khalid Mohamed,F:bf6387f2c8ae,critic,9
Khalid Mohamed,F:d472058d559a,critic,8
Khalid Mohamed,F:f44713a09e4d,critic,5
Khalid Mohamed,F:7e850f7d03c6,critic,1
Khalid Mohamed,F:069cda2e3235,critic,4
Khalid Mohamed,F:bee09401fa7d,critic,6
Khalid Mohamed,F:c4fda376339f,critic,3
Andrew Mohsen,F:f03f4c93d0f1,critic,7
Andrew Mohsen,F:b7d2e3d83208,critic,5
Andrew Mohsen,F:97b42f962368,critic,9
Andrew Mohsen,F:bd648fce3b3f,critic,8
Andrew Mohsen,F:1a44df1e31af,critic,4
Andrew Mohsen,F:542e7687f729,critic,2
Andrew Mohsen,F:bf6387f2c8ae,critic,10
Andrew Mohsen,F:9351c23293b8,critic,1
Andrew Mohsen,F:3af40ecb2be3,critic,3
Andrew Mohsen,F:a89eca461289,critic,6
Isabel Moir,F:2c1796d61abc,critic,2
Isabel Moir,F:cb689f3e2a97,critic,9
Isabel Moir,F:15bcedf51ef8,critic,8
Isabel Moir,F:325075869126,critic,10
Isabel Moir,F:32f33617395c,critic,6
Isabel Moir,F:5e55d15a0567,critic,1
Isabel Moir,F:a9519db91181,critic,7
Isabel Moir,F:9c7d37d05b63,critic,4
Isabel Moir,F:f1400046c859,critic,5
Isabel Moir,F:74c5f4d1395f,critic,3
Shahram Mokri,F:bf6387f2c8ae,director,9
Shahram Mokri,F:b5a06746734d,director,10
Shahram Mokri,F:83ebc8b43c9d,director,6
Shahram Mokri,F:7b5d85393630,director,4
Shahram Mokri,F:29e8c2663329,director,5
Shahram Mokri,F:15298623ef1f,director,2
Shahram Mokri,F:bee09401fa7d,director,3
Shahram Mokri,F:944ad783759e,director,7
Shahram Mokri,F:653f45346bcc,director,8
Shahram Mokri,F:93a1beda19cd,director,1
Olaf Möller,F:665582b6876c,critic,1
Olaf Möller,F:b826bee37e1f,critic,2
Olaf Möller,F:686074596bdd,critic,3
Olaf Möller,F:3a30a263bf1a,critic,4
Olaf Möller,F:a51c86c017ef,critic,5
Olaf Möller,F:1729d944a7b3,critic,6
Olaf Möller,F:911b612476ae,critic,7
Olaf Möller,F:cebbc2741da6,critic,8
Olaf Möller,F:be41c48dfd20,critic,9
Olaf Möller,F:f043cf9fc778,critic,10
Jérôme Momcilovic,F:8e7f055e8d7f,critic,1
Jérôme Momcilovic,F:4eda2e0a99d2,critic,3
Jérôme Momcilovic,F:cbe09420d1dc,critic,4
Jérôme Momcilovic,F:749fbcb6e1ba,critic,7
Jérôme Momcilovic,F:a9519db91181,critic,10
Jérôme Momcilovic,F:69adc73f3b6d,critic,2
Jérôme Momcilovic,F:c36b992a8239,critic,8
Jérôme Momcilovic,F:96b0125c2257,critic,9
Jérôme Momcilovic,F:e9a0c0d78a11,critic,6
Jérôme Momcilovic,F:7e30e8fe981c,critic,5
Whitney Monaghan,F:6744994f98f6,critic,6
Whitney Monaghan,F:16913ba1d831,critic,5
Whitney Monaghan,F:2e9ddad51cab,critic,1
Whitney Monaghan,F:08966bbb6c53,critic,10
Whitney Monaghan,F:337423442fc4,critic,3
Whitney Monaghan,F:4823aa628780,critic,2
Whitney Monaghan,F:813bde6e3053,critic,7
Whitney Monaghan,F:cb689f3e2a97,critic,9
Whitney Monaghan,F:20afe757a6d1,critic,4
Whitney Monaghan,F:ec7726632ac1,critic,8
Christian Monggaard,F:7fe15b05ccde,critic,8
Christian Monggaard,F:21c9b6bcddaa,critic,3
Christian Monggaard,F:f53416daf440,critic,6
Christian Monggaard,F:d62c40a3d88f,critic,5
Christian Monggaard,F:e0a07c197db1,critic,4
Christian Monggaard,F:77dfc27d3ab3,critic,1
Christian Monggaard,F:b132d89fef53,critic,9
Christian Monggaard,F:83c734e30238,critic,10
Christian Monggaard,F:75046ffb9b38,critic,7
Christian Monggaard,F:33292b411f6c,critic,2
Claire Monk,F:cb689f3e2a97,critic,10
Claire Monk,F:4f6f3f9bcf2a,critic,5
Claire Monk,F:d2ac8fced14e,critic,9
Claire Monk,F:c22c42cd69b9,critic,8
Claire Monk,F:1919c799d0d7,critic,3
Claire Monk,F:2c0c45c1b7d6,critic,1
Claire Monk,F:941e4523430b,critic,4
Claire Monk,F:aa5b85412a3e,critic,6
Claire Monk,F:bfc758953887,critic,2
Claire Monk,F:f908f6f70606,critic,7
Sophie Monks Kaufman,F:ae8a4e6355c1,critic,2
Sophie Monks Kaufman,F:1876b26426fa,critic,6
Sophie Monks Kaufman,F:bee5654ca481,critic,4
Sophie Monks Kaufman,F:008495919c65,critic,8
Sophie Monks Kaufman,F:7a1540491e2d,critic,1
Sophie Monks Kaufman,F:950c29bf9796,critic,9
Sophie Monks Kaufman,F:3e088c64f4af,critic,5
Sophie Monks Kaufman,F:caabee7db5c9,critic,7
Sophie Monks Kaufman,F:10e86670da04,critic,10
Sophie Monks Kaufman,F:ee2a2cfc2fc7,critic,3
Vicente Monroy,F:a104fe23d8b4,critic,1
Vicente Monroy,F:f7df8bf135ec,critic,2
Vicente Monroy,F:95e0acbf136c,critic,3
Vicente Monroy,F:1e2a37b95e65,critic,8
Vicente Monroy,F:cd0995366c36,critic,4
Vicente Monroy,F:42c9a8dc25b8,critic,5
Vicente Monroy,F:0bf91d44f497,critic,9
Vicente Monroy,F:80e08a2a8f9c,critic,6
Vicente Monroy,F:405e0e921e3f,critic,7
Maya Montañez Smukler,F:9c0aa91b4d11,critic,1
Maya Montañez Smukler,F:8d926dae6d90,critic,4
Maya Montañez Smukler,F:2750e225d2ef,critic,2
Maya Montañez Smukler,F:646ea2ac9f18,critic,8
Maya Montañez Smukler,F:b5b8d610e881,critic,7
Maya Montañez Smukler,F:18135f42a075,critic,5
Maya Montañez Smukler,F:03b3065dc545,critic,10
Maya Montañez Smukler,F:95cb5acf1ea2,critic,9
Maya Montañez Smukler,F:459c330913be,critic,6
Maya Montañez Smukler,F:639ea06cbe75,critic,3
Luciano Monteagudo,F:2da4899c687b,critic,10
Luciano Monteagudo,F:2320d0b9141c,critic,9
Luciano Monteagudo,F:ddfa166f49af,critic,2
Luciano Monteagudo,F:19eb92f7e110,critic,7
Luciano Monteagudo,F:e3e045b158eb,critic,8
Luciano Monteagudo,F:d0605fcc213a,critic,5
Luciano Monteagudo,F:31ccba01f02e,critic,6
Luciano Monteagudo,F:95d84ec05481,critic,3
Luciano Monteagudo,F:73bc2b4ab8ea,critic,4
Luciano Monteagudo,F:9a9c7f859234,critic,1
Nashen Moodley,F:bee09401fa7d,critic,8
Nashen Moodley,F:cda1a8b3152c,critic,9
Nashen Moodley,F:ca0238bc4718,critic,5
Nashen Moodley,F:59ad7c389a61,critic,7
Nashen Moodley,F:a2a1ef5c6f47,critic,3
Nashen Moodley,F:b2a7ef1dc935,critic,2
Nashen Moodley,F:325075869126,critic,10
Nashen Moodley,F:af3336b803be,critic,4
Nashen Moodley,F:05d3a9fd519b,critic,1
Nashen Moodley,F:b0360159539e,critic,6
Cornelius Moore,F:d3b6d664e5a7,critic,1
Cornelius Moore,F:02ded6e20b97,critic,7
Cornelius Moore,F:e3e045b158eb,critic,3
Cornelius Moore,F:c22c42cd69b9,critic,5
Cornelius Moore,F:cbb0587ba064,critic,8
Cornelius Moore,F:c4fda376339f,critic,4
Cornelius Moore,F:16913ba1d831,critic,6
Cornelius Moore,F:03774d8054b0,critic,10
Cornelius Moore,F:27c512670976,critic,2
Cornelius Moore,F:edfb01f5a9d6,critic,9
Michael Moore,F:73ac13372020,director,5
Michael Moore,F:d472058d559a,director,7
Michael Moore,F:b59b855bd16b,director,2
Michael Moore,F:420c6794f10f,director,1
Michael Moore,F:23b7c68223e6,director,3
Michael Moore,F:54b0cbd18bbb,director,4
Michael Moore,F:69f5bed6f836,director,8
Michael Moore,F:2907bfe31ad2,director,6
Steve Moore,F:59ad7c389a61,critic,6
Steve Moore,F:16913ba1d831,critic,5
Steve Moore,F:8a826d8712a7,critic,2
Steve Moore,F:d2ac8fced14e,critic,8
Steve Moore,F:f908f6f70606,critic,3
Steve Moore,F:cbca9660da1d,critic,4
Steve Moore,F:e2bff7956338,critic,10
Steve Moore,F:8d9013d433e7,critic,1
Steve Moore,F:a5083fa04636,critic,7
Steve Moore,F:cda1a8b3152c,critic,9
Tomm Moore,F:e4f2c6859086,director,6
Tomm Moore,F:549d4c16ecd3,director,5
Tomm Moore,F:4e1ecc31383f,director,8
Tomm Moore,F:b3858d1cff92,director,9
Tomm Moore,F:1174009b97fe,director,10
Tomm Moore,F:141c47593aaa,director,7
Tomm Moore,F:0f4499b56440,director,3
Tomm Moore,F:5830172eaa9f,director,2
Tomm Moore,F:ceb3088be2fe,director,4
Tomm Moore,F:6696df2ffd87,director,1
Philippe Mora,F:ca0238bc4718,director,5
Philippe Mora,F:97b42f962368,director,10
Philippe Mora,F:f88f86b2bb29,director,4
Philippe Mora,F:f5c41eeea85f,director,1
Philippe Mora,F:87ddccd7c29d,director,6
Philippe Mora,F:03809811ea9b,director,7
Philippe Mora,F:795658b0a468,director,3
Philippe Mora,F:33ee3fa8d57d,director,2
Philippe Mora,F:09035fce59e3,director,8
Philippe Mora,F:cbb0587ba064,director,9
Raya Morag,F:bf6387f2c8ae,critic,10
Raya Morag,F:cbb0587ba064,critic,4
Raya Morag,F:69f5bed6f836,critic,8
Raya Morag,F:ec7726632ac1,critic,6
Raya Morag,F:83ebc8b43c9d,critic,7
Raya Morag,F:95bd800bd9e5,critic,1
Raya Morag,F:bee09401fa7d,critic,5
Raya Morag,F:f53416daf440,critic,2
Raya Morag,F:e2bff7956338,critic,9
Raya Morag,F:f44713a09e4d,critic,3
Raquel Morais,F:a245dce9ff46,critic,3
Raquel Morais,F:4a3cb85e5d61,critic,4
Raquel Morais,F:3705e036ace6,critic,7
Raquel Morais,F:785c928d7bae,critic,2
Raquel Morais,F:fb6bb93a4885,critic,1
Raquel Morais,F:095ac6994efb,critic,6
Raquel Morais,F:d1d7e10932c7,critic,8
Raquel Morais,F:3bd2161c967f,critic,9
Raquel Morais,F:9e129ad0f5e5,critic,10
Raquel Morais,F:afa2cc0d16b2,critic,5
Andrea Morán,F:2ec8e3a6b8aa,critic,5
Andrea Morán,F:7416e0cb1ff8,critic,3
Andrea Morán,F:38ccb3d447c3,critic,7
Andrea Morán,F:008495919c65,critic,6
Andrea Morán,F:18634c22b226,critic,4
Andrea Morán,F:325075869126,critic,8
Andrea Morán,F:b5a06746734d,critic,10
Andrea Morán,F:9f96298e4d23,critic,9
Andrea Morán,F:f60d8a411d0b,critic,2
Andrea Morán,F:accd46d88a10,critic,1
Josué Morel,F:09035fce59e3,critic,10
Josué Morel,F:17be19f021ea,critic,7
Josué Morel,F:7a7c0ff849d4,critic,9
Josué Morel,F:556c7888329a,critic,2
Josué Morel,F:48b1b1457385,critic,4
Josué Morel,F:ca1e6b5fd534,critic,6
Josué Morel,F:cbe09420d1dc,critic,5
Josué Morel,F:ef039f7a68b5,critic,8
Josué Morel,F:850a7aac54a6,critic,3
Josué Morel,F:47a8dceff22a,critic,1
Paolo Moretti,F:0e061101bdea,critic,9
Paolo Moretti,F:780d64fc079e,critic,2
Paolo Moretti,F:22a39aaa9252,critic,5
Paolo Moretti,F:b09fb8ce622b,critic,8
Paolo Moretti,F:f487433720d3,critic,10
Paolo Moretti,F:ecd874fca144,critic,4
Paolo Moretti,F:e70b97ffada6,critic,3
Paolo Moretti,F:a3d0b4e174aa,critic,7
Paolo Moretti,F:ebf711b073ee,critic,1
Paolo Moretti,F:146f1c3fc9b2,critic,6
Daniel Morgan,F:2bcbc58a252d,critic,10
Daniel Morgan,F:e152a2918678,critic,3
Daniel Morgan,F:da3f1a9a55b3,critic,4
Daniel Morgan,F:0565ff7fd56c,critic,8
Daniel Morgan,F:d2ac8fced14e,critic,9
Daniel Morgan,F:d8ca1cf0db1b,critic,2
Daniel Morgan,F:c34fe68dc6cf,critic,7
Daniel Morgan,F:0ea0e00d9fdc,critic,5
Daniel Morgan,F:833cd8b378fb,critic,6
Daniel Morgan,F:0175fc2e4875,critic,1
Kim Morgan,F:6d78c0ecb7e7,critic,9
Kim Morgan,F:269fc98283c3,critic,4
Kim Morgan,F:242bcffbc89a,critic,6
Kim Morgan,F:41a9c0cf626d,critic,5
Kim Morgan,F:4acddf379d28,critic,10
Kim Morgan,F:65b2c1a9a03a,critic,3
Kim Morgan,F:59ad7c389a61,critic,8
Kim Morgan,F:8742b2541d69,critic,1
Kim Morgan,F:3e5e38da32d9,critic,2
Kim Morgan,F:ea8c30267045,critic,7
Robert Morgan,F:269fc98283c3,director,3
Robert Morgan,F:b5a06746734d,director,10
Robert Morgan,F:235024857d40,director,1
Robert Morgan,F:b132d89fef53,director,9
Robert Morgan,F:642485d19aea,director,2
Robert Morgan,F:ef28514dc4e7,director,5
Robert Morgan,F:1e4f9a3a4df7,director,4
Robert Morgan,F:d472058d559a,director,7
Robert Morgan,F:125061f190de,director,6
Robert Morgan,F:653f45346bcc,director,8
Brett Morgen,F:1629ef12b31b,director,1
Brett Morgen,F:b132d89fef53,director,10
Brett Morgen,F:3dc11a61f1ca,director,5
Brett Morgen,F:7fe15b05ccde,director,9
Brett Morgen,F:ed09733fe458,director,6
Brett Morgen,F:000c71b9b4be,director,3
Brett Morgen,F:3aac5db12b12,director,4
Brett Morgen,F:7f53ed4db7b6,director,2
Brett Morgen,F:6153eeb1ef64,director,7
Brett Morgen,F:bd648fce3b3f,director,8
Carol Morley,F:d270087b657a,director,3
Carol Morley,F:2018d336cc28,director,6
Carol Morley,F:f03f4c93d0f1,director,5
Carol Morley,F:0bb32bae027b,director,1
Carol Morley,F:cb689f3e2a97,director,9
Carol Morley,F:83c734e30238,director,10
Carol Morley,F:32f33617395c,director,7
Carol Morley,F:0c64dd7aa964,director,2
Carol Morley,F:3870d5428078,director,4
Carol Morley,F:4acddf379d28,director,8
Brogan Morris,F:b132d89fef53,critic,10
Brogan Morris,F:a5083fa04636,critic,6
Brogan Morris,F:8ce8232221d4,critic,3
Brogan Morris,F:d3259e8689ca,critic,2
Brogan Morris,F:f71879711b8f,critic,4
Brogan Morris,F:75046ffb9b38,critic,8
Brogan Morris,F:f53416daf440,critic,5
Brogan Morris,F:1fe48d6933a2,critic,1
Brogan Morris,F:cbb0587ba064,critic,7
Brogan Morris,F:d472058d559a,critic,9
Meaghan Morris,F:6b927993e1e1,critic,9
Meaghan Morris,F:4f2a29bfadeb,critic,2
Meaghan Morris,F:e4f2c6859086,critic,6
Meaghan Morris,F:444589e1e413,critic,3
Meaghan Morris,F:8398f4e890ff,critic,8
Meaghan Morris,F:9d27eca4c83a,critic,4
Meaghan Morris,F:ea8c30267045,critic,10
Meaghan Morris,F:68833666b0ff,critic,7
Meaghan Morris,F:a52a7509159a,critic,1
Meaghan Morris,F:e77cc6c544d2,critic,5
Nathalie Morris,F:24dc6c8040d9,critic,6
Nathalie Morris,F:6744994f98f6,critic,8
Nathalie Morris,F:b5a06746734d,critic,10
Nathalie Morris,F:310aeb514222,critic,2
Nathalie Morris,F:08966bbb6c53,critic,9
Nathalie Morris,F:4a5bb2892077,critic,4
Nathalie Morris,F:4856ae18c1cd,critic,7
Nathalie Morris,F:1e4add68afa4,critic,3
Nathalie Morris,F:4fd3c9a708f4,critic,5
Nathalie Morris,F:b4d61a735aa6,critic,1
Wesley Morris,F:813bde6e3053,critic,7
Wesley Morris,F:325075869126,critic,10
Wesley Morris,F:d1188b34b03c,critic,8
Wesley Morris,F:6b927993e1e1,critic,5
Wesley Morris,F:16913ba1d831,critic,6
Wesley Morris,F:d8ce5441d5f4,critic,2
Wesley Morris,F:39211f8461b7,critic,1
Wesley Morris,F:d472058d559a,critic,9
Wesley Morris,F:41d225e6ff0b,critic,3
Wesley Morris,F:002c591e702f,critic,4
David Morrison,F:5b505c37b676,critic,2
David Morrison,F:e9e268170b35,critic,6
David Morrison,F:9f96298e4d23,critic,10
David Morrison,F:8fe1bdde11ef,critic,7
David Morrison,F:ca0238bc4718,critic,4
David Morrison,F:b339d6c582f0,critic,5
David Morrison,F:10e86670da04,critic,8
David Morrison,F:34bed313737b,critic,1
David Morrison,F:f96da45e774e,critic,3
David Morrison,F:38ccb3d447c3,critic,9
Marley Morrison,F:be922adcc35a,director,9
Marley Morrison,F:e35d40a37ce8,director,7
Marley Morrison,F:1b7b115b6a2b,director,1
Marley Morrison,F:9f96298e4d23,director,10
Marley Morrison,F:e70c7eaa7408,director,8
Marley Morrison,F:37a9fd3afae9,director,5
Marley Morrison,F:b9284e348d23,director,3
Marley Morrison,F:4667a3130619,director,4
Marley Morrison,F:d0f81484ac94,director,2
Marley Morrison,F:424f6f84bc29,director,6
Lemohang Jeremiah Mosese,F:a2a1ef5c6f47,director,3
Lemohang Jeremiah Mosese,F:1961bdb691aa,director,8
Lemohang Jeremiah Mosese,F:77324d1d150c,director,6
Lemohang Jeremiah Mosese,F:caabee7db5c9,director,7
Lemohang Jeremiah Mosese,F:16913ba1d831,director,9
Lemohang Jeremiah Mosese,F:cda1a8b3152c,director,10
Lemohang Jeremiah Mosese,F:dde6ffd9106a,director,4
Lemohang Jeremiah Mosese,F:3607e9f1675c,director,5
Lemohang Jeremiah Mosese,F:89f4b5080984,director,2
Lemohang Jeremiah Mosese,F:2f5d4bab19bf,director,1
Oona Mosna,F:20f4041afacd,critic,9
Oona Mosna,F:8312420c9c8f,critic,7
Oona Mosna,F:65691d17c15d,critic,8
Oona Mosna,F:82dfafb86d3c,critic,6
Oona Mosna,F:836cb76b277b,critic,5
Oona Mosna,F:e41bc96723c4,critic,4
Oona Mosna,F:2db817509f54,critic,3
Oona Mosna,F:2398451b8fb0,critic,2
Oona Mosna,F:1bd0959949de,critic,1
Anna Möttölä,F:16913ba1d831,critic,8
Anna Möttölä,F:ae24209c7310,critic,3
Anna Möttölä,F:32f33617395c,critic,7
Anna Möttölä,F:4e1ecc31383f,critic,2
Anna Möttölä,F:090832505b0f,critic,10
Anna Möttölä,F:c41986eabc20,critic,6
Anna Möttölä,F:413d2bed80fb,critic,4
Anna Möttölä,F:02b2febd3f55,critic,1
Anna Möttölä,F:078c56f7dec6,critic,5
Anna Möttölä,F:4acddf379d28,critic,9
James Mottram,F:7fe15b05ccde,critic,10
James Mottram,F:d6bce4e6ffa4,critic,1
James Mottram,F:d4937a407577,critic,4
James Mottram,F:11f597068baf,critic,6
James Mottram,F:c0891d475a49,critic,7
James Mottram,F:125061f190de,critic,8
James Mottram,F:ca0238bc4718,critic,5
James Mottram,F:79c30aef6e24,critic,3
James Mottram,F:ec7726632ac1,critic,9
James Mottram,F:2db574bfef43,critic,2
Bogdan Movileanu,F:b132d89fef53,critic,10
Bogdan Movileanu,F:8b4b310f435e,critic,5
Bogdan Movileanu,F:38516f3726c8,critic,2
Bogdan Movileanu,F:f44713a09e4d,critic,7
Bogdan Movileanu,F:b09fb8ce622b,critic,3
Bogdan Movileanu,F:ed913192d169,critic,6
Bogdan Movileanu,F:bee09401fa7d,critic,8
Bogdan Movileanu,F:e9e268170b35,critic,4
Bogdan Movileanu,F:e2bff7956338,critic,9
Bogdan Movileanu,F:cc654d1a6bab,critic,1
Ekwa Msangi,F:3232a2646dad,director,8
Ekwa Msangi,F:5faf4e826922,director,9
Ekwa Msangi,F:d673030c6a80,director,2
Ekwa Msangi,F:d3b6d664e5a7,director,6
Ekwa Msangi,F:b0360159539e,director,10
Ekwa Msangi,F:5aebb6b2c67b,director,7
Ekwa Msangi,F:00f687bd02a4,director,3
Ekwa Msangi,F:13ae59d4711a,director,1
Ekwa Msangi,F:38c5b9350c8e,director,4
Ekwa Msangi,F:4e6e92424eff,director,5
Carlos Muguiro,F:058d2051730e,critic,2
Carlos Muguiro,F:813bde6e3053,critic,7
Carlos Muguiro,F:70c6fa35ccf3,critic,3
Carlos Muguiro,F:ceae02513a88,critic,1
Carlos Muguiro,F:29e8c2663329,critic,9
Carlos Muguiro,F:653f45346bcc,critic,10
Carlos Muguiro,F:55ad4fb0baae,critic,4
Carlos Muguiro,F:d117472f572e,critic,8
Carlos Muguiro,F:b339d6c582f0,critic,6
Carlos Muguiro,F:28d41c264f9a,critic,5
Srijit Mukherji,F:f993dfb4c0a6,director,6
Srijit Mukherji,F:be922adcc35a,director,8
Srijit Mukherji,F:a597564d01c2,director,1
Srijit Mukherji,F:8cfb36c050c9,director,3
Srijit Mukherji,F:73ac13372020,director,9
Srijit Mukherji,F:f6ff4c164fbd,director,7
Srijit Mukherji,F:0f8fa53de98b,director,5
Srijit Mukherji,F:e99960d70155,director,2
Srijit Mukherji,F:6ba5b9855a08,director,4
Srijit Mukherji,F:7c54b4356371,director,10
Eddie Muller,F:ed7d59c56f5d,critic,1
Eddie Muller,F:ec7726632ac1,critic,6
Eddie Muller,F:4178c0f6fbb7,critic,8
Eddie Muller,F:bf6387f2c8ae,critic,10
Eddie Muller,F:8b4b310f435e,critic,4
Eddie Muller,F:03774d8054b0,critic,7
Eddie Muller,F:813bde6e3053,critic,5
Eddie Muller,F:fbfc282cbfbb,critic,2
Eddie Muller,F:1c8565784f6c,critic,3
Eddie Muller,F:653f45346bcc,critic,9
Marco Müller,F:e4e5d0b8b474,critic,9
Marco Müller,F:3ec40e40a443,critic,2
Marco Müller,F:2af5c5bcacdf,critic,6
Marco Müller,F:6c6d0bc5ce49,critic,5
Marco Müller,F:5c226aa5de90,critic,4
Marco Müller,F:d8e24aa1ab58,critic,7
Marco Müller,F:b5a06746734d,critic,10
Marco Müller,F:17be19f021ea,critic,3
Marco Müller,F:7cdcf0b32a06,critic,8
Marco Müller,F:1cc4724613d7,critic,1
Matthias Müller,F:237eff82e899,director,3
Matthias Müller,F:31e3a3512a76,director,9
Matthias Müller,F:008495919c65,director,10
Matthias Müller,F:8198c5d7d819,director,2
Matthias Müller,F:a7d92e333282,director,8
Matthias Müller,F:1342123c8f62,director,5
Matthias Müller,F:15a0d8d8fb5b,director,6
Matthias Müller,F:9b45a00b3aee,director,4
Matthias Müller,F:30c86f12fae5,director,7
Matthias Müller,F:4aca63d78258,director,1
Laura Mulvey,F:8fa72d2cce97,critic,1
Laura Mulvey,F:69f5bed6f836,critic,9
Laura Mulvey,F:83c734e30238,critic,10
Laura Mulvey,F:0ea0e00d9fdc,critic,8
Laura Mulvey,F:3232a2646dad,critic,5
Laura Mulvey,F:bb23d00e7395,critic,2
Laura Mulvey,F:da2a7a0ed7fa,critic,3
Laura Mulvey,F:3b027eac1618,critic,7
Laura Mulvey,F:3f586a95ab42,critic,4
Laura Mulvey,F:d5d56cef191d,critic,6
Mike Muncer,F:ef28514dc4e7,critic,5
Mike Muncer,F:38ccb3d447c3,critic,10
Mike Muncer,F:4acddf379d28,critic,9
Mike Muncer,F:a758f31506ad,critic,3
Mike Muncer,F:6ef9ec2a60f2,critic,7
Mike Muncer,F:a2006b1e3f35,critic,4
Mike Muncer,F:11f597068baf,critic,8
Mike Muncer,F:e8dfb9e46ef2,critic,2
Mike Muncer,F:d74cd1f5beaa,critic,1
Mike Muncer,F:f8abdb2ec9d8,critic,6
Nasreen Munni Kabir,F:4bdb3cb3e658,critic,2
Nasreen Munni Kabir,F:0ea0e00d9fdc,critic,4
Nasreen Munni Kabir,F:a9aefb6f4f22,critic,1
Nasreen Munni Kabir,F:38ccb3d447c3,critic,10
Nasreen Munni Kabir,F:e9e268170b35,critic,7
Nasreen Munni Kabir,F:e6ac65b5f055,critic,3
Nasreen Munni Kabir,F:cbca9660da1d,critic,6
Nasreen Munni Kabir,F:9e103f641ac9,critic,5
Nasreen Munni Kabir,F:feaa04ac1109,critic,8
Nasreen Munni Kabir,F:09035fce59e3,critic,9
Radu Muntean,F:7b5d85393630,director,9
Radu Muntean,F:1b6216b7041c,director,2
Radu Muntean,F:c78c6b97f980,director,8
Radu Muntean,F:db803e57874f,director,4
Radu Muntean,F:71c7b9363133,director,7
Radu Muntean,F:66e0b02405e2,director,3
Radu Muntean,F:93a1beda19cd,director,6
Radu Muntean,F:e074ce2e38fe,director,1
Radu Muntean,F:03774d8054b0,director,10
Radu Muntean,F:bcf63870b80d,director,5
Angelo Muredda,F:e067866bf78e,critic,5
Angelo Muredda,F:ba146e88c89d,critic,2
Angelo Muredda,F:ab0f17904050,critic,3
Angelo Muredda,F:c9a62b53f643,critic,6
Angelo Muredda,F:a9519db91181,critic,8
Angelo Muredda,F:ec7726632ac1,critic,10
Angelo Muredda,F:75046ffb9b38,critic,9
Angelo Muredda,F:cc12c509527e,critic,1
Angelo Muredda,F:8fc32725b37f,critic,7
Angelo Muredda,F:f1f9458aedc5,critic,4
Pat Murphy,F:20a0a276094a,director,6
Pat Murphy,F:29e8c2663329,director,12
Pat Murphy,F:2bcbc58a252d,director,9
Pat Murphy,F:4a7fa7be8c87,director,8
Pat Murphy,F:950c29bf9796,director,7
Pat Murphy,F:5e5b16dbc375,director,4
Pat Murphy,F:2799de28d75f,director,5
Pat Murphy,F:090832505b0f,director,11
Pat Murphy,F:925ddc8c2d36,director,1
Pat Murphy,EXPLODED,director,13
Adam Murray,F:76f8cccf860c,critic,8
Adam Murray,F:0565ff7fd56c,critic,10
Adam Murray,F:c95f16d9c37c,critic,3
Adam Murray,F:4cc94fb96c46,critic,4
Adam Murray,F:7583ca385965,critic,5
Adam Murray,F:494fd4aacc71,critic,7
Adam Murray,F:ac424ca67cad,critic,2
Adam Murray,F:305e954bb1a1,critic,1
Adam Murray,F:f4b3aaca24c7,critic,6
Adam Murray,F:32f33617395c,critic,9
Emily Murray,F:4434c6705bd6,critic,7
Emily Murray,F:b132d89fef53,critic,9
Emily Murray,F:b0360159539e,critic,5
Emily Murray,F:bf6387f2c8ae,critic,10
Emily Murray,F:b59055f29ae4,critic,1
Emily Murray,F:4409f275b372,critic,3
Emily Murray,F:f71879711b8f,critic,6
Emily Murray,F:f0d2975c53fb,critic,2
Emily Murray,F:57a1bf06a3b8,critic,4
Emily Murray,F:7fe15b05ccde,critic,8
Iana Murray,F:08966bbb6c53,critic,10
Iana Murray,F:a974077eb9e0,critic,5
Iana Murray,F:bfe5d9d523ed,critic,4
Iana Murray,F:97b42f962368,critic,9
Iana Murray,F:d2ac8fced14e,critic,8
Iana Murray,F:e84516ec65e9,critic,3
Iana Murray,F:759f5bb04f0f,critic,2
Iana Murray,F:e5c08e9f1271,critic,7
Iana Murray,F:c48b24faa9f1,critic,6
Iana Murray,F:a98a6b3e3b28,critic,1
Stuart Murray,F:38ccb3d447c3,critic,10
Stuart Murray,F:3779236f3701,critic,4
Stuart Murray,F:b5fac1879322,critic,5
Stuart Murray,F:6b927993e1e1,critic,8
Stuart Murray,F:edfb01f5a9d6,critic,9
Stuart Murray,F:b4f5b412c7b7,critic,1
Stuart Murray,F:275650ab94c9,critic,2
Stuart Murray,F:71c7b9363133,critic,7
Stuart Murray,F:2907bfe31ad2,critic,6
Stuart Murray,F:63d46e5d8cef,critic,3
Vikram Murthi,F:3af703bb3bf8,critic,5
Vikram Murthi,F:d2e4f5e8f98d,critic,7
Vikram Murthi,F:5094c1da4d65,critic,8
Vikram Murthi,F:d63f22c37e98,critic,6
Vikram Murthi,F:860988085746,critic,4
Vikram Murthi,F:11f597068baf,critic,9
Vikram Murthi,F:aa65b1eedc05,critic,10
Vikram Murthi,F:d8ce5441d5f4,critic,3
Vikram Murthi,F:2e7d4740d619,critic,2
Vikram Murthi,F:143204c15f4c,critic,1
Charles Musser,F:561e2a2c5d9a,critic,3
Charles Musser,F:d1188b34b03c,critic,10
Charles Musser,F:950c29bf9796,critic,6
Charles Musser,F:9ae28dfcecfb,critic,1
Charles Musser,F:0c64dd7aa964,critic,5
Charles Musser,F:f8988e9c22d1,critic,2
Charles Musser,F:2aad0b1278e1,critic,4
Charles Musser,F:0565ff7fd56c,critic,8
Charles Musser,F:7b5d85393630,critic,9
Charles Musser,F:8b4b310f435e,critic,7
Wang Muyan,F:a6b2d4ef6e92,critic,8
Wang Muyan,F:dd74a94fdb95,critic,3
Wang Muyan,F:0525cace8386,critic,6
Wang Muyan,F:5ccbed3ed039,critic,7
Wang Muyan,F:f487433720d3,critic,9
Wang Muyan,F:4ac1e97e8ee8,critic,5
Wang Muyan,F:b942f013d7ae,critic,1
Wang Muyan,F:aa65b1eedc05,critic,10
Wang Muyan,F:c1b3bbc7cbdd,critic,4
Wang Muyan,F:960f8282c4c5,critic,2
Lynda Myles,F:b5a06746734d,critic,10
Lynda Myles,F:5094c1da4d65,critic,6
Lynda Myles,F:e2bff7956338,critic,8
Lynda Myles,F:5fbe75ae8e83,critic,2
Lynda Myles,F:9f96298e4d23,critic,9
Lynda Myles,F:79c30aef6e24,critic,5
Lynda Myles,F:9fa2ffff0e05,critic,3
Lynda Myles,F:d117472f572e,critic,7
Lynda Myles,F:482f80fc3115,critic,1
Lynda Myles,F:24dc6c8040d9,critic,4
Léa Mysius,F:5e5b16dbc375,director,8
Léa Mysius,F:fb1858f30417,director,6
Léa Mysius,F:4acddf379d28,director,10
Léa Mysius,F:ab0f17904050,director,4
Léa Mysius,F:1c38c67b92f9,director,1
Léa Mysius,F:7a1540491e2d,director,2
Léa Mysius,F:3a3ec9a6367f,director,5
Léa Mysius,F:578c62bb9d09,director,3
Léa Mysius,F:c34fe68dc6cf,director,9
Léa Mysius,F:c6014c74c7ea,director,7
Amir Naderi,F:bf6387f2c8ae,director,9
Amir Naderi,F:83ebc8b43c9d,director,7
Amir Naderi,F:c34fe68dc6cf,director,3
Amir Naderi,F:2bcbc58a252d,director,4
Amir Naderi,F:b132d89fef53,director,8
Amir Naderi,F:8ef14bf34952,director,2
Amir Naderi,F:dd8922e816e9,director,1
Amir Naderi,F:d117472f572e,director,6
Amir Naderi,F:7cdcf0b32a06,director,5
Amir Naderi,F:b5a06746734d,director,10
Amitava Nag,F:cdb76db94f02,critic,3
Amitava Nag,F:edfb01f5a9d6,critic,4
Amitava Nag,F:9f96298e4d23,critic,10
Amitava Nag,F:bee09401fa7d,critic,5
Amitava Nag,F:cda1a8b3152c,critic,7
Amitava Nag,F:024fe592458e,critic,1
Amitava Nag,F:8a2cf62378e3,critic,2
Amitava Nag,F:7b5d85393630,critic,6
Amitava Nag,F:83ebc8b43c9d,critic,8
Amitava Nag,F:08966bbb6c53,critic,9
Hideki Nagaishi,F:4564e63e3b94,critic,1
Hideki Nagaishi,F:1174009b97fe,critic,10
Hideki Nagaishi,F:966619788aed,critic,5
Hideki Nagaishi,F:58e126eee204,critic,3
Hideki Nagaishi,F:482f80fc3115,critic,7
Hideki Nagaishi,F:a030356bff41,critic,2
Hideki Nagaishi,F:effdc0addc4c,critic,8
Hideki Nagaishi,F:37dfc5b21ae7,critic,9
Hideki Nagaishi,F:5b437e93183c,critic,4
Hideki Nagaishi,F:1411418a5f42,critic,6
Lucia Nagib,F:ed258bfa07e7,critic,5
Lucia Nagib,F:9f96298e4d23,critic,10
Lucia Nagib,F:3f586a95ab42,critic,2
Lucia Nagib,F:a5083fa04636,critic,8
Lucia Nagib,F:f095cac61731,critic,1
Lucia Nagib,F:6b927993e1e1,critic,7
Lucia Nagib,F:84611495dbe0,critic,3
Lucia Nagib,F:2a5f669472bc,critic,4
Lucia Nagib,F:cda1a8b3152c,critic,9
Lucia Nagib,F:31ccba01f02e,critic,6
Mark Naglazas,F:ed913192d169,critic,4
Mark Naglazas,F:bf6387f2c8ae,critic,10
Mark Naglazas,F:e2bff7956338,critic,9
Mark Naglazas,F:83ebc8b43c9d,critic,8
Mark Naglazas,F:cd2b19d5e1ca,critic,1
Mark Naglazas,F:176166e412b4,critic,5
Mark Naglazas,F:d117472f572e,critic,7
Mark Naglazas,F:8fe1bdde11ef,critic,6
Mark Naglazas,F:2861a518888c,critic,3
Mark Naglazas,F:e3f9a5827411,critic,2
Phyllis Nagy,F:8b4b310f435e,director,6
Phyllis Nagy,F:a9519db91181,director,7
Phyllis Nagy,F:3dc11a61f1ca,director,3
Phyllis Nagy,F:8bca2d931716,director,1
Phyllis Nagy,F:83c734e30238,director,9
Phyllis Nagy,F:96db1ec94fd6,director,2
Phyllis Nagy,F:ed09733fe458,director,4
Phyllis Nagy,F:325075869126,director,8
Phyllis Nagy,F:11f597068baf,director,5
Benjamin Naishtat,F:55fd868ffa49,director,3
Benjamin Naishtat,F:89e16e3b9b3a,director,1
Benjamin Naishtat,F:d1188b34b03c,director,10
Benjamin Naishtat,F:3583aef25377,director,2
Benjamin Naishtat,F:2da4899c687b,director,7
Benjamin Naishtat,F:a5083fa04636,director,9
Benjamin Naishtat,F:2005e6c55528,director,4
Benjamin Naishtat,F:c78c6b97f980,director,8
Benjamin Naishtat,F:3a3ec9a6367f,director,6
Benjamin Naishtat,F:ff8f994c1c1c,director,5
Susan Napier,F:2af5c5bcacdf,critic,4
Susan Napier,F:4856ae18c1cd,critic,7
Susan Napier,F:cbca9660da1d,critic,5
Susan Napier,F:03774d8054b0,critic,9
Susan Napier,F:000c71b9b4be,critic,2
Susan Napier,F:c23113d53b2c,critic,1
Susan Napier,F:b132d89fef53,critic,10
Susan Napier,F:4434c6705bd6,critic,8
Susan Napier,F:fbac63dcd9cf,critic,6
Susan Napier,F:9daa251a7795,critic,3
Lawrence Napper,F:1e59e5d2230b,critic,1
Lawrence Napper,F:26660d8a575e,critic,2
Lawrence Napper,F:5cc4df4af81d,critic,3
Lawrence Napper,F:7dad08d3670d,critic,6
Lawrence Napper,F:6d36c9fa50dd,critic,4
Lawrence Napper,F:598ffacf374c,critic,7
Lawrence Napper,F:a3fa8023f67e,critic,5
Lawrence Napper,F:dd77850060eb,critic,9
Lawrence Napper,F:ed913192d169,critic,10
Lawrence Napper,F:b309d34dc9e7,critic,8
Venkateswaran Narayanan,EXPLODED,critic,13
Venkateswaran Narayanan,F:03774d8054b0,critic,10
Venkateswaran Narayanan,F:bee09401fa7d,critic,7
Venkateswaran Narayanan,F:e2bff7956338,critic,12
Venkateswaran Narayanan,F:f71879711b8f,critic,3
Venkateswaran Narayanan,F:edfb01f5a9d6,critic,6
Venkateswaran Narayanan,F:a5083fa04636,critic,5
Venkateswaran Narayanan,F:7fe15b05ccde,critic,11
Venkateswaran Narayanan,F:95bd800bd9e5,critic,4
Venkateswaran Narayanan,F:d472058d559a,critic,9
James Naremore,F:03809811ea9b,critic,3
James Naremore,F:bf6387f2c8ae,critic,10
James Naremore,F:122fb2de00e8,critic,1
James Naremore,F:4acddf379d28,critic,8
James Naremore,F:176166e412b4,critic,4
James Naremore,F:f9b6370c1fc2,critic,2
James Naremore,F:15bcedf51ef8,critic,5
James Naremore,F:6d78c0ecb7e7,critic,7
James Naremore,F:0565ff7fd56c,critic,6
James Naremore,F:653f45346bcc,critic,9
Constantine Nasr,F:e2bff7956338,critic,9
Constantine Nasr,F:cbca9660da1d,critic,5
Constantine Nasr,F:b5a06746734d,critic,10
Constantine Nasr,F:9bc253a7e2b4,critic,1
Constantine Nasr,F:d117472f572e,critic,8
Constantine Nasr,F:63d46e5d8cef,critic,3
Constantine Nasr,F:7dacc043e524,critic,7
Constantine Nasr,F:1c8565784f6c,critic,4
Constantine Nasr,F:59ad7c389a61,critic,6
Constantine Nasr,F:9f5b0931a0e5,critic,2
Dominique Nasta,F:b5749f03606c,critic,9
Dominique Nasta,F:eeb94ecd85af,critic,7
Dominique Nasta,F:bf6387f2c8ae,critic,10
Dominique Nasta,F:ed5dd18e3492,critic,1
Dominique Nasta,F:058d2051730e,critic,3
Dominique Nasta,F:1a68aefe7ea1,critic,6
Dominique Nasta,F:8703270231ee,critic,8
Dominique Nasta,F:0330eeb7767e,critic,4
Dominique Nasta,F:4115e85ccc12,critic,2
Dominique Nasta,F:f908f6f70606,critic,5
Ian Nathan,F:e9e268170b35,critic,5
Ian Nathan,F:63d46e5d8cef,critic,2
Ian Nathan,F:f53416daf440,critic,9
Ian Nathan,F:03774d8054b0,critic,10
Ian Nathan,F:b339d6c582f0,critic,4
Ian Nathan,F:17fcc038144d,critic,3
Ian Nathan,F:4434c6705bd6,critic,8
Ian Nathan,F:03809811ea9b,critic,6
Ian Nathan,F:4418a62420bf,critic,1
Ian Nathan,F:ed913192d169,critic,7
Santiago Navajas,F:b132d89fef53,critic,10
Santiago Navajas,F:95bd800bd9e5,critic,8
Santiago Navajas,F:87ddccd7c29d,critic,6
Santiago Navajas,F:477977925947,critic,4
Santiago Navajas,F:b5749f03606c,critic,9
Santiago Navajas,F:f5c52119be56,critic,1
Santiago Navajas,F:ee5e85aa2619,critic,2
Santiago Navajas,F:2320d0b9141c,critic,5
Santiago Navajas,F:7fa585215d06,critic,3
Santiago Navajas,F:665eab0ab9d1,critic,7
Fernando Navarro,F:d8e24aa1ab58,director,8
Fernando Navarro,F:03774d8054b0,director,9
Fernando Navarro,F:d63f22c37e98,director,5
Fernando Navarro,F:63d46e5d8cef,director,7
Fernando Navarro,F:a6fac0bf80e2,director,1
Fernando Navarro,F:3a7dbc0df0c9,director,4
Fernando Navarro,F:69e6abfe052c,director,3
Fernando Navarro,F:b5a06746734d,director,10
Fernando Navarro,F:9000c8f0eb34,director,6
Fernando Navarro,F:92189f608c4d,director,2
Rielle Navitski,F:1fe48d6933a2,critic,5
Rielle Navitski,F:d9ac4235513f,critic,3
Rielle Navitski,F:b339d6c582f0,critic,8
Rielle Navitski,F:87260f5ae7bb,critic,6
Rielle Navitski,F:208669d4e45c,critic,4
Rielle Navitski,F:9f4bdfd01cfb,critic,7
Rielle Navitski,F:f70ee04a0b6b,critic,1
Rielle Navitski,F:8dfce77eb7c6,critic,2
Rielle Navitski,F:08966bbb6c53,critic,10
Rielle Navitski,F:8fe1bdde11ef,critic,9
Adam Nayman,F:6b3a0b38e917,critic,2
Adam Nayman,F:4e2bc3c14baa,critic,7
Adam Nayman,F:d19468c67d4e,critic,4
Adam Nayman,F:23bcdf10e622,critic,6
Adam Nayman,F:1b9a570555e5,critic,3
Adam Nayman,F:4a7fa7be8c87,critic,9
Adam Nayman,F:9aa40df22c3e,critic,5
Adam Nayman,F:33ee3fa8d57d,critic,1
Adam Nayman,F:090832505b0f,critic,10
Adam Nayman,F:6ef9ec2a60f2,critic,8
Giona A. Nazzaro,F:2ec8e3a6b8aa,critic,9
Giona A. Nazzaro,F:c21985a3eec4,critic,6
Giona A. Nazzaro,F:aa418c5458b5,critic,1
Giona A. Nazzaro,F:2bb32d0f4192,critic,4
Giona A. Nazzaro,F:6fb030bf7755,critic,8
Giona A. Nazzaro,F:63ac410ba679,critic,3
Giona A. Nazzaro,F:70c6fa35ccf3,critic,5
Giona A. Nazzaro,F:5ccbed3ed039,critic,7
Giona A. Nazzaro,F:d2ac8fced14e,critic,10
Giona A. Nazzaro,F:59696da52a8e,critic,2
Angela Ndalianis,F:38ccb3d447c3,critic,9
Angela Ndalianis,F:a6bd6b25ecb3,critic,7
Angela Ndalianis,F:03774d8054b0,critic,8
Angela Ndalianis,F:56fb848161a4,critic,2
Angela Ndalianis,F:99bc376411fd,critic,4
Angela Ndalianis,F:be1dbe7eced1,critic,3
Angela Ndalianis,F:099c0627afb5,critic,5
Angela Ndalianis,F:64a986b8f039,critic,6
Angela Ndalianis,F:cccee461d96e,critic,1
Markus Nechleba,F:47f557a5b803,critic,2
Markus Nechleba,F:4178c0f6fbb7,critic,10
Markus Nechleba,F:0e061101bdea,critic,5
Markus Nechleba,F:2fff82d4c078,critic,3
Markus Nechleba,F:cda1a8b3152c,critic,9
Markus Nechleba,F:2b12f65b7306,critic,1
Markus Nechleba,F:cbb0587ba064,critic,8
Markus Nechleba,F:98ca671012c5,critic,4
Markus Nechleba,F:7a7c0ff849d4,critic,7
Markus Nechleba,F:58f9e7707a27,critic,6
Diane Negra,F:b30f4a3a1342,critic,7
Diane Negra,F:e8d2748de292,critic,9
Diane Negra,F:6407c8c257a9,critic,8
Diane Negra,F:7c4112f8c985,critic,3
Diane Negra,F:d440520d1dd8,critic,6
Diane Negra,F:409a849885f1,critic,2
Diane Negra,F:bb883418b075,critic,1
Diane Negra,F:6bd726b305a8,critic,10
Diane Negra,F:142ca6c34559,critic,4
Diane Negra,F:e49522be4e42,critic,5
Jorge J. Negrete Camacho,F:894a2bacef7f,critic,7
Jorge J. Negrete Camacho,F:2ca5608a97c8,critic,3
Jorge J. Negrete Camacho,F:83c734e30238,critic,10
Jorge J. Negrete Camacho,F:951e168add74,critic,9
Jorge J. Negrete Camacho,F:cf9cd23b40ce,critic,2
Jorge J. Negrete Camacho,F:271b03289dcd,critic,4
Jorge J. Negrete Camacho,F:cc50f66453bc,critic,1
Jorge J. Negrete Camacho,F:a30767e64789,critic,6
Jorge J. Negrete Camacho,F:ff478deae1ed,critic,8
Jorge J. Negrete Camacho,F:4a9c5c5c8c99,critic,5
Chris Neilan,F:9b6d7e6fd7d3,critic,2
Chris Neilan,F:e24ef98e5c4b,critic,7
Chris Neilan,F:7c9c923f35c0,critic,5
Chris Neilan,F:bd01ae6f009f,critic,1
Chris Neilan,F:af3336b803be,critic,8
Chris Neilan,F:095dd92eb88c,critic,3
Chris Neilan,F:3779236f3701,critic,9
Chris Neilan,F:11fff6d5f45a,critic,6
Chris Neilan,F:16913ba1d831,critic,10
Chris Neilan,F:66e0b02405e2,critic,4
Boris Nelepo,F:f74c44fe7e92,critic,10
Boris Nelepo,F:65d52cde35fc,critic,4
Boris Nelepo,F:0eaf52ef0d44,critic,6
Boris Nelepo,F:0f0cd108e73e,critic,8
Boris Nelepo,F:7277f3afb1aa,critic,9
Boris Nelepo,F:bfb1bb749167,critic,2
Boris Nelepo,F:848151d59c95,critic,7
Boris Nelepo,F:c314e99a039b,critic,1
Boris Nelepo,F:0226d2b890fb,critic,3
Boris Nelepo,F:cc71815fec55,critic,5
Laszlo Nemes,F:6d78c0ecb7e7,director,9
Laszlo Nemes,F:f376d0dacdd0,director,7
Laszlo Nemes,F:e4e5d0b8b474,director,10
Laszlo Nemes,F:9e103f641ac9,director,5
Laszlo Nemes,F:c6e3aebd5c22,director,1
Laszlo Nemes,F:ad61730d9d2f,director,3
Laszlo Nemes,F:1c8565784f6c,director,6
Laszlo Nemes,F:d82151d9c18c,director,4
Laszlo Nemes,F:15298623ef1f,director,8
Laszlo Nemes,F:a74f4a56d682,director,2
Călin Peter Netzer,F:7b5d85393630,director,6
Călin Peter Netzer,F:7dacc043e524,director,5
Călin Peter Netzer,F:99525f6dd03f,director,2
Călin Peter Netzer,F:6ff93b77cfca,director,4
Călin Peter Netzer,F:08966bbb6c53,director,8
Călin Peter Netzer,F:206d9de4a9c8,director,1
Călin Peter Netzer,F:b132d89fef53,director,9
Călin Peter Netzer,F:e2bff7956338,director,7
Călin Peter Netzer,F:bf6387f2c8ae,director,10
Călin Peter Netzer,F:e24ef98e5c4b,director,3
Camille Nevers,F:894a2bacef7f,critic,6
Camille Nevers,F:bd9efaa29502,critic,7
Camille Nevers,F:d5d45d8c9f1b,critic,9
Camille Nevers,F:f128272fb973,critic,3
Camille Nevers,F:963163d60864,critic,1
Camille Nevers,F:c2f3d4820d16,critic,4
Camille Nevers,F:b5a06746734d,critic,10
Camille Nevers,F:caef0ce5bfcf,critic,2
Camille Nevers,F:f541bca8533a,critic,5
Camille Nevers,F:f00e3c45dd9d,critic,8
Charles Newland,F:d149cd0c45d6,director,1
Charles Newland,F:47f7b6f61804,director,6
Charles Newland,F:e4e5d0b8b474,director,10
Charles Newland,F:bd648fce3b3f,director,9
Charles Newland,F:a6c1795f9e35,director,4
Charles Newland,F:1a5144262bc4,director,7
Charles Newland,F:40851c97fe02,director,8
Charles Newland,F:6c5680621e49,director,3
Charles Newland,F:c0bab12686fa,director,2
Charles Newland,F:5086f9152aaf,director,5
Christina Newland,F:ed09733fe458,critic,6
Christina Newland,F:38ccb3d447c3,critic,10
Christina Newland,F:cd2b19d5e1ca,critic,2
Christina Newland,F:b2910882a46d,critic,7
Christina Newland,F:cebe5457b5ce,critic,1
Christina Newland,F:e147c7e3e29c,critic,5
Christina Newland,F:813bde6e3053,critic,9
Christina Newland,F:40851c97fe02,critic,3
Christina Newland,F:d63f22c37e98,critic,4
Christina Newland,F:6d78c0ecb7e7,critic,8
Kim Newman,F:6d78c0ecb7e7,critic,7
Kim Newman,F:9efcb3d93167,critic,4
Kim Newman,F:5b505c37b676,critic,3
Kim Newman,F:4e2bc3c14baa,critic,6
Kim Newman,F:bf6387f2c8ae,critic,10
Kim Newman,F:14731d2d5e4b,critic,2
Kim Newman,F:7fe15b05ccde,critic,8
Kim Newman,F:e659969a0add,critic,1
Kim Newman,F:653f45346bcc,critic,9
Kim Newman,F:27cc97d93f99,critic,5
Nick Newman,F:65b6356c2db3,critic,3
Nick Newman,F:c3389fe02bf0,critic,8
Nick Newman,F:c4893842f60d,critic,5
Nick Newman,F:c9caaff114b0,critic,9
Nick Newman,F:71f230acd3f0,critic,7
Nick Newman,F:51bb9e196631,critic,2
Nick Newman,F:028bfe9c39cc,critic,4
Nick Newman,F:8501b9a76718,critic,6
Nick Newman,F:45e61e74f89e,critic,1
Nick Newman,F:ff478deae1ed,critic,10
Michael Newton,F:03774d8054b0,critic,9
Michael Newton,F:d82151d9c18c,critic,2
Michael Newton,F:edfb01f5a9d6,critic,8
Michael Newton,F:e3db72878efa,critic,4
Michael Newton,F:4418a62420bf,critic,3
Michael Newton,F:d1274c19e1e6,critic,1
Michael Newton,F:6ae8c10ff551,critic,5
Michael Newton,F:e9e268170b35,critic,6
Michael Newton,F:ed913192d169,critic,7
Bill Nichols,F:09035fce59e3,critic,5
Bill Nichols,F:af88a53db7a4,critic,2
Bill Nichols,F:4a7fa7be8c87,critic,4
Bill Nichols,F:02ad3e35709b,critic,1
Bill Nichols,F:5824e32e059f,critic,3
Ben Nicholson,F:1d930e45fdb6,critic,1
Ben Nicholson,F:61b7b07d0b46,critic,4
Ben Nicholson,F:15a0d8d8fb5b,critic,3
Ben Nicholson,F:516ba437f35f,critic,2
Ben Nicholson,F:caabee7db5c9,critic,7
Ben Nicholson,F:08966bbb6c53,critic,10
Ben Nicholson,F:a6b2d4ef6e92,critic,5
Ben Nicholson,F:477977925947,critic,6
Ben Nicholson,F:e9e268170b35,critic,8
Ben Nicholson,F:c22c42cd69b9,critic,9
Raphaël Nieuwjaer,F:b309d34dc9e7,critic,1
Raphaël Nieuwjaer,F:89bca25c2226,critic,5
Raphaël Nieuwjaer,F:d63f22c37e98,critic,7
Raphaël Nieuwjaer,F:fb014edafd5d,critic,3
Raphaël Nieuwjaer,F:58f9e7707a27,critic,8
Raphaël Nieuwjaer,F:d5d45d8c9f1b,critic,10
Raphaël Nieuwjaer,F:6e92bae17de8,critic,9
Raphaël Nieuwjaer,F:2d98b8f110a8,critic,2
Raphaël Nieuwjaer,F:41912772ddcd,critic,4
Raphaël Nieuwjaer,F:432bbc185cbb,critic,6
Nikolaj Nikitin,F:c0891d475a49,critic,9
Nikolaj Nikitin,F:2af5c5bcacdf,critic,6
Nikolaj Nikitin,F:ea8c30267045,critic,7
Nikolaj Nikitin,F:6a2de66bb75f,critic,2
Nikolaj Nikitin,F:95bd800bd9e5,critic,8
Nikolaj Nikitin,F:69f5bed6f836,critic,10
Nikolaj Nikitin,F:49190c44679a,critic,5
Nikolaj Nikitin,F:734a09b0b630,critic,1
Nikolaj Nikitin,F:a9268c8f563c,critic,3
Nikolaj Nikitin,F:8d8d5a82beb1,critic,4
Hubert Niogret,F:8f681498cddb,critic,2
Hubert Niogret,F:e4e5d0b8b474,critic,8
Hubert Niogret,F:2e0f7996c635,critic,1
Hubert Niogret,F:bf6387f2c8ae,critic,9
Hubert Niogret,F:c34fe68dc6cf,critic,5
Hubert Niogret,F:03774d8054b0,critic,7
Hubert Niogret,F:35c4aff1b6e2,critic,3
Hubert Niogret,F:b5a06746734d,critic,10
Hubert Niogret,F:593fbbab1bb0,critic,4
Hubert Niogret,F:b5749f03606c,critic,6
Marko Njegić,F:f53416daf440,critic,5
Marko Njegić,F:97b42f962368,critic,8
Marko Njegić,F:b132d89fef53,critic,10
Marko Njegić,F:ea8c30267045,critic,3
Marko Njegić,F:d472058d559a,critic,6
Marko Njegić,F:7fe15b05ccde,critic,7
Marko Njegić,F:4434c6705bd6,critic,4
Marko Njegić,F:ad5fec931766,critic,2
Marko Njegić,F:653f45346bcc,critic,9
Marko Njegić,F:1f696ff5de67,critic,1
Will Noah,F:9b0ae697053e,critic,2
Will Noah,F:98ca671012c5,critic,8
Will Noah,F:c57d23af360b,critic,4
Will Noah,F:f9b6370c1fc2,critic,9
Will Noah,F:bd5b1d907d3a,critic,6
Will Noah,F:d2e4f5e8f98d,critic,10
Will Noah,F:2bb32d0f4192,critic,3
Will Noah,F:da997bca9f48,critic,7
Will Noah,F:740786459d34,critic,5
Will Noah,F:6123013e09d3,critic,1
Gaspar Noé,F:2799de28d75f,director,7
Gaspar Noé,F:88f068b796c4,director,3
Gaspar Noé,F:9539729dc80f,director,4
Gaspar Noé,F:4823aa628780,director,2
Gaspar Noé,F:b132d89fef53,director,10
Gaspar Noé,F:f487433720d3,director,8
Gaspar Noé,F:f3a8723d695d,director,5
Gaspar Noé,F:d472058d559a,director,9
Gaspar Noé,F:d0416491dc50,director,6
Gaspar Noé,F:52e69edc134a,director,1
Jaanus Noormets,F:bf6387f2c8ae,critic,10
Jaanus Noormets,F:f525ec7061e2,critic,6
Jaanus Noormets,F:feada1db862a,critic,5
Jaanus Noormets,F:414feae8774b,critic,3
Jaanus Noormets,F:7b0fdc076a32,critic,4
Jaanus Noormets,F:da63db39e047,critic,2
Jaanus Noormets,F:c520dfb264f7,critic,1
Jaanus Noormets,F:d472058d559a,critic,9
Jaanus Noormets,F:6ef9ec2a60f2,critic,8
Jaanus Noormets,F:41d225e6ff0b,critic,7
Cristina Nord,F:c22c42cd69b9,critic,8
Cristina Nord,F:325075869126,critic,10
Cristina Nord,F:e147c7e3e29c,critic,6
Cristina Nord,F:4d655fdeedeb,critic,2
Cristina Nord,F:f87b3c091815,critic,7
Cristina Nord,F:3607e9f1675c,critic,4
Cristina Nord,F:19254ece1fe8,critic,1
Cristina Nord,F:813bde6e3053,critic,9
Cristina Nord,F:f4b76f7b06d0,critic,3
Cristina Nord,F:bcf63870b80d,critic,5
Michael Nordine,F:299aafd38526,critic,3
Michael Nordine,F:70fae98b2625,critic,1
Michael Nordine,F:4178c0f6fbb7,critic,10
Michael Nordine,F:03774d8054b0,critic,9
Michael Nordine,F:3779236f3701,critic,6
Michael Nordine,F:9dc99962ce43,critic,4
Michael Nordine,F:68f067eb3cf7,critic,2
Michael Nordine,F:b09fb8ce622b,critic,5
Michael Nordine,F:c78c6b97f980,critic,8
Michael Nordine,F:74869694acb1,critic,7
Markus Nornes,F:2799de28d75f,critic,4
Markus Nornes,F:72d8bc7578ad,critic,3
Markus Nornes,F:97b42f962368,critic,6
Markus Nornes,F:69f5bed6f836,critic,7
Markus Nornes,F:cda1a8b3152c,critic,5
Markus Nornes,F:e2bff7956338,critic,8
Markus Nornes,F:9f96298e4d23,critic,10
Markus Nornes,F:08966bbb6c53,critic,9
Markus Nornes,F:7af3bfecc2a8,critic,2
Markus Nornes,F:a6bd6b25ecb3,critic,1
Rastko Novakovic,F:45b24d0baf76,director,6
Rastko Novakovic,F:f3a8723d695d,director,8
Rastko Novakovic,F:4a9c5c5c8c99,director,5
Rastko Novakovic,F:7aace8a4812f,director,1
Rastko Novakovic,F:cb2781992160,director,4
Rastko Novakovic,F:a9e6b3878b45,director,7
Rastko Novakovic,F:7a7c0ff849d4,director,10
Rastko Novakovic,F:4b0810cb5522,director,2
Rastko Novakovic,F:61d0be25dd9d,director,3
Rastko Novakovic,F:15cebbda1cd1,director,9
John Nugent,F:bf6387f2c8ae,critic,10
John Nugent,F:6ae8c10ff551,critic,5
John Nugent,F:b2910882a46d,critic,6
John Nugent,F:838a18661382,critic,4
John Nugent,F:c41986eabc20,critic,7
John Nugent,F:ee2a2cfc2fc7,critic,3
John Nugent,F:653f45346bcc,critic,9
John Nugent,F:66e0b02405e2,critic,2
John Nugent,F:6744994f98f6,critic,8
John Nugent,F:ad27d47e2ec4,critic,1
HT Nuotio,F:09259bca17eb,critic,8
HT Nuotio,F:2bebf2d89302,critic,1
HT Nuotio,F:2b1b14af9049,critic,2
HT Nuotio,F:05be2d5b9ba3,critic,9
HT Nuotio,F:50ffb57c2814,critic,3
HT Nuotio,F:a1f2a5eebcbe,critic,7
HT Nuotio,F:6d62cfe1f272,critic,4
HT Nuotio,F:7fdeecd17aea,critic,10
HT Nuotio,F:8e2a5fddd7e5,critic,5
HT Nuotio,F:d1e46f46b4c5,critic,6
Veton Nurkollari,F:2bcbc58a252d,critic,6
Veton Nurkollari,F:83c734e30238,critic,10
Veton Nurkollari,F:c22c42cd69b9,critic,4
Veton Nurkollari,F:944ad783759e,critic,8
Veton Nurkollari,F:002c591e702f,critic,2
Veton Nurkollari,F:cbb0587ba064,critic,7
Veton Nurkollari,F:f376d0dacdd0,critic,3
Veton Nurkollari,F:69f5bed6f836,critic,9
Veton Nurkollari,F:8fc32725b37f,critic,5
Veton Nurkollari,F:6df960d01ebc,critic,1
Ruun Nuur,F:a03abf36dab8,critic,3
Ruun Nuur,F:a9519db91181,critic,9
Ruun Nuur,F:32f33617395c,critic,8
Ruun Nuur,F:e7e248e7dee8,critic,5
Ruun Nuur,F:02ded6e20b97,critic,10
Ruun Nuur,F:f4e217197597,critic,6
Ruun Nuur,F:7b4976f2a75d,critic,2
Ruun Nuur,F:d8be33a7aa37,critic,7
Ruun Nuur,F:4a5ef0795593,critic,1
Ruun Nuur,F:0705c7553990,critic,4
Orwa Nyrabia,F:29e8c2663329,critic,10
Orwa Nyrabia,F:2e82de15bf77,critic,4
Orwa Nyrabia,F:3a7dbc0df0c9,critic,6
Orwa Nyrabia,F:f59dcc92d76b,critic,3
Orwa Nyrabia,F:8e9147c99c70,critic,1
Orwa Nyrabia,F:a9519db91181,critic,9
Orwa Nyrabia,F:ca0238bc4718,critic,8
Orwa Nyrabia,F:f312ccde71fd,critic,2
Orwa Nyrabia,F:f4e217197597,critic,7
Orwa Nyrabia,F:65f242612f92,critic,5
Geoffrey O'Brien,F:a57224c9e34a,critic,3
Geoffrey O'Brien,F:9e11436fa52a,critic,4
Geoffrey O'Brien,F:46194e616618,critic,7
Geoffrey O'Brien,F:833cd8b378fb,critic,8
Geoffrey O'Brien,F:4ba839ad7713,critic,2
Geoffrey O'Brien,F:7cdcf0b32a06,critic,9
Geoffrey O'Brien,F:6e63730d04c1,critic,5
Geoffrey O'Brien,F:b5a06746734d,critic,10
Geoffrey O'Brien,F:a77924dc374b,critic,1
Geoffrey O'Brien,F:ef557d6c32c4,critic,6
Paul O'Callaghan,F:8b4b310f435e,critic,6
Paul O'Callaghan,F:653f45346bcc,critic,10
Paul O'Callaghan,F:10e86670da04,critic,7
Paul O'Callaghan,F:d1188b34b03c,critic,8
Paul O'Callaghan,F:93a1beda19cd,critic,5
Paul O'Callaghan,F:4953ffd81613,critic,3
Paul O'Callaghan,F:4bbf32d00fd9,critic,4
Paul O'Callaghan,F:cb689f3e2a97,critic,9
Paul O'Callaghan,F:424f6f84bc29,critic,2
Paul O'Callaghan,F:ba146e88c89d,critic,1
Derek O'Connor,F:98aa847a19fe,critic,1
Derek O'Connor,F:665eab0ab9d1,critic,6
Derek O'Connor,F:e9e268170b35,critic,5
Derek O'Connor,F:9f96298e4d23,critic,9
Derek O'Connor,F:b132d89fef53,critic,10
Derek O'Connor,F:146ec1241d81,critic,4
Derek O'Connor,F:74869694acb1,critic,3
Derek O'Connor,F:325075869126,critic,8
Derek O'Connor,F:653f45346bcc,critic,7
Derek O'Connor,F:e4c949fb454a,critic,2
Frances O'Connor,F:806780c79e39,director,2
Frances O'Connor,F:b5a06746734d,director,10
Frances O'Connor,F:ae24be4474d6,director,4
Frances O'Connor,F:9f96298e4d23,director,9
Frances O'Connor,F:9b6d7e6fd7d3,director,6
Frances O'Connor,F:e037a0ce1088,director,8
Frances O'Connor,F:3870d5428078,director,7
Frances O'Connor,F:6585623dc6cf,director,5
Frances O'Connor,F:8ff2d76d1ce7,director,3
Frances O'Connor,F:652f85011483,director,1
Helen O'Hara,F:08966bbb6c53,critic,10
Helen O'Hara,F:ed913192d169,critic,8
Helen O'Hara,F:4856ae18c1cd,critic,7
Helen O'Hara,F:e037a0ce1088,critic,3
Helen O'Hara,F:84fa7c2219d2,critic,4
Helen O'Hara,F:d925fa154ba6,critic,1
Helen O'Hara,F:fbac63dcd9cf,critic,6
Helen O'Hara,F:5aac0def84d2,critic,2
Helen O'Hara,F:b0360159539e,critic,5
Helen O'Hara,F:38ccb3d447c3,critic,9
Eithne O'Neill,F:95bd800bd9e5,critic,9
Eithne O'Neill,F:8481529aa9c4,critic,6
Eithne O'Neill,F:b7dbf64232a8,critic,8
Eithne O'Neill,F:2907bfe31ad2,critic,7
Eithne O'Neill,F:c075ca5a9bd2,critic,2
Eithne O'Neill,F:55ad4fb0baae,critic,5
Eithne O'Neill,F:10e86670da04,critic,10
Eithne O'Neill,F:240c3c3338a1,critic,4
Eithne O'Neill,F:2018d336cc28,critic,3
Eithne O'Neill,F:ece757e25684,critic,1
Tadhg O'Sullivan,F:caabee7db5c9,director,2
Tadhg O'Sullivan,F:d8e24aa1ab58,director,6
Tadhg O'Sullivan,F:125061f190de,director,7
Tadhg O'Sullivan,F:944ad783759e,director,8
Tadhg O'Sullivan,F:69f5bed6f836,director,9
Tadhg O'Sullivan,F:114ae73dd3a7,director,4
Tadhg O'Sullivan,F:8fc32725b37f,director,5
Tadhg O'Sullivan,F:325075869126,director,10
Tadhg O'Sullivan,F:d6d30033c698,director,1
Tadhg O'Sullivan,F:b339d6c582f0,director,3
Georgia Oakley,F:17fcc038144d,director,8
Georgia Oakley,F:fbb0ef1cee07,director,1
Georgia Oakley,F:c3f4f3d3dda9,director,5
Georgia Oakley,F:a863c80b635a,director,2
Georgia Oakley,F:65393b2ac77a,director,7
Georgia Oakley,F:1df71d95bd96,director,3
Georgia Oakley,F:97b42f962368,director,9
Georgia Oakley,F:9cac88a557fd,director,4
Georgia Oakley,F:8082e9c53944,director,6
Georgia Oakley,F:325075869126,director,10
David Obarrio,F:787e59899d58,critic,5
David Obarrio,F:c3b16d0c3268,critic,8
David Obarrio,F:5da49dcce857,critic,10
David Obarrio,F:ea6707332fcd,critic,1
David Obarrio,F:ff8f994c1c1c,critic,6
David Obarrio,F:7e039f75a299,critic,7
David Obarrio,F:4adc989a93fe,critic,3
David Obarrio,F:b0ababe3b667,critic,9
David Obarrio,F:763d01d450da,critic,4
David Obarrio,F:4dd80de9c8b4,critic,2
"C.J. ""Fiery"" Obasi",F:59ad7c389a61,director,8
"C.J. ""Fiery"" Obasi",F:cdb76db94f02,director,5
"C.J. ""Fiery"" Obasi",F:d472058d559a,director,9
"C.J. ""Fiery"" Obasi",F:7583ca385965,director,1
"C.J. ""Fiery"" Obasi",F:bd648fce3b3f,director,6
"C.J. ""Fiery"" Obasi",F:03774d8054b0,director,10
"C.J. ""Fiery"" Obasi",F:c22c42cd69b9,director,7
"C.J. ""Fiery"" Obasi",F:f58915ed95d4,director,4
"C.J. ""Fiery"" Obasi",F:eb18f3fa5ada,director,2
"C.J. ""Fiery"" Obasi",F:dde6ffd9106a,director,3
Tambay Obenson,F:b7b17347ab6a,critic,6
Tambay Obenson,F:a2a1ef5c6f47,critic,5
Tambay Obenson,F:b0e0aec3a47c,critic,2
Tambay Obenson,F:83b0b82398da,critic,1
Tambay Obenson,F:ca241fd9482a,critic,4
Tambay Obenson,F:b132d89fef53,critic,10
Tambay Obenson,F:02ded6e20b97,critic,8
Tambay Obenson,F:63d46e5d8cef,critic,7
Tambay Obenson,F:fa08c517c8ab,critic,3
Tambay Obenson,F:03774d8054b0,critic,9
Davide Oberto,F:2ec8e3a6b8aa,critic,6
Davide Oberto,F:f87b3c091815,critic,5
Davide Oberto,F:85a16f34b63a,critic,1
Davide Oberto,F:8c03ff5cee34,critic,3
Davide Oberto,F:10e86670da04,critic,7
Davide Oberto,F:83c734e30238,critic,10
Davide Oberto,F:848f7d09cd2d,critic,2
Davide Oberto,F:8e8a8b10ef98,critic,4
Davide Oberto,F:c0891d475a49,critic,8
Davide Oberto,F:d8e24aa1ab58,critic,9
Hugo Obregón,F:2bcbc58a252d,critic,8
Hugo Obregón,F:17be19f021ea,critic,4
Hugo Obregón,F:7cdcf0b32a06,critic,9
Hugo Obregón,F:817ba6891011,critic,3
Hugo Obregón,F:d8e24aa1ab58,critic,7
Hugo Obregón,F:5094c1da4d65,critic,6
Hugo Obregón,F:44d249fc6091,critic,5
Hugo Obregón,F:2571ee8ecab9,critic,1
Hugo Obregón,F:53de1c2b25d6,critic,2
Hugo Obregón,F:944ad783759e,critic,10
Karel Och,F:a76ac58f4952,critic,6
Karel Och,F:dd1d8e5e5fe4,critic,2
Karel Och,F:1025f1ade830,critic,5
Karel Och,F:b7dbf64232a8,critic,9
Karel Och,F:e2dfaf112a47,critic,4
Karel Och,F:fbfc282cbfbb,critic,8
Karel Och,F:a95491d2db0b,critic,1
Karel Och,F:e4e5d0b8b474,critic,10
Karel Och,F:18634c22b226,critic,7
Karel Och,F:8008ebd0f264,critic,3
Dejan Ognjanović,F:42055019662f,critic,3
Dejan Ognjanović,F:6ef9ec2a60f2,critic,8
Dejan Ognjanović,F:74869694acb1,critic,6
Dejan Ognjanović,F:ef28514dc4e7,critic,7
Dejan Ognjanović,F:4d7b47064c89,critic,4
Dejan Ognjanović,F:a178dcbc5c71,critic,2
Dejan Ognjanović,F:b132d89fef53,critic,10
Dejan Ognjanović,F:7fe15b05ccde,critic,9
Dejan Ognjanović,F:9c648373383b,critic,5
Dejan Ognjanović,F:3a4215fb5c3d,critic,1
Hidenori Okada,F:85152d3fca69,critic,5
Hidenori Okada,F:62f2866d3bb5,critic,4
Hidenori Okada,F:2636353ad1ff,critic,3
Hidenori Okada,F:9153bf3e0b48,critic,1
Hidenori Okada,F:d5d56cef191d,critic,6
Hidenori Okada,F:76f8cccf860c,critic,9
Hidenori Okada,F:9539729dc80f,critic,8
Hidenori Okada,F:7be38868e0ce,critic,7
Hidenori Okada,F:2e82de15bf77,critic,2
Hidenori Okada,F:aa65b1eedc05,critic,10
Arike Oke,F:e737f5f02536,critic,4
Arike Oke,F:32f33617395c,critic,7
Arike Oke,F:f8abdb2ec9d8,critic,6
Arike Oke,F:65b2c1a9a03a,critic,2
Arike Oke,F:125061f190de,critic,10
Arike Oke,F:c22c42cd69b9,critic,8
Arike Oke,F:6744994f98f6,critic,9
Arike Oke,F:68095e4e33e8,critic,5
Arike Oke,F:bee5654ca481,critic,3
Arike Oke,F:6ed193215b44,critic,1
Tega Okiti,F:c4e34698c643,critic,7
Tega Okiti,F:ac6402bafbcc,critic,1
Tega Okiti,F:4e359000c41c,critic,3
Tega Okiti,F:af9e3551238b,critic,8
Tega Okiti,F:08966bbb6c53,critic,10
Tega Okiti,F:310aeb514222,critic,5
Tega Okiti,F:a9e6b3878b45,critic,6
Tega Okiti,F:bedc8ea62e08,critic,2
Tega Okiti,F:bc23a0b30cb0,critic,4
Tega Okiti,F:f8abdb2ec9d8,critic,9
Gary Oldman,F:e3db72878efa,director,6
Gary Oldman,F:6e92bae17de8,director,5
Gary Oldman,F:83ebc8b43c9d,director,9
Gary Oldman,F:a5083fa04636,director,8
Gary Oldman,F:ca0238bc4718,director,7
Gary Oldman,F:08966bbb6c53,director,10
Gary Oldman,F:d6bce4e6ffa4,director,1
Gary Oldman,F:12fb318fa245,director,3
Gary Oldman,F:0e061101bdea,director,4
Gary Oldman,F:da2081de6713,director,2
Michał Oleszczyk,F:2bcbc58a252d,critic,9
Michał Oleszczyk,F:f53416daf440,critic,7
Michał Oleszczyk,F:299aafd38526,critic,2
Michał Oleszczyk,F:7dacc043e524,critic,8
Michał Oleszczyk,F:96b0125c2257,critic,1
Michał Oleszczyk,F:69f5bed6f836,critic,10
Michał Oleszczyk,F:096362e962d8,critic,3
Michał Oleszczyk,F:d2e4f5e8f98d,critic,4
Michał Oleszczyk,F:11f597068baf,critic,5
Michał Oleszczyk,F:03809811ea9b,critic,6
Javier Oliva,F:6b6b786835ec,critic,1
Javier Oliva,F:160c0a7ef6ba,critic,3
Javier Oliva,F:e3a29e728f76,critic,8
Javier Oliva,F:1e8c36f50cef,critic,7
Javier Oliva,F:d8e24aa1ab58,critic,10
Javier Oliva,F:894a2bacef7f,critic,6
Javier Oliva,F:e39f0382ad14,critic,2
Javier Oliva,F:5e303ce5e4f2,critic,4
Javier Oliva,F:09a914de09e9,critic,5
Javier Oliva,F:7a7c0ff849d4,critic,9
Óscar Oliva,F:7dacc043e524,critic,10
Óscar Oliva,F:1e8c36f50cef,critic,6
Óscar Oliva,F:ea57f6c88dad,critic,3
Óscar Oliva,F:5bef0b693d91,critic,4
Óscar Oliva,F:f53416daf440,critic,9
Óscar Oliva,F:7e039f75a299,critic,2
Óscar Oliva,F:9e103f641ac9,critic,8
Óscar Oliva,F:20a0a276094a,critic,7
Óscar Oliva,F:b21e5cdba7f0,critic,5
Óscar Oliva,F:eb1c0b54d145,critic,1
Dario Oliveira,F:22a39aaa9252,critic,2
Dario Oliveira,F:17fcc038144d,critic,6
Dario Oliveira,F:d13f436e5f0b,critic,1
Dario Oliveira,F:97d8d5966fb4,critic,3
Dario Oliveira,F:653f45346bcc,critic,10
Dario Oliveira,F:7fe15b05ccde,critic,9
Dario Oliveira,F:4acddf379d28,critic,8
Dario Oliveira,F:2907bfe31ad2,critic,7
Dario Oliveira,F:08cc8188022e,critic,4
Dario Oliveira,F:4c53a001a92c,critic,5
José Oliveira,F:e737f5f02536,critic,9
José Oliveira,F:d117472f572e,critic,10
José Oliveira,F:335a82ae62fd,critic,5
José Oliveira,F:8e8a8b10ef98,critic,7
José Oliveira,F:054ed9edb7f9,critic,6
José Oliveira,F:f4e217197597,critic,8
José Oliveira,F:adf93b9e5ace,critic,3
José Oliveira,F:2d98b8f110a8,critic,4
José Oliveira,F:2dfb329e886d,critic,2
José Oliveira,F:dec9a74df539,critic,1
Luís Miguel Oliveira,F:c0891d475a49,critic,9
Luís Miguel Oliveira,F:3c7d32eb8e64,critic,5
Luís Miguel Oliveira,F:7dacc043e524,critic,10
Luís Miguel Oliveira,F:7340ce712366,critic,1
Luís Miguel Oliveira,F:0c811316520a,critic,2
Luís Miguel Oliveira,F:f26f8c46ed86,critic,3
Luís Miguel Oliveira,F:0b49a7f84c6a,critic,4
Luís Miguel Oliveira,F:45b4bf229219,critic,6
Luís Miguel Oliveira,F:f7caf2323752,critic,7
Luís Miguel Oliveira,F:e737f5f02536,critic,8
Jenni Olson,F:83c734e30238,director,10
Jenni Olson,F:a9519db91181,director,7
Jenni Olson,F:af9e3551238b,director,6
Jenni Olson,F:c2e492d52d62,director,5
Jenni Olson,F:dedd1b021835,director,4
Jenni Olson,F:9581aea989bc,director,2
Jenni Olson,F:b5a06746734d,director,9
Jenni Olson,F:6744994f98f6,director,8
Jenni Olson,F:b114d06f4210,director,3
Jenni Olson,F:436f4f44fc78,director,1
Jan Olsson,F:176166e412b4,critic,5
Jan Olsson,F:76f8cccf860c,critic,3
Jan Olsson,F:95bd800bd9e5,critic,4
Jan Olsson,F:b5a06746734d,critic,10
Jan Olsson,F:5ef102098b8d,critic,1
Jan Olsson,F:d117472f572e,critic,7
Jan Olsson,F:f53416daf440,critic,6
Jan Olsson,F:df7e376793ef,critic,2
Jan Olsson,F:4178c0f6fbb7,critic,8
Jan Olsson,F:e2bff7956338,critic,9
Yasmin Omar,F:b2910882a46d,critic,9
Yasmin Omar,F:96db1ec94fd6,critic,5
Yasmin Omar,F:50d3d5468f8a,critic,1
Yasmin Omar,F:f8abdb2ec9d8,critic,7
Yasmin Omar,F:f6bf4689418e,critic,4
Yasmin Omar,F:0491346a52ca,critic,2
Yasmin Omar,F:b0360159539e,critic,8
Yasmin Omar,F:38ccb3d447c3,critic,10
Yasmin Omar,F:7a8a830211f9,critic,3
Yasmin Omar,F:fdffe3f0bfb8,critic,6
Michael Omasta,F:1f26290cf66d,critic,2
Michael Omasta,F:4113c925ae65,critic,4
Michael Omasta,F:03809811ea9b,critic,9
Michael Omasta,F:9aa40df22c3e,critic,5
Michael Omasta,F:f8abdb2ec9d8,critic,7
Michael Omasta,F:c3cf658d86fa,critic,1
Michael Omasta,F:2018d336cc28,critic,6
Michael Omasta,F:f376d0dacdd0,critic,8
Michael Omasta,F:873d56e0dfd4,critic,3
Michael Omasta,F:4acddf379d28,critic,10
Ashanti Omkar,F:957930b7e06e,critic,2
Ashanti Omkar,F:01850bd0383a,critic,4
Ashanti Omkar,F:b0360159539e,critic,7
Ashanti Omkar,F:6744994f98f6,critic,9
Ashanti Omkar,F:61afc2a946ee,critic,5
Ashanti Omkar,F:57a1bf06a3b8,critic,6
Ashanti Omkar,F:e92498396f59,critic,1
Ashanti Omkar,F:9897c38e3805,critic,3
Ashanti Omkar,F:fbac63dcd9cf,critic,8
Ashanti Omkar,F:d1188b34b03c,critic,10
Ngozi Onwurah,F:16913ba1d831,director,7
Ngozi Onwurah,F:abca28432cfd,director,3
Ngozi Onwurah,F:d472058d559a,director,9
Ngozi Onwurah,F:32f33617395c,director,6
Ngozi Onwurah,F:7fe15b05ccde,director,10
Ngozi Onwurah,F:9c8c5647cfb9,director,1
Ngozi Onwurah,F:d1188b34b03c,director,8
Ngozi Onwurah,F:01850bd0383a,director,5
Ngozi Onwurah,F:069db268f55f,director,4
Ngozi Onwurah,F:044279e757c9,director,2
Eva Orbanz,F:78bd9370efa9,critic,3
Eva Orbanz,F:51bc13a31e66,critic,4
Eva Orbanz,F:e3db72878efa,critic,8
Eva Orbanz,F:50458ccd979f,critic,6
Eva Orbanz,F:ab0f17904050,critic,7
Eva Orbanz,F:8481529aa9c4,critic,9
Eva Orbanz,F:4856ae18c1cd,critic,10
Eva Orbanz,F:08b12d19d379,critic,5
Eva Orbanz,F:ef8329b67699,critic,2
Eva Orbanz,F:a655e3e8a366,critic,1
Isabel Orellana Guarello,F:5094c1da4d65,critic,5
Isabel Orellana Guarello,F:432bbc185cbb,critic,2
Isabel Orellana Guarello,F:2da4899c687b,critic,4
Isabel Orellana Guarello,F:d2ac8fced14e,critic,8
Isabel Orellana Guarello,F:08966bbb6c53,critic,9
Isabel Orellana Guarello,F:3c781cd7cdf8,critic,3
Isabel Orellana Guarello,F:83c734e30238,critic,10
Isabel Orellana Guarello,F:0565ff7fd56c,critic,7
Isabel Orellana Guarello,F:d0605fcc213a,critic,1
Isabel Orellana Guarello,F:950c29bf9796,critic,6
Anna Ida Orosz,F:0b45bcf13cad,critic,2
Anna Ida Orosz,F:fbac63dcd9cf,critic,10
Anna Ida Orosz,F:e4227f57ad92,critic,9
Anna Ida Orosz,F:b6097163dcec,critic,6
Anna Ida Orosz,F:de151d330568,critic,8
Anna Ida Orosz,F:d874fe1e832b,critic,1
Anna Ida Orosz,F:67115242c063,critic,4
Anna Ida Orosz,F:099c0627afb5,critic,7
Anna Ida Orosz,F:b2183728e8f6,critic,5
Anna Ida Orosz,F:d6888f890cb4,critic,3
Marcos Ortega,F:ea2fd1941d50,critic,5
Marcos Ortega,F:115f9dfb2b72,critic,6
Marcos Ortega,F:4e2ae727e138,critic,1
Marcos Ortega,F:b7bd7b62b41c,critic,2
Marcos Ortega,F:69dee05125cb,critic,8
Marcos Ortega,F:15bcedf51ef8,critic,9
Marcos Ortega,F:29e8c2663329,critic,10
Marcos Ortega,F:68095e4e33e8,critic,7
Marcos Ortega,F:8785a58b6473,critic,3
Marcos Ortega,F:4d6fc718be4a,critic,4
Bruno Oseguera Pizaña,F:3e088c64f4af,critic,5
Bruno Oseguera Pizaña,F:83c734e30238,critic,10
Bruno Oseguera Pizaña,F:5a178f06e4c5,critic,2
Bruno Oseguera Pizaña,F:03b3065dc545,critic,9
Bruno Oseguera Pizaña,F:72d6d9bf2299,critic,7
Bruno Oseguera Pizaña,F:6585623dc6cf,critic,4
Bruno Oseguera Pizaña,F:894f00fccd4a,critic,3
Bruno Oseguera Pizaña,F:71c49615ba3a,critic,1
Bruno Oseguera Pizaña,F:aa65b1eedc05,critic,8
Bruno Oseguera Pizaña,F:fdffe3f0bfb8,critic,6
Andrew Osmond,F:ed913192d169,critic,9
Andrew Osmond,F:141c47593aaa,critic,2
Andrew Osmond,F:9113deb430d0,critic,5
Andrew Osmond,F:ad4f804c3862,critic,3
Andrew Osmond,F:88f068b796c4,critic,4
Andrew Osmond,F:c41986eabc20,critic,7
Andrew Osmond,F:176166e412b4,critic,10
Andrew Osmond,F:71c7b9363133,critic,6
Andrew Osmond,F:e9e268170b35,critic,8
Andrew Osmond,F:bee39b98c3b9,critic,1
Ruben Östlund,F:82f51bc15898,director,3
Ruben Östlund,F:18634c22b226,director,5
Ruben Östlund,F:4a931c545f02,director,2
Ruben Östlund,F:6d78c0ecb7e7,director,10
Ruben Östlund,F:bf3c458ce933,director,4
Ruben Östlund,F:b9284e348d23,director,1
Ruben Östlund,F:f376d0dacdd0,director,7
Ruben Östlund,F:c78c6b97f980,director,9
Ruben Östlund,F:bd648fce3b3f,director,8
Ruben Östlund,F:d210c0d5f689,director,6
Arby Ovanessian,F:7dacc043e524,director,8
Arby Ovanessian,F:7cdcf0b32a06,director,9
Arby Ovanessian,F:141c47593aaa,director,2
Arby Ovanessian,F:ec7726632ac1,director,10
Arby Ovanessian,F:1b88c1a4dd45,director,1
Arby Ovanessian,F:85152d3fca69,director,4
Arby Ovanessian,F:b5749f03606c,director,7
Arby Ovanessian,F:4fd3c9a708f4,director,5
Arby Ovanessian,F:dd26e0ec916e,director,3
Arby Ovanessian,F:1a68aefe7ea1,director,6
Sir Horace Ové,F:a50461292bc4,director,1
Sir Horace Ové,F:1961bdb691aa,director,4
Sir Horace Ové,F:7b5d85393630,director,5
Sir Horace Ové,F:bf6387f2c8ae,director,9
Sir Horace Ové,F:cbca9660da1d,director,3
Sir Horace Ové,F:cda1a8b3152c,director,6
Sir Horace Ové,F:97b42f962368,director,8
Sir Horace Ové,F:03774d8054b0,director,7
Sir Horace Ové,F:b5a06746734d,director,10
Sir Horace Ové,F:4bbf32d00fd9,director,2
Jonathan Owen,F:269e50561c64,critic,7
Jonathan Owen,F:e95a92c86c8d,critic,4
Jonathan Owen,F:59519d7fbcf1,critic,1
Jonathan Owen,F:d8e24aa1ab58,critic,10
Jonathan Owen,F:d653d89fbc90,critic,6
Jonathan Owen,F:9398c1c968eb,critic,2
Jonathan Owen,F:6a96906d77f4,critic,5
Jonathan Owen,F:4e2bc3c14baa,critic,8
Jonathan Owen,F:3bc7224ae260,critic,3
Jonathan Owen,F:f87b3c091815,critic,9
Frank Oz,F:bf6387f2c8ae,director,10
Frank Oz,F:76f8cccf860c,director,6
Frank Oz,F:03774d8054b0,director,7
Frank Oz,F:f58915ed95d4,director,1
Frank Oz,F:7c9c923f35c0,director,2
Frank Oz,F:d0416491dc50,director,4
Frank Oz,F:7c54b4356371,director,3
Frank Oz,F:93a1beda19cd,director,5
Frank Oz,F:e2bff7956338,director,9
Frank Oz,F:38ccb3d447c3,director,8
Asli Özge,F:34cf774aeffe,director,3
Asli Özge,F:83c734e30238,director,10
Asli Özge,F:97b42f962368,director,8
Asli Özge,F:2da4899c687b,director,5
Asli Özge,F:9e103f641ac9,director,4
Asli Özge,F:125061f190de,director,6
Asli Özge,F:7b5d85393630,director,7
Asli Özge,F:0330eeb7767e,director,1
Asli Özge,F:9a64753216c8,director,2
Asli Özge,F:944ad783759e,director,9
Aneta Ozorek,F:648f1e5f51dc,critic,1
Aneta Ozorek,F:d2ac8fced14e,critic,9
Aneta Ozorek,F:34eb1ed0c187,critic,5
Aneta Ozorek,F:dd03c7ae8bd4,critic,8
Aneta Ozorek,F:002c591e702f,critic,6
Aneta Ozorek,F:fbac63dcd9cf,critic,7
Aneta Ozorek,F:5f12ddd69ed9,critic,2
Aneta Ozorek,F:bf3fb98d59b5,critic,4
Aneta Ozorek,F:b6097163dcec,critic,3
Lakshmi Padmanabhan,F:d9dced2e3135,critic,2
Lakshmi Padmanabhan,F:08966bbb6c53,critic,10
Lakshmi Padmanabhan,F:1961bdb691aa,critic,5
Lakshmi Padmanabhan,F:b7b17347ab6a,critic,3
Lakshmi Padmanabhan,F:d2ac8fced14e,critic,8
Lakshmi Padmanabhan,F:a9519db91181,critic,7
Lakshmi Padmanabhan,F:f8323d22d19f,critic,1
Lakshmi Padmanabhan,F:29e8c2663329,critic,9
Lakshmi Padmanabhan,F:f8abdb2ec9d8,critic,4
Lakshmi Padmanabhan,F:8fc32725b37f,critic,6
Grazia Paganelli,F:bd3cf6839d0f,critic,1
Grazia Paganelli,F:28bc497db27d,critic,3
Grazia Paganelli,F:2194d7cfb6e7,critic,5
Grazia Paganelli,F:d4937a407577,critic,8
Grazia Paganelli,F:20a0a276094a,critic,9
Grazia Paganelli,F:2907bfe31ad2,critic,10
Grazia Paganelli,F:fd7bd59c9726,critic,2
Grazia Paganelli,F:520af39d3f5c,critic,7
Grazia Paganelli,F:c0fb0aee874a,critic,6
Grazia Paganelli,F:9afd9a72ea21,critic,4
Camille Paglia,F:b5a06746734d,critic,10
Camille Paglia,F:afa2cf1bc931,critic,3
Camille Paglia,F:069cda2e3235,critic,7
Camille Paglia,F:cbca9660da1d,critic,5
Camille Paglia,F:e2bff7956338,critic,9
Camille Paglia,F:f71879711b8f,critic,6
Camille Paglia,F:97b42f962368,critic,8
Camille Paglia,F:5e324e865e45,critic,1
Camille Paglia,F:b89f28404e4c,critic,2
Camille Paglia,F:db803e57874f,critic,4
John Paizs,F:b132d89fef53,director,9
John Paizs,F:2c1b8d02644e,director,1
John Paizs,F:f71879711b8f,director,3
John Paizs,F:97b42f962368,director,8
John Paizs,F:bf6387f2c8ae,director,10
John Paizs,F:83ebc8b43c9d,director,7
John Paizs,F:09035fce59e3,director,4
John Paizs,F:cb689f3e2a97,director,6
John Paizs,F:6ae8c10ff551,director,2
John Paizs,F:bee09401fa7d,director,5
María Palacios Cruz,F:090832505b0f,critic,9
María Palacios Cruz,F:b1d3b0d928ca,critic,6
María Palacios Cruz,F:cb689f3e2a97,critic,10
María Palacios Cruz,F:ea2d25186893,critic,5
María Palacios Cruz,F:15bcedf51ef8,critic,8
María Palacios Cruz,F:69dee05125cb,critic,7
María Palacios Cruz,F:e6998aae306a,critic,1
María Palacios Cruz,F:e954e9210a24,critic,2
María Palacios Cruz,F:a823e43373f4,critic,4
María Palacios Cruz,F:4c9be83a2ccb,critic,3
Tony Paley,F:c1096be11b09,critic,10
Tony Paley,F:e656f84055cc,critic,1
Tony Paley,F:db3fee30e547,critic,7
Tony Paley,F:2878ecca4ffa,critic,2
Tony Paley,F:dd8d74b54547,critic,3
Tony Paley,F:d8888d7abd8c,critic,4
Tony Paley,F:cea9b572ee48,critic,5
Tony Paley,F:a48411e36a86,critic,8
Tony Paley,F:89f060caf621,critic,6
Tony Paley,F:dc22c8e8d010,critic,9
Paresh C. Palicha,F:a0c4a4e80efe,critic,8
Paresh C. Palicha,F:20fe1e9529d3,critic,3
Paresh C. Palicha,F:f6ff4c164fbd,critic,10
Paresh C. Palicha,F:a63c5bb6fcae,critic,6
Paresh C. Palicha,F:477d960c87b0,critic,1
Paresh C. Palicha,F:08e65c3f8fee,critic,2
Paresh C. Palicha,F:c6927b0883ae,critic,4
Paresh C. Palicha,F:9347a82e3372,critic,9
Paresh C. Palicha,F:6047cdf42f91,critic,7
Paresh C. Palicha,F:9638722cfbe2,critic,5
Hynek Pallas,F:a8708385b2e3,critic,3
Hynek Pallas,F:c3b16d0c3268,critic,4
Hynek Pallas,F:4acddf379d28,critic,9
Hynek Pallas,F:f1d528b6c734,critic,2
Hynek Pallas,F:d2ac8fced14e,critic,7
Hynek Pallas,F:d6dd5be102c0,critic,1
Hynek Pallas,F:cbb0587ba064,critic,8
Hynek Pallas,F:2c00d05903b6,critic,6
Hynek Pallas,F:08966bbb6c53,critic,10
Hynek Pallas,F:d90030976e74,critic,5
Hlynur Pálmason,F:6d78c0ecb7e7,director,9
Hlynur Pálmason,F:125061f190de,director,10
Hlynur Pálmason,F:e074ce2e38fe,director,2
Hlynur Pálmason,F:1232574daf78,director,6
Hlynur Pálmason,F:f5b23bc11b1d,director,7
Hlynur Pálmason,F:bf3c458ce933,director,3
Hlynur Pálmason,F:c78c6b97f980,director,8
Hlynur Pálmason,F:11fff6d5f45a,director,5
Hlynur Pálmason,F:1fe1a3f375d4,director,1
Hlynur Pálmason,F:5e5b16dbc375,director,4
Panah Panahi,F:b132d89fef53,director,6
Panah Panahi,F:944ad783759e,director,4
Panah Panahi,F:f25cc2379d85,director,1
Panah Panahi,F:93a1beda19cd,director,3
Panah Panahi,F:656e29a90259,director,2
Panah Panahi,F:08966bbb6c53,director,5
Jugoslav Pantelić,F:ed09733fe458,critic,5
Jugoslav Pantelić,F:7b5d85393630,critic,8
Jugoslav Pantelić,F:47ba82804292,critic,3
Jugoslav Pantelić,F:8b4b310f435e,critic,6
Jugoslav Pantelić,F:cac0a48aa065,critic,4
Jugoslav Pantelić,F:7fe15b05ccde,critic,10
Jugoslav Pantelić,F:624dc3cf17a7,critic,2
Jugoslav Pantelić,F:4acddf379d28,critic,7
Jugoslav Pantelić,F:d472058d559a,critic,9
Jugoslav Pantelić,F:e658861575d7,critic,1
Andrey Paounov,F:69f5bed6f836,director,10
Andrey Paounov,F:2799de28d75f,director,6
Andrey Paounov,F:7fe15b05ccde,director,9
Andrey Paounov,F:5f9daceb0454,director,4
Andrey Paounov,F:31b177ff3f65,director,1
Andrey Paounov,F:d6d30033c698,director,7
Andrey Paounov,F:a3d0b4e174aa,director,5
Andrey Paounov,F:8b4b310f435e,director,8
Andrey Paounov,F:8d16a29854c9,director,3
Andrey Paounov,F:28ca0abc1109,director,2
Darcy Paquet,F:944ad783759e,critic,8
Darcy Paquet,F:15298623ef1f,critic,3
Darcy Paquet,F:09035fce59e3,critic,6
Darcy Paquet,F:002c591e702f,critic,2
Darcy Paquet,F:10e86670da04,critic,4
Darcy Paquet,F:f44713a09e4d,critic,5
Darcy Paquet,F:090832505b0f,critic,7
Darcy Paquet,F:b81ddc038404,critic,1
Darcy Paquet,F:9f96298e4d23,critic,10
Darcy Paquet,F:e2bff7956338,critic,9
Ed Park,F:0021a3057e2e,critic,8
Ed Park,F:62461b85b088,critic,3
Ed Park,F:5d0fccf10633,critic,10
Ed Park,F:af853c735d50,critic,7
Ed Park,F:0df0ba2c2f9f,critic,9
Ed Park,F:c66573a05227,critic,4
Ed Park,F:bd915b904f72,critic,6
Ed Park,F:144ec5683735,critic,1
Ed Park,F:6491c894a058,critic,5
Ed Park,F:97dd0fdbaf6a,critic,2
Kiyong Park,F:2bcbc58a252d,director,8
Kiyong Park,F:4ba839ad7713,director,4
Kiyong Park,F:9fa8a94443bd,director,7
Kiyong Park,F:3e7a3a8f8433,director,6
Kiyong Park,F:6f2a4d797b57,director,2
Kiyong Park,F:4709ea00b337,director,1
Kiyong Park,F:83c734e30238,director,10
Kiyong Park,F:71f230acd3f0,director,5
Kiyong Park,F:325075869126,director,9
Kiyong Park,F:5317f9778b06,director,3
David Parkinson,F:d56a2e363915,critic,1
David Parkinson,F:4178c0f6fbb7,critic,6
David Parkinson,F:bf6387f2c8ae,critic,9
David Parkinson,F:38ccb3d447c3,critic,7
David Parkinson,F:9f96298e4d23,critic,8
David Parkinson,F:0aec7c4badf9,critic,3
David Parkinson,F:09035fce59e3,critic,5
David Parkinson,F:e414fbe0b027,critic,4
David Parkinson,F:83c734e30238,critic,10
David Parkinson,F:55f45b5f336c,critic,2
Tommi Partanen,F:4434c6705bd6,critic,10
Tommi Partanen,F:a6b2d4ef6e92,critic,7
Tommi Partanen,F:a2006b1e3f35,critic,4
Tommi Partanen,F:af358d7d1d59,critic,6
Tommi Partanen,F:ae24209c7310,critic,5
Tommi Partanen,F:d5d45d8c9f1b,critic,9
Tommi Partanen,F:8434936e6154,critic,2
Tommi Partanen,F:33292b411f6c,critic,1
Tommi Partanen,F:37a9fd3afae9,critic,3
Tommi Partanen,F:165ea115d0f7,critic,8
Cristiana Paternò,F:e9b8ad96fdfa,critic,1
Cristiana Paternò,F:5e1dfafa4c51,critic,3
Cristiana Paternò,F:2907bfe31ad2,critic,4
Cristiana Paternò,F:b5749f03606c,critic,7
Cristiana Paternò,F:4b9cd36eace5,critic,2
Cristiana Paternò,F:09035fce59e3,critic,8
Cristiana Paternò,F:03b3065dc545,critic,6
Cristiana Paternò,F:2ec8e3a6b8aa,critic,5
Cristiana Paternò,F:6d78c0ecb7e7,critic,10
Cristiana Paternò,F:edfb01f5a9d6,critic,9
Parichay Patra,F:ff478deae1ed,critic,9
Parichay Patra,F:740786459d34,critic,8
Parichay Patra,F:5c82d20d7e07,critic,3
Parichay Patra,F:f55430b2c93b,critic,7
Parichay Patra,F:af54ccee8306,critic,2
Parichay Patra,F:5317f9778b06,critic,5
Parichay Patra,F:4d1cd4656b98,critic,6
Parichay Patra,F:f87b3c091815,critic,10
Parichay Patra,F:3ed8fcd3c75c,critic,4
Parichay Patra,F:cb3dc6ad287c,critic,1
Hannah Patterson,F:71c7b9363133,critic,8
Hannah Patterson,F:d1d43bf4deff,critic,4
Hannah Patterson,F:2af5c5bcacdf,critic,7
Hannah Patterson,F:4910ffd369f1,critic,3
Hannah Patterson,F:325075869126,critic,9
Hannah Patterson,F:08966bbb6c53,critic,10
Hannah Patterson,F:4925de5e6090,critic,1
Hannah Patterson,F:1876b26426fa,critic,5
Hannah Patterson,F:e8d2748de292,critic,2
Hannah Patterson,F:d6d30033c698,critic,6
Storm Patterson,F:9000c8f0eb34,critic,7
Storm Patterson,F:d2ac8fced14e,critic,10
Storm Patterson,F:0df7362f710e,critic,8
Storm Patterson,F:6e1556db6934,critic,3
Storm Patterson,F:a5114659ddc1,critic,5
Storm Patterson,F:eac7592a8f91,critic,4
Storm Patterson,F:4434c6705bd6,critic,9
Storm Patterson,F:ab87aa838d6d,critic,6
Storm Patterson,F:f5847b9a46ed,critic,1
Storm Patterson,F:b1a3243063a2,critic,2
Michael Pattison,F:deeab743dbaf,critic,1
Michael Pattison,F:516ef3c62940,critic,2
Michael Pattison,F:34e7464a7cf1,critic,3
Michael Pattison,F:01c294106524,critic,4
Michael Pattison,F:43349a17ec95,critic,5
Michael Pattison,F:31c6bf79c07b,critic,7
Michael Pattison,F:277c632499c8,critic,9
Michael Pattison,F:885b9292f4f2,critic,10
Michael Pattison,F:43e3901c2932,critic,6
Michael Pattison,F:d7ba36a72f45,critic,8
Anand Patwardhan,F:d0605fcc213a,director,8
Anand Patwardhan,F:9c707a2e0bd5,director,6
Anand Patwardhan,F:b9b7f1e1a3e2,director,1
Anand Patwardhan,F:04e1b425cb89,director,5
Anand Patwardhan,F:73d5fc24e9af,director,3
Anand Patwardhan,F:f55510aaf12b,director,4
Anand Patwardhan,F:2d8fc354cc2d,director,7
Anand Patwardhan,F:0973a349f5b6,director,2
Bina Paul Venugopal,F:cda1a8b3152c,critic,5
Bina Paul Venugopal,F:2c26a4f4a045,critic,1
Bina Paul Venugopal,F:29e8c2663329,critic,6
Bina Paul Venugopal,F:802e7bb2727f,critic,2
Bina Paul Venugopal,F:08966bbb6c53,critic,8
Bina Paul Venugopal,F:1961bdb691aa,critic,4
Bina Paul Venugopal,F:9f96298e4d23,critic,9
Bina Paul Venugopal,F:83ebc8b43c9d,critic,7
Bina Paul Venugopal,F:83c734e30238,critic,10
Bina Paul Venugopal,F:146ec1241d81,critic,3
Vjeran Pavlinić,F:9a480687a7e7,critic,6
Vjeran Pavlinić,F:090832505b0f,critic,10
Vjeran Pavlinić,F:ac5ed19415a0,critic,5
Vjeran Pavlinić,F:35c4aff1b6e2,critic,7
Vjeran Pavlinić,F:37292c874e0a,critic,1
Vjeran Pavlinić,F:cbbef6d88e97,critic,4
Vjeran Pavlinić,F:f376d0dacdd0,critic,9
Vjeran Pavlinić,F:11515d7da31d,critic,3
Vjeran Pavlinić,F:6bd726b305a8,critic,8
Vjeran Pavlinić,F:00b7f141b3a5,critic,2
Milan Pavlovic,F:4434c6705bd6,critic,7
Milan Pavlovic,F:e4c949fb454a,critic,5
Milan Pavlovic,F:a1e08b48d28d,critic,1
Milan Pavlovic,F:4caeed3c6363,critic,2
Milan Pavlovic,F:66e0b02405e2,critic,3
Milan Pavlovic,F:176166e412b4,critic,8
Milan Pavlovic,F:d4937a407577,critic,4
Milan Pavlovic,F:d117472f572e,critic,10
Milan Pavlovic,F:f44713a09e4d,critic,9
Milan Pavlovic,F:fbfc282cbfbb,critic,6
Paweł Pawlikowski,F:83ebc8b43c9d,director,10
Paweł Pawlikowski,F:f376d0dacdd0,director,5
Paweł Pawlikowski,F:e2bff7956338,director,11
Paweł Pawlikowski,F:f71879711b8f,director,6
Paweł Pawlikowski,F:069cda2e3235,director,7
Paweł Pawlikowski,F:29e8c2663329,director,9
Paweł Pawlikowski,F:d472058d559a,director,8
Paweł Pawlikowski,F:e067866bf78e,director,4
Paweł Pawlikowski,F:2a9843e83d75,director,2
Paweł Pawlikowski,F:f96da45e774e,director,3
Paweł Pawlikowski,F:f58d998525bf,director,1
Babak Payami,F:bf6387f2c8ae,director,10
Babak Payami,F:03774d8054b0,director,8
Babak Payami,F:b132d89fef53,director,9
Babak Payami,F:0df7362f710e,director,5
Babak Payami,F:db803e57874f,director,4
Babak Payami,F:6153eeb1ef64,director,6
Babak Payami,F:83ebc8b43c9d,director,7
Babak Payami,F:bdae2ca96547,director,1
Babak Payami,F:0e802a09eb66,director,2
Babak Payami,F:6c5a28405e28,director,3
Alexander Payne,F:03774d8054b0,director,9
Alexander Payne,F:83ebc8b43c9d,director,8
Alexander Payne,F:7dacc043e524,director,6
Alexander Payne,F:665eab0ab9d1,director,3
Alexander Payne,F:8b4b310f435e,director,4
Alexander Payne,F:15298623ef1f,director,5
Alexander Payne,F:63d46e5d8cef,director,2
Alexander Payne,F:4bbf32d00fd9,director,1
Alexander Payne,F:7fe15b05ccde,director,10
Alexander Payne,F:edfb01f5a9d6,director,7
Alexander Payne,F:bf6387f2c8ae,director,11
Julie Pearce,F:03774d8054b0,critic,7
Julie Pearce,F:2bcbc58a252d,critic,5
Julie Pearce,F:ec7726632ac1,critic,6
Julie Pearce,F:2ec8e3a6b8aa,critic,3
Julie Pearce,F:83c734e30238,critic,10
Julie Pearce,F:176166e412b4,critic,4
Julie Pearce,F:e3a29e728f76,critic,1
Julie Pearce,F:38ccb3d447c3,critic,8
Julie Pearce,F:08966bbb6c53,critic,9
Julie Pearce,F:93a1beda19cd,critic,2
Sanjin Pejković,F:7b5d85393630,critic,8
Sanjin Pejković,F:1a4b965a9b4e,critic,1
Sanjin Pejković,F:5193e70b2925,critic,2
Sanjin Pejković,F:d472058d559a,critic,9
Sanjin Pejković,F:28ca0abc1109,critic,3
Sanjin Pejković,F:2907bfe31ad2,critic,6
Sanjin Pejković,F:7c9c923f35c0,critic,5
Sanjin Pejković,F:2c00d05903b6,critic,4
Sanjin Pejković,F:d2ac8fced14e,critic,7
Sanjin Pejković,F:cb689f3e2a97,critic,10
Manuel Peláez,F:b7dbf64232a8,critic,8
Manuel Peláez,F:ffcac6c99509,critic,2
Manuel Peláez,F:d8e24aa1ab58,critic,9
Manuel Peláez,F:9503b95b7798,critic,5
Manuel Peláez,F:34cf774aeffe,critic,6
Manuel Peláez,F:813bde6e3053,critic,10
Manuel Peláez,F:3ec40e40a443,critic,3
Manuel Peláez,F:d3071a649ef8,critic,1
Manuel Peláez,F:15cebbda1cd1,critic,7
Manuel Peláez,F:8db25a4797e8,critic,4
Paolo Pellicano,F:4435e07fea33,critic,3
Paolo Pellicano,F:1174009b97fe,critic,8
Paolo Pellicano,F:833cd8b378fb,critic,9
Paolo Pellicano,F:4434c6705bd6,critic,10
Paolo Pellicano,F:be5197f08d0d,critic,7
Paolo Pellicano,F:6bd726b305a8,critic,5
Paolo Pellicano,F:e170ebea0a3c,critic,1
Paolo Pellicano,F:38516f3726c8,critic,6
Paolo Pellicano,F:da1c0f0f7073,critic,2
Paolo Pellicano,F:fa14126df2e7,critic,4
Jaime Pena,F:d117472f572e,critic,10
Jaime Pena,F:c3c9bf4e6b39,critic,1
Jaime Pena,F:82086537b206,critic,2
Jaime Pena,F:9223c478b715,critic,3
Jaime Pena,F:b339d6c582f0,critic,6
Jaime Pena,F:a9519db91181,critic,8
Jaime Pena,F:cbb0587ba064,critic,9
Jaime Pena,F:aa65b1eedc05,critic,7
Jaime Pena,F:7a7c0ff849d4,critic,5
Jaime Pena,F:6ffcf833b768,critic,4
Miguel Pendás,F:bf6387f2c8ae,critic,9
Miguel Pendás,F:4434c6705bd6,critic,6
Miguel Pendás,F:b5a06746734d,critic,10
Miguel Pendás,F:f71879711b8f,critic,4
Miguel Pendás,F:15298623ef1f,critic,5
Miguel Pendás,F:e9e268170b35,critic,3
Miguel Pendás,F:4856ae18c1cd,critic,2
Miguel Pendás,F:7dacc043e524,critic,8
Miguel Pendás,F:069cda2e3235,critic,7
Miguel Pendás,F:1c8565784f6c,critic,1
Ian Penman,F:f88f86b2bb29,critic,7
Ian Penman,F:b3b870d3401e,critic,6
Ian Penman,F:1a3b56ef9527,critic,4
Ian Penman,F:5e0dde3b864c,critic,2
Ian Penman,F:49892729713b,critic,1
Ian Penman,F:ef039f7a68b5,critic,8
Ian Penman,F:eb1fffa00cfe,critic,5
Ian Penman,F:31e3a3512a76,critic,9
Ian Penman,F:950c29bf9796,critic,10
Ian Penman,F:f945bc3c5215,critic,3
Višnja Pentić Vukašinović,F:d8e24aa1ab58,critic,9
Višnja Pentić Vukašinović,F:d2c81bee4c02,critic,3
Višnja Pentić Vukašinović,F:950c29bf9796,critic,7
Višnja Pentić Vukašinović,F:7563724e051a,critic,2
Višnja Pentić Vukašinović,F:665eab0ab9d1,critic,8
Višnja Pentić Vukašinović,F:8703270231ee,critic,6
Višnja Pentić Vukašinović,F:44d249fc6091,critic,5
Višnja Pentić Vukašinović,F:eb6115735be9,critic,4
Višnja Pentić Vukašinović,F:944ad783759e,critic,10
Višnja Pentić Vukašinović,F:e7742deccf2b,critic,1
Edgar Pêra,F:3a7dbc0df0c9,director,6
Edgar Pêra,F:f88f86b2bb29,director,9
Edgar Pêra,F:84b21c154471,director,1
Edgar Pêra,F:7a4937c915f3,director,8
Edgar Pêra,F:d0416491dc50,director,10
Edgar Pêra,F:f819b6430592,director,2
Edgar Pêra,F:507501967e5c,director,5
Edgar Pêra,F:6962ec557cd8,director,3
Edgar Pêra,F:53292a3c8370,director,4
Edgar Pêra,F:18634c22b226,director,7
Olivier Père,F:4178c0f6fbb7,critic,8
Olivier Père,F:d117472f572e,critic,7
Olivier Père,F:e4e5d0b8b474,critic,10
Olivier Père,F:8fe1bdde11ef,critic,4
Olivier Père,F:6d78c0ecb7e7,critic,6
Olivier Père,F:c0891d475a49,critic,5
Olivier Père,F:c34fe68dc6cf,critic,3
Olivier Père,F:97b42f962368,critic,9
Olivier Père,F:08cc8188022e,critic,1
Olivier Père,F:e152a2918678,critic,2
Justine Peres Smith,F:e4e5d0b8b474,critic,8
Justine Peres Smith,F:0e061101bdea,critic,5
Justine Peres Smith,F:0a600f29226c,critic,7
Justine Peres Smith,F:296c885895bb,critic,6
Justine Peres Smith,F:83c734e30238,critic,10
Justine Peres Smith,F:f85c54efe544,critic,3
Justine Peres Smith,F:432bbc185cbb,critic,4
Justine Peres Smith,F:08966bbb6c53,critic,9
Justine Peres Smith,F:269ff03a9765,critic,2
Justine Peres Smith,F:054ed9edb7f9,critic,1
Julio Pérez Perucha,F:b5a06746734d,critic,10
Julio Pérez Perucha,F:a974077eb9e0,critic,4
Julio Pérez Perucha,F:98aa847a19fe,critic,7
Julio Pérez Perucha,F:5c226aa5de90,critic,6
Julio Pérez Perucha,F:4178c0f6fbb7,critic,9
Julio Pérez Perucha,F:d117472f572e,critic,8
Julio Pérez Perucha,F:a34ad1910db9,critic,2
Julio Pérez Perucha,F:cac0a48aa065,critic,5
Julio Pérez Perucha,F:1746571f3870,critic,1
Julio Pérez Perucha,F:b86de048bc77,critic,3
Domino Renee Perez,F:4434c6705bd6,critic,6
Domino Renee Perez,F:38ccb3d447c3,critic,9
Domino Renee Perez,F:e2bff7956338,critic,10
Domino Renee Perez,F:ae24209c7310,critic,2
Domino Renee Perez,F:7edd9692528b,critic,1
Domino Renee Perez,F:03774d8054b0,critic,8
Domino Renee Perez,F:d117472f572e,critic,7
Domino Renee Perez,F:665eab0ab9d1,critic,4
Domino Renee Perez,F:4a7fa7be8c87,critic,5
Domino Renee Perez,F:c34fe68dc6cf,critic,3
Xavier Pérez,F:03809811ea9b,critic,4
Xavier Pérez,F:0e061101bdea,critic,1
Xavier Pérez,F:d117472f572e,critic,7
Xavier Pérez,F:176166e412b4,critic,5
Xavier Pérez,F:7b5d85393630,critic,6
Xavier Pérez,F:83ebc8b43c9d,critic,8
Xavier Pérez,F:97b42f962368,critic,9
Xavier Pérez,F:6ef9ec2a60f2,critic,3
Xavier Pérez,F:165ea115d0f7,critic,2
Xavier Pérez,F:653f45346bcc,critic,10
Sumitra Peries,F:ec7726632ac1,director,10
Sumitra Peries,F:e100f8f6880a,director,1
Sumitra Peries,F:cda1a8b3152c,director,9
Sumitra Peries,F:d653d89fbc90,director,4
Sumitra Peries,F:cdb76db94f02,director,5
Sumitra Peries,F:bee09401fa7d,director,7
Sumitra Peries,F:8b24f25f97b4,director,2
Sumitra Peries,F:024fe592458e,director,3
Sumitra Peries,F:7b5d85393630,director,8
Sumitra Peries,F:a5083fa04636,director,6
Jacob Perlin,F:b132d89fef53,critic,9
Jacob Perlin,F:7f6516307c97,critic,2
Jacob Perlin,F:0de89c93aaa2,critic,5
Jacob Perlin,F:39209ad68654,critic,1
Jacob Perlin,F:12fb318fa245,critic,7
Jacob Perlin,F:47e2ed0b7843,critic,4
Jacob Perlin,F:722a41234523,critic,6
Jacob Perlin,F:f9f8ae366720,critic,3
Jacob Perlin,F:20a0a276094a,critic,8
Alex Ross Perry,F:73ac13372020,director,7
Alex Ross Perry,F:ef28514dc4e7,director,8
Alex Ross Perry,F:09035fce59e3,director,10
Alex Ross Perry,F:8d16a29854c9,director,4
Alex Ross Perry,F:f487433720d3,director,9
Alex Ross Perry,F:f23139868d29,director,1
Alex Ross Perry,F:9dc99962ce43,director,6
Alex Ross Perry,F:e883b87e1b57,director,3
Alex Ross Perry,F:a7fb4794b496,director,5
Alex Ross Perry,F:de0cafc04bea,director,2
Daniela Persico,F:bf6387f2c8ae,critic,8
Daniela Persico,F:b5a06746734d,critic,9
Daniela Persico,F:4c11c72054c5,critic,1
Daniela Persico,F:44d249fc6091,critic,4
Daniela Persico,F:29e8c2663329,critic,7
Daniela Persico,F:5c226aa5de90,critic,3
Daniela Persico,F:83c734e30238,critic,10
Daniela Persico,F:dd03c7ae8bd4,critic,6
Daniela Persico,F:e499a42520f0,critic,2
Daniela Persico,F:77324d1d150c,critic,5
Regina Pessoa,F:a8d48e8e61f0,director,9
Regina Pessoa,F:2dcfcfdfec73,director,1
Regina Pessoa,F:f78b136d089b,director,8
Regina Pessoa,F:9539729dc80f,director,10
Regina Pessoa,F:5f021aa369d3,director,7
Regina Pessoa,F:caa308e1aead,director,5
Regina Pessoa,F:768bab04481a,director,3
Regina Pessoa,F:1d4aa521db4c,director,6
Regina Pessoa,F:3141e236e9a9,director,4
Regina Pessoa,F:c2ef02e2ec8a,director,2
Muszatics Péter,F:7fe15b05ccde,critic,8
Muszatics Péter,F:bf6387f2c8ae,critic,10
Muszatics Péter,F:dd8922e816e9,critic,3
Muszatics Péter,F:8b4b310f435e,critic,6
Muszatics Péter,F:25344d9e0b31,critic,2
Muszatics Péter,F:069cda2e3235,critic,7
Muszatics Péter,F:4178c0f6fbb7,critic,9
Muszatics Péter,F:8481529aa9c4,critic,5
Muszatics Péter,F:4a931c545f02,critic,1
Muszatics Péter,F:a27ff54edcc2,critic,4
Agnes Petho,F:069cda2e3235,critic,9
Agnes Petho,F:20a0a276094a,critic,7
Agnes Petho,F:15298623ef1f,critic,8
Agnes Petho,F:991d1b01c960,critic,1
Agnes Petho,F:5590823f55a5,critic,2
Agnes Petho,F:219f0fe7d6f9,critic,4
Agnes Petho,F:db803e57874f,critic,5
Agnes Petho,F:e147c7e3e29c,critic,6
Agnes Petho,F:cb9821f13eb1,critic,3
Agnes Petho,F:97b42f962368,critic,10
Christopher Petit,F:c47f3a270320,director,9
Christopher Petit,F:48b643ebad0d,director,1
Christopher Petit,F:b68e99a6a439,director,2
Christopher Petit,F:05be2d5b9ba3,director,8
Christopher Petit,F:5da3257fe36e,director,7
Christopher Petit,F:99148fd3b78a,director,6
Christopher Petit,F:3db25dc7721c,director,3
Christopher Petit,F:a27ff54edcc2,director,10
Christopher Petit,F:76a093f087b5,director,5
Christopher Petit,F:dfe38d5b7289,director,4
Savina Petkova,F:2eb5e0cd3ccf,critic,3
Savina Petkova,F:15bcedf51ef8,critic,7
Savina Petkova,F:bd5b1d907d3a,critic,5
Savina Petkova,F:d2ac8fced14e,critic,9
Savina Petkova,F:325075869126,critic,10
Savina Petkova,F:b5936ac82331,critic,4
Savina Petkova,F:d0f136d278e1,critic,1
Savina Petkova,F:48f6f9148b34,critic,2
Savina Petkova,F:16913ba1d831,critic,6
Savina Petkova,F:6744994f98f6,critic,8
Vladan Petković,F:f00e3c45dd9d,critic,5
Vladan Petković,F:cbb0587ba064,critic,8
Vladan Petković,F:b132d89fef53,critic,10
Vladan Petković,F:ab5a1975cb2e,critic,3
Vladan Petković,F:2799de28d75f,critic,7
Vladan Petković,F:d8f68ce737a6,critic,2
Vladan Petković,F:833cd8b378fb,critic,6
Vladan Petković,F:6a96906d77f4,critic,4
Vladan Petković,F:125061f190de,critic,9
Vladan Petković,F:a1fc1e220dbc,critic,1
Simon Petri-Lukács,F:9832dcc6e9dd,critic,5
Simon Petri-Lukács,F:83d479d3ae29,critic,8
Simon Petri-Lukács,F:96b0125c2257,critic,7
Simon Petri-Lukács,F:2277f5be985b,critic,1
Simon Petri-Lukács,F:8ed98c2d0e97,critic,3
Simon Petri-Lukács,F:4caeed3c6363,critic,6
Simon Petri-Lukács,F:7be38868e0ce,critic,9
Simon Petri-Lukács,F:6fa6085052ae,critic,2
Simon Petri-Lukács,F:eb6115735be9,critic,10
Simon Petri-Lukács,F:a839db59f170,critic,4
Helen Petts,F:6e92bae17de8,director,7
Helen Petts,F:3852b557c520,director,2
Helen Petts,F:83c734e30238,director,10
Helen Petts,F:2c00d05903b6,director,5
Helen Petts,F:27dabb47fa0c,director,1
Helen Petts,F:b5936ac82331,director,3
Helen Petts,F:269ff03a9765,director,6
Helen Petts,F:f44713a09e4d,director,9
Helen Petts,F:03b3065dc545,director,8
Helen Petts,F:59e546399154,director,4
Alberto Pezzotta,F:b132d89fef53,critic,9
Alberto Pezzotta,F:bf6387f2c8ae,critic,10
Alberto Pezzotta,F:069cda2e3235,critic,8
Alberto Pezzotta,F:537490443a63,critic,5
Alberto Pezzotta,F:cfbe9a9d274f,critic,1
Alberto Pezzotta,F:68095e4e33e8,critic,6
Alberto Pezzotta,F:4435e07fea33,critic,4
Alberto Pezzotta,F:4a7fa7be8c87,critic,7
Alberto Pezzotta,F:2c588fbbc926,critic,3
Alberto Pezzotta,F:7c86e76c5e08,critic,2
Norbert Pfaffenbichler,F:cb9710eaaac9,director,3
Norbert Pfaffenbichler,F:88f068b796c4,director,7
Norbert Pfaffenbichler,F:ab0f17904050,director,4
Norbert Pfaffenbichler,F:d0416491dc50,director,9
Norbert Pfaffenbichler,F:a6b2d4ef6e92,director,8
Norbert Pfaffenbichler,F:b3858d1cff92,director,5
Norbert Pfaffenbichler,F:8a2cf62378e3,director,6
Norbert Pfaffenbichler,F:8703270231ee,director,10
Norbert Pfaffenbichler,F:e507a2715d23,director,2
Norbert Pfaffenbichler,F:bfe3c32d6e74,director,1
Raymond Phathanavirangoon,F:ec7726632ac1,critic,8
Raymond Phathanavirangoon,F:29e8c2663329,critic,9
Raymond Phathanavirangoon,F:114ae73dd3a7,critic,7
Raymond Phathanavirangoon,F:a6e9d8d798ae,critic,1
Raymond Phathanavirangoon,F:4178c0f6fbb7,critic,10
Raymond Phathanavirangoon,F:8481529aa9c4,critic,4
Raymond Phathanavirangoon,F:6ffcf833b768,critic,3
Raymond Phathanavirangoon,F:2b8f2194d907,critic,5
Raymond Phathanavirangoon,F:9aa40df22c3e,critic,2
Raymond Phathanavirangoon,F:7a7c0ff849d4,critic,6
David Phelps,F:55f1e2431bc1,critic,1
David Phelps,F:426000449df9,critic,3
David Phelps,F:9fa8a94443bd,critic,9
David Phelps,F:d39d1b73d6fa,critic,10
David Phelps,F:d8ca1cf0db1b,critic,8
David Phelps,F:1025a8d62d64,critic,4
David Phelps,F:5d1eeae30e1c,critic,7
David Phelps,F:04af00ded4bc,critic,2
David Phelps,F:be3ebad5d663,critic,5
David Phelps,F:11e36d1e4350,critic,6
Alexandre O. Philippe,F:8810e0dee643,director,2
Alexandre O. Philippe,F:b5a06746734d,director,10
Alexandre O. Philippe,F:4434c6705bd6,director,9
Alexandre O. Philippe,F:86492732cf2a,director,3
Alexandre O. Philippe,F:c76cd5002ae1,director,4
Alexandre O. Philippe,F:2051644a8253,director,1
Alexandre O. Philippe,F:146f1c3fc9b2,director,6
Alexandre O. Philippe,F:d19468c67d4e,director,5
Alexandre O. Philippe,F:ea8c30267045,director,8
Alexandre O. Philippe,F:b09fb8ce622b,director,7
Alastair Phillips,F:c22c42cd69b9,critic,7
Alastair Phillips,F:e4e5d0b8b474,critic,9
Alastair Phillips,F:24dc6c8040d9,critic,3
Alastair Phillips,F:9f96298e4d23,critic,10
Alastair Phillips,F:92e8e24d31c6,critic,1
Alastair Phillips,F:fbaed03c3121,critic,4
Alastair Phillips,F:2d43a6a015f0,critic,2
Alastair Phillips,F:cb689f3e2a97,critic,8
Alastair Phillips,F:002c591e702f,critic,6
Alastair Phillips,F:951e168add74,critic,5
Michael Phillips,F:bd9efaa29502,critic,2
Michael Phillips,F:ec7726632ac1,critic,6
Michael Phillips,F:03809811ea9b,critic,4
Michael Phillips,F:1b9a570555e5,critic,1
Michael Phillips,F:9f96298e4d23,critic,8
Michael Phillips,F:e4e5d0b8b474,critic,7
Michael Phillips,F:bf6387f2c8ae,critic,9
Michael Phillips,F:83c734e30238,critic,10
Michael Phillips,F:4996e9b10df0,critic,3
Michael Phillips,F:f71879711b8f,critic,5
Cristina Piccino,F:2ec8e3a6b8aa,critic,8
Cristina Piccino,F:41fc7d0dca78,critic,1
Cristina Piccino,F:817ba6891011,critic,3
Cristina Piccino,F:c22c42cd69b9,critic,9
Cristina Piccino,F:10e86670da04,critic,10
Cristina Piccino,F:0d1fd8db8fb0,critic,6
Cristina Piccino,F:6483a057f068,critic,4
Cristina Piccino,F:c29fbb81f64c,critic,5
Cristina Piccino,F:dfff4d8e8ff5,critic,2
Cristina Piccino,F:d2c81bee4c02,critic,7
Pablo Piedras,F:10acf0e1e664,critic,4
Pablo Piedras,F:9f4bdfd01cfb,critic,8
Pablo Piedras,F:2ec8e3a6b8aa,critic,9
Pablo Piedras,F:8fe1bdde11ef,critic,10
Pablo Piedras,F:5e1dfafa4c51,critic,7
Pablo Piedras,F:021d58f95670,critic,6
Pablo Piedras,F:ee5b4a695a1b,critic,1
Pablo Piedras,F:c834f31200a5,critic,2
Pablo Piedras,F:4b71ee11d36d,critic,5
Pablo Piedras,F:7015896f0409,critic,3
Marcin Pieńkowski,F:ed913192d169,critic,9
Marcin Pieńkowski,F:5931e44a9fad,critic,1
Marcin Pieńkowski,F:f6bf4689418e,critic,3
Marcin Pieńkowski,F:db803e57874f,critic,4
Marcin Pieńkowski,F:feaa04ac1109,critic,8
Marcin Pieńkowski,F:93a1beda19cd,critic,6
Marcin Pieńkowski,F:8703270231ee,critic,7
Marcin Pieńkowski,F:6d78c0ecb7e7,critic,10
Marcin Pieńkowski,F:146ec1241d81,critic,5
Marcin Pieńkowski,F:2c1796d61abc,critic,2
Hannah Pilarczyk,F:8fe1bdde11ef,critic,7
Hannah Pilarczyk,F:83c734e30238,critic,10
Hannah Pilarczyk,F:c41986eabc20,critic,5
Hannah Pilarczyk,F:cbb0587ba064,critic,8
Hannah Pilarczyk,F:8fc32725b37f,critic,6
Hannah Pilarczyk,F:8802ae18c66c,critic,2
Hannah Pilarczyk,F:dcdf408cc6c8,critic,1
Hannah Pilarczyk,F:ae24be4474d6,critic,4
Hannah Pilarczyk,F:bef1d4864b29,critic,3
Hannah Pilarczyk,F:325075869126,critic,9
Mark Pilkington,F:ef28514dc4e7,critic,9
Mark Pilkington,F:37bbd65ea51f,critic,7
Mark Pilkington,F:f376d0dacdd0,critic,10
Mark Pilkington,F:7a4937c915f3,critic,6
Mark Pilkington,F:14731d2d5e4b,critic,3
Mark Pilkington,F:74869694acb1,critic,8
Mark Pilkington,F:9d5f6e82448b,critic,5
Mark Pilkington,F:9d1d2b412b6e,critic,1
Mark Pilkington,F:1e878e355bfb,critic,2
Mark Pilkington,F:a758f31506ad,critic,4
Xavier Pillai,F:176166e412b4,critic,9
Xavier Pillai,F:002c591e702f,critic,7
Xavier Pillai,F:9fa2ffff0e05,critic,4
Xavier Pillai,F:944ad783759e,critic,10
Xavier Pillai,F:af9e3551238b,critic,5
Xavier Pillai,F:a5d9c716a37a,critic,1
Xavier Pillai,F:95cb5acf1ea2,critic,6
Xavier Pillai,F:ea8c30267045,critic,8
Xavier Pillai,F:effdc0addc4c,critic,2
Xavier Pillai,F:513a2be572a8,critic,3
Maria Assunta Pimpinelli,F:0e061101bdea,critic,5
Maria Assunta Pimpinelli,F:b132d89fef53,critic,10
Maria Assunta Pimpinelli,F:6b927993e1e1,critic,6
Maria Assunta Pimpinelli,F:2bcbc58a252d,critic,9
Maria Assunta Pimpinelli,F:9f50f90b7d25,critic,1
Maria Assunta Pimpinelli,F:860988085746,critic,3
Maria Assunta Pimpinelli,F:d3be62cd11bc,critic,2
Maria Assunta Pimpinelli,F:95bd800bd9e5,critic,7
Maria Assunta Pimpinelli,F:40851c97fe02,critic,4
Maria Assunta Pimpinelli,F:f44713a09e4d,critic,8
Matías Piñeiro,F:a45a25acb4b7,director,2
Matías Piñeiro,F:f739fcf77abb,director,1
Matías Piñeiro,F:72d6d9bf2299,director,9
Matías Piñeiro,F:73bc2b4ab8ea,director,6
Matías Piñeiro,F:4e2bc3c14baa,director,10
Matías Piñeiro,F:265ff24c9602,director,7
Matías Piñeiro,F:856244b95545,director,3
Matías Piñeiro,F:ef557d6c32c4,director,8
Matías Piñeiro,F:8a405444b988,director,5
Matías Piñeiro,F:7c18c1b129fb,director,4
David Pirie,F:b5a06746734d,critic,10
David Pirie,F:09035fce59e3,critic,9
David Pirie,F:43611010276c,critic,4
David Pirie,F:aea71f65442f,critic,3
David Pirie,F:5eb3f32cb758,critic,1
David Pirie,F:4953ffd81613,critic,6
David Pirie,F:f3d08d20e859,critic,2
David Pirie,F:1a5ed79e90c4,critic,7
David Pirie,F:9dc99962ce43,critic,5
David Pirie,F:6ae8c10ff551,critic,8
Adam Piron,F:31e3a3512a76,critic,5
Adam Piron,F:ce83cdfc8504,critic,2
Adam Piron,F:cf4f8f54b4df,critic,4
Adam Piron,F:0565ff7fd56c,critic,6
Adam Piron,F:090832505b0f,critic,7
Adam Piron,F:f095cac61731,critic,1
Adam Piron,F:944ad783759e,critic,8
Adam Piron,F:653f45346bcc,critic,9
Adam Piron,F:41a9c0cf626d,critic,3
Adam Piron,F:b5a06746734d,critic,10
Martial Pisani,F:7a7c0ff849d4,critic,10
Martial Pisani,F:ce83cdfc8504,critic,5
Martial Pisani,F:901ab8f3201b,critic,2
Martial Pisani,F:25344d9e0b31,critic,3
Martial Pisani,F:5eda79b572ba,critic,1
Martial Pisani,F:58f9e7707a27,critic,9
Martial Pisani,F:d8ca1cf0db1b,critic,6
Martial Pisani,F:9000c8f0eb34,critic,8
Martial Pisani,F:9e129ad0f5e5,critic,7
Martial Pisani,F:6dce6699f9c1,critic,4
Leslie Pitt,F:d20d0ba20070,critic,4
Leslie Pitt,F:67e626756b7d,critic,2
Leslie Pitt,F:af3336b803be,critic,9
Leslie Pitt,F:7af3bfecc2a8,critic,8
Leslie Pitt,F:8ce8232221d4,critic,7
Leslie Pitt,F:7b0fdc076a32,critic,5
Leslie Pitt,F:8b4b310f435e,critic,10
Leslie Pitt,F:9bc253a7e2b4,critic,6
Leslie Pitt,F:56b1d259f08e,critic,3
Leslie Pitt,F:d60a953386db,critic,1
Andrei Plakhov,F:22adaefb9971,critic,1
Andrei Plakhov,F:29e8c2663329,critic,9
Andrei Plakhov,F:28d41c264f9a,critic,7
Andrei Plakhov,F:f44713a09e4d,critic,8
Andrei Plakhov,F:479e6879e365,critic,4
Andrei Plakhov,F:eeb94ecd85af,critic,6
Andrei Plakhov,F:18febe4125b6,critic,3
Andrei Plakhov,F:dce89c1e461d,critic,2
Andrei Plakhov,F:0c208843518d,critic,5
Andrei Plakhov,F:4178c0f6fbb7,critic,10
William Plotnick,F:19eb92f7e110,critic,9
William Plotnick,F:6158c3acae8a,critic,10
William Plotnick,F:31ccba01f02e,critic,7
William Plotnick,F:e96d23866fe6,critic,2
William Plotnick,F:9f4bdfd01cfb,critic,8
William Plotnick,F:b1b5c514203c,critic,5
William Plotnick,F:a4338344972c,critic,4
William Plotnick,F:72499b2e0028,critic,6
William Plotnick,F:6e85745d5b48,critic,1
William Plotnick,F:0ab7404eda83,critic,3
Laura Poitras,F:99525f6dd03f,director,3
Laura Poitras,F:b132d89fef53,director,9
Laura Poitras,F:83c734e30238,director,10
Laura Poitras,F:69f5bed6f836,director,8
Laura Poitras,F:4326441d5975,director,2
Laura Poitras,F:4a7fa7be8c87,director,7
Laura Poitras,F:1961bdb691aa,director,6
Laura Poitras,F:c9a62b53f643,director,4
Laura Poitras,F:6e92bae17de8,director,5
Laura Poitras,F:2aad0b1278e1,director,1
Dana Polan,F:09035fce59e3,critic,7
Dana Polan,F:15bcedf51ef8,critic,5
Dana Polan,F:bf6387f2c8ae,critic,10
Dana Polan,F:4fd3c9a708f4,critic,2
Dana Polan,F:665eab0ab9d1,critic,4
Dana Polan,F:20afe757a6d1,critic,3
Dana Polan,F:c0891d475a49,critic,6
Dana Polan,F:38ccb3d447c3,critic,8
Dana Polan,F:da997bca9f48,critic,1
Dana Polan,F:b132d89fef53,critic,9
Mara Polgovsky Ezcurra,F:d0fcfc90ffc5,director,3
Mara Polgovsky Ezcurra,F:090832505b0f,director,8
Mara Polgovsky Ezcurra,F:c48b24faa9f1,director,4
Mara Polgovsky Ezcurra,F:0c208843518d,director,6
Mara Polgovsky Ezcurra,F:83c734e30238,director,10
Mara Polgovsky Ezcurra,F:125061f190de,director,7
Mara Polgovsky Ezcurra,F:6ad241fc7daa,director,1
Mara Polgovsky Ezcurra,F:325075869126,director,9
Mara Polgovsky Ezcurra,F:05d1730cfab5,director,5
Mara Polgovsky Ezcurra,F:e16d76c5d0cb,director,2
Vincent Poli,F:d5d45d8c9f1b,critic,10
Vincent Poli,F:875135c43b9f,critic,6
Vincent Poli,F:e161d2303fcd,critic,1
Vincent Poli,F:614fa95d1e3b,critic,2
Vincent Poli,F:70c6fa35ccf3,critic,7
Vincent Poli,F:459dfb2efe77,critic,4
Vincent Poli,F:48f6f9148b34,critic,8
Vincent Poli,F:29636e04f0ad,critic,5
Vincent Poli,F:32a9d018b666,critic,3
Vincent Poli,F:ff478deae1ed,critic,9
Nenad Polimac,F:15298623ef1f,critic,6
Nenad Polimac,F:fbfc282cbfbb,critic,4
Nenad Polimac,F:fbaed03c3121,critic,3
Nenad Polimac,F:d117472f572e,critic,8
Nenad Polimac,F:b5a06746734d,critic,10
Nenad Polimac,F:cbb0587ba064,critic,7
Nenad Polimac,F:095dd92eb88c,critic,2
Nenad Polimac,F:ed09733fe458,critic,5
Nenad Polimac,F:9f96298e4d23,critic,9
Nenad Polimac,F:ea0501618b45,critic,1
Robert Polito,F:d99cab596cb3,critic,3
Robert Polito,F:090832505b0f,critic,9
Robert Polito,F:4a7fa7be8c87,critic,7
Robert Polito,F:83c734e30238,critic,10
Robert Polito,F:79c30aef6e24,critic,6
Robert Polito,F:15bcedf51ef8,critic,8
Robert Polito,F:44d249fc6091,critic,5
Robert Polito,F:3255a9d04d0d,critic,1
Robert Polito,F:5b5a579c1b69,critic,2
Robert Polito,F:7f53ed4db7b6,critic,4
Andrew Pope,F:6b927993e1e1,critic,10
Andrew Pope,F:79c30aef6e24,critic,7
Andrew Pope,F:2db574bfef43,critic,3
Andrew Pope,F:3a1db211ccc6,critic,2
Andrew Pope,F:23bcdf10e622,critic,9
Andrew Pope,F:a7fb4794b496,critic,4
Andrew Pope,F:74869694acb1,critic,8
Andrew Pope,F:fa14126df2e7,critic,1
Andrew Pope,F:18634c22b226,critic,5
Andrew Pope,F:6df960d01ebc,critic,6
Simon Popek,F:1ec59921ffd0,critic,6
Simon Popek,F:833cd8b378fb,critic,8
Simon Popek,F:f173d870a9c1,critic,1
Simon Popek,F:eb1fffa00cfe,critic,2
Simon Popek,F:7cdcf0b32a06,critic,9
Simon Popek,F:66f271e27785,critic,4
Simon Popek,F:ef039f7a68b5,critic,7
Simon Popek,F:7d48a36cc96a,critic,3
Simon Popek,F:944ad783759e,critic,10
Simon Popek,F:50e7c992b75a,critic,5
Marta Popivoda,F:83c734e30238,director,10
Marta Popivoda,F:f3a8723d695d,director,4
Marta Popivoda,F:2da4899c687b,director,6
Marta Popivoda,F:4a7fa7be8c87,director,8
Marta Popivoda,F:325075869126,director,9
Marta Popivoda,F:6a96906d77f4,director,2
Marta Popivoda,F:61b7b07d0b46,director,3
Marta Popivoda,F:95bd800bd9e5,director,7
Marta Popivoda,F:7277f3afb1aa,director,1
Marta Popivoda,F:af9e3551238b,director,5
Javier Porta Fouz,F:5bef0b693d91,critic,6
Javier Porta Fouz,F:be5197f08d0d,critic,8
Javier Porta Fouz,F:242bcffbc89a,critic,9
Javier Porta Fouz,F:b026dc4d615d,critic,1
Javier Porta Fouz,F:82de015c6008,critic,4
Javier Porta Fouz,F:5e1dfafa4c51,critic,5
Javier Porta Fouz,F:ad4f804c3862,critic,7
Javier Porta Fouz,F:d2506ebeb73e,critic,10
Javier Porta Fouz,F:620a311dd03c,critic,3
Javier Porta Fouz,F:a5810f95ed37,critic,2
Pere Portabella,F:876e4b5e2774,director,1
Pere Portabella,F:6b3a0b38e917,director,4
Pere Portabella,F:2d0a70a530cf,director,2
Pere Portabella,F:d8e24aa1ab58,director,10
Pere Portabella,F:34eb1ed0c187,director,6
Pere Portabella,F:afd704ac0dcc,director,3
Pere Portabella,F:31ccba01f02e,director,8
Pere Portabella,F:297b574430d3,director,5
Pere Portabella,F:7a7c0ff849d4,director,9
Pere Portabella,F:d2c81bee4c02,director,7
Edward Porter,F:f5b23bc11b1d,critic,2
Edward Porter,F:7dacc043e524,critic,6
Edward Porter,F:c0891d475a49,critic,3
Edward Porter,F:bf6387f2c8ae,critic,10
Edward Porter,F:03774d8054b0,critic,8
Edward Porter,F:cda1a8b3152c,critic,7
Edward Porter,F:d8e24aa1ab58,critic,5
Edward Porter,F:f44713a09e4d,critic,4
Edward Porter,F:7fe15b05ccde,critic,9
Edward Porter,F:33e3eab93092,critic,1
Sally Potter,EXPLODED,director,13
Sally Potter,F:f376d0dacdd0,director,6
Sally Potter,F:9539729dc80f,director,3
Sally Potter,F:b2910882a46d,director,5
Sally Potter,F:af358d7d1d59,director,4
Sally Potter,F:813bde6e3053,director,10
Sally Potter,F:edfb01f5a9d6,director,9
Sally Potter,F:b5749f03606c,director,8
Sally Potter,F:bf6387f2c8ae,director,12
Sally Potter,F:95bd800bd9e5,director,7
Sven Pötting,F:c0891d475a49,critic,6
Sven Pötting,F:cb689f3e2a97,critic,7
Sven Pötting,F:97b42f962368,critic,8
Sven Pötting,F:d210c0d5f689,critic,2
Sven Pötting,F:8fc32725b37f,critic,5
Sven Pötting,F:11f597068baf,critic,4
Sven Pötting,F:325075869126,critic,9
Sven Pötting,F:08966bbb6c53,critic,10
Sven Pötting,F:2da4899c687b,critic,3
Sven Pötting,F:81e8c65d133e,critic,1
John Powers,F:2018d336cc28,critic,5
John Powers,F:242bcffbc89a,critic,7
John Powers,F:aa65b1eedc05,critic,9
John Powers,F:55fd868ffa49,critic,1
John Powers,F:b9af680af33b,critic,3
John Powers,F:84fa7c2219d2,critic,8
John Powers,F:7cdcf0b32a06,critic,10
John Powers,F:c6014c74c7ea,critic,2
John Powers,F:a50461292bc4,critic,4
John Powers,F:8db25a4797e8,critic,6
Kemp Powers,F:e2bff7956338,director,10
Kemp Powers,F:694f6d5a97f4,director,4
Kemp Powers,F:f71879711b8f,director,8
Kemp Powers,F:61333a2dbb05,director,3
Kemp Powers,F:59ad7c389a61,director,9
Kemp Powers,F:231f44b56c04,director,2
Kemp Powers,F:71c7b9363133,director,7
Kemp Powers,F:a9045be76556,director,1
Kemp Powers,F:66e0b02405e2,director,5
Kemp Powers,F:41d225e6ff0b,director,6
Inney Prakash,F:aae006759de4,critic,3
Inney Prakash,F:dafc2d2e8fd7,critic,5
Inney Prakash,F:c3d63cf2d01a,critic,6
Inney Prakash,F:b7b17347ab6a,critic,8
Inney Prakash,F:3642b9ef6c13,critic,2
Inney Prakash,F:47ba82804292,critic,4
Inney Prakash,F:d8be33a7aa37,critic,9
Inney Prakash,F:1e526dc57a9a,critic,1
Inney Prakash,F:ec7726632ac1,critic,10
Inney Prakash,F:98ca671012c5,critic,7
Vic Pratt,F:03b2be4c610a,critic,5
Vic Pratt,F:64a986b8f039,critic,8
Vic Pratt,F:59519d7fbcf1,critic,6
Vic Pratt,F:82185e5a0092,critic,7
Vic Pratt,F:15e88eb8ab93,critic,2
Vic Pratt,F:136c61c92e30,critic,3
Vic Pratt,F:6b205af802bb,critic,1
Vic Pratt,F:f3a8e2fa1f5a,critic,4
Vic Pratt,F:146ec1241d81,critic,10
Vic Pratt,F:269fc98283c3,critic,9
Joanna Priestley,F:146ec1241d81,director,5
Joanna Priestley,F:4a7fa7be8c87,director,7
Joanna Priestley,F:125061f190de,director,9
Joanna Priestley,F:6fa4815f7545,director,3
Joanna Priestley,F:a2ddf1122092,director,2
Joanna Priestley,F:9113deb430d0,director,4
Joanna Priestley,F:9f96298e4d23,director,10
Joanna Priestley,F:6ee1b459a371,director,1
Joanna Priestley,F:950c29bf9796,director,6
Joanna Priestley,F:6744994f98f6,director,8
Gina Prince-Bythewood,F:8c2419d1eecf,director,8
Gina Prince-Bythewood,F:621ccae3bfba,director,6
Gina Prince-Bythewood,F:59ad7c389a61,director,9
Gina Prince-Bythewood,F:59524e2b2cf0,director,2
Gina Prince-Bythewood,F:c64fcab20129,director,7
Gina Prince-Bythewood,F:310aeb514222,director,4
Gina Prince-Bythewood,F:22e12cfe1772,director,3
Gina Prince-Bythewood,F:1629ef12b31b,director,5
Gina Prince-Bythewood,F:e2bff7956338,director,10
Gina Prince-Bythewood,F:2e2c72f9e186,director,1
Hannah Proctor,F:0491346a52ca,critic,3
Hannah Proctor,F:4f6f3f9bcf2a,critic,4
Hannah Proctor,F:83c734e30238,critic,10
Hannah Proctor,F:5c62c6008939,critic,1
Hannah Proctor,F:c22c42cd69b9,critic,9
Hannah Proctor,F:1876b26426fa,critic,8
Hannah Proctor,F:93b853b9e717,critic,5
Hannah Proctor,F:05d1730cfab5,critic,6
Hannah Proctor,F:f9b6370c1fc2,critic,7
Hannah Proctor,F:052c23677d2a,critic,2
Maximilien Luc Proctor,F:12e73f3b1da5,critic,7
Maximilien Luc Proctor,F:25b24dcf06bc,critic,5
Maximilien Luc Proctor,F:f00e3c45dd9d,critic,9
Maximilien Luc Proctor,F:1f6cb0820005,critic,3
Maximilien Luc Proctor,F:dfe6f4daa65d,critic,1
Maximilien Luc Proctor,F:8450bc00bd46,critic,8
Maximilien Luc Proctor,F:90b6388d5c80,critic,6
Maximilien Luc Proctor,F:c590d82d63a1,critic,4
Maximilien Luc Proctor,F:77d7e72a4666,critic,2
Maximilien Luc Proctor,F:090832505b0f,critic,10
Rachel Pronger,F:2a5f669472bc,critic,6
Rachel Pronger,F:090832505b0f,critic,10
Rachel Pronger,F:c4e34698c643,critic,8
Rachel Pronger,F:f1f6b7b257fc,critic,1
Rachel Pronger,F:e1c01276b733,critic,7
Rachel Pronger,F:275644968c7a,critic,2
Rachel Pronger,F:c3d63cf2d01a,critic,5
Rachel Pronger,F:646ea2ac9f18,critic,9
Rachel Pronger,F:3c3dceaf4169,critic,3
Rachel Pronger,F:cb9821f13eb1,critic,4
Richard Propes,F:83ebc8b43c9d,critic,9
Richard Propes,F:03774d8054b0,critic,10
Richard Propes,F:7dacc043e524,critic,6
Richard Propes,F:a5083fa04636,critic,5
Richard Propes,F:cbb0587ba064,critic,7
Richard Propes,F:9113deb430d0,critic,2
Richard Propes,F:cb689f3e2a97,critic,8
Richard Propes,F:b0cb48ab6dd8,critic,1
Richard Propes,F:af3336b803be,critic,3
Richard Propes,F:114ae73dd3a7,critic,4
Stephen Puddicombe,F:2af5c5bcacdf,critic,5
Stephen Puddicombe,F:41a9c0cf626d,critic,3
Stephen Puddicombe,F:4d7b47064c89,critic,2
Stephen Puddicombe,F:069cda2e3235,critic,7
Stephen Puddicombe,F:b132d89fef53,critic,9
Stephen Puddicombe,F:83c734e30238,critic,10
Stephen Puddicombe,F:d0416491dc50,critic,4
Stephen Puddicombe,F:59ad7c389a61,critic,8
Stephen Puddicombe,F:cf4f8f54b4df,critic,6
Stephen Puddicombe,F:4a6e9bfd13e1,critic,1
Cristi Puiu,F:c78c6b97f980,director,8
Cristi Puiu,F:44d249fc6091,director,6
Cristi Puiu,F:f487433720d3,director,7
Cristi Puiu,F:05d390850f04,director,2
Cristi Puiu,F:3a3ec9a6367f,director,3
Cristi Puiu,F:495d505bc6c8,director,1
Cristi Puiu,F:15bcedf51ef8,director,9
Cristi Puiu,F:7be38868e0ce,director,5
Cristi Puiu,F:3b027eac1618,director,4
Cristi Puiu,F:a5083fa04636,director,10
Andrew Pulver,F:296c885895bb,critic,7
Andrew Pulver,F:f0003668a2c4,critic,4
Andrew Pulver,F:1c5dd68c6d95,critic,2
Andrew Pulver,F:ddcf681c3397,critic,3
Andrew Pulver,F:29e8c2663329,critic,10
Andrew Pulver,F:64af353ded24,critic,1
Andrew Pulver,F:6df960d01ebc,critic,6
Andrew Pulver,F:55ad4fb0baae,critic,8
Andrew Pulver,F:bd648fce3b3f,critic,9
Andrew Pulver,F:ef039f7a68b5,critic,5
Elzabeth Purchell,F:c8669f3c72cc,critic,3
Elzabeth Purchell,F:af9e3551238b,critic,10
Elzabeth Purchell,F:8398f4e890ff,critic,8
Elzabeth Purchell,F:7ecd292638a9,critic,9
Elzabeth Purchell,F:82185e5a0092,critic,6
Elzabeth Purchell,F:89b39b668679,critic,4
Elzabeth Purchell,F:312e62274ee9,critic,2
Elzabeth Purchell,F:92c79b84bffa,critic,1
Elzabeth Purchell,F:c408aee3b773,critic,5
Elzabeth Purchell,F:ef4ed5380e4f,critic,7
Sanjeewa Pushpakumara,F:29e8c2663329,director,7
Sanjeewa Pushpakumara,F:0c208843518d,director,2
Sanjeewa Pushpakumara,F:813bde6e3053,director,5
Sanjeewa Pushpakumara,F:15298623ef1f,director,4
Sanjeewa Pushpakumara,F:cda1a8b3152c,director,6
Sanjeewa Pushpakumara,F:9f96298e4d23,director,9
Sanjeewa Pushpakumara,F:b5a06746734d,director,10
Sanjeewa Pushpakumara,F:951e168add74,director,3
Sanjeewa Pushpakumara,F:e2bff7956338,director,8
Sanjeewa Pushpakumara,F:7b19d0d6e7b3,director,1
James Quandt,F:1232574daf78,critic,8
James Quandt,F:72d8bc7578ad,critic,6
James Quandt,F:10e86670da04,critic,9
James Quandt,F:15cebbda1cd1,critic,7
James Quandt,F:b8c65bcb3d78,critic,4
James Quandt,F:3fa3f9f24a21,critic,1
James Quandt,F:a7d92e333282,critic,5
James Quandt,F:a2edba29a3fd,critic,3
James Quandt,F:7cdcf0b32a06,critic,10
James Quandt,F:b95456130ebc,critic,2
Stephen Quay,F:5277fd12259f,director,3
Stephen Quay,F:e0fa4f112d72,director,7
Stephen Quay,F:69dee05125cb,director,9
Stephen Quay,F:fd39b1974fc7,director,6
Stephen Quay,F:eeb94ecd85af,director,8
Stephen Quay,F:a27ff54edcc2,director,5
Stephen Quay,F:c34fe68dc6cf,director,10
Stephen Quay,F:1c71d3acf553,director,1
Stephen Quay,F:dbedb9b8e242,director,2
Stephen Quay,F:29d951de200d,director,4
Timothy Quay,F:38516f3726c8,director,6
Timothy Quay,F:009014b45810,director,3
Timothy Quay,F:22c8de09c6a6,director,2
Timothy Quay,F:fece8b709d12,director,4
Timothy Quay,F:31e3a3512a76,director,9
Timothy Quay,F:0df7362f710e,director,7
Timothy Quay,F:7e52230dd02d,director,8
Timothy Quay,F:adafd29c0dac,director,1
Timothy Quay,F:97b42f962368,director,10
Timothy Quay,F:1a94d9f63387,director,5
José Quental,F:69f5bed6f836,critic,10
José Quental,F:e3a29e728f76,critic,6
José Quental,F:cb9710eaaac9,critic,3
José Quental,F:d117472f572e,critic,9
José Quental,F:2ec8e3a6b8aa,critic,7
José Quental,F:e1be2047fa1c,critic,2
José Quental,F:7b5d85393630,critic,8
José Quental,F:f9b6370c1fc2,critic,5
José Quental,F:8d965fae0c59,critic,1
José Quental,F:6158c3acae8a,critic,4
Caitlin Quinlan,F:c78c6b97f980,critic,6
Caitlin Quinlan,F:325075869126,critic,9
Caitlin Quinlan,F:ed09733fe458,critic,5
Caitlin Quinlan,F:eeb94ecd85af,critic,3
Caitlin Quinlan,F:72d6d9bf2299,critic,4
Caitlin Quinlan,F:83c734e30238,critic,10
Caitlin Quinlan,F:c4e34698c643,critic,2
Caitlin Quinlan,F:ec7726632ac1,critic,8
Caitlin Quinlan,F:15bcedf51ef8,critic,7
Caitlin Quinlan,F:1df71d95bd96,critic,1
Joanna Quinn,F:0cf10d4a7ffe,director,1
Joanna Quinn,F:caa308e1aead,director,8
Joanna Quinn,F:524f1c6e0d88,director,2
Joanna Quinn,F:2cb049fa4036,director,3
Joanna Quinn,F:93840fd8f84a,director,5
Joanna Quinn,F:b6097163dcec,director,9
Joanna Quinn,F:2018d336cc28,director,10
Joanna Quinn,F:8f7e54da91f3,director,7
Joanna Quinn,F:15598d8af630,director,4
Joanna Quinn,F:cd38f587b228,director,6
Ángel Quintana Morraja,F:20a0a276094a,critic,7
Ángel Quintana Morraja,F:5c226aa5de90,critic,5
Ángel Quintana Morraja,F:749fbcb6e1ba,critic,1
Ángel Quintana Morraja,F:2799de28d75f,critic,6
Ángel Quintana Morraja,F:c3d63cf2d01a,critic,2
Ángel Quintana Morraja,F:e2bff7956338,critic,10
Ángel Quintana Morraja,F:c0e117f757be,critic,4
Ángel Quintana Morraja,F:008495919c65,critic,8
Ángel Quintana Morraja,F:cbb0587ba064,critic,9
Ángel Quintana Morraja,F:1190a83ac033,critic,3
Bilal Qureshi,F:459c330913be,critic,6
Bilal Qureshi,F:385f01d5660a,critic,2
Bilal Qureshi,F:703e064069d1,critic,3
Bilal Qureshi,F:e8d2748de292,critic,5
Bilal Qureshi,F:4c5dc849b88b,critic,4
Bilal Qureshi,F:ff276dc0e44d,critic,1
Bilal Qureshi,F:16913ba1d831,critic,9
Bilal Qureshi,F:e3f9a5827411,critic,7
Bilal Qureshi,F:ddcf681c3397,critic,8
William Raban,F:69f5bed6f836,director,10
William Raban,F:2fff82d4c078,director,6
William Raban,F:fc13d42170f9,director,2
William Raban,F:d5014331f8aa,director,1
William Raban,F:73ac13372020,director,8
William Raban,F:29e8c2663329,director,9
William Raban,F:22e3b23afbdf,director,7
William Raban,F:dedd1b021835,director,5
William Raban,F:646dc07cf6b3,director,3
William Raban,F:4a1d4119e6b2,director,4
Julian Radlmaier,F:7dacc043e524,director,9
Julian Radlmaier,F:e3a29e728f76,director,7
Julian Radlmaier,F:7cdcf0b32a06,director,10
Julian Radlmaier,F:421a83c66257,director,5
Julian Radlmaier,F:f312ccde71fd,director,2
Julian Radlmaier,F:70c6fa35ccf3,director,3
Julian Radlmaier,F:1922848d4866,director,1
Julian Radlmaier,F:743e8f968e3c,director,4
Julian Radlmaier,F:dd03c7ae8bd4,director,8
Julian Radlmaier,F:7416e0cb1ff8,director,6
Mina Radović,F:b5749f03606c,critic,10
Mina Radović,F:cf412565a0c5,critic,1
Mina Radović,F:bf50c7a1ebae,critic,4
Mina Radović,F:087f773c406b,critic,8
Mina Radović,F:ea78e0123afc,critic,2
Mina Radović,F:d2123029de53,critic,5
Mina Radović,F:3d3b476c98d2,critic,9
Mina Radović,F:f58d998525bf,critic,7
Mina Radović,F:a8c6aa9a74e3,critic,3
Mina Radović,F:e7aa1aec681a,critic,6
Nicolas Raffin,F:667f9047c4d8,critic,5
Nicolas Raffin,F:fe6ea6819b87,critic,2
Nicolas Raffin,F:4f75f2584958,critic,1
Nicolas Raffin,F:1b75128a4d7f,critic,4
Nicolas Raffin,F:6ca9676ba9f4,critic,3
Nicolas Raffin,F:7c9c923f35c0,critic,6
Nicolas Raffin,F:cbb0587ba064,critic,9
Nicolas Raffin,F:608e02fe3ca2,critic,7
Nicolas Raffin,F:cdb76db94f02,critic,8
Nicolas Raffin,F:75046ffb9b38,critic,10
Behzad Rahimian,F:a6b2d4ef6e92,critic,5
Behzad Rahimian,F:a6e9d8d798ae,critic,1
Behzad Rahimian,F:d2e4f5e8f98d,critic,7
Behzad Rahimian,F:a454d3354c22,critic,4
Behzad Rahimian,F:608e02fe3ca2,critic,6
Behzad Rahimian,F:2ec8e3a6b8aa,critic,9
Behzad Rahimian,F:2636353ad1ff,critic,2
Behzad Rahimian,F:d117472f572e,critic,10
Behzad Rahimian,F:31e3a3512a76,critic,8
Behzad Rahimian,F:cac0a48aa065,critic,3
Paola Raiman,F:5ff8e468e0f2,critic,5
Paola Raiman,F:421a83c66257,critic,6
Paola Raiman,F:6e9dd39e3d39,critic,1
Paola Raiman,F:a9519db91181,critic,8
Paola Raiman,F:65b2c1a9a03a,critic,3
Paola Raiman,F:1e8b45df0ba0,critic,4
Paola Raiman,F:27cc97d93f99,critic,7
Paola Raiman,F:653f45346bcc,critic,9
Paola Raiman,F:8d926dae6d90,critic,2
Yvonne Rainer,F:eb6115735be9,director,3
Yvonne Rainer,F:6b3a0b38e917,director,2
Yvonne Rainer,F:090832505b0f,director,4
Yvonne Rainer,F:67e4464eabeb,director,1
Yvonne Rainer,F:4178c0f6fbb7,director,5
S.S. Rajamouli,F:e610d725b3f1,director,2
S.S. Rajamouli,F:cce8972d95be,director,7
S.S. Rajamouli,F:165ea115d0f7,director,10
S.S. Rajamouli,F:c579cced5745,director,5
S.S. Rajamouli,F:c662f7fea10b,director,1
S.S. Rajamouli,F:fe16eac57965,director,3
S.S. Rajamouli,F:20670dda2585,director,4
S.S. Rajamouli,F:b89f28404e4c,director,9
S.S. Rajamouli,F:ff74a5dca013,director,6
S.S. Rajamouli,F:ca44ed7aed78,director,8
Naman Ramachandran,F:1a68aefe7ea1,critic,6
Naman Ramachandran,F:7fe15b05ccde,critic,9
Naman Ramachandran,F:b132d89fef53,critic,10
Naman Ramachandran,F:e50615c80a64,critic,7
Naman Ramachandran,F:2907bfe31ad2,critic,8
Naman Ramachandran,F:3a2974a95f53,critic,1
Naman Ramachandran,F:165ea115d0f7,critic,4
Naman Ramachandran,F:c9a62b53f643,critic,5
Naman Ramachandran,F:3dc11a61f1ca,critic,3
Naman Ramachandran,F:ddcf681c3397,critic,2
Charles Ramírez Berg,F:b5a06746734d,critic,10
Charles Ramírez Berg,F:bf6387f2c8ae,critic,9
Charles Ramírez Berg,F:9f96298e4d23,critic,8
Charles Ramírez Berg,F:4178c0f6fbb7,critic,6
Charles Ramírez Berg,F:83ebc8b43c9d,critic,4
Charles Ramírez Berg,F:03774d8054b0,critic,5
Charles Ramírez Berg,F:e2bff7956338,critic,7
Charles Ramírez Berg,F:f71879711b8f,critic,3
Charles Ramírez Berg,F:078c56f7dec6,critic,2
Charles Ramírez Berg,F:2320d0b9141c,critic,1
Ivan Ramljak,F:69f5bed6f836,critic,10
Ivan Ramljak,F:4a7fa7be8c87,critic,7
Ivan Ramljak,F:caabee7db5c9,critic,6
Ivan Ramljak,F:31e3a3512a76,critic,5
Ivan Ramljak,F:7f8ce1b9a7bc,critic,1
Ivan Ramljak,F:f51282aa60e8,critic,2
Ivan Ramljak,F:7be38868e0ce,critic,3
Ivan Ramljak,F:cbb0587ba064,critic,8
Ivan Ramljak,F:9609d2e67c50,critic,4
Ivan Ramljak,F:944ad783759e,critic,9
Alex Ramon,F:5a4277e1dcea,critic,6
Alex Ramon,F:54c588925ea6,critic,1
Alex Ramon,F:61d1df6594d4,critic,4
Alex Ramon,F:4acddf379d28,critic,10
Alex Ramon,F:242bcffbc89a,critic,7
Alex Ramon,F:6153eeb1ef64,critic,8
Alex Ramon,F:32f33617395c,critic,9
Alex Ramon,F:feda59cb5671,critic,5
Alex Ramon,F:d0f7b3508aeb,critic,2
Alex Ramon,F:eeea5f696386,critic,3
Carlos Ramos,F:aa8625a327db,critic,1
Carlos Ramos,F:d62c40a3d88f,critic,9
Carlos Ramos,F:b4de52ad6ff0,critic,2
Carlos Ramos,F:128bd06f3a58,critic,3
Carlos Ramos,F:d8ce5441d5f4,critic,7
Carlos Ramos,F:ae24be4474d6,critic,6
Carlos Ramos,F:f88efb2ea592,critic,4
Carlos Ramos,F:950c29bf9796,critic,10
Carlos Ramos,F:fa08c517c8ab,critic,5
Carlos Ramos,F:667f9047c4d8,critic,8
Lynne Ramsay,F:97b42f962368,director,8
Lynne Ramsay,F:bd01ae6f009f,director,1
Lynne Ramsay,F:653f45346bcc,director,9
Lynne Ramsay,F:125061f190de,director,5
Lynne Ramsay,F:83ebc8b43c9d,director,7
Lynne Ramsay,F:b5fac1879322,director,2
Lynne Ramsay,F:ec7726632ac1,director,6
Lynne Ramsay,F:0565ff7fd56c,director,4
Lynne Ramsay,F:83c734e30238,director,10
Lynne Ramsay,F:23bcdf10e622,director,3
Baradwaj Rangan,F:08966bbb6c53,critic,10
Baradwaj Rangan,F:e2bff7956338,critic,9
Baradwaj Rangan,F:86549f782f09,critic,2
Baradwaj Rangan,F:83ebc8b43c9d,critic,8
Baradwaj Rangan,F:3892cb5f7466,critic,1
Baradwaj Rangan,F:18febe4125b6,critic,4
Baradwaj Rangan,F:709fc4c2ac34,critic,3
Baradwaj Rangan,F:1a68aefe7ea1,critic,6
Baradwaj Rangan,F:ce83cdfc8504,critic,5
Baradwaj Rangan,F:75046ffb9b38,critic,7
Pa. Ranjith,F:02ded6e20b97,director,9
Pa. Ranjith,F:f58915ed95d4,director,8
Pa. Ranjith,F:85995588df99,director,2
Pa. Ranjith,F:d0b281075991,director,1
Pa. Ranjith,F:5a4bc0f68865,director,6
Pa. Ranjith,F:515c10614e96,director,7
Pa. Ranjith,F:d1188b34b03c,director,10
Pa. Ranjith,F:43bc6e088aac,director,3
Pa. Ranjith,F:a7bed0603251,director,4
Pa. Ranjith,F:e19e0f309239,director,5
Tytti Rantanen,F:72d6d9bf2299,critic,8
Tytti Rantanen,F:ff478deae1ed,critic,5
Tytti Rantanen,F:5f7bf751f347,critic,4
Tytti Rantanen,F:4acddf379d28,critic,10
Tytti Rantanen,F:2bcbc58a252d,critic,9
Tytti Rantanen,F:65d9c1dde7be,critic,1
Tytti Rantanen,F:661776b2d505,critic,2
Tytti Rantanen,F:95cb5acf1ea2,critic,7
Tytti Rantanen,F:9daa251a7795,critic,6
Tytti Rantanen,F:af283adff85f,critic,3
Gitanjali Rao,F:e3f9a5827411,director,3
Gitanjali Rao,F:08966bbb6c53,director,10
Gitanjali Rao,F:cda1a8b3152c,director,9
Gitanjali Rao,F:c3f4f3d3dda9,director,4
Gitanjali Rao,F:4c52e44e0c0f,director,1
Gitanjali Rao,F:3c781cd7cdf8,director,6
Gitanjali Rao,F:dd03c7ae8bd4,director,8
Gitanjali Rao,F:f1a286d2d2b0,director,2
Gitanjali Rao,F:fbac63dcd9cf,director,7
Gitanjali Rao,F:0ea0e00d9fdc,director,5
Nicolas Rapold,F:fb014edafd5d,critic,3
Nicolas Rapold,F:638b5213b5ff,critic,1
Nicolas Rapold,F:a9519db91181,critic,9
Nicolas Rapold,F:176166e412b4,critic,10
Nicolas Rapold,F:9e103f641ac9,critic,7
Nicolas Rapold,F:6ef9ec2a60f2,critic,8
Nicolas Rapold,F:df99a097e950,critic,4
Nicolas Rapold,F:77324d1d150c,critic,6
Nicolas Rapold,F:8c93104a11a8,critic,5
Nicolas Rapold,F:3940db993e0a,critic,2
Jonas Poher Rasmussen,F:7c9c923f35c0,director,6
Jonas Poher Rasmussen,F:2c3a29085e12,director,3
Jonas Poher Rasmussen,F:ea8c30267045,director,8
Jonas Poher Rasmussen,F:b0360159539e,director,7
Jonas Poher Rasmussen,F:4434c6705bd6,director,9
Jonas Poher Rasmussen,F:002dd21bef36,director,2
Jonas Poher Rasmussen,F:653f45346bcc,director,10
Jonas Poher Rasmussen,F:be922adcc35a,director,5
Jonas Poher Rasmussen,F:727b4a394724,director,4
Jonas Poher Rasmussen,F:d08806eef820,director,1
Nanna Frank Rasmussen,F:c0891d475a49,critic,10
Nanna Frank Rasmussen,F:3852b557c520,critic,3
Nanna Frank Rasmussen,F:d6c1cea25150,critic,1
Nanna Frank Rasmussen,F:03b3065dc545,critic,9
Nanna Frank Rasmussen,F:0c208843518d,critic,5
Nanna Frank Rasmussen,F:f53416daf440,critic,8
Nanna Frank Rasmussen,F:d0416491dc50,critic,6
Nanna Frank Rasmussen,F:f3e699669efb,critic,2
Nanna Frank Rasmussen,F:c34fe68dc6cf,critic,7
Nanna Frank Rasmussen,F:b3858d1cff92,critic,4
Pen-ek Ratanaruang,F:7de0eaabaf36,director,3
Pen-ek Ratanaruang,F:97b42f962368,director,8
Pen-ek Ratanaruang,F:0fcff8df03a1,director,1
Pen-ek Ratanaruang,F:73ac13372020,director,7
Pen-ek Ratanaruang,F:b132d89fef53,director,9
Pen-ek Ratanaruang,F:ed258bfa07e7,director,4
Pen-ek Ratanaruang,F:86215fbfd4ef,director,2
Pen-ek Ratanaruang,F:eb6115735be9,director,6
Pen-ek Ratanaruang,F:3b027eac1618,director,5
Mani Ratnam,F:03774d8054b0,director,8
Mani Ratnam,F:b2b6b0cee58e,director,1
Mani Ratnam,F:bf6387f2c8ae,director,10
Mani Ratnam,F:e2bff7956338,director,9
Mani Ratnam,F:7b5d85393630,director,7
Mani Ratnam,F:edfb01f5a9d6,director,6
Mani Ratnam,F:c3f4f3d3dda9,director,3
Mani Ratnam,F:bd648fce3b3f,director,4
Mani Ratnam,F:f6ff4c164fbd,director,2
Mani Ratnam,F:7dacc043e524,director,5
Clément Rauger,F:62f2866d3bb5,critic,9
Clément Rauger,F:e48f4b5b9f13,critic,6
Clément Rauger,F:ca48a61eb0b2,critic,5
Clément Rauger,F:c2f3d4820d16,critic,7
Clément Rauger,F:4178c0f6fbb7,critic,10
Clément Rauger,F:7075782a5971,critic,2
Clément Rauger,F:b81bd5acef3c,critic,3
Clément Rauger,F:ea0501618b45,critic,4
Clément Rauger,F:da510665c716,critic,1
Clément Rauger,F:25344d9e0b31,critic,8
Tony Rayns,F:ac025abfb18d,critic,3
Tony Rayns,F:5379fbb90229,critic,1
Tony Rayns,F:4901c44471e7,critic,4
Tony Rayns,F:f17b5e69ac90,critic,2
Tony Rayns,F:8fc32725b37f,critic,10
Tony Rayns,F:802e7bb2727f,critic,7
Tony Rayns,F:c21985a3eec4,critic,8
Tony Rayns,F:88d46e277f39,critic,5
Tony Rayns,F:ca8ffa522783,critic,6
Tony Rayns,F:2799de28d75f,critic,9
Kiva Reardon,F:cb689f3e2a97,critic,9
Kiva Reardon,F:8be35057f0fb,critic,2
Kiva Reardon,F:325075869126,critic,10
Kiva Reardon,F:02ded6e20b97,critic,8
Kiva Reardon,F:c9a62b53f643,critic,3
Kiva Reardon,F:32f33617395c,critic,5
Kiva Reardon,F:4a7fa7be8c87,critic,6
Kiva Reardon,F:1961bdb691aa,critic,4
Kiva Reardon,F:a9519db91181,critic,7
Kiva Reardon,F:561e2a2c5d9a,critic,1
Bert Rebhandl,F:5b505c37b676,critic,8
Bert Rebhandl,F:5e201ce6e4d7,critic,7
Bert Rebhandl,F:2a3218a2fda2,critic,6
Bert Rebhandl,F:b46c33d2fe22,critic,1
Bert Rebhandl,F:038488482bd1,critic,2
Bert Rebhandl,F:325075869126,critic,10
Bert Rebhandl,F:2194d7cfb6e7,critic,5
Bert Rebhandl,F:3835bb9280cf,critic,4
Bert Rebhandl,F:8e170fcde830,critic,3
Bert Rebhandl,F:2da4899c687b,critic,9
Andy Rector,F:2dfb329e886d,critic,6
Andy Rector,F:1b75128a4d7f,critic,9
Andy Rector,F:85413899f71e,critic,3
Andy Rector,F:0565ff7fd56c,critic,10
Andy Rector,F:34394f1c798f,critic,2
Andy Rector,F:054ed9edb7f9,critic,8
Andy Rector,F:d8937300348b,critic,5
Andy Rector,F:22f12f64f665,critic,1
Andy Rector,F:b28e965c7734,critic,4
Andy Rector,F:2b12f65b7306,critic,7
Raymond Red,F:bf6387f2c8ae,director,9
Raymond Red,F:b5a06746734d,director,10
Raymond Red,F:b132d89fef53,director,8
Raymond Red,F:7fe15b05ccde,director,6
Raymond Red,F:e2bff7956338,director,7
Raymond Red,F:f71879711b8f,director,3
Raymond Red,F:4434c6705bd6,director,4
Raymond Red,F:bee09401fa7d,director,5
Raymond Red,F:665eab0ab9d1,director,2
Raymond Red,F:d73f1decefd2,director,1
Ben Reed,F:7dacc043e524,director,9
Ben Reed,F:069cda2e3235,director,8
Ben Reed,F:c80392c9829c,director,4
Ben Reed,F:7c54b4356371,director,6
Ben Reed,F:a240c3e6021c,director,1
Ben Reed,F:944ad783759e,director,10
Ben Reed,F:2b8f2194d907,director,7
Ben Reed,F:167dabbadece,director,3
Ben Reed,F:6ffcf833b768,director,5
Ben Reed,F:fa14126df2e7,director,2
Jeff Reichert,F:e4e5d0b8b474,critic,8
Jeff Reichert,F:8fc32725b37f,critic,7
Jeff Reichert,F:b132d89fef53,critic,10
Jeff Reichert,F:cd8b74b7b5a9,critic,3
Jeff Reichert,F:9b0ae697053e,critic,2
Jeff Reichert,F:34cf774aeffe,critic,5
Jeff Reichert,F:c34fe68dc6cf,critic,6
Jeff Reichert,F:325075869126,critic,9
Jeff Reichert,F:b9af680af33b,critic,4
Jeff Reichert,F:65f6f4120bb9,critic,1
Mark Reid,F:ff575e494ec5,critic,7
Mark Reid,F:51644bbb0d9c,critic,8
Mark Reid,F:b339d6c582f0,critic,9
Mark Reid,F:7b4faa0ad317,critic,3
Mark Reid,F:06e80f9cd5ef,critic,5
Mark Reid,F:384697600b71,critic,4
Mark Reid,F:a0dcfc82d05b,critic,6
Mark Reid,F:c73e42e5b8cb,critic,1
Mark Reid,F:b5cae90e8579,critic,2
Mark Reid,F:edfb01f5a9d6,critic,10
Pia Reiser,F:f8abdb2ec9d8,critic,4
Pia Reiser,F:71c7b9363133,critic,5
Pia Reiser,F:c0891d475a49,critic,6
Pia Reiser,F:b132d89fef53,critic,9
Pia Reiser,F:d26cebfd216f,critic,1
Pia Reiser,F:6744994f98f6,critic,7
Pia Reiser,F:b5a06746734d,critic,10
Pia Reiser,F:7b1253150b96,critic,2
Pia Reiser,F:75046ffb9b38,critic,8
Pia Reiser,F:b5fac1879322,critic,3
Julien Rejl,F:0080f774d62c,critic,1
Julien Rejl,F:ed258bfa07e7,critic,8
Julien Rejl,F:ce97323dad79,critic,5
Julien Rejl,F:a50461292bc4,critic,10
Julien Rejl,F:c4893842f60d,critic,4
Julien Rejl,F:bfe3c32d6e74,critic,2
Julien Rejl,F:f541bca8533a,critic,7
Julien Rejl,F:cac0a48aa065,critic,9
Julien Rejl,F:632385c3c3ac,critic,3
Julien Rejl,F:bcf4075e1cb1,critic,6
Camilo Restrepo,F:69f5bed6f836,director,9
Camilo Restrepo,F:feaa04ac1109,director,6
Camilo Restrepo,F:7b5d85393630,director,8
Camilo Restrepo,F:83c734e30238,director,10
Camilo Restrepo,F:f42a2fe544d1,director,2
Camilo Restrepo,F:8fc32725b37f,director,7
Camilo Restrepo,F:dd03c7ae8bd4,director,5
Camilo Restrepo,F:5edfe25197ef,director,1
Camilo Restrepo,F:ec983a6c1ee5,director,3
Camilo Restrepo,F:f87b3c091815,director,4
Carlos Reviriego,F:7dacc043e524,critic,9
Carlos Reviriego,F:5094c1da4d65,critic,7
Carlos Reviriego,F:2aad0b1278e1,critic,1
Carlos Reviriego,F:d5d45d8c9f1b,critic,6
Carlos Reviriego,F:d5d56cef191d,critic,3
Carlos Reviriego,F:6e63730d04c1,critic,2
Carlos Reviriego,F:d8e24aa1ab58,critic,8
Carlos Reviriego,F:9f96298e4d23,critic,10
Carlos Reviriego,F:2799de28d75f,critic,5
Carlos Reviriego,F:299aafd38526,critic,4
Laurence Reymond,F:090832505b0f,critic,9
Laurence Reymond,F:9f96298e4d23,critic,10
Laurence Reymond,F:66f271e27785,critic,3
Laurence Reymond,F:a4fbb368886c,critic,4
Laurence Reymond,F:f487433720d3,critic,8
Laurence Reymond,F:37bbd65ea51f,critic,6
Laurence Reymond,F:b97fe64864d7,critic,1
Laurence Reymond,F:f1f9458aedc5,critic,5
Laurence Reymond,F:58f9e7707a27,critic,7
Laurence Reymond,F:e0529565fcff,critic,2
John David Rhodes,F:3e5e38da32d9,critic,7
John David Rhodes,F:090832505b0f,critic,10
John David Rhodes,F:1fb68add131f,critic,1
John David Rhodes,F:679dacc3b571,critic,5
John David Rhodes,F:0916add2163e,critic,6
John David Rhodes,F:eb763f2d4857,critic,8
John David Rhodes,F:1630491b15af,critic,2
John David Rhodes,F:d2f10817bb1e,critic,9
John David Rhodes,F:f444b1707b9a,critic,3
John David Rhodes,F:65691d17c15d,critic,4
Esteve Riambau Möller,F:95bd800bd9e5,critic,4
Esteve Riambau Möller,F:7dacc043e524,critic,6
Esteve Riambau Möller,F:bf6387f2c8ae,critic,10
Esteve Riambau Möller,F:d117472f572e,critic,8
Esteve Riambau Möller,F:176166e412b4,critic,5
Esteve Riambau Möller,F:7b5d85393630,critic,7
Esteve Riambau Möller,F:40a613564501,critic,2
Esteve Riambau Möller,F:b132d89fef53,critic,9
Esteve Riambau Möller,F:cf6cb2112728,critic,1
Esteve Riambau Möller,F:8703270231ee,critic,3
Julius Richard,F:8509b531b601,critic,9
Julius Richard,F:e89c938cc01c,critic,1
Julius Richard,F:82086537b206,critic,3
Julius Richard,F:09a914de09e9,critic,10
Julius Richard,F:ea2fd1941d50,critic,6
Julius Richard,F:e578639824f5,critic,5
Julius Richard,F:76b2658765d7,critic,2
Julius Richard,F:08503af63a2e,critic,8
Julius Richard,F:087e78d81ab1,critic,4
Julius Richard,F:8c03ff5cee34,critic,7
Carrie Rickey,F:03809811ea9b,critic,6
Carrie Rickey,F:4178c0f6fbb7,critic,9
Carrie Rickey,F:17628f83ead5,critic,4
Carrie Rickey,F:bee09401fa7d,critic,7
Carrie Rickey,F:38ccb3d447c3,critic,10
Carrie Rickey,F:41a9c0cf626d,critic,3
Carrie Rickey,F:cb689f3e2a97,critic,8
Carrie Rickey,F:bee5654ca481,critic,5
Carrie Rickey,F:f4b3aaca24c7,critic,2
Carrie Rickey,F:7b119edce7f6,critic,1
Paul Ridd,F:9d787bc2dbde,critic,5
Paul Ridd,F:db739cff8eb8,critic,4
Paul Ridd,F:bcf4075e1cb1,critic,6
Paul Ridd,F:e1c5d8c5ef04,critic,1
Paul Ridd,F:03a18fead1c1,critic,7
Paul Ridd,F:db54beed821d,critic,3
Paul Ridd,F:d4937a407577,critic,10
Paul Ridd,F:eb38ff2949b1,critic,9
Paul Ridd,F:a48411e36a86,critic,2
Paul Ridd,F:231f757197dc,critic,8
Katie Rife,F:03774d8054b0,critic,8
Katie Rife,F:7b5d85393630,critic,6
Katie Rife,F:2799de28d75f,critic,1
Katie Rife,F:bf6387f2c8ae,critic,10
Katie Rife,F:08966bbb6c53,critic,9
Katie Rife,F:d1188b34b03c,critic,7
Katie Rife,F:ea8c30267045,critic,4
Katie Rife,F:c41986eabc20,critic,3
Katie Rife,F:ef28514dc4e7,critic,2
Katie Rife,F:15bcedf51ef8,critic,5
Jonathan Rigby,F:269e50561c64,critic,8
Jonathan Rigby,F:2a5f669472bc,critic,7
Jonathan Rigby,F:f3176f894568,critic,1
Jonathan Rigby,F:8b4b310f435e,critic,9
Jonathan Rigby,F:795658b0a468,critic,5
Jonathan Rigby,F:f53416daf440,critic,10
Jonathan Rigby,F:c7827e6e17bf,critic,3
Jonathan Rigby,F:ee3b9dd8a7d5,critic,4
Jonathan Rigby,F:8d4ff9876f4c,critic,2
Jonathan Rigby,F:1e4f9a3a4df7,critic,6
Jessica Sarah Rinland,F:3b074069a07d,director,6
Jessica Sarah Rinland,F:c362bdfd2f5c,director,1
Jessica Sarah Rinland,F:7416e0cb1ff8,director,8
Jessica Sarah Rinland,F:650f04ee4d65,director,3
Jessica Sarah Rinland,F:930e2118f326,director,9
Jessica Sarah Rinland,F:9feac0cd74ae,director,4
Jessica Sarah Rinland,F:9eec643be105,director,2
Jessica Sarah Rinland,F:9223c478b715,director,7
Jessica Sarah Rinland,F:945176ce7467,director,5
Jessica Sarah Rinland,F:813bde6e3053,director,10
Kong Rithdee,F:cda1a8b3152c,critic,5
Kong Rithdee,F:944ad783759e,critic,6
Kong Rithdee,F:9f96298e4d23,critic,9
Kong Rithdee,F:83c734e30238,critic,10
Kong Rithdee,F:69f5bed6f836,critic,7
Kong Rithdee,F:aa65b1eedc05,critic,4
Kong Rithdee,F:2799de28d75f,critic,2
Kong Rithdee,F:325075869126,critic,8
Kong Rithdee,F:f87b3c091815,critic,3
Kong Rithdee,F:296c885895bb,critic,1
Riri Riza,F:9f96298e4d23,director,10
Riri Riza,F:31327e6bd15e,director,1
Riri Riza,F:cda1a8b3152c,director,9
Riri Riza,F:c78c6b97f980,director,7
Riri Riza,F:17fcc038144d,director,5
Riri Riza,F:03b3065dc545,director,8
Riri Riza,F:002c591e702f,director,6
Riri Riza,F:0ef33662943e,director,2
Riri Riza,F:1e8b45df0ba0,director,3
Riri Riza,F:5e5b16dbc375,director,4
Vadim Rizov,F:a640d42e39bf,critic,5
Vadim Rizov,F:a081a669b513,critic,3
Vadim Rizov,F:f8aceea338d4,critic,8
Vadim Rizov,F:2e7d4740d619,critic,9
Vadim Rizov,F:860988085746,critic,10
Vadim Rizov,F:b122b4163016,critic,2
Vadim Rizov,F:6e988d2b41e5,critic,6
Vadim Rizov,F:bb4b17e3f1c5,critic,7
Vadim Rizov,F:43ed1f1e1e7b,critic,1
Vadim Rizov,F:0f8ee3ce74e8,critic,4
Adam Roberts,F:d8e24aa1ab58,critic,8
Adam Roberts,F:44d249fc6091,critic,6
Adam Roberts,F:9f96298e4d23,critic,9
Adam Roberts,F:83c734e30238,critic,10
Adam Roberts,F:eeb94ecd85af,critic,7
Adam Roberts,F:05d1730cfab5,critic,4
Adam Roberts,F:8db25a4797e8,critic,3
Adam Roberts,F:122fb2de00e8,critic,5
Adam Roberts,F:f70a5e5101b1,critic,1
Adam Roberts,F:7416e0cb1ff8,critic,2
Ben Roberts,F:e70c7eaa7408,critic,4
Ben Roberts,F:337423442fc4,critic,3
Ben Roberts,F:09035fce59e3,critic,8
Ben Roberts,F:9000c8f0eb34,critic,5
Ben Roberts,F:3e088c64f4af,critic,2
Ben Roberts,F:cda1a8b3152c,critic,9
Ben Roberts,F:16913ba1d831,critic,7
Ben Roberts,F:461f01038202,critic,1
Ben Roberts,F:325075869126,critic,10
Ben Roberts,F:3779236f3701,critic,6
Soraya Roberts,F:ecf182d32966,critic,1
Soraya Roberts,F:1f696ff5de67,critic,8
Soraya Roberts,F:e8dc421cb85d,critic,4
Soraya Roberts,F:8ef325fc9df3,critic,3
Soraya Roberts,F:0e8bdbad1acf,critic,9
Soraya Roberts,F:c886e1ce757a,critic,2
Soraya Roberts,F:60c6ffed2334,critic,6
Soraya Roberts,F:9fec4fea25ca,critic,7
Soraya Roberts,F:41a8c399de75,critic,5
Soraya Roberts,F:8b59f9e5c592,critic,10
Jon Robertson,F:f6b979207ad8,critic,1
Jon Robertson,F:44e85b14693b,critic,6
Jon Robertson,F:b9324859bf42,critic,4
Jon Robertson,F:d3259e8689ca,critic,7
Jon Robertson,F:eeb9a10a9240,critic,5
Jon Robertson,F:cd5f735f7e72,critic,2
Jon Robertson,F:078c56f7dec6,critic,9
Jon Robertson,F:9503b95b7798,critic,8
Jon Robertson,F:cda1a8b3152c,critic,10
Jon Robertson,F:f311acc10021,critic,3
Selina Robertson,F:090832505b0f,critic,8
Selina Robertson,F:325075869126,critic,9
Selina Robertson,F:c22c42cd69b9,critic,6
Selina Robertson,F:83c734e30238,critic,10
Selina Robertson,F:a5083fa04636,critic,7
Selina Robertson,F:665eab0ab9d1,critic,4
Selina Robertson,F:115f9dfb2b72,critic,1
Selina Robertson,F:0a600f29226c,critic,5
Selina Robertson,F:553ecfd38a6f,critic,2
Selina Robertson,F:fdffe3f0bfb8,critic,3
Tim Robey,F:299aafd38526,critic,2
Tim Robey,F:6ef9ec2a60f2,critic,6
Tim Robey,F:97b42f962368,critic,8
Tim Robey,F:83c734e30238,critic,10
Tim Robey,F:09035fce59e3,critic,7
Tim Robey,F:b7dbf64232a8,critic,5
Tim Robey,F:653f45346bcc,critic,9
Tim Robey,F:44e85b14693b,critic,1
Tim Robey,F:4996e9b10df0,critic,4
Tim Robey,F:6df960d01ebc,critic,3
Brian Robinson,F:122fb2de00e8,critic,6
Brian Robinson,F:db54beed821d,critic,2
Brian Robinson,F:23bcdf10e622,critic,7
Brian Robinson,F:0a600f29226c,critic,8
Brian Robinson,F:6d78c0ecb7e7,critic,10
Brian Robinson,F:2ff325fd7d4c,critic,1
Brian Robinson,F:3e088c64f4af,critic,5
Brian Robinson,F:09035fce59e3,critic,9
Brian Robinson,F:38516f3726c8,critic,4
Brian Robinson,F:842f32097573,critic,3
Leo Robson,F:d284e87081b9,critic,3
Leo Robson,F:4178c0f6fbb7,critic,10
Leo Robson,F:fd1c97f46249,critic,5
Leo Robson,F:8c5eb94596d0,critic,6
Leo Robson,F:72d8bc7578ad,critic,7
Leo Robson,F:cbe23080ad7b,critic,1
Leo Robson,F:39e8daa81ee8,critic,4
Leo Robson,F:02fb3a5f4eaa,critic,2
Leo Robson,F:f71879711b8f,critic,9
Leo Robson,F:4e2bc3c14baa,critic,8
James Rocarols,F:ec7726632ac1,critic,10
James Rocarols,F:c21985a3eec4,critic,3
James Rocarols,F:e9e268170b35,critic,8
James Rocarols,F:38516f3726c8,critic,6
James Rocarols,F:75046ffb9b38,critic,9
James Rocarols,F:6062db7b96b5,critic,1
James Rocarols,F:f9781fc86d8b,critic,4
James Rocarols,F:ae210c811b05,critic,2
James Rocarols,F:e4227f57ad92,critic,5
James Rocarols,F:05d1730cfab5,critic,7
James Rodrigues,F:af3336b803be,critic,8
James Rodrigues,F:a178dcbc5c71,critic,4
James Rodrigues,F:86feade405f0,critic,3
James Rodrigues,F:16913ba1d831,critic,10
James Rodrigues,F:d790585a48a6,critic,2
James Rodrigues,F:e0a07c197db1,critic,6
James Rodrigues,F:494fd4aacc71,critic,5
James Rodrigues,F:e4c949fb454a,critic,7
James Rodrigues,F:f0c4c1d56df2,critic,1
James Rodrigues,F:ef28514dc4e7,critic,9
Joao Pedro Rodrigues,F:f02350209d28,director,4
Joao Pedro Rodrigues,F:3e7a3a8f8433,director,9
Joao Pedro Rodrigues,F:62f2866d3bb5,director,6
Joao Pedro Rodrigues,F:a454d3354c22,director,10
Joao Pedro Rodrigues,F:3ee13ea77fbc,director,2
Joao Pedro Rodrigues,F:1b50353487a6,director,7
Joao Pedro Rodrigues,F:5a242678dbf0,director,3
Joao Pedro Rodrigues,F:849ef29cad15,director,1
Joao Pedro Rodrigues,F:4bbcec7d0753,director,8
Joao Pedro Rodrigues,F:9f9a4da4d742,director,5
Nuno Rodrigues,F:b5a06746734d,critic,10
Nuno Rodrigues,F:653f45346bcc,critic,9
Nuno Rodrigues,F:608e02fe3ca2,critic,5
Nuno Rodrigues,F:0a600f29226c,critic,7
Nuno Rodrigues,F:c48b24faa9f1,critic,3
Nuno Rodrigues,F:125061f190de,critic,8
Nuno Rodrigues,F:34cf774aeffe,critic,4
Nuno Rodrigues,F:3ef587a07100,critic,1
Nuno Rodrigues,F:3a3ec9a6367f,critic,2
Nuno Rodrigues,F:5094c1da4d65,critic,6
José Maria Rodríguez Armada,F:38ccb3d447c3,critic,10
José Maria Rodríguez Armada,F:03809811ea9b,critic,8
José Maria Rodríguez Armada,F:d8e24aa1ab58,critic,9
José Maria Rodríguez Armada,F:87ddccd7c29d,critic,7
José Maria Rodríguez Armada,F:74869694acb1,critic,6
José Maria Rodríguez Armada,F:0bd171a9d013,critic,3
José Maria Rodríguez Armada,F:4095b1c4b144,critic,2
José Maria Rodríguez Armada,F:297b574430d3,critic,5
José Maria Rodríguez Armada,F:6259b2e8efc0,critic,1
José Maria Rodríguez Armada,F:c57979060018,critic,4
Farid Rodríguez Rivero,F:114ae73dd3a7,director,8
Farid Rodríguez Rivero,F:780c4db4b335,director,1
Farid Rodríguez Rivero,F:125061f190de,director,9
Farid Rodríguez Rivero,F:b132d89fef53,director,10
Farid Rodríguez Rivero,F:052c23677d2a,director,4
Farid Rodríguez Rivero,F:c520dfb264f7,director,3
Farid Rodríguez Rivero,F:1174009b97fe,director,6
Farid Rodríguez Rivero,F:20a0a276094a,director,7
Farid Rodríguez Rivero,F:9539729dc80f,director,5
Farid Rodríguez Rivero,F:43a33aaa027e,director,2
Alice Rohrwacher,F:265c97ffa60b,director,2
Alice Rohrwacher,F:caf9aa22da03,director,7
Alice Rohrwacher,F:d82151d9c18c,director,8
Alice Rohrwacher,F:3e36cfd573cd,director,1
Alice Rohrwacher,F:a775f32ff944,director,5
Alice Rohrwacher,F:22e3b23afbdf,director,6
Alice Rohrwacher,F:285b91fcb198,director,3
Alice Rohrwacher,F:dd03c7ae8bd4,director,10
Alice Rohrwacher,F:e50df68cbfa5,director,4
Alice Rohrwacher,F:31e3a3512a76,director,9
Juliet Romeo,F:8f632d2ce48c,critic,4
Juliet Romeo,F:32f33617395c,critic,10
Juliet Romeo,F:7a8a830211f9,critic,7
Juliet Romeo,F:8d0187e409e0,critic,1
Juliet Romeo,F:94620d3b44c7,critic,5
Juliet Romeo,F:01850bd0383a,critic,6
Juliet Romeo,F:6e3e45ab0fdb,critic,2
Juliet Romeo,F:3d0804a24254,critic,3
Juliet Romeo,F:008495919c65,critic,9
Juliet Romeo,F:f8abdb2ec9d8,critic,8
Nicoletta Romeo,F:dd03c7ae8bd4,critic,9
Nicoletta Romeo,F:5e201ce6e4d7,critic,7
Nicoletta Romeo,F:f908f6f70606,critic,6
Nicoletta Romeo,F:83c734e30238,critic,10
Nicoletta Romeo,F:e9b8ad96fdfa,critic,3
Nicoletta Romeo,F:309fdc1c78d7,critic,1
Nicoletta Romeo,F:caabee7db5c9,critic,8
Nicoletta Romeo,F:fb1858f30417,critic,5
Nicoletta Romeo,F:d3b521828c87,critic,4
Nicoletta Romeo,F:2b41ae1092e2,critic,2
Pedro G. Romero,F:3b0d32be0818,director,1
Pedro G. Romero,F:7247f06a4dbe,director,3
Pedro G. Romero,F:ecb4649b43bf,director,2
Pedro G. Romero,F:950c29bf9796,director,10
Pedro G. Romero,F:caabee7db5c9,director,9
Pedro G. Romero,F:c09568abead3,director,5
Pedro G. Romero,F:72da873ab3ff,director,4
Pedro G. Romero,F:021d58f95670,director,8
Pedro G. Romero,F:043933aa747f,director,7
Pedro G. Romero,F:91bbce13df74,director,6
Jonathan Romney,F:325075869126,critic,10
Jonathan Romney,F:1e3ff5e811fb,critic,3
Jonathan Romney,F:a7d92e333282,critic,6
Jonathan Romney,F:2d0a70a530cf,critic,1
Jonathan Romney,F:8fe1bdde11ef,critic,9
Jonathan Romney,F:ff478deae1ed,critic,5
Jonathan Romney,F:114ae73dd3a7,critic,8
Jonathan Romney,F:d2754526e542,critic,2
Jonathan Romney,F:6ffcf833b768,critic,4
Jonathan Romney,F:76f8cccf860c,critic,7
Sophy Romvari,F:c78c6b97f980,director,8
Sophy Romvari,F:4e2bc3c14baa,director,6
Sophy Romvari,F:944ad783759e,director,9
Sophy Romvari,F:83c734e30238,director,10
Sophy Romvari,F:e147c7e3e29c,director,5
Sophy Romvari,F:4910ffd369f1,director,3
Sophy Romvari,F:c109bc32be73,director,1
Sophy Romvari,F:930e2118f326,director,4
Sophy Romvari,F:fc4050035da9,director,2
Sophy Romvari,F:002c591e702f,director,7
Elif Rongen-Kaynakci,F:d5315c0f677c,critic,2
Elif Rongen-Kaynakci,F:0f0cd108e73e,critic,6
Elif Rongen-Kaynakci,F:ab3cd6cbe81e,critic,8
Elif Rongen-Kaynakci,F:e1d82a81fc27,critic,7
Elif Rongen-Kaynakci,F:db803e57874f,critic,10
Elif Rongen-Kaynakci,F:a3d0b4e174aa,critic,9
Elif Rongen-Kaynakci,F:8b408201c4c6,critic,5
Elif Rongen-Kaynakci,F:d0556e01fb9f,critic,3
Elif Rongen-Kaynakci,F:1e89b5a29bbf,critic,1
Elif Rongen-Kaynakci,F:2b40fbe4d26b,critic,4
David Rooney,F:aa65b1eedc05,critic,7
David Rooney,F:97d8d5966fb4,critic,1
David Rooney,F:6153eeb1ef64,critic,6
David Rooney,F:d82151d9c18c,critic,3
David Rooney,F:79c30aef6e24,critic,4
David Rooney,F:f53416daf440,critic,9
David Rooney,F:8fc32725b37f,critic,8
David Rooney,F:095dd92eb88c,critic,2
David Rooney,F:9f96298e4d23,critic,10
David Rooney,F:b5fac1879322,critic,5
Sebastián Rosal,F:f97978e0dded,critic,8
Sebastián Rosal,F:2fad03e3ad97,critic,7
Sebastián Rosal,F:e11229c42688,critic,1
Sebastián Rosal,F:4bc04f4766c9,critic,3
Sebastián Rosal,F:944ad783759e,critic,10
Sebastián Rosal,F:ce7c8dbdf35d,critic,4
Sebastián Rosal,F:432bbc185cbb,critic,9
Sebastián Rosal,F:6236062c0bea,critic,6
Sebastián Rosal,F:4115e85ccc12,critic,5
Sebastián Rosal,F:eddfd88492d1,critic,2
Bernard Rose,F:d653d89fbc90,director,3
Bernard Rose,F:9c648373383b,director,2
Bernard Rose,F:b132d89fef53,director,10
Bernard Rose,F:2320d0b9141c,director,6
Bernard Rose,F:8b4b310f435e,director,8
Bernard Rose,F:23bcdf10e622,director,7
Bernard Rose,F:477977925947,director,5
Bernard Rose,F:0bae436c7eb4,director,1
Bernard Rose,F:e2bff7956338,director,9
Bernard Rose,F:9efcb3d93167,director,4
Jonathan Rosenbaum,F:98aa847a19fe,critic,4
Jonathan Rosenbaum,F:c0891d475a49,critic,8
Jonathan Rosenbaum,F:341aefe6f409,critic,3
Jonathan Rosenbaum,F:d8e24aa1ab58,critic,9
Jonathan Rosenbaum,F:feaa04ac1109,critic,6
Jonathan Rosenbaum,F:45b24d0baf76,critic,1
Jonathan Rosenbaum,F:75046ffb9b38,critic,10
Jonathan Rosenbaum,F:dd03c7ae8bd4,critic,5
Jonathan Rosenbaum,F:114ae73dd3a7,critic,7
Jonathan Rosenbaum,F:cd8b74b7b5a9,critic,2
Eloise Ross,F:269e50561c64,critic,7
Eloise Ross,F:46194e616618,critic,9
Eloise Ross,F:20afe757a6d1,critic,8
Eloise Ross,F:b9a34b130377,critic,2
Eloise Ross,F:835b7b615f7a,critic,3
Eloise Ross,F:c29fbb81f64c,critic,5
Eloise Ross,F:ad61730d9d2f,critic,6
Eloise Ross,F:4e2bc3c14baa,critic,10
Eloise Ross,F:56ed3400ebd7,critic,1
Eloise Ross,F:9a480687a7e7,critic,4
Jonathan Ross,F:b132d89fef53,critic,10
Jonathan Ross,F:83ebc8b43c9d,critic,9
Jonathan Ross,F:0b8605c6af7f,critic,1
Jonathan Ross,F:fbac63dcd9cf,critic,7
Jonathan Ross,F:e4f2c6859086,critic,3
Jonathan Ross,F:f71879711b8f,critic,8
Jonathan Ross,F:6c86e1883516,critic,2
Jonathan Ross,F:cd2b19d5e1ca,critic,4
Jonathan Ross,F:e50615c80a64,critic,6
Jonathan Ross,F:63d46e5d8cef,critic,5
Julian Ross,F:17fa18b11736,critic,3
Julian Ross,F:a823e43373f4,critic,2
Julian Ross,F:da3f1a9a55b3,critic,6
Julian Ross,F:0565ff7fd56c,critic,9
Julian Ross,F:9832dcc6e9dd,critic,4
Julian Ross,F:c5b2b1bdd577,critic,1
Julian Ross,F:c41986eabc20,critic,7
Julian Ross,F:a9519db91181,critic,8
Julian Ross,F:93b853b9e717,critic,5
Federico Rossin,F:594e154b7850,critic,1
Federico Rossin,F:5c226aa5de90,critic,9
Federico Rossin,F:8e8a8b10ef98,critic,6
Federico Rossin,F:76ea7c1c47b2,critic,2
Federico Rossin,F:53bab82e1ef8,critic,3
Federico Rossin,F:d2e7ff19df75,critic,4
Federico Rossin,F:9832dcc6e9dd,critic,7
Federico Rossin,F:c22c42cd69b9,critic,10
Federico Rossin,F:e1c088e588ce,critic,5
Federico Rossin,F:9f9a4da4d742,critic,8
Rainer Rother,F:cbb0587ba064,critic,7
Rainer Rother,F:f5b23bc11b1d,critic,3
Rainer Rother,F:b5a06746734d,critic,10
Rainer Rother,F:c0891d475a49,critic,6
Rainer Rother,F:e24ef98e5c4b,critic,1
Rainer Rother,F:fbac63dcd9cf,critic,4
Rainer Rother,F:8fc32725b37f,critic,5
Rainer Rother,F:d472058d559a,critic,8
Rainer Rother,F:b132d89fef53,critic,9
Rainer Rother,F:72d8bc7578ad,critic,2
Joshua Rothkopf,F:813bde6e3053,critic,10
Joshua Rothkopf,F:6d78c0ecb7e7,critic,9
Joshua Rothkopf,F:1c8565784f6c,critic,2
Joshua Rothkopf,F:7dacc043e524,critic,8
Joshua Rothkopf,F:8fe1bdde11ef,critic,6
Joshua Rothkopf,F:c0891d475a49,critic,7
Joshua Rothkopf,F:ea8c30267045,critic,5
Joshua Rothkopf,F:b7dbf64232a8,critic,4
Joshua Rothkopf,F:ef28514dc4e7,critic,3
Joshua Rothkopf,F:74869694acb1,critic,1
Andy Rotman,F:bf6387f2c8ae,critic,9
Andy Rotman,F:b5a06746734d,critic,10
Andy Rotman,F:ec7726632ac1,critic,5
Andy Rotman,F:95bd800bd9e5,critic,2
Andy Rotman,F:29e8c2663329,critic,6
Andy Rotman,F:03774d8054b0,critic,7
Andy Rotman,F:02ded6e20b97,critic,3
Andy Rotman,F:e2bff7956338,critic,8
Andy Rotman,F:cda1a8b3152c,critic,4
Andy Rotman,F:b81ddc038404,critic,1
Mohammed Rouda,F:125061f190de,critic,5
Mohammed Rouda,F:477977925947,critic,2
Mohammed Rouda,F:b5a06746734d,critic,10
Mohammed Rouda,F:7fe15b05ccde,critic,6
Mohammed Rouda,F:4c53a001a92c,critic,3
Mohammed Rouda,F:bf6387f2c8ae,critic,9
Mohammed Rouda,F:fbfc282cbfbb,critic,4
Mohammed Rouda,F:a6b2d4ef6e92,critic,1
Mohammed Rouda,F:4178c0f6fbb7,critic,7
Mohammed Rouda,F:e2bff7956338,critic,8
Baptiste Roux,F:b5a06746734d,critic,10
Baptiste Roux,F:b8c65bcb3d78,critic,4
Baptiste Roux,F:6ef9ec2a60f2,critic,5
Baptiste Roux,F:fd39b1974fc7,critic,3
Baptiste Roux,F:29e8c2663329,critic,8
Baptiste Roux,F:75046ffb9b38,critic,7
Baptiste Roux,F:e0e18f9ed1bc,critic,1
Baptiste Roux,F:bf6387f2c8ae,critic,9
Baptiste Roux,F:21c9b6bcddaa,critic,2
Baptiste Roux,F:114ae73dd3a7,critic,6
Philippe Rouyer,F:a6b2d4ef6e92,critic,3
Philippe Rouyer,F:4178c0f6fbb7,critic,6
Philippe Rouyer,F:bf6387f2c8ae,critic,10
Philippe Rouyer,F:38ccb3d447c3,critic,7
Philippe Rouyer,F:078c56f7dec6,critic,5
Philippe Rouyer,F:b132d89fef53,critic,9
Philippe Rouyer,F:240c3c3338a1,critic,4
Philippe Rouyer,F:6123013e09d3,critic,1
Philippe Rouyer,F:653f45346bcc,critic,8
Philippe Rouyer,F:4953ffd81613,critic,2
Ronald Rovers,F:6df960d01ebc,critic,5
Ronald Rovers,F:08966bbb6c53,critic,9
Ronald Rovers,F:b6c9ffffa8d4,critic,1
Ronald Rovers,F:7a4937c915f3,critic,3
Ronald Rovers,F:f8abdb2ec9d8,critic,6
Ronald Rovers,F:b132d89fef53,critic,10
Ronald Rovers,F:15298623ef1f,critic,8
Ronald Rovers,F:69ee1e9bf06a,critic,4
Ronald Rovers,F:114ae73dd3a7,critic,7
Ronald Rovers,F:b3c8e2868bec,critic,2
Shelagh Rowan-Legg,F:bee09401fa7d,critic,9
Shelagh Rowan-Legg,F:950c29bf9796,critic,4
Shelagh Rowan-Legg,F:d2ac8fced14e,critic,8
Shelagh Rowan-Legg,F:32f33617395c,critic,5
Shelagh Rowan-Legg,F:74869694acb1,critic,3
Shelagh Rowan-Legg,F:413d2bed80fb,critic,2
Shelagh Rowan-Legg,F:4a7fa7be8c87,critic,6
Shelagh Rowan-Legg,F:69ee1e9bf06a,critic,1
Shelagh Rowan-Legg,F:f53416daf440,critic,7
Shelagh Rowan-Legg,F:325075869126,critic,10
Joe Rubin,F:dfed58b3a670,critic,6
Joe Rubin,F:b339d6c582f0,critic,9
Joe Rubin,F:f0b5476c1dd5,critic,2
Joe Rubin,F:d1b5edb87480,critic,3
Joe Rubin,F:ef4ed5380e4f,critic,8
Joe Rubin,F:d503aea7de3c,critic,4
Joe Rubin,F:84cc262a6766,critic,7
Joe Rubin,F:f042ac0c96fb,critic,1
Joe Rubin,F:590fab2c2110,critic,5
Joe Rubin,F:69f5bed6f836,critic,10
Martin Rubin,F:84fa7c2219d2,critic,3
Martin Rubin,F:a454d3354c22,critic,1
Martin Rubin,F:8fe1bdde11ef,critic,5
Martin Rubin,F:1e8c36f50cef,critic,2
Martin Rubin,F:ec7726632ac1,critic,8
Martin Rubin,F:09035fce59e3,critic,7
Martin Rubin,F:f53416daf440,critic,6
Martin Rubin,F:d117472f572e,critic,9
Martin Rubin,F:76f8cccf860c,critic,4
Martin Rubin,F:b5a06746734d,critic,10
Mey Rude,F:57a1bf06a3b8,critic,9
Mey Rude,F:414feae8774b,critic,5
Mey Rude,F:1174009b97fe,critic,7
Mey Rude,F:f8abdb2ec9d8,critic,10
Mey Rude,F:df1099e94aec,critic,2
Mey Rude,F:1c20b47d3a16,critic,1
Mey Rude,F:af9e3551238b,critic,8
Mey Rude,F:effdc0addc4c,critic,4
Mey Rude,F:1411418a5f42,critic,3
Mey Rude,F:e0a07c197db1,critic,6
Peter Christian Rude,F:2ec8e3a6b8aa,critic,7
Peter Christian Rude,F:b28e965c7734,critic,1
Peter Christian Rude,F:feaa04ac1109,critic,8
Peter Christian Rude,F:078c56f7dec6,critic,5
Peter Christian Rude,F:15cebbda1cd1,critic,4
Peter Christian Rude,F:55ad4fb0baae,critic,3
Peter Christian Rude,F:e2bff7956338,critic,10
Peter Christian Rude,F:944ad783759e,critic,9
Peter Christian Rude,F:7a7c0ff849d4,critic,6
Peter Christian Rude,F:727b4a394724,critic,2
Christine Rüffert,F:9832dcc6e9dd,critic,3
Christine Rüffert,F:2799de28d75f,critic,6
Christine Rüffert,F:4c53a001a92c,critic,5
Christine Rüffert,F:f5b23bc11b1d,critic,8
Christine Rüffert,F:950c29bf9796,critic,10
Christine Rüffert,F:2af5c5bcacdf,critic,7
Christine Rüffert,F:76f8cccf860c,critic,9
Christine Rüffert,F:b3858d1cff92,critic,4
Christine Rüffert,F:8690297bc428,critic,2
Christine Rüffert,F:6cbaca32573a,critic,1
Kivu Ruhorahoza,F:09f3580bb130,director,2
Kivu Ruhorahoza,F:8fc32725b37f,director,6
Kivu Ruhorahoza,F:3607e9f1675c,director,5
Kivu Ruhorahoza,F:39211f8461b7,director,3
Kivu Ruhorahoza,F:6407c8c257a9,director,4
Kivu Ruhorahoza,F:d472058d559a,director,8
Kivu Ruhorahoza,F:7fe15b05ccde,director,9
Kivu Ruhorahoza,F:bee09401fa7d,director,7
Kivu Ruhorahoza,F:1ef41d41be76,director,1
Kivu Ruhorahoza,F:325075869126,director,10
Céline Ruivo,F:72d6d9bf2299,critic,8
Céline Ruivo,F:d117472f572e,critic,9
Céline Ruivo,F:8e8a8b10ef98,critic,5
Céline Ruivo,F:9f96298e4d23,critic,10
Céline Ruivo,F:c29fbb81f64c,critic,7
Céline Ruivo,F:ab5a1975cb2e,critic,4
Céline Ruivo,F:677d552e782e,critic,2
Céline Ruivo,F:92271c7dc38d,critic,6
Céline Ruivo,F:00681ee2b329,critic,3
Céline Ruivo,F:a09a07aef468,critic,1
Paula Arantzazu Ruiz,F:3ffb67c0b2aa,critic,3
Paula Arantzazu Ruiz,F:b5936ac82331,critic,7
Paula Arantzazu Ruiz,F:2f78aa46dcb8,critic,6
Paula Arantzazu Ruiz,F:c7827e6e17bf,critic,4
Paula Arantzazu Ruiz,F:31e3a3512a76,critic,9
Paula Arantzazu Ruiz,F:4e2bc3c14baa,critic,10
Paula Arantzazu Ruiz,F:7fdeecd17aea,critic,8
Paula Arantzazu Ruiz,F:fb9b096a7f12,critic,1
Paula Arantzazu Ruiz,F:6483a057f068,critic,5
Paula Arantzazu Ruiz,F:823ab27adf39,critic,2
Alonso Ruizpalacios,F:2320d0b9141c,director,5
Alonso Ruizpalacios,F:7fe15b05ccde,director,9
Alonso Ruizpalacios,F:8434936e6154,director,2
Alonso Ruizpalacios,F:069cda2e3235,director,7
Alonso Ruizpalacios,F:a5083fa04636,director,8
Alonso Ruizpalacios,F:e0fa4f112d72,director,4
Alonso Ruizpalacios,F:91da2062cc0a,director,1
Alonso Ruizpalacios,F:944ad783759e,director,10
Alonso Ruizpalacios,F:4a7fa7be8c87,director,6
Alonso Ruizpalacios,F:d8ce5441d5f4,director,3
Catherine Russell,F:6153eeb1ef64,critic,7
Catherine Russell,F:835b7b615f7a,critic,2
Catherine Russell,F:20afe757a6d1,critic,6
Catherine Russell,F:5e201ce6e4d7,critic,3
Catherine Russell,F:cb689f3e2a97,critic,9
Catherine Russell,F:8fc32725b37f,critic,8
Catherine Russell,F:7aaa3f4847e7,critic,1
Catherine Russell,F:da997bca9f48,critic,5
Catherine Russell,F:08966bbb6c53,critic,10
Catherine Russell,F:265ff24c9602,critic,4
Patrick Russell,F:551377bc1363,critic,1
Patrick Russell,F:3507dda6aee1,critic,9
Patrick Russell,F:62805a6f67fa,critic,6
Patrick Russell,F:111e32c8a9fe,critic,7
Patrick Russell,F:2fff82d4c078,critic,8
Patrick Russell,F:ca45d2441e02,critic,10
Patrick Russell,F:3e46041dc29a,critic,2
Patrick Russell,F:3e7b47dc6141,critic,3
Patrick Russell,F:394ac75aa410,critic,4
Patrick Russell,F:48619c3f7e59,critic,5
Wendy Russell,F:9ed099161985,critic,4
Wendy Russell,F:b5a06746734d,critic,9
Wendy Russell,F:0df7362f710e,critic,5
Wendy Russell,F:b8df595b2530,critic,2
Wendy Russell,F:146ec1241d81,critic,6
Wendy Russell,F:c78c6b97f980,critic,8
Wendy Russell,F:a8ed3bb0139d,critic,3
Wendy Russell,F:2ec8e3a6b8aa,critic,7
Wendy Russell,F:e93e5ffca34a,critic,1
Wendy Russell,F:83c734e30238,critic,10
Tom Ryan,F:bf6387f2c8ae,critic,9
Tom Ryan,F:4996e9b10df0,critic,3
Tom Ryan,F:122fb2de00e8,critic,2
Tom Ryan,F:af4e177d1ed2,critic,1
Tom Ryan,F:d117472f572e,critic,5
Tom Ryan,F:4178c0f6fbb7,critic,6
Tom Ryan,F:38ccb3d447c3,critic,7
Tom Ryan,F:9f96298e4d23,critic,8
Tom Ryan,F:b5a06746734d,critic,10
Tom Ryan,F:002c591e702f,critic,4
Tobias Rydén Sjöstrand,F:af358d7d1d59,critic,6
Tobias Rydén Sjöstrand,F:effa0bf4b543,critic,1
Tobias Rydén Sjöstrand,F:41d225e6ff0b,critic,7
Tobias Rydén Sjöstrand,F:4ac1e97e8ee8,critic,2
Tobias Rydén Sjöstrand,F:feada1db862a,critic,4
Tobias Rydén Sjöstrand,F:6d78c0ecb7e7,critic,9
Tobias Rydén Sjöstrand,F:114ae73dd3a7,critic,8
Tobias Rydén Sjöstrand,F:4acddf379d28,critic,10
Tobias Rydén Sjöstrand,F:7be38868e0ce,critic,5
Tobias Rydén Sjöstrand,F:3efe90729e70,critic,3
Alistair Ryder,F:698319fe73f3,critic,3
Alistair Ryder,F:ed913192d169,critic,9
Alistair Ryder,F:73ac13372020,critic,7
Alistair Ryder,F:f0003668a2c4,critic,6
Alistair Ryder,F:0813fd94c20e,critic,4
Alistair Ryder,F:ad4f804c3862,critic,5
Alistair Ryder,F:008495919c65,critic,8
Alistair Ryder,F:94d13fc420fa,critic,1
Alistair Ryder,F:ec7726632ac1,critic,10
Alistair Ryder,F:904bf976bc43,critic,2
Seungwan Ryoo,F:bf6387f2c8ae,director,10
Seungwan Ryoo,F:03809811ea9b,director,7
Seungwan Ryoo,F:1ace472ce6a8,director,4
Seungwan Ryoo,F:4319655c5540,director,3
Seungwan Ryoo,F:09035fce59e3,director,8
Seungwan Ryoo,F:d472058d559a,director,9
Seungwan Ryoo,F:5f9daceb0454,director,5
Seungwan Ryoo,F:e70c7eaa7408,director,6
Seungwan Ryoo,F:84e84ecb386f,director,1
Seungwan Ryoo,F:6bc1513ee7fb,director,2
Jennifer Sabine,F:5565070217cb,critic,1
Jennifer Sabine,F:2fad03e3ad97,critic,4
Jennifer Sabine,F:2861a518888c,critic,5
Jennifer Sabine,F:4acddf379d28,critic,8
Jennifer Sabine,F:822f493093bf,critic,2
Jennifer Sabine,F:9113deb430d0,critic,6
Jennifer Sabine,F:0c64dd7aa964,critic,3
Jennifer Sabine,F:653f45346bcc,critic,9
Jennifer Sabine,F:bcf63870b80d,critic,7
Kate Saccone,F:1ec59921ffd0,critic,5
Kate Saccone,F:667f9047c4d8,critic,8
Kate Saccone,F:9456faf1b2aa,critic,1
Kate Saccone,F:cb689f3e2a97,critic,9
Kate Saccone,F:83c734e30238,critic,10
Kate Saccone,F:a88e0d17e7d1,critic,3
Kate Saccone,F:5faf4e826922,critic,6
Kate Saccone,F:67e4464eabeb,critic,4
Kate Saccone,F:a7dc5420f605,critic,7
Kate Saccone,F:110616c44707,critic,2
Ira Sachs,F:4ac1e97e8ee8,director,2
Ira Sachs,F:8082e9c53944,director,8
Ira Sachs,F:dd03c7ae8bd4,director,9
Ira Sachs,F:813bde6e3053,director,10
Ira Sachs,F:accd46d88a10,director,3
Ira Sachs,F:b3b870d3401e,director,4
Ira Sachs,F:1b6216b7041c,director,6
Ira Sachs,F:5ff8e468e0f2,director,7
Ira Sachs,F:5d10d855ef68,director,1
Ira Sachs,F:ea57f6c88dad,director,5
Kat Sachs,F:3dc11a61f1ca,critic,5
Kat Sachs,F:4e2bc3c14baa,critic,7
Kat Sachs,F:269e50561c64,critic,3
Kat Sachs,F:83c734e30238,critic,10
Kat Sachs,F:b3c8e2868bec,critic,1
Kat Sachs,F:c4e34698c643,critic,4
Kat Sachs,F:d117472f572e,critic,9
Kat Sachs,F:03809811ea9b,critic,8
Kat Sachs,F:46194e616618,critic,6
Kat Sachs,F:5f9daceb0454,critic,2
Josh Saco,F:5da49dcce857,critic,9
Josh Saco,F:337423442fc4,critic,10
Josh Saco,F:12d8ed2011a1,critic,8
Josh Saco,F:8a426e0a45d1,critic,4
Josh Saco,F:79645a2699c2,critic,3
Josh Saco,F:805fd9d18aaa,critic,1
Josh Saco,F:db0456fa1723,critic,2
Josh Saco,F:dd1d8e5e5fe4,critic,6
Josh Saco,F:c0aacbd3a774,critic,7
Josh Saco,F:d256c948200e,critic,5
Yal Sadat,F:d472058d559a,critic,9
Yal Sadat,F:87ddccd7c29d,critic,5
Yal Sadat,F:125061f190de,critic,8
Yal Sadat,F:b5a06746734d,critic,10
Yal Sadat,F:3f586a95ab42,critic,4
Yal Sadat,F:cbe09420d1dc,critic,2
Yal Sadat,F:c0891d475a49,critic,6
Yal Sadat,F:e4efe35a2dbf,critic,1
Yal Sadat,F:3a4215fb5c3d,critic,3
Yal Sadat,F:bee09401fa7d,critic,7
Saim Sadiq,F:e2bff7956338,director,10
Saim Sadiq,F:82f51bc15898,director,2
Saim Sadiq,F:aa65b1eedc05,director,8
Saim Sadiq,F:1a68aefe7ea1,director,7
Saim Sadiq,F:c3f4f3d3dda9,director,3
Saim Sadiq,F:c78c6b97f980,director,9
Saim Sadiq,F:be922adcc35a,director,4
Saim Sadiq,F:221a46a574d6,director,1
Saim Sadiq,F:c9a62b53f643,director,6
Saim Sadiq,F:c7384eeb7b0e,director,5
Benny Safdie,F:c21656de0a43,director,1
Benny Safdie,F:feaa04ac1109,director,8
Benny Safdie,F:12fb318fa245,director,6
Benny Safdie,F:6ae8c10ff551,director,7
Benny Safdie,F:8ccaf0311759,director,5
Benny Safdie,F:d472058d559a,director,10
Benny Safdie,F:edfb01f5a9d6,director,9
Benny Safdie,F:513a2be572a8,director,4
Benny Safdie,F:ddee5a65e949,director,2
Benny Safdie,F:0aec7c4badf9,director,3
Josh Safdie,F:59ad7c389a61,director,8
Josh Safdie,F:c1096be11b09,director,6
Josh Safdie,F:7d1712fa3d8e,director,1
Josh Safdie,F:944ad783759e,director,10
Josh Safdie,F:be4ecf74125c,director,2
Josh Safdie,F:edfb01f5a9d6,director,9
Josh Safdie,F:dfb828e1490c,director,3
Josh Safdie,F:b128d01eb660,director,5
Josh Safdie,F:18f29f5c9f6a,director,4
Josh Safdie,F:76a54ede5d64,director,7
Arjun Sajip,F:b132d89fef53,critic,10
Arjun Sajip,F:5094c1da4d65,critic,6
Arjun Sajip,F:4418a62420bf,critic,4
Arjun Sajip,F:069cda2e3235,critic,8
Arjun Sajip,F:6153eeb1ef64,critic,5
Arjun Sajip,F:095dd92eb88c,critic,2
Arjun Sajip,F:97b42f962368,critic,9
Arjun Sajip,F:f71879711b8f,critic,7
Arjun Sajip,F:3607e9f1675c,critic,3
Arjun Sajip,F:f556a9145024,critic,1
Lucía Salas,F:aff1a8e450e3,critic,4
Lucía Salas,F:2fa904267156,critic,3
Lucía Salas,F:532ff9c9c719,critic,2
Lucía Salas,F:3ec40e40a443,critic,8
Lucía Salas,F:647c884cf70c,critic,1
Lucía Salas,F:15cebbda1cd1,critic,9
Lucía Salas,F:7205e8cbf7d5,critic,5
Lucía Salas,F:4e2bc3c14baa,critic,10
Lucía Salas,F:a2edba29a3fd,critic,6
Lucía Salas,F:b9519c0e0789,critic,7
Cristian Saldía,F:432bbc185cbb,critic,2
Cristian Saldía,F:83c734e30238,critic,10
Cristian Saldía,F:8fc32725b37f,critic,6
Cristian Saldía,F:9f96298e4d23,critic,9
Cristian Saldía,F:9f4bdfd01cfb,critic,1
Cristian Saldía,F:d2ac8fced14e,critic,7
Cristian Saldía,F:2320d0b9141c,critic,3
Cristian Saldía,F:114ae73dd3a7,critic,5
Cristian Saldía,F:7a7c0ff849d4,critic,4
Cristian Saldía,F:29e8c2663329,critic,8
Rafa Sales Ross,F:19eb92f7e110,critic,7
Rafa Sales Ross,F:e50615c80a64,critic,10
Rafa Sales Ross,F:31ccba01f02e,critic,5
Rafa Sales Ross,F:30c86f12fae5,critic,3
Rafa Sales Ross,F:424f6f84bc29,critic,4
Rafa Sales Ross,F:59524e2b2cf0,critic,1
Rafa Sales Ross,F:3c781cd7cdf8,critic,9
Rafa Sales Ross,F:c43a32363303,critic,2
Rafa Sales Ross,F:f58915ed95d4,critic,6
Rafa Sales Ross,F:9daa251a7795,critic,8
Mark Salisbury,F:b2910882a46d,critic,5
Mark Salisbury,F:ef28514dc4e7,critic,2
Mark Salisbury,F:ed913192d169,critic,6
Mark Salisbury,F:23bcdf10e622,critic,3
Mark Salisbury,F:71c7b9363133,critic,4
Mark Salisbury,F:b5a06746734d,critic,10
Mark Salisbury,F:15298623ef1f,critic,7
Mark Salisbury,F:e2bff7956338,critic,8
Mark Salisbury,F:74869694acb1,critic,1
Mark Salisbury,F:08966bbb6c53,critic,9
Walter Salles,F:9f96298e4d23,director,10
Walter Salles,F:ec7726632ac1,director,8
Walter Salles,F:8f681498cddb,director,2
Walter Salles,F:d117472f572e,director,9
Walter Salles,F:73921ad3057a,director,1
Walter Salles,F:a50461292bc4,director,3
Walter Salles,F:f9b6370c1fc2,director,5
Walter Salles,F:02ded6e20b97,director,6
Walter Salles,F:7b5d85393630,director,7
Walter Salles,F:0e061101bdea,director,4
Dan Sallitt,F:26d9fa05409a,critic,3
Dan Sallitt,F:d5d45d8c9f1b,critic,8
Dan Sallitt,F:aa8a3c4a330d,critic,5
Dan Sallitt,F:d2e4f5e8f98d,critic,7
Dan Sallitt,F:27cc97d93f99,critic,6
Dan Sallitt,F:00c8b9107d1c,critic,4
Dan Sallitt,F:dcd2a0b2887b,critic,2
Dan Sallitt,F:f487433720d3,critic,10
Dan Sallitt,F:f5b23bc11b1d,critic,9
Dan Sallitt,F:3f084ab60e40,critic,1
Caspar Salmon,F:f44713a09e4d,critic,5
Caspar Salmon,F:7be38868e0ce,critic,3
Caspar Salmon,F:b1d3b0d928ca,critic,2
Caspar Salmon,F:2bcbc58a252d,critic,6
Caspar Salmon,F:9f96298e4d23,critic,10
Caspar Salmon,F:944ad783759e,critic,8
Caspar Salmon,F:dabe2aa1ef74,critic,1
Caspar Salmon,F:ec7726632ac1,critic,7
Caspar Salmon,F:31e3a3512a76,critic,4
Caspar Salmon,F:325075869126,critic,9
Rasha Salti,F:bcf63870b80d,critic,7
Rasha Salti,F:62e428734cef,critic,3
Rasha Salti,F:4856ae18c1cd,critic,10
Rasha Salti,F:9f7b578a2f80,critic,1
Rasha Salti,F:8e9147c99c70,critic,4
Rasha Salti,F:1e3ff5e811fb,critic,5
Rasha Salti,F:a2a1ef5c6f47,critic,6
Rasha Salti,F:f87b3c091815,critic,9
Rasha Salti,F:3c781cd7cdf8,critic,8
Rasha Salti,F:a30f9849cafd,critic,2
Rox Samer,F:7dacc043e524,critic,7
Rox Samer,F:2af5c5bcacdf,critic,5
Rox Samer,F:090832505b0f,critic,9
Rox Samer,F:09035fce59e3,critic,8
Rox Samer,F:0565ff7fd56c,critic,6
Rox Samer,F:e42e63e2a8b7,critic,1
Rox Samer,F:57a1bf06a3b8,critic,4
Rox Samer,F:95cb5acf1ea2,critic,3
Rox Samer,F:83c734e30238,critic,10
Rox Samer,F:9092dd8aef43,critic,2
Maria San Filippo,F:d2ac8fced14e,critic,9
Maria San Filippo,F:15bcedf51ef8,critic,6
Maria San Filippo,F:83c734e30238,critic,10
Maria San Filippo,F:dd03c7ae8bd4,critic,5
Maria San Filippo,F:7a1540491e2d,critic,1
Maria San Filippo,F:03b3065dc545,critic,7
Maria San Filippo,F:95cb5acf1ea2,critic,3
Maria San Filippo,F:a7d92e333282,critic,4
Maria San Filippo,F:1df71d95bd96,critic,2
Maria San Filippo,F:6744994f98f6,critic,8
Sukhdev Sandhu,F:a5083fa04636,critic,8
Sukhdev Sandhu,F:e8d2748de292,critic,4
Sukhdev Sandhu,F:edfb01f5a9d6,critic,9
Sukhdev Sandhu,F:a958dc44c0fa,critic,2
Sukhdev Sandhu,F:d62c40a3d88f,critic,5
Sukhdev Sandhu,F:950c29bf9796,critic,7
Sukhdev Sandhu,F:cda1a8b3152c,critic,10
Sukhdev Sandhu,F:cb9b66564a82,critic,1
Sukhdev Sandhu,F:992392f0a525,critic,3
Sukhdev Sandhu,F:58f9e7707a27,critic,6
Isabel SANDOVAL,F:83c734e30238,director,10
Isabel SANDOVAL,F:d2506ebeb73e,director,5
Isabel SANDOVAL,F:08966bbb6c53,director,9
Isabel SANDOVAL,F:18634c22b226,director,2
Isabel SANDOVAL,F:325075869126,director,8
Isabel SANDOVAL,F:da3f1a9a55b3,director,3
Isabel SANDOVAL,F:37bbd65ea51f,director,4
Isabel SANDOVAL,F:e4e5d0b8b474,director,7
Isabel SANDOVAL,F:f87b3c091815,director,6
Isabel SANDOVAL,F:effdc0addc4c,director,1
Giulio Sangiorgio,F:2ec8e3a6b8aa,critic,6
Giulio Sangiorgio,F:8fc32725b37f,critic,8
Giulio Sangiorgio,F:95bd800bd9e5,critic,7
Giulio Sangiorgio,F:1232574daf78,critic,5
Giulio Sangiorgio,F:9bfb8652e23d,critic,1
Giulio Sangiorgio,F:8c93104a11a8,critic,4
Giulio Sangiorgio,F:b132d89fef53,critic,10
Giulio Sangiorgio,F:75046ffb9b38,critic,9
Giulio Sangiorgio,F:87260f5ae7bb,critic,3
Giulio Sangiorgio,F:b36e2106dd8c,critic,2
Aboubakar Sanogo,F:b7b17347ab6a,critic,6
Aboubakar Sanogo,F:651d58c8bee5,critic,5
Aboubakar Sanogo,F:76f8cccf860c,critic,8
Aboubakar Sanogo,F:c22c42cd69b9,critic,9
Aboubakar Sanogo,F:90abc0615bd3,critic,1
Aboubakar Sanogo,F:cda1a8b3152c,critic,10
Aboubakar Sanogo,F:20d6efcc9b79,critic,2
Aboubakar Sanogo,F:fee436310004,critic,3
Aboubakar Sanogo,F:2320d0b9141c,critic,7
Aboubakar Sanogo,F:2f5d4bab19bf,critic,4
Lucy Sante,F:f487433720d3,critic,9
Lucy Sante,F:d03cbd5cba04,critic,2
Lucy Sante,F:a5d0909bfd7e,critic,6
Lucy Sante,F:2bcbc58a252d,critic,10
Lucy Sante,F:09ddbfa9bc38,critic,5
Lucy Sante,F:d2e4f5e8f98d,critic,8
Lucy Sante,F:57642f947085,critic,3
Lucy Sante,F:d425ba4b23aa,critic,1
Lucy Sante,F:1dd04aa17381,critic,4
Lucy Sante,F:98aa847a19fe,critic,7
Zunzunegui Santos,F:4e9ea31e2e3f,critic,2
Zunzunegui Santos,F:d98efec4c557,critic,1
Zunzunegui Santos,F:53f709905db4,critic,8
Zunzunegui Santos,F:1e8c36f50cef,critic,7
Zunzunegui Santos,F:6e63730d04c1,critic,5
Zunzunegui Santos,F:ea57f6c88dad,critic,4
Zunzunegui Santos,F:9e103f641ac9,critic,9
Zunzunegui Santos,F:6dce6699f9c1,critic,3
Zunzunegui Santos,F:3b027eac1618,critic,6
Zunzunegui Santos,F:7a7c0ff849d4,critic,10
Sophia Satchell-Baeza,F:aa9ca1df5398,critic,5
Sophia Satchell-Baeza,F:10e86670da04,critic,10
Sophia Satchell-Baeza,F:34cf774aeffe,critic,8
Sophia Satchell-Baeza,F:3ec40e40a443,critic,6
Sophia Satchell-Baeza,F:84797302ff64,critic,3
Sophia Satchell-Baeza,F:c22c42cd69b9,critic,9
Sophia Satchell-Baeza,F:b108cca94c9d,critic,2
Sophia Satchell-Baeza,F:639e127ba782,critic,1
Sophia Satchell-Baeza,F:1a5ed79e90c4,critic,7
Sophia Satchell-Baeza,F:ff8f994c1c1c,critic,4
Peeter Sauter,F:a50461292bc4,critic,7
Peeter Sauter,F:125061f190de,critic,10
Peeter Sauter,F:146ec1241d81,critic,8
Peeter Sauter,F:ff8f994c1c1c,critic,5
Peeter Sauter,F:1df2fca09b54,critic,1
Peeter Sauter,F:40f2947a9d45,critic,3
Peeter Sauter,F:f78b136d089b,critic,6
Peeter Sauter,F:420156ce7cff,critic,2
Peeter Sauter,F:b189ce868d84,critic,4
Peeter Sauter,F:bee09401fa7d,critic,9
Rob Savage,F:a758f31506ad,director,4
Rob Savage,F:33b7ce007f55,director,1
Rob Savage,F:b132d89fef53,director,10
Rob Savage,F:23bcdf10e622,director,8
Rob Savage,F:acd358f67770,director,2
Rob Savage,F:65393b2ac77a,director,7
Rob Savage,F:7fe15b05ccde,director,9
Rob Savage,F:c3f4f3d3dda9,director,6
Rob Savage,F:4cce2f95dd1b,director,5
Rob Savage,F:a63c052d0d4b,director,3
Cary Rajinder Sawhney,F:feaa04ac1109,critic,6
Cary Rajinder Sawhney,F:cda1a8b3152c,critic,9
Cary Rajinder Sawhney,F:069cda2e3235,critic,8
Cary Rajinder Sawhney,F:0a600f29226c,critic,7
Cary Rajinder Sawhney,F:5fbe75ae8e83,critic,3
Cary Rajinder Sawhney,F:1a68aefe7ea1,critic,4
Cary Rajinder Sawhney,F:4856ae18c1cd,critic,5
Cary Rajinder Sawhney,F:e95a92c86c8d,critic,2
Cary Rajinder Sawhney,F:08966bbb6c53,critic,10
Cary Rajinder Sawhney,F:2589598ce21f,critic,1
Libby Saxton,F:f095cac61731,critic,1
Libby Saxton,F:325075869126,critic,9
Libby Saxton,F:d1188b34b03c,critic,8
Libby Saxton,F:f376d0dacdd0,critic,6
Libby Saxton,F:1bd2534c8158,critic,2
Libby Saxton,F:dd03c7ae8bd4,critic,7
Libby Saxton,F:9f96298e4d23,critic,10
Libby Saxton,F:d2c81bee4c02,critic,4
Libby Saxton,F:3232a2646dad,critic,3
Libby Saxton,F:bcf63870b80d,critic,5
Hayley Scanlon,F:8f1eca62aa7a,critic,1
Hayley Scanlon,F:9fa8a94443bd,critic,10
Hayley Scanlon,F:09f0925302a4,critic,2
Hayley Scanlon,F:1e2a37b95e65,critic,8
Hayley Scanlon,F:ac7162d9ea03,critic,3
Hayley Scanlon,F:5dfd3236b194,critic,5
Hayley Scanlon,F:b3c80a45a111,critic,4
Hayley Scanlon,F:4de289268483,critic,6
Hayley Scanlon,F:ab0418e0ad1e,critic,7
Hayley Scanlon,F:f556a9145024,critic,9
Peter Scarlet,F:813bde6e3053,critic,9
Peter Scarlet,F:b7dbf64232a8,critic,6
Peter Scarlet,F:38ccb3d447c3,critic,10
Peter Scarlet,F:8c5eb94596d0,critic,1
Peter Scarlet,F:4996e9b10df0,critic,5
Peter Scarlet,F:3b027eac1618,critic,2
Peter Scarlet,F:1a68aefe7ea1,critic,3
Peter Scarlet,F:46194e616618,critic,4
Peter Scarlet,F:03b3065dc545,critic,7
Peter Scarlet,F:2bcbc58a252d,critic,8
Ren Scateni,F:848151d59c95,critic,7
Ren Scateni,F:0ab0166ce09a,critic,2
Ren Scateni,F:ef6c6c2a5df6,critic,6
Ren Scateni,F:2fb994078bee,critic,1
Ren Scateni,F:c01b7d79f8c7,critic,5
Ren Scateni,F:e7dac9257c72,critic,8
Ren Scateni,F:e147c7e3e29c,critic,9
Ren Scateni,F:cf4f8f54b4df,critic,10
Ren Scateni,F:776214f83abf,critic,4
Ren Scateni,F:f217a0be16df,critic,3
Nicolas Schaller,F:e4e5d0b8b474,critic,10
Nicolas Schaller,F:38ccb3d447c3,critic,9
Nicolas Schaller,F:8481529aa9c4,critic,4
Nicolas Schaller,F:ed913192d169,critic,6
Nicolas Schaller,F:59ad7c389a61,critic,8
Nicolas Schaller,F:176166e412b4,critic,7
Nicolas Schaller,F:ef039f7a68b5,critic,3
Nicolas Schaller,F:5c226aa5de90,critic,2
Nicolas Schaller,F:fbac63dcd9cf,critic,5
Nicolas Schaller,F:248c0540b695,critic,1
James Schamus,F:b5a06746734d,critic,10
James Schamus,F:d117472f572e,critic,7
James Schamus,F:69dee05125cb,critic,3
James Schamus,F:20a0a276094a,critic,2
James Schamus,F:20afe757a6d1,critic,1
James Schamus,F:d8e24aa1ab58,critic,5
James Schamus,F:9f96298e4d23,critic,9
James Schamus,F:edfb01f5a9d6,critic,6
James Schamus,F:97b42f962368,critic,8
James Schamus,F:4a7fa7be8c87,critic,4
Pini Schatz,F:f376d0dacdd0,critic,7
Pini Schatz,F:240c3c3338a1,critic,6
Pini Schatz,F:8d16a29854c9,critic,2
Pini Schatz,F:d82151d9c18c,critic,5
Pini Schatz,F:caf9aa22da03,critic,3
Pini Schatz,F:507501967e5c,critic,1
Pini Schatz,F:125061f190de,critic,9
Pini Schatz,F:4434c6705bd6,critic,8
Pini Schatz,F:3aac5db12b12,critic,4
Pini Schatz,F:08966bbb6c53,critic,10
Cyril Schäublin,F:a06e800f1aed,director,6
Cyril Schäublin,F:6849567b0fd3,director,5
Cyril Schäublin,F:cd38e7f30696,director,7
Cyril Schäublin,F:26b4491996e8,director,4
Cyril Schäublin,F:a6e9d8d798ae,director,8
Cyril Schäublin,F:265ff24c9602,director,10
Cyril Schäublin,F:bcaba0d0bcb3,director,3
Cyril Schäublin,F:96b0125c2257,director,9
Cyril Schäublin,F:621998cab681,director,2
Cyril Schäublin,F:d3c1bcac6c5c,director,1
Jeff Scheible,F:a0e97ad8bdd4,critic,7
Jeff Scheible,F:449157d8d348,critic,1
Jeff Scheible,F:a9519db91181,critic,10
Jeff Scheible,F:4379108a7fd0,critic,2
Jeff Scheible,F:8a405444b988,critic,5
Jeff Scheible,F:1b75128a4d7f,critic,8
Jeff Scheible,F:7a86f6bfe4b7,critic,4
Jeff Scheible,F:ae8a4e6355c1,critic,9
Jeff Scheible,F:9a29802f1901,critic,3
Jeff Scheible,F:5b9c8bdee226,critic,6
Daniel Scheinert,F:be922adcc35a,director,9
Daniel Scheinert,F:1174009b97fe,director,8
Daniel Scheinert,F:97d94b3c2be2,director,3
Daniel Scheinert,F:180d6912c3ea,director,4
Daniel Scheinert,F:af3336b803be,director,10
Daniel Scheinert,F:d3adc587ad42,director,6
Daniel Scheinert,F:759f5bb04f0f,director,5
Daniel Scheinert,F:12983f341433,director,1
Daniel Scheinert,F:669088e8dad8,director,7
Daniel Scheinert,F:78b9423ae8e5,director,2
Lone Scherfig,F:4953ffd81613,director,5
Lone Scherfig,F:a107ffdf93ce,director,1
Lone Scherfig,F:33e985a235a2,director,4
Lone Scherfig,F:240c3c3338a1,director,6
Lone Scherfig,F:86549f782f09,director,2
Lone Scherfig,F:7b5d85393630,director,8
Lone Scherfig,F:185593d4591d,director,3
Lone Scherfig,F:653f45346bcc,director,10
Lone Scherfig,F:d472058d559a,director,9
Lone Scherfig,F:f44713a09e4d,director,7
Git Scheynius,F:d62c40a3d88f,critic,3
Git Scheynius,F:d472058d559a,critic,9
Git Scheynius,F:08966bbb6c53,critic,10
Git Scheynius,F:93a1beda19cd,critic,4
Git Scheynius,F:8703270231ee,critic,5
Git Scheynius,F:03b3065dc545,critic,8
Git Scheynius,F:e0a07c197db1,critic,2
Git Scheynius,F:6b927993e1e1,critic,6
Git Scheynius,F:81e8c65d133e,critic,1
Git Scheynius,F:4856ae18c1cd,critic,7
Aaron Schimberg,F:f1d528b6c734,director,5
Aaron Schimberg,F:c1a1268c1cc0,director,4
Aaron Schimberg,F:d954f2083887,director,2
Aaron Schimberg,F:c64cf6f89e07,director,3
Aaron Schimberg,F:a974077eb9e0,director,7
Aaron Schimberg,F:b8c65bcb3d78,director,8
Aaron Schimberg,F:97b42f962368,director,9
Aaron Schimberg,F:e4e5d0b8b474,director,10
Aaron Schimberg,F:fe031910e1c0,director,6
Aaron Schimberg,F:998fd54b6573,director,1
Dan Schindel,F:090832505b0f,critic,10
Dan Schindel,F:d2ac8fced14e,critic,9
Dan Schindel,F:f4e217197597,critic,5
Dan Schindel,F:a9519db91181,critic,8
Dan Schindel,F:39cfcfa4e115,critic,2
Dan Schindel,F:0dfe58c65ddc,critic,3
Dan Schindel,F:1174009b97fe,critic,6
Dan Schindel,F:cc12c509527e,critic,1
Dan Schindel,F:b1d5c192e56b,critic,4
Dan Schindel,F:77324d1d150c,critic,7
Regina Schlagnitweit,F:03809811ea9b,critic,9
Regina Schlagnitweit,F:69f5bed6f836,critic,10
Regina Schlagnitweit,F:62f2866d3bb5,critic,6
Regina Schlagnitweit,F:a3da129161b5,critic,3
Regina Schlagnitweit,F:ea2d25186893,critic,5
Regina Schlagnitweit,F:007b3f685d29,critic,4
Regina Schlagnitweit,F:68095e4e33e8,critic,7
Regina Schlagnitweit,F:8e3215cfe35d,critic,1
Regina Schlagnitweit,F:d63f22c37e98,critic,8
Regina Schlagnitweit,F:1a00d4758115,critic,2
Volker Schlöndorff,F:cda1a8b3152c,director,9
Volker Schlöndorff,F:4178c0f6fbb7,director,10
Volker Schlöndorff,F:cd2b19d5e1ca,director,3
Volker Schlöndorff,F:ef039f7a68b5,director,5
Volker Schlöndorff,F:4c53a001a92c,director,7
Volker Schlöndorff,F:e152a2918678,director,4
Volker Schlöndorff,F:98aa847a19fe,director,6
Volker Schlöndorff,F:e50615c80a64,director,8
Volker Schlöndorff,F:3f586a95ab42,director,1
Volker Schlöndorff,F:817ba6891011,director,2
AJ Schnack,F:4326441d5975,critic,2
AJ Schnack,F:20afe757a6d1,critic,8
AJ Schnack,F:3aac5db12b12,critic,5
AJ Schnack,F:f44713a09e4d,critic,10
AJ Schnack,F:8c2419d1eecf,critic,4
AJ Schnack,F:988c32e8ba52,critic,1
AJ Schnack,F:176166e412b4,critic,9
AJ Schnack,F:61afc2a946ee,critic,3
AJ Schnack,F:c80392c9829c,critic,6
AJ Schnack,F:89bca25c2226,critic,7
Alexandra Schneider,F:cb689f3e2a97,critic,10
Alexandra Schneider,F:8344268ce8d7,critic,4
Alexandra Schneider,F:67e4464eabeb,critic,7
Alexandra Schneider,F:a19d99d04572,critic,3
Alexandra Schneider,F:8802ae18c66c,critic,5
Alexandra Schneider,F:1ec59921ffd0,critic,8
Alexandra Schneider,F:32f33617395c,critic,9
Alexandra Schneider,F:b0781ee531f4,critic,2
Alexandra Schneider,F:b5489ad65bfa,critic,6
Alexandra Schneider,F:cd4a0d93045b,critic,1
Beat Schneider,F:7b5d85393630,critic,10
Beat Schneider,F:2987b29cda2b,critic,1
Beat Schneider,F:a3b1c5701dcf,critic,5
Beat Schneider,F:60e8472973df,critic,2
Beat Schneider,F:1df71d95bd96,critic,7
Beat Schneider,F:a7e30a1be4c1,critic,4
Beat Schneider,F:2accb1bdefd9,critic,6
Beat Schneider,F:5400b755f08f,critic,3
Beat Schneider,F:7c54b4356371,critic,8
Beat Schneider,F:4c53a001a92c,critic,9
Jane Schoenbrun,F:090832505b0f,director,10
Jane Schoenbrun,F:951e168add74,director,9
Jane Schoenbrun,F:8db25a4797e8,director,6
Jane Schoenbrun,F:a2a1ef5c6f47,director,5
Jane Schoenbrun,F:4044970b5557,director,1
Jane Schoenbrun,F:0d7cff918e0a,director,3
Jane Schoenbrun,F:821bd3013e6d,director,2
Jane Schoenbrun,F:933ec9beaa5b,director,4
Jane Schoenbrun,F:77324d1d150c,director,8
Jane Schoenbrun,F:f00e3c45dd9d,director,7
Pablo O. Scholz,F:bf6387f2c8ae,critic,10
Pablo O. Scholz,F:e2bff7956338,critic,8
Pablo O. Scholz,F:09035fce59e3,critic,4
Pablo O. Scholz,F:6b927993e1e1,critic,3
Pablo O. Scholz,F:03774d8054b0,critic,6
Pablo O. Scholz,F:6ae8c10ff551,critic,1
Pablo O. Scholz,F:b132d89fef53,critic,9
Pablo O. Scholz,F:cdb76db94f02,critic,2
Pablo O. Scholz,F:7fe15b05ccde,critic,7
Pablo O. Scholz,F:d472058d559a,critic,5
Paul Schrader,F:9e103f641ac9,director,3
Paul Schrader,F:9f96298e4d23,director,9
Paul Schrader,F:97b42f962368,director,7
Paul Schrader,F:4178c0f6fbb7,director,6
Paul Schrader,F:ed09733fe458,director,4
Paul Schrader,F:b5a06746734d,director,10
Paul Schrader,F:fbfc282cbfbb,director,2
Paul Schrader,F:6b927993e1e1,director,5
Paul Schrader,F:e2bff7956338,director,8
Paul Schrader,F:c5f22456b724,director,1
Stanley Schtinter,F:7553e3f06d7c,critic,7
Stanley Schtinter,F:99148fd3b78a,critic,8
Stanley Schtinter,F:7c84263d0266,critic,3
Stanley Schtinter,F:d3259e8689ca,critic,10
Stanley Schtinter,F:f05c581c7e8b,critic,1
Stanley Schtinter,F:f8aee5c0b383,critic,5
Stanley Schtinter,F:3e73088768b6,critic,2
Stanley Schtinter,F:7a5b8729b307,critic,4
Stanley Schtinter,F:eea8fc74d2e9,critic,6
Stanley Schtinter,F:5da3257fe36e,critic,9
Stefanie Schulte Strathaus,F:c24a8c59baf0,critic,3
Stefanie Schulte Strathaus,F:d2ac8fced14e,critic,10
Stefanie Schulte Strathaus,F:c80392c9829c,critic,7
Stefanie Schulte Strathaus,F:ea2d25186893,critic,5
Stefanie Schulte Strathaus,F:646ea2ac9f18,critic,9
Stefanie Schulte Strathaus,F:3835bb9280cf,critic,4
Stefanie Schulte Strathaus,F:f1f6b7b257fc,critic,6
Stefanie Schulte Strathaus,F:b5b8d610e881,critic,8
Stefanie Schulte Strathaus,F:2f2fd13c98da,critic,1
Stefanie Schulte Strathaus,F:ee0b9f39a1bf,critic,2
Michael Schultz,F:e2bff7956338,director,9
Michael Schultz,F:bf6387f2c8ae,director,10
Michael Schultz,F:5741b4cbd70a,director,1
Michael Schultz,F:35eee092a1be,director,2
Michael Schultz,F:3cee3c945b46,director,4
Michael Schultz,F:03774d8054b0,director,8
Michael Schultz,F:b0360159539e,director,7
Michael Schultz,F:eb18f3fa5ada,director,3
Michael Schultz,F:cdb76db94f02,director,6
Michael Schultz,F:ae24209c7310,director,5
Hannes Schüpbach,F:090832505b0f,critic,10
Hannes Schüpbach,F:feaa04ac1109,critic,9
Hannes Schüpbach,F:2907bfe31ad2,critic,8
Hannes Schüpbach,F:9cf6e54aa851,critic,3
Hannes Schüpbach,F:0df7362f710e,critic,7
Hannes Schüpbach,F:8082e9c53944,critic,5
Hannes Schüpbach,F:17fcc038144d,critic,6
Hannes Schüpbach,F:0e45b5280024,critic,1
Hannes Schüpbach,F:ea899ea7b89b,critic,2
Hannes Schüpbach,F:6362b3718c32,critic,4
Sheila Schvarzman,F:f53416daf440,critic,7
Sheila Schvarzman,F:31ccba01f02e,critic,4
Sheila Schvarzman,F:4744dc9e8011,critic,2
Sheila Schvarzman,F:4acddf379d28,critic,9
Sheila Schvarzman,F:d2ac8fced14e,critic,8
Sheila Schvarzman,F:d39d1b73d6fa,critic,5
Sheila Schvarzman,F:8f681498cddb,critic,3
Sheila Schvarzman,F:4178c0f6fbb7,critic,10
Sheila Schvarzman,F:078c56f7dec6,critic,6
Sheila Schvarzman,F:dd6f85ed219b,critic,1
Dietmar Schwärzler,F:56530a4902d0,critic,4
Dietmar Schwärzler,F:a48d291bcc13,critic,2
Dietmar Schwärzler,F:bc0918f58467,critic,7
Dietmar Schwärzler,F:b4a04d9cb609,critic,3
Dietmar Schwärzler,F:dabe2aa1ef74,critic,6
Dietmar Schwärzler,F:df99a097e950,critic,8
Dietmar Schwärzler,F:49abeb5047ea,critic,5
Dietmar Schwärzler,F:caabee7db5c9,critic,10
Dietmar Schwärzler,F:4d447e233c20,critic,1
Dietmar Schwärzler,F:f8abdb2ec9d8,critic,9
Ariel Schweitzer,F:98aa847a19fe,critic,2
Ariel Schweitzer,F:4178c0f6fbb7,critic,7
Ariel Schweitzer,F:ee5e85aa2619,critic,1
Ariel Schweitzer,F:20a0a276094a,critic,3
Ariel Schweitzer,F:b132d89fef53,critic,9
Ariel Schweitzer,F:f487433720d3,critic,4
Ariel Schweitzer,F:29e8c2663329,critic,6
Ariel Schweitzer,F:83c734e30238,critic,10
Ariel Schweitzer,F:cbb0587ba064,critic,5
Ariel Schweitzer,F:944ad783759e,critic,8
Barbara Schweizerhof,F:b132d89fef53,critic,10
Barbara Schweizerhof,F:d210c0d5f689,critic,2
Barbara Schweizerhof,F:f44713a09e4d,critic,8
Barbara Schweizerhof,F:8481529aa9c4,critic,5
Barbara Schweizerhof,F:069cda2e3235,critic,7
Barbara Schweizerhof,F:2af5c5bcacdf,critic,4
Barbara Schweizerhof,F:29e8c2663329,critic,9
Barbara Schweizerhof,F:99238937c9c1,critic,1
Barbara Schweizerhof,F:16913ba1d831,critic,6
Barbara Schweizerhof,F:9daa251a7795,critic,3
Robert Schwentke,F:b132d89fef53,director,10
Robert Schwentke,F:ba59f912c906,director,1
Robert Schwentke,F:44e85b14693b,director,5
Robert Schwentke,F:b5288e127311,director,3
Robert Schwentke,F:3deebe327b41,director,4
Robert Schwentke,F:68f067eb3cf7,director,6
Robert Schwentke,F:c0891d475a49,director,9
Robert Schwentke,F:4bbcec7d0753,director,8
Robert Schwentke,F:d2c81bee4c02,director,7
Robert Schwentke,F:a74f4a56d682,director,2
Martin Scorsese,F:b132d89fef53,director,13
Martin Scorsese,F:83ebc8b43c9d,director,12
Martin Scorsese,F:6c5a28405e28,director,2
Martin Scorsese,F:bf6387f2c8ae,director,14
Martin Scorsese,F:fd39b1974fc7,director,3
Martin Scorsese,F:e50615c80a64,director,6
Martin Scorsese,F:078c56f7dec6,director,7
Martin Scorsese,F:d8e24aa1ab58,director,10
Martin Scorsese,F:1e8c36f50cef,director,4
Martin Scorsese,F:0a600f29226c,director,9
Martin Scorsese,F:6c6d0bc5ce49,director,5
Martin Scorsese,F:fa5e7f56ebee,director,1
Martin Scorsese,F:d117472f572e,director,11
Martin Scorsese,F:c34fe68dc6cf,director,8
Martin Scorsese,F:b5a06746734d,director,15
Adam Scovell,F:4acddf379d28,critic,9
Adam Scovell,F:f88f86b2bb29,critic,5
Adam Scovell,F:125061f190de,critic,8
Adam Scovell,F:a250f5c6593b,critic,4
Adam Scovell,F:db803e57874f,critic,6
Adam Scovell,F:e6e4486a660d,critic,1
Adam Scovell,F:f53416daf440,critic,7
Adam Scovell,F:23af051e6fc9,critic,2
Adam Scovell,F:07e84e2031ae,critic,3
Adam Scovell,F:cb689f3e2a97,critic,10
Jourdain Searles,F:4acddf379d28,critic,9
Jourdain Searles,F:c4794e337d6b,critic,2
Jourdain Searles,F:c4e34698c643,critic,7
Jourdain Searles,F:e7dac9257c72,critic,5
Jourdain Searles,F:4731d71323f6,critic,4
Jourdain Searles,F:0491346a52ca,critic,6
Jourdain Searles,F:83957e3ef145,critic,1
Jourdain Searles,F:dcef20282bc9,critic,3
Jourdain Searles,F:9000c8f0eb34,critic,8
Jourdain Searles,F:83c734e30238,critic,10
Isabel Seguí,F:77d4a467398a,critic,7
Isabel Seguí,F:646ea2ac9f18,critic,9
Isabel Seguí,F:ac76db9e6dd7,critic,1
Isabel Seguí,F:30afb961f70c,critic,3
Isabel Seguí,F:82de015c6008,critic,8
Isabel Seguí,F:7652d18b6435,critic,4
Isabel Seguí,F:2b020e80204f,critic,5
Isabel Seguí,F:13484cb828d1,critic,2
Isabel Seguí,F:abb860cb5a92,critic,6
Louis Séguin,F:28d41c264f9a,critic,4
Louis Séguin,F:f487433720d3,critic,5
Louis Séguin,F:653f45346bcc,critic,9
Louis Séguin,F:03809811ea9b,critic,7
Louis Séguin,F:008495919c65,critic,6
Louis Séguin,F:fb7348cafc70,critic,1
Louis Séguin,F:9daa251a7795,critic,3
Louis Séguin,F:e4e5d0b8b474,critic,8
Louis Séguin,F:47f7b6f61804,critic,2
Louis Séguin,F:b5a06746734d,critic,10
Pedro Emilio Segura Bernal,F:cd66c2933c27,critic,1
Pedro Emilio Segura Bernal,F:265ff24c9602,critic,8
Pedro Emilio Segura Bernal,F:2af5c5bcacdf,critic,9
Pedro Emilio Segura Bernal,F:7b979ac7465c,critic,3
Pedro Emilio Segura Bernal,F:1b49ab4d65b8,critic,2
Pedro Emilio Segura Bernal,F:5115ddbe3df6,critic,5
Pedro Emilio Segura Bernal,F:6a3a71642aee,critic,4
Pedro Emilio Segura Bernal,F:15a0d8d8fb5b,critic,6
Pedro Emilio Segura Bernal,F:5094c1da4d65,critic,10
Pedro Emilio Segura Bernal,F:8398f4e890ff,critic,7
Steve Seid,F:cebe5457b5ce,critic,3
Steve Seid,F:125061f190de,critic,10
Steve Seid,F:e067866bf78e,critic,5
Steve Seid,F:02ded6e20b97,critic,9
Steve Seid,F:2320d0b9141c,critic,6
Steve Seid,F:5f9daceb0454,critic,4
Steve Seid,F:c1619db26d60,critic,1
Steve Seid,F:03809811ea9b,critic,7
Steve Seid,F:4a7fa7be8c87,critic,8
Steve Seid,F:4ef8c456cc84,critic,2
Amy Seimetz,F:8b59f9e5c592,director,6
Amy Seimetz,F:c78c6b97f980,director,9
Amy Seimetz,F:15bcedf51ef8,director,10
Amy Seimetz,F:eb18f3fa5ada,director,5
Amy Seimetz,F:b0ababe3b667,director,4
Amy Seimetz,F:b73822cfb14f,director,1
Amy Seimetz,F:f82430c94120,director,3
Amy Seimetz,F:16913ba1d831,director,8
Amy Seimetz,F:dd03c7ae8bd4,director,7
Amy Seimetz,F:177b2b045021,director,2
Virginie Sélavy,F:993081619bf4,critic,9
Virginie Sélavy,F:833cd8b378fb,critic,10
Virginie Sélavy,F:54d8c3afbf4e,critic,1
Virginie Sélavy,F:9c648373383b,critic,8
Virginie Sélavy,F:b2183728e8f6,critic,5
Virginie Sélavy,F:e7fa46f350b7,critic,3
Virginie Sélavy,F:d6f557bc2e5d,critic,7
Virginie Sélavy,F:11c0441e7010,critic,4
Virginie Sélavy,F:9398c1c968eb,critic,6
Virginie Sélavy,F:6153b3edb5e6,critic,2
Lucía Seles,F:9832f3db44de,director,1
Lucía Seles,F:741ef6eaf6e4,director,2
Lucía Seles,F:852e4b6dc461,director,5
Lucía Seles,F:d472058d559a,director,8
Lucía Seles,F:021d58f95670,director,6
Lucía Seles,F:82de015c6008,director,4
Lucía Seles,F:25ec8b7196b6,director,3
Lucía Seles,F:9add670ca01e,director,7
Emma Seligman,F:74c5f4d1395f,director,6
Emma Seligman,F:e2bff7956338,director,10
Emma Seligman,F:84ac3824415d,director,2
Emma Seligman,F:f0d2975c53fb,director,4
Emma Seligman,F:f44713a09e4d,director,9
Emma Seligman,F:6ae8c10ff551,director,8
Emma Seligman,F:e70c7eaa7408,director,7
Emma Seligman,F:aeb779653548,director,5
Emma Seligman,F:6772bc6cc3e3,director,3
Emma Seligman,F:e220c7772050,director,1
John Semley,F:923795219517,critic,2
John Semley,F:84fffd59538e,critic,1
John Semley,F:09035fce59e3,critic,9
John Semley,F:653f45346bcc,critic,10
John Semley,F:87ddccd7c29d,critic,8
John Semley,F:2db574bfef43,critic,5
John Semley,F:d6d30033c698,critic,6
John Semley,F:9e103f641ac9,critic,7
John Semley,F:fe45d0594cf1,critic,4
John Semley,F:27cae6f57c99,critic,3
Aparna Sen,F:bee09401fa7d,director,10
Aparna Sen,F:cdb76db94f02,director,9
Aparna Sen,F:2d43a6a015f0,director,6
Aparna Sen,F:b5a761c3c824,director,3
Aparna Sen,F:734b8ecc58b4,director,4
Aparna Sen,F:8af50112e8e9,director,1
Aparna Sen,F:8d23686057fa,director,7
Aparna Sen,F:5eedd4577d75,director,2
Aparna Sen,F:c4fda376339f,director,8
Aparna Sen,F:cc851cff96a3,director,5
Mayukh Sen,F:c4fda376339f,critic,6
Mayukh Sen,F:1961bdb691aa,critic,9
Mayukh Sen,F:ed09733fe458,critic,7
Mayukh Sen,F:9113deb430d0,critic,5
Mayukh Sen,F:593fbbab1bb0,critic,3
Mayukh Sen,F:2d43a6a015f0,critic,2
Mayukh Sen,F:b8f9b973c84b,critic,1
Mayukh Sen,F:6153eeb1ef64,critic,8
Mayukh Sen,F:114b8506a3fa,critic,4
Mayukh Sen,F:d472058d559a,critic,10
Sanghita Sen,F:740786459d34,critic,8
Sanghita Sen,F:2f1c592cdd36,critic,2
Sanghita Sen,F:cd0f37007100,critic,5
Sanghita Sen,F:c29fbb81f64c,critic,7
Sanghita Sen,F:693e204558ba,critic,3
Sanghita Sen,F:83c734e30238,critic,10
Sanghita Sen,F:e2bc8b2a8470,critic,4
Sanghita Sen,F:5fcf0d459369,critic,1
Sanghita Sen,F:1961bdb691aa,critic,9
Sanghita Sen,F:7fbe0fb2a435,critic,6
Shaunak Sen,F:125061f190de,director,8
Shaunak Sen,F:4953ffd81613,director,4
Shaunak Sen,F:cda1a8b3152c,director,9
Shaunak Sen,F:cff69f763260,director,1
Shaunak Sen,F:479e6879e365,director,3
Shaunak Sen,F:05d1730cfab5,director,5
Shaunak Sen,F:665eab0ab9d1,director,7
Shaunak Sen,F:5f06d725a1e2,director,2
Shaunak Sen,F:57a1bf06a3b8,director,6
Shaunak Sen,F:325075869126,director,10
Subrata Sen,F:69f5bed6f836,director,6
Subrata Sen,F:b5a06746734d,director,10
Subrata Sen,F:cda1a8b3152c,director,4
Subrata Sen,F:7b5d85393630,director,3
Subrata Sen,F:bf6387f2c8ae,director,9
Subrata Sen,F:9f96298e4d23,director,7
Subrata Sen,F:83ebc8b43c9d,director,5
Subrata Sen,F:b132d89fef53,director,8
Subrata Sen,F:93a1beda19cd,director,2
Subrata Sen,F:7c29c6c89454,director,1
Luke Seomore,F:a76ac58f4952,director,4
Luke Seomore,F:e43df8f14119,director,1
Luke Seomore,F:944ad783759e,director,10
Luke Seomore,F:852e4b6dc461,director,3
Luke Seomore,F:b09fb8ce622b,director,5
Luke Seomore,F:174079bf97bf,director,2
Luke Seomore,F:17fcc038144d,director,7
Luke Seomore,F:d0416491dc50,director,6
Luke Seomore,F:c22c42cd69b9,director,8
Luke Seomore,F:cb689f3e2a97,director,9
Ekrem Serdar,F:d8be33a7aa37,critic,8
Ekrem Serdar,F:02ded6e20b97,critic,9
Ekrem Serdar,F:e917fde84581,critic,7
Ekrem Serdar,F:f59dcc92d76b,critic,6
Ekrem Serdar,F:83c734e30238,critic,10
Ekrem Serdar,F:d9a6784a8735,critic,4
Ekrem Serdar,F:5a5b25a3e83c,critic,3
Ekrem Serdar,F:c55f1a3060a1,critic,2
Ekrem Serdar,F:c99b6083af90,critic,1
Ekrem Serdar,F:594b29cc2dc7,critic,5
Nataliia Serebriakova,F:83232c90eb13,critic,6
Nataliia Serebriakova,F:71ef6073d879,critic,2
Nataliia Serebriakova,F:3f6b85a03244,critic,5
Nataliia Serebriakova,F:8551e996fdcc,critic,3
Nataliia Serebriakova,F:b95456130ebc,critic,8
Nataliia Serebriakova,F:7af3bfecc2a8,critic,10
Nataliia Serebriakova,F:4910ffd369f1,critic,9
Nataliia Serebriakova,F:d85a7737170c,critic,1
Nataliia Serebriakova,F:4c6fbaad5ee5,critic,4
Nataliia Serebriakova,F:b5288e127311,critic,7
Rada Šešić,F:125061f190de,critic,10
Rada Šešić,F:31e3a3512a76,critic,8
Rada Šešić,F:9d950051df5f,critic,5
Rada Šešić,F:44e85b14693b,critic,6
Rada Šešić,F:8703270231ee,critic,9
Rada Šešić,F:cff69f763260,critic,2
Rada Šešić,F:4c53a001a92c,critic,7
Rada Šešić,F:04b8bacc209b,critic,3
Rada Šešić,F:2c1796d61abc,critic,4
Rada Šešić,F:8a8995a756f1,critic,1
Charlie Shackleton,F:7cdcf0b32a06,director,10
Charlie Shackleton,F:34eb1ed0c187,director,2
Charlie Shackleton,F:feaa04ac1109,director,6
Charlie Shackleton,F:e9309b2e7a6c,director,1
Charlie Shackleton,F:3607e9f1675c,director,5
Charlie Shackleton,F:d3259e8689ca,director,3
Charlie Shackleton,F:6d78c0ecb7e7,director,9
Charlie Shackleton,F:a9519db91181,director,8
Charlie Shackleton,F:8fc32725b37f,director,7
Charlie Shackleton,F:e35d40a37ce8,director,4
Elhum Shakerifar,F:9399dbb1a1ad,critic,3
Elhum Shakerifar,F:5429e9e18700,critic,6
Elhum Shakerifar,F:950c29bf9796,critic,10
Elhum Shakerifar,F:b8f720f79cf8,critic,5
Elhum Shakerifar,F:11536e6179eb,critic,2
Elhum Shakerifar,F:9a64753216c8,critic,9
Elhum Shakerifar,F:4400fc69ecc8,critic,1
Elhum Shakerifar,F:74b03fbb797f,critic,8
Elhum Shakerifar,F:c7fc008514a4,critic,4
Elhum Shakerifar,F:e917fde84581,critic,7
Girish Shambu,F:83c734e30238,critic,10
Girish Shambu,F:b5b8d610e881,critic,5
Girish Shambu,F:32f33617395c,critic,8
Girish Shambu,F:325075869126,critic,9
Girish Shambu,F:4d44aa74868e,critic,1
Girish Shambu,F:950c29bf9796,critic,7
Girish Shambu,F:4a156fefa5cb,critic,4
Girish Shambu,F:e898ca622d8e,critic,2
Girish Shambu,F:dcbd91f7bae6,critic,3
Girish Shambu,F:f8abdb2ec9d8,critic,6
Oron Shamir,F:6b927993e1e1,critic,8
Oron Shamir,F:cdb76db94f02,critic,5
Oron Shamir,F:b5a06746734d,critic,10
Oron Shamir,F:078c56f7dec6,critic,7
Oron Shamir,F:10e86670da04,critic,9
Oron Shamir,F:c6014c74c7ea,critic,3
Oron Shamir,F:b4941e142a34,critic,2
Oron Shamir,F:6153eeb1ef64,critic,6
Oron Shamir,F:b09fb8ce622b,critic,4
Oron Shamir,F:c79c561e7b8b,critic,1
Jasper Sharp,F:53bf7c9b2295,critic,2
Jasper Sharp,F:44e85b14693b,critic,4
Jasper Sharp,F:008495919c65,critic,10
Jasper Sharp,F:65393b2ac77a,critic,7
Jasper Sharp,F:1366b0e8b92b,critic,3
Jasper Sharp,F:e62b0dc9f340,critic,1
Jasper Sharp,F:8ce8232221d4,critic,8
Jasper Sharp,F:9d5f6e82448b,critic,6
Jasper Sharp,F:477977925947,critic,9
Jasper Sharp,F:d19468c67d4e,critic,5
Ben Sharrock,F:08966bbb6c53,director,8
Ben Sharrock,F:97b42f962368,director,7
Ben Sharrock,F:16913ba1d831,director,6
Ben Sharrock,F:e4227f57ad92,director,3
Ben Sharrock,F:cc41d847eae9,director,2
Ben Sharrock,F:83c734e30238,director,10
Ben Sharrock,F:81e8c65d133e,director,4
Ben Sharrock,F:9781d6e6cd13,director,1
Ben Sharrock,F:e24ef98e5c4b,director,5
Ben Sharrock,F:b132d89fef53,director,9
Steven Shaviro,F:b5a06746734d,critic,10
Steven Shaviro,F:b7dbf64232a8,critic,7
Steven Shaviro,F:dbe689086831,critic,3
Steven Shaviro,F:4319655c5540,critic,4
Steven Shaviro,F:73d25f1f4ab0,critic,1
Steven Shaviro,F:f70a5e5101b1,critic,6
Steven Shaviro,F:653f45346bcc,critic,9
Steven Shaviro,F:008495919c65,critic,8
Steven Shaviro,F:b3b870d3401e,critic,5
Steven Shaviro,F:ba5ee83cfe12,critic,2
Youssef Shazli,F:b132d89fef53,critic,10
Youssef Shazli,F:08966bbb6c53,critic,9
Youssef Shazli,F:ca22974a53b4,critic,3
Youssef Shazli,F:41d225e6ff0b,critic,6
Youssef Shazli,F:5626e93ccf05,critic,2
Youssef Shazli,F:17fcc038144d,critic,4
Youssef Shazli,F:d472058d559a,critic,8
Youssef Shazli,F:11f597068baf,critic,7
Youssef Shazli,F:93a1beda19cd,critic,5
Youssef Shazli,F:a481fcc120e9,critic,1
Meenakshi Shedde,F:1a68aefe7ea1,critic,6
Meenakshi Shedde,F:125061f190de,critic,8
Meenakshi Shedde,F:6ff93b77cfca,critic,7
Meenakshi Shedde,F:740786459d34,critic,4
Meenakshi Shedde,F:9f96298e4d23,critic,10
Meenakshi Shedde,F:a71405ec6df9,critic,3
Meenakshi Shedde,F:944ad783759e,critic,9
Meenakshi Shedde,F:a064dc2569b9,critic,2
Meenakshi Shedde,F:bb3e9fb2c28e,critic,1
Meenakshi Shedde,F:667f9047c4d8,critic,5
Kimberley Sheehan,F:6ae8c10ff551,critic,3
Kimberley Sheehan,F:a2006b1e3f35,critic,2
Kimberley Sheehan,F:08966bbb6c53,critic,10
Kimberley Sheehan,F:090832505b0f,critic,9
Kimberley Sheehan,F:d1188b34b03c,critic,8
Kimberley Sheehan,F:4434c6705bd6,critic,4
Kimberley Sheehan,F:cda1a8b3152c,critic,7
Kimberley Sheehan,F:59ad7c389a61,critic,5
Kimberley Sheehan,F:67b0d09fb2d2,critic,1
Kimberley Sheehan,F:6744994f98f6,critic,6
Herb Shellenberger,F:ea14f4e6087d,critic,1
Herb Shellenberger,F:72d6d9bf2299,critic,10
Herb Shellenberger,F:b7b17347ab6a,critic,9
Herb Shellenberger,F:5d1eeae30e1c,critic,8
Herb Shellenberger,F:3dcbf66b11b8,critic,6
Herb Shellenberger,F:bc23b5612966,critic,5
Herb Shellenberger,F:6d63d8d8bbf8,critic,2
Herb Shellenberger,F:740cd0ec2af0,critic,3
Herb Shellenberger,F:65cb651233c5,critic,4
Herb Shellenberger,F:d3b521828c87,critic,7
Chris Shepherd,F:82f51bc15898,director,2
Chris Shepherd,F:03774d8054b0,director,9
Chris Shepherd,F:b5e106e52b4d,director,3
Chris Shepherd,F:af3336b803be,director,5
Chris Shepherd,F:38516f3726c8,director,4
Chris Shepherd,F:f44713a09e4d,director,7
Chris Shepherd,F:cbca9660da1d,director,6
Chris Shepherd,F:4acddf379d28,director,8
Chris Shepherd,F:1ae75e4fbfba,director,1
Chris Shepherd,F:b132d89fef53,director,10
Samantha Sheppard,F:16913ba1d831,critic,9
Samantha Sheppard,F:32f33617395c,critic,8
Samantha Sheppard,F:264b0bf1dd83,critic,4
Samantha Sheppard,F:008495919c65,critic,6
Samantha Sheppard,F:3940db993e0a,critic,3
Samantha Sheppard,F:c2e492d52d62,critic,5
Samantha Sheppard,F:25e769e47e10,critic,1
Samantha Sheppard,F:bd648fce3b3f,critic,7
Samantha Sheppard,F:9399dbb1a1ad,critic,2
Samantha Sheppard,F:10e86670da04,critic,10
Jon Shibata,F:868c51966f57,critic,8
Jon Shibata,F:7f031efb1d88,critic,6
Jon Shibata,F:c8b4a0661c80,critic,5
Jon Shibata,F:9f50e1d712c0,critic,7
Jon Shibata,F:d971ac3d890e,critic,4
Jon Shibata,F:81b3247d1074,critic,2
Jon Shibata,F:b339d6c582f0,critic,10
Jon Shibata,F:9cf6e54aa851,critic,9
Jon Shibata,F:6f4f26d772fc,critic,3
Jon Shibata,F:a2c772e76607,critic,1
Akihiko Shiota,F:ce97323dad79,director,5
Akihiko Shiota,F:1c5418a3c1af,director,4
Akihiko Shiota,F:694f6d5a97f4,director,8
Akihiko Shiota,F:5e303ce5e4f2,director,9
Akihiko Shiota,F:7ca36479c409,director,1
Akihiko Shiota,F:7203ba93c752,director,2
Akihiko Shiota,F:dced1bd006a3,director,3
Akihiko Shiota,F:e6bc95fe4215,director,6
Akihiko Shiota,F:537490443a63,director,10
Akihiko Shiota,F:17e5c861f7f2,director,7
Daniella Shreir,F:c823f40274e5,critic,8
Daniella Shreir,F:265ff24c9602,critic,9
Daniella Shreir,F:72d6d9bf2299,critic,10
Daniella Shreir,F:30578656aa9a,critic,2
Daniella Shreir,F:3b0bb5749027,critic,6
Daniella Shreir,F:275644968c7a,critic,7
Daniella Shreir,F:632385c3c3ac,critic,3
Daniella Shreir,F:40262a43bbb2,critic,1
Daniella Shreir,F:661776b2d505,critic,5
Daniella Shreir,F:577eabe0ac1f,critic,4
Yael Shuv,F:e50615c80a64,critic,4
Yael Shuv,F:85152d3fca69,critic,1
Yael Shuv,F:83ebc8b43c9d,critic,9
Yael Shuv,F:8b4b310f435e,critic,7
Yael Shuv,F:7fe15b05ccde,critic,10
Yael Shuv,F:ea8c30267045,critic,6
Yael Shuv,F:e35d40a37ce8,critic,2
Yael Shuv,F:28d41c264f9a,critic,5
Yael Shuv,F:03b3065dc545,critic,8
Yael Shuv,F:e5c08e9f1271,critic,3
Michael Sicinski,F:4d1cd4656b98,critic,2
Michael Sicinski,F:a3132936b824,critic,3
Michael Sicinski,F:3db5b8330a71,critic,1
Michael Sicinski,F:d1188b34b03c,critic,8
Michael Sicinski,F:83c734e30238,critic,10
Michael Sicinski,F:10e86670da04,critic,7
Michael Sicinski,F:8c93104a11a8,critic,5
Michael Sicinski,F:15cebbda1cd1,critic,6
Michael Sicinski,F:9f96298e4d23,critic,9
Michael Sicinski,F:83d479d3ae29,critic,4
Marc Siegel,F:a4c51ae5137c,critic,9
Marc Siegel,F:569be7b19926,critic,8
Marc Siegel,F:8f300329aa72,critic,3
Marc Siegel,F:c22c42cd69b9,critic,10
Marc Siegel,F:1af174ce28bf,critic,2
Marc Siegel,F:4cafb7c35df5,critic,1
Marc Siegel,F:f25958ee9596,critic,6
Marc Siegel,F:b6d7c987dca1,critic,5
Marc Siegel,F:4706d6f7ff56,critic,4
Marc Siegel,F:2bfb03e4c0df,critic,7
Paulo Henrique Silva,F:7dacc043e524,critic,6
Paulo Henrique Silva,F:4fd3c9a708f4,critic,1
Paulo Henrique Silva,F:b5a06746734d,critic,10
Paulo Henrique Silva,F:19eb92f7e110,critic,2
Paulo Henrique Silva,F:bf6387f2c8ae,critic,9
Paulo Henrique Silva,F:9f96298e4d23,critic,8
Paulo Henrique Silva,F:97b42f962368,critic,7
Paulo Henrique Silva,F:6ae8c10ff551,critic,3
Paulo Henrique Silva,F:15298623ef1f,critic,4
Paulo Henrique Silva,F:10e86670da04,critic,5
Adrián Silvestre,F:b0360159539e,director,8
Adrián Silvestre,F:f3e699669efb,director,2
Adrián Silvestre,F:3efe90729e70,director,3
Adrián Silvestre,F:27bb3657eaff,director,4
Adrián Silvestre,F:653f45346bcc,director,10
Adrián Silvestre,F:c0586f89aede,director,6
Adrián Silvestre,F:6ca9676ba9f4,director,5
Adrián Silvestre,F:68f067eb3cf7,director,7
Adrián Silvestre,F:8dee549773e2,director,1
Adrián Silvestre,F:8b4b310f435e,director,9
Roberto Silvestri,F:e1c088e588ce,critic,1
Roberto Silvestri,F:9347a82e3372,critic,4
Roberto Silvestri,F:c3b16d0c3268,critic,3
Roberto Silvestri,F:31ccba01f02e,critic,5
Roberto Silvestri,F:e4e5d0b8b474,critic,10
Roberto Silvestri,F:9efcb3d93167,critic,6
Roberto Silvestri,F:1e8c36f50cef,critic,7
Roberto Silvestri,F:95bd800bd9e5,critic,8
Roberto Silvestri,F:2f5d4bab19bf,critic,2
Roberto Silvestri,F:d2ac8fced14e,critic,9
Jerónimo Silvio Iglesias,F:cda1a8b3152c,critic,9
Jerónimo Silvio Iglesias,F:8703270231ee,critic,5
Jerónimo Silvio Iglesias,F:021d58f95670,critic,3
Jerónimo Silvio Iglesias,F:2320d0b9141c,critic,4
Jerónimo Silvio Iglesias,F:2907bfe31ad2,critic,6
Jerónimo Silvio Iglesias,F:f53416daf440,critic,7
Jerónimo Silvio Iglesias,F:97c680afaec8,critic,2
Jerónimo Silvio Iglesias,F:a5083fa04636,critic,8
Jerónimo Silvio Iglesias,F:4aaba2898296,critic,1
Jerónimo Silvio Iglesias,F:38ccb3d447c3,critic,10
Francesco Simeoni,F:bec332d8ab3d,critic,9
Francesco Simeoni,F:548d52224662,critic,1
Francesco Simeoni,F:1025f1ade830,critic,10
Francesco Simeoni,F:fece8b709d12,critic,4
Francesco Simeoni,F:d13a6d5e1fe9,critic,3
Francesco Simeoni,F:e865433ee487,critic,2
Francesco Simeoni,F:97bdcbbf5674,critic,5
Francesco Simeoni,F:5931e44a9fad,critic,6
Francesco Simeoni,F:d2754526e542,critic,7
Francesco Simeoni,F:b270f6c2406f,critic,8
Andrew Simpson,F:446e389206c0,critic,1
Andrew Simpson,F:a9519db91181,critic,10
Andrew Simpson,F:dde6ffd9106a,critic,8
Andrew Simpson,F:549d4c16ecd3,critic,2
Andrew Simpson,F:f0003668a2c4,critic,9
Andrew Simpson,F:6dcf24a853ae,critic,3
Andrew Simpson,F:8a405444b988,critic,4
Andrew Simpson,F:82871fa40fd5,critic,5
Andrew Simpson,F:b1d5c192e56b,critic,7
Andrew Simpson,F:c0e117f757be,critic,6
David Sims,F:2bcbc58a252d,critic,6
David Sims,F:b2910882a46d,critic,5
David Sims,F:7cdcf0b32a06,critic,7
David Sims,F:ad61730d9d2f,critic,1
David Sims,F:3779236f3701,critic,2
David Sims,F:d1188b34b03c,critic,8
David Sims,F:2b8f2194d907,critic,3
David Sims,F:325075869126,critic,10
David Sims,F:002c591e702f,critic,4
David Sims,F:653f45346bcc,critic,9
Leigh Singer,F:b339d6c582f0,critic,4
Leigh Singer,F:e9e268170b35,critic,5
Leigh Singer,F:ff8951301912,critic,3
Leigh Singer,F:bd648fce3b3f,critic,6
Leigh Singer,F:b132d89fef53,critic,10
Leigh Singer,F:10321db0fcc5,critic,1
Leigh Singer,F:324046bbab25,critic,2
Leigh Singer,F:03774d8054b0,critic,8
Leigh Singer,F:6744994f98f6,critic,7
Leigh Singer,F:38ccb3d447c3,critic,9
Jai Arjun Singh,F:03809811ea9b,critic,8
Jai Arjun Singh,F:b2910882a46d,critic,7
Jai Arjun Singh,F:09035fce59e3,critic,9
Jai Arjun Singh,F:cce8972d95be,critic,2
Jai Arjun Singh,F:3a2974a95f53,critic,4
Jai Arjun Singh,F:75046ffb9b38,critic,10
Jai Arjun Singh,F:a771cf959ffd,critic,1
Jai Arjun Singh,F:ea57f6c88dad,critic,5
Jai Arjun Singh,F:459c330913be,critic,6
Jai Arjun Singh,F:1390ada367e0,critic,3
Ana Siqueira,F:646ea2ac9f18,critic,5
Ana Siqueira,F:325075869126,critic,10
Ana Siqueira,F:d8be33a7aa37,critic,8
Ana Siqueira,F:af9e3551238b,critic,7
Ana Siqueira,F:dafc2d2e8fd7,critic,1
Ana Siqueira,F:6158c3acae8a,critic,4
Ana Siqueira,F:ca42ecec1704,critic,2
Ana Siqueira,F:432bbc185cbb,critic,3
Ana Siqueira,F:d39d1b73d6fa,critic,6
Ana Siqueira,F:c78c6b97f980,critic,9
Vlado Škafar,F:e1c01276b733,critic,6
Vlado Škafar,F:5c62c6008939,critic,4
Vlado Škafar,F:b5749f03606c,critic,10
Vlado Škafar,F:b7ad240d9e7d,critic,2
Vlado Škafar,F:9539729dc80f,critic,7
Vlado Škafar,F:2a3218a2fda2,critic,5
Vlado Škafar,F:8735c8ec16f6,critic,3
Vlado Škafar,F:33789713d971,critic,1
Vlado Škafar,F:31e3a3512a76,critic,8
Vlado Škafar,F:f376d0dacdd0,critic,9
Josh Slater-Williams,F:d39d1b73d6fa,critic,5
Josh Slater-Williams,F:72d8bc7578ad,critic,8
Josh Slater-Williams,F:f85c54efe544,critic,3
Josh Slater-Williams,F:fdffe3f0bfb8,critic,4
Josh Slater-Williams,F:aa5b85412a3e,critic,2
Josh Slater-Williams,F:62805a6f67fa,critic,1
Josh Slater-Williams,F:d2506ebeb73e,critic,6
Josh Slater-Williams,F:176166e412b4,critic,10
Josh Slater-Williams,F:17fcc038144d,critic,7
Josh Slater-Williams,F:0a600f29226c,critic,9
Will Sloan,F:6fe3ffec792f,critic,1
Will Sloan,F:af358d7d1d59,critic,7
Will Sloan,F:82185e5a0092,critic,4
Will Sloan,F:1de24b51a37a,critic,2
Will Sloan,F:47e745cd663b,critic,6
Will Sloan,F:3ae06c534361,critic,3
Will Sloan,F:87ddccd7c29d,critic,9
Will Sloan,F:47aed005507a,critic,5
Will Sloan,F:76f8cccf860c,critic,10
Will Sloan,F:b5fac1879322,critic,8
Amy Sloper,F:b7b17347ab6a,critic,5
Amy Sloper,F:22e27238be3c,critic,2
Amy Sloper,F:15bcedf51ef8,critic,7
Amy Sloper,F:0565ff7fd56c,critic,8
Amy Sloper,F:cb689f3e2a97,critic,10
Amy Sloper,F:30c86f12fae5,critic,3
Amy Sloper,F:c054271753bb,critic,1
Amy Sloper,F:61b7b07d0b46,critic,4
Amy Sloper,F:090832505b0f,critic,9
Amy Sloper,F:11f597068baf,critic,6
Christopher Small,F:a96649cfd9dd,critic,6
Christopher Small,F:d86e12aa34b1,critic,4
Christopher Small,F:ec983a6c1ee5,critic,8
Christopher Small,F:7cdcf0b32a06,critic,10
Christopher Small,F:98ca671012c5,critic,7
Christopher Small,F:c2628b005779,critic,3
Christopher Small,F:851e8f854235,critic,1
Christopher Small,F:a7e92e1d1bee,critic,2
Christopher Small,F:143259a9cf32,critic,5
Christopher Small,F:d8e24aa1ab58,critic,9
Emma Smart,F:6744994f98f6,critic,10
Emma Smart,F:b770124ea226,critic,7
Emma Smart,F:27dabb47fa0c,critic,6
Emma Smart,F:86c842a29107,critic,5
Emma Smart,F:9cac88a557fd,critic,8
Emma Smart,F:b5fac1879322,critic,9
Emma Smart,F:9062126c7331,critic,3
Emma Smart,F:016d618b09a6,critic,2
Emma Smart,F:c823d95f42fc,critic,4
Emma Smart,F:c34bab8ee43b,critic,1
Nadine Smith ,F:608e02fe3ca2,critic,9
Nadine Smith ,F:e3e045b158eb,critic,7
Nadine Smith ,F:da3f1a9a55b3,critic,6
Nadine Smith ,F:ff478deae1ed,critic,8
Nadine Smith ,F:83c734e30238,critic,10
Nadine Smith ,F:537449454cdf,critic,1
Nadine Smith ,F:5086f9152aaf,critic,3
Nadine Smith ,F:ee3f94828883,critic,4
Nadine Smith ,F:f39deb0ac138,critic,2
Nadine Smith ,F:933ec9beaa5b,critic,5
Farran Smith Nehme,F:17628f83ead5,critic,5
Farran Smith Nehme,F:bf6387f2c8ae,critic,10
Farran Smith Nehme,F:269e50561c64,critic,6
Farran Smith Nehme,F:59ad7c389a61,critic,9
Farran Smith Nehme,F:730e011a6f06,critic,2
Farran Smith Nehme,F:b339d6c582f0,critic,8
Farran Smith Nehme,F:a5770030b496,critic,3
Farran Smith Nehme,F:4996e9b10df0,critic,7
Farran Smith Nehme,F:62805a6f67fa,critic,1
Farran Smith Nehme,F:835b7b615f7a,critic,4
Katie Smith-Wong,F:38ccb3d447c3,critic,8
Katie Smith-Wong,F:08966bbb6c53,critic,10
Katie Smith-Wong,F:b0360159539e,critic,4
Katie Smith-Wong,F:fb056a6f8839,critic,1
Katie Smith-Wong,F:e2bff7956338,critic,9
Katie Smith-Wong,F:79e927c6fa34,critic,3
Katie Smith-Wong,F:520af39d3f5c,critic,2
Katie Smith-Wong,F:4856ae18c1cd,critic,5
Katie Smith-Wong,F:09035fce59e3,critic,6
Katie Smith-Wong,F:03774d8054b0,critic,7
Anna Smith,F:167dabbadece,critic,6
Anna Smith,F:3b758ba5b659,critic,1
Anna Smith,F:f44713a09e4d,critic,9
Anna Smith,F:c1cd242a1caa,critic,4
Anna Smith,F:03b3065dc545,critic,8
Anna Smith,F:6744994f98f6,critic,10
Anna Smith,F:cae7892d945f,critic,5
Anna Smith,F:a2006b1e3f35,critic,7
Anna Smith,F:881268c77c0b,critic,3
Anna Smith,F:436a1277546d,critic,2
Caitlin Smith,F:75046ffb9b38,critic,10
Caitlin Smith,F:15bcedf51ef8,critic,9
Caitlin Smith,F:9609d2e67c50,critic,3
Caitlin Smith,F:cf4f8f54b4df,critic,5
Caitlin Smith,F:6153eeb1ef64,critic,7
Caitlin Smith,F:1961bdb691aa,critic,8
Caitlin Smith,F:d3259e8689ca,critic,2
Caitlin Smith,F:a7d92e333282,critic,4
Caitlin Smith,F:69dee05125cb,critic,6
Caitlin Smith,F:bf3c458ce933,critic,1
Damon Smith,F:3779236f3701,critic,4
Damon Smith,F:e70c7eaa7408,critic,3
Damon Smith,F:08966bbb6c53,critic,10
Damon Smith,F:176166e412b4,critic,7
Damon Smith,F:03b3065dc545,critic,8
Damon Smith,F:6ef9ec2a60f2,critic,6
Damon Smith,F:b4941e142a34,critic,2
Damon Smith,F:f44713a09e4d,critic,9
Damon Smith,F:3c85ccd7c210,critic,1
Damon Smith,F:b5fac1879322,critic,5
Gavin Smith,F:6c6d0bc5ce49,critic,5
Gavin Smith,F:a454d3354c22,critic,3
Gavin Smith,F:09035fce59e3,critic,7
Gavin Smith,F:b132d89fef53,critic,10
Gavin Smith,F:aa9ca1df5398,critic,2
Gavin Smith,F:7fe15b05ccde,critic,9
Gavin Smith,F:bd648fce3b3f,critic,6
Gavin Smith,F:e70c7eaa7408,critic,4
Gavin Smith,F:cbb0587ba064,critic,8
Gavin Smith,F:bd36ac33e745,critic,1
Iain Robert Smith,F:28d41c264f9a,critic,7
Iain Robert Smith,F:6c37284c87eb,critic,1
Iain Robert Smith,F:02ded6e20b97,critic,10
Iain Robert Smith,F:63d46e5d8cef,critic,5
Iain Robert Smith,F:d2ac8fced14e,critic,9
Iain Robert Smith,F:337423442fc4,critic,3
Iain Robert Smith,F:3a2974a95f53,critic,2
Iain Robert Smith,F:d0416491dc50,critic,6
Iain Robert Smith,F:9d5f6e82448b,critic,4
Iain Robert Smith,F:c41986eabc20,critic,8
Imogen Sara Smith,F:9e11436fa52a,critic,3
Imogen Sara Smith,F:46194e616618,critic,6
Imogen Sara Smith,F:2bcbc58a252d,critic,8
Imogen Sara Smith,F:e3db72878efa,critic,7
Imogen Sara Smith,F:24dc6c8040d9,critic,4
Imogen Sara Smith,F:7fa585215d06,critic,5
Imogen Sara Smith,F:cb689f3e2a97,critic,10
Imogen Sara Smith,F:87a12cbf865b,critic,1
Imogen Sara Smith,F:52158130c010,critic,2
Imogen Sara Smith,F:75046ffb9b38,critic,9
Margaret Smith,F:69f5bed6f836,critic,9
Margaret Smith,F:38ccb3d447c3,critic,8
Margaret Smith,F:cb689f3e2a97,critic,7
Margaret Smith,F:bf6387f2c8ae,critic,10
Margaret Smith,F:28d41c264f9a,critic,6
Margaret Smith,F:84fa7c2219d2,critic,4
Margaret Smith,F:6ae8c10ff551,critic,5
Margaret Smith,F:53f709905db4,critic,3
Margaret Smith,F:2799de28d75f,critic,2
Margaret Smith,F:5fbe75ae8e83,critic,1
Mikaela Smith,F:d2ac8fced14e,critic,7
Mikaela Smith,F:cb689f3e2a97,critic,9
Mikaela Smith,F:c22c42cd69b9,critic,5
Mikaela Smith,F:2b8f2194d907,critic,4
Mikaela Smith,F:325075869126,critic,10
Mikaela Smith,F:bf3fb98d59b5,critic,1
Mikaela Smith,F:002dd21bef36,critic,3
Mikaela Smith,F:d1188b34b03c,critic,8
Mikaela Smith,F:16913ba1d831,critic,6
Mikaela Smith,F:d42aca6e5fa1,critic,2
Neil Smith,F:cbca9660da1d,critic,4
Neil Smith,F:e9e268170b35,critic,6
Neil Smith,F:e2bff7956338,critic,10
Neil Smith,F:7de0eaabaf36,critic,1
Neil Smith,F:4856ae18c1cd,critic,5
Neil Smith,F:8b4b310f435e,critic,7
Neil Smith,F:d1d43bf4deff,critic,3
Neil Smith,F:176166e412b4,critic,8
Neil Smith,F:59ad7c389a61,critic,9
Neil Smith,F:6461abdfd357,critic,2
Elena Smolina,F:2b8f2194d907,critic,5
Elena Smolina,F:7b5d85393630,critic,9
Elena Smolina,F:29e8c2663329,critic,10
Elena Smolina,F:2c1796d61abc,critic,1
Elena Smolina,F:8703270231ee,critic,4
Elena Smolina,F:6d78c0ecb7e7,critic,8
Elena Smolina,F:069cda2e3235,critic,6
Elena Smolina,F:a5083fa04636,critic,7
Elena Smolina,F:6153eeb1ef64,critic,3
Elena Smolina,F:08cc8188022e,critic,2
Michael Snow,F:a8d48e8e61f0,director,3
Michael Snow,F:8c93104a11a8,director,4
Michael Snow,F:853aa70a4537,director,2
Michael Snow,F:4a9c5c5c8c99,director,1
Kazuhiro Soda,F:9f96298e4d23,director,10
Kazuhiro Soda,F:ba5c53f936e6,director,1
Kazuhiro Soda,F:665eab0ab9d1,director,8
Kazuhiro Soda,F:177b2b045021,director,4
Kazuhiro Soda,F:638b5213b5ff,director,3
Kazuhiro Soda,F:e50615c80a64,director,6
Kazuhiro Soda,F:2b128693df8e,director,5
Kazuhiro Soda,F:944ad783759e,director,9
Kazuhiro Soda,F:dfe594b093ca,director,2
Kazuhiro Soda,F:c41986eabc20,director,7
Eloísa Solaas,F:d1a9a5748c78,critic,1
Eloísa Solaas,F:c3b16d0c3268,critic,7
Eloísa Solaas,F:c76cd5002ae1,critic,4
Eloísa Solaas,F:dd26e0ec916e,critic,6
Eloísa Solaas,F:f53416daf440,critic,10
Eloísa Solaas,F:4e2bc3c14baa,critic,9
Eloísa Solaas,F:5862a4b5f813,critic,5
Eloísa Solaas,F:e70c7eaa7408,critic,8
Eloísa Solaas,F:bc23b5612966,critic,2
Eloísa Solaas,F:4b71ee11d36d,critic,3
Malena Solarz,F:4178c0f6fbb7,critic,8
Malena Solarz,F:69f5bed6f836,critic,9
Malena Solarz,F:265ff24c9602,critic,4
Malena Solarz,F:20a0a276094a,critic,6
Malena Solarz,F:9f96298e4d23,critic,10
Malena Solarz,F:420156ce7cff,critic,2
Malena Solarz,F:6123013e09d3,critic,3
Malena Solarz,F:87ddccd7c29d,critic,7
Malena Solarz,F:432bbc185cbb,critic,5
Malena Solarz,F:5fc54aec97c6,critic,1
Adam Solomons,F:60a4d76c522e,critic,7
Adam Solomons,F:edfb01f5a9d6,critic,9
Adam Solomons,F:a89eca461289,critic,6
Adam Solomons,F:bf6387f2c8ae,critic,10
Adam Solomons,F:f6bf4689418e,critic,4
Adam Solomons,F:c4fda376339f,critic,8
Adam Solomons,F:b128d01eb660,critic,1
Adam Solomons,F:f97978e0dded,critic,5
Adam Solomons,F:f233e5cf9f43,critic,2
Adam Solomons,F:d42aca6e5fa1,critic,3
Jason Solomons,F:59ad7c389a61,critic,9
Jason Solomons,F:16913ba1d831,critic,8
Jason Solomons,F:ddcf681c3397,critic,5
Jason Solomons,F:e4e5d0b8b474,critic,10
Jason Solomons,F:341aefe6f409,critic,6
Jason Solomons,F:01850bd0383a,critic,3
Jason Solomons,F:dc69230484fa,critic,1
Jason Solomons,F:459c330913be,critic,4
Jason Solomons,F:11fff6d5f45a,critic,7
Jason Solomons,F:cb9821f13eb1,critic,2
Fernanda Solórzano,F:83ebc8b43c9d,critic,6
Fernanda Solórzano,F:653f45346bcc,critic,7
Fernanda Solórzano,F:e2bff7956338,critic,8
Fernanda Solórzano,F:bf6387f2c8ae,critic,10
Fernanda Solórzano,F:08966bbb6c53,critic,9
Fernanda Solórzano,F:5bef0b693d91,critic,1
Fernanda Solórzano,F:8b4b310f435e,critic,3
Fernanda Solórzano,F:4434c6705bd6,critic,4
Fernanda Solórzano,F:9dc99962ce43,critic,2
Fernanda Solórzano,F:d472058d559a,critic,5
Danielle Solzman,F:4856ae18c1cd,critic,9
Danielle Solzman,F:f6ff4c164fbd,critic,5
Danielle Solzman,F:ee2a2cfc2fc7,critic,4
Danielle Solzman,F:ae24209c7310,critic,6
Danielle Solzman,F:71c7b9363133,critic,8
Danielle Solzman,F:165ea115d0f7,critic,7
Danielle Solzman,F:61afc2a946ee,critic,3
Danielle Solzman,F:da6d823df02d,critic,1
Danielle Solzman,F:d6af1e8ab205,critic,2
Danielle Solzman,F:38ccb3d447c3,critic,10
David Somerset,F:9e22de7eb9ed,critic,7
David Somerset,F:4acddf379d28,critic,9
David Somerset,F:cda1a8b3152c,critic,10
David Somerset,F:6ff93b77cfca,critic,8
David Somerset,F:22e53c8dfe92,critic,1
David Somerset,F:171281d1f916,critic,2
David Somerset,F:9039ae8d7e2a,critic,4
David Somerset,F:b24e28697733,critic,5
David Somerset,F:ec644a4b48b7,critic,3
David Somerset,F:49a59167770c,critic,6
Ramiro Sonzini,F:7f24f9306213,critic,2
Ramiro Sonzini,F:901ab8f3201b,critic,5
Ramiro Sonzini,F:fefe0b7e9840,critic,3
Ramiro Sonzini,F:2861a518888c,critic,10
Ramiro Sonzini,F:5ccbed3ed039,critic,8
Ramiro Sonzini,F:ef213b0b33c2,critic,4
Ramiro Sonzini,F:5862a4b5f813,critic,6
Ramiro Sonzini,F:9e129ad0f5e5,critic,9
Ramiro Sonzini,F:4ce8c9c0eeb3,critic,1
Ramiro Sonzini,F:b95456130ebc,critic,7
Igor Soukmanov,F:7fe15b05ccde,critic,10
Igor Soukmanov,F:461ce53274b8,critic,6
Igor Soukmanov,F:709fc4c2ac34,critic,3
Igor Soukmanov,F:d210c0d5f689,critic,7
Igor Soukmanov,F:2efeed69db4e,critic,1
Igor Soukmanov,F:a775f32ff944,critic,4
Igor Soukmanov,F:a974077eb9e0,critic,5
Igor Soukmanov,F:b6c9ffffa8d4,critic,2
Igor Soukmanov,F:f87b3c091815,critic,9
Igor Soukmanov,F:1232574daf78,critic,8
Penelope Spheeris,F:5f021aa369d3,director,7
Penelope Spheeris,F:73ac13372020,director,9
Penelope Spheeris,F:82f51bc15898,director,8
Penelope Spheeris,F:3779236f3701,director,10
Penelope Spheeris,F:e7ccda772d8c,director,6
Penelope Spheeris,F:a1abcaad03e6,director,2
Penelope Spheeris,F:676fa1f3b53d,director,1
Penelope Spheeris,F:78c2e54fbdcb,director,4
Penelope Spheeris,F:ee4b69b6dc68,director,3
Penelope Spheeris,F:8017f475e394,director,5
Jon Spira,F:cb9710eaaac9,director,6
Jon Spira,F:b132d89fef53,director,10
Jon Spira,F:cbb0587ba064,director,9
Jon Spira,F:a250f5c6593b,director,8
Jon Spira,F:6c86e1883516,director,5
Jon Spira,F:8c2419d1eecf,director,7
Jon Spira,F:eee0d9e6531e,director,4
Jon Spira,F:ce75990faf5d,director,1
Jon Spira,F:98451e641a4b,director,2
Jon Spira,F:a70ab0c99bd7,director,3
Andrej Šprah,F:69f5bed6f836,critic,10
Andrej Šprah,F:da1c0f0f7073,critic,4
Andrej Šprah,F:28d41c264f9a,critic,9
Andrej Šprah,F:9b95166cbafa,critic,1
Andrej Šprah,F:951e168add74,critic,8
Andrej Šprah,F:d8ce5441d5f4,critic,6
Andrej Šprah,F:58f9e7707a27,critic,7
Andrej Šprah,F:15a503f096e0,critic,2
Andrej Šprah,F:8d24eabacd50,critic,3
Andrej Šprah,F:cae7892d945f,critic,5
Michael Sragow,F:fbfc282cbfbb,critic,5
Michael Sragow,F:38516f3726c8,critic,4
Michael Sragow,F:bee09401fa7d,critic,9
Michael Sragow,F:cdb76db94f02,critic,7
Michael Sragow,F:bf6387f2c8ae,critic,10
Michael Sragow,F:b5fac1879322,critic,6
Michael Sragow,F:7b064df7215c,critic,1
Michael Sragow,F:f71879711b8f,critic,8
Michael Sragow,F:4f6998b28856,critic,2
Michael Sragow,F:33292b411f6c,critic,3
Srikanth Srinivasan,F:4a7fa7be8c87,critic,10
Srikanth Srinivasan,F:7a7c0ff849d4,critic,8
Srikanth Srinivasan,F:53a88e425ace,critic,1
Srikanth Srinivasan,F:114ae73dd3a7,critic,9
Srikanth Srinivasan,F:a8d48e8e61f0,critic,5
Srikanth Srinivasan,F:8481529aa9c4,critic,7
Srikanth Srinivasan,F:fa03e0b0a93e,critic,2
Srikanth Srinivasan,F:269e50561c64,critic,6
Srikanth Srinivasan,F:5565070217cb,critic,4
Srikanth Srinivasan,F:90df177e5f01,critic,3
Kate Stables,F:b5a06746734d,critic,10
Kate Stables,F:e4e5d0b8b474,critic,8
Kate Stables,F:02ded6e20b97,critic,6
Kate Stables,F:9f96298e4d23,critic,9
Kate Stables,F:53f709905db4,critic,1
Kate Stables,F:f44713a09e4d,critic,5
Kate Stables,F:078c56f7dec6,critic,3
Kate Stables,F:bd648fce3b3f,critic,4
Kate Stables,F:38ccb3d447c3,critic,7
Kate Stables,F:41d225e6ff0b,critic,2
Janet Staiger,F:4856ae18c1cd,critic,1
Janet Staiger,F:bf6387f2c8ae,critic,10
Janet Staiger,F:9f96298e4d23,critic,8
Janet Staiger,F:f53416daf440,critic,3
Janet Staiger,F:7b5d85393630,critic,4
Janet Staiger,F:4178c0f6fbb7,critic,6
Janet Staiger,F:83ebc8b43c9d,critic,5
Janet Staiger,F:69f5bed6f836,critic,7
Janet Staiger,F:95bd800bd9e5,critic,2
Janet Staiger,F:b132d89fef53,critic,9
Mira Staleva,F:31e3a3512a76,critic,3
Mira Staleva,F:08966bbb6c53,critic,9
Mira Staleva,F:069cda2e3235,critic,5
Mira Staleva,F:83ebc8b43c9d,critic,8
Mira Staleva,F:114ae73dd3a7,critic,4
Mira Staleva,F:461ce53274b8,critic,1
Mira Staleva,F:bee09401fa7d,critic,6
Mira Staleva,F:29e8c2663329,critic,7
Mira Staleva,F:b5a06746734d,critic,10
Mira Staleva,F:f96da45e774e,critic,2
Igor Stanojević,F:4731d71323f6,critic,4
Igor Stanojević,F:93a1beda19cd,critic,9
Igor Stanojević,F:4f6f3f9bcf2a,critic,6
Igor Stanojević,F:ee3f83148818,critic,3
Igor Stanojević,F:4c181098e13e,critic,1
Igor Stanojević,F:9fa2ffff0e05,critic,8
Igor Stanojević,F:146f1c3fc9b2,critic,7
Igor Stanojević,F:91da2062cc0a,critic,5
Igor Stanojević,F:2332f35d39c5,critic,2
Marcel Stefančič,F:f6bf4689418e,critic,3
Marcel Stefančič,F:8481529aa9c4,critic,6
Marcel Stefančič,F:febda603b577,critic,2
Marcel Stefančič,F:4a7fa7be8c87,critic,8
Marcel Stefančič,F:fbfc282cbfbb,critic,5
Marcel Stefančič,F:6153eeb1ef64,critic,7
Marcel Stefančič,F:4434c6705bd6,critic,9
Marcel Stefančič,F:59ad7c389a61,critic,10
Marcel Stefančič,F:66e0b02405e2,critic,4
Marcel Stefančič,F:8b5eca97318a,critic,1
Alessandro Stellino,F:0a600f29226c,critic,8
Alessandro Stellino,F:833cd8b378fb,critic,7
Alessandro Stellino,F:b5a06746734d,critic,10
Alessandro Stellino,F:3af703bb3bf8,critic,5
Alessandro Stellino,F:090832505b0f,critic,9
Alessandro Stellino,F:1d6863d6fa66,critic,3
Alessandro Stellino,F:fdffe3f0bfb8,critic,6
Alessandro Stellino,F:f26363208aeb,critic,2
Alessandro Stellino,F:12fb318fa245,critic,4
Alessandro Stellino,F:231f757197dc,critic,1
Courtney Stephens,F:69dee05125cb,critic,6
Courtney Stephens,F:813bde6e3053,critic,8
Courtney Stephens,F:eeb9a10a9240,critic,3
Courtney Stephens,F:c9a62b53f643,critic,4
Courtney Stephens,F:caabee7db5c9,critic,7
Courtney Stephens,F:68a64538e39f,critic,2
Courtney Stephens,F:83c734e30238,critic,10
Courtney Stephens,F:1876b26426fa,critic,5
Courtney Stephens,F:653f45346bcc,critic,9
Courtney Stephens,F:38e5752a66a4,critic,1
David Sterritt,F:8c93104a11a8,critic,4
David Sterritt,F:b09fb8ce622b,critic,3
David Sterritt,F:b5a06746734d,critic,10
David Sterritt,F:8ef14bf34952,critic,1
David Sterritt,F:813bde6e3053,critic,6
David Sterritt,F:d1188b34b03c,critic,7
David Sterritt,F:cb689f3e2a97,critic,9
David Sterritt,F:d472058d559a,critic,8
David Sterritt,F:269e50561c64,critic,2
David Sterritt,F:c78c6b97f980,critic,5
Brad Stevens,F:bd5b1d907d3a,critic,4
Brad Stevens,F:ad4edb710fbb,critic,2
Brad Stevens,F:6fb030bf7755,critic,5
Brad Stevens,F:7cdcf0b32a06,critic,9
Brad Stevens,F:4178c0f6fbb7,critic,10
Brad Stevens,F:122fb2de00e8,critic,7
Brad Stevens,F:d63f22c37e98,critic,6
Brad Stevens,F:6614a36abb51,critic,1
Brad Stevens,F:4cc94fb96c46,critic,3
Brad Stevens,F:72d8bc7578ad,critic,8
Dana Stevens,F:944ad783759e,critic,10
Dana Stevens,F:23bcdf10e622,critic,5
Dana Stevens,F:af358d7d1d59,critic,3
Dana Stevens,F:950c29bf9796,critic,7
Dana Stevens,F:2fad03e3ad97,critic,2
Dana Stevens,F:7fa585215d06,critic,4
Dana Stevens,F:0565ff7fd56c,critic,8
Dana Stevens,F:6744994f98f6,critic,9
Dana Stevens,F:b339d6c582f0,critic,6
Dana Stevens,F:876e4b5e2774,critic,1
Isabel Stevens,F:f5b23bc11b1d,critic,6
Isabel Stevens,F:8481529aa9c4,critic,5
Isabel Stevens,F:9f96298e4d23,critic,10
Isabel Stevens,F:4a7fa7be8c87,critic,9
Isabel Stevens,F:d6d30033c698,critic,4
Isabel Stevens,F:c41986eabc20,critic,7
Isabel Stevens,F:950c29bf9796,critic,8
Isabel Stevens,F:a7d92e333282,critic,3
Isabel Stevens,F:05d1730cfab5,critic,2
Isabel Stevens,F:efb0b3c4281e,critic,1
Kyle Stevens,F:c0891d475a49,critic,5
Kyle Stevens,F:ec7726632ac1,critic,8
Kyle Stevens,F:08966bbb6c53,critic,9
Kyle Stevens,F:75046ffb9b38,critic,7
Kyle Stevens,F:9902cb269aeb,critic,1
Kyle Stevens,F:c4fda376339f,critic,4
Kyle Stevens,F:d2ac8fced14e,critic,6
Kyle Stevens,F:83c734e30238,critic,10
Kyle Stevens,F:9a64753216c8,critic,2
Kyle Stevens,F:65393b2ac77a,critic,3
Isabelle Stever,F:5f7bf751f347,director,5
Isabelle Stever,F:dd03c7ae8bd4,director,10
Isabelle Stever,F:c29fbb81f64c,director,6
Isabelle Stever,F:2ec8e3a6b8aa,director,9
Isabelle Stever,F:f1f9458aedc5,director,7
Isabelle Stever,F:1fb68add131f,director,2
Isabelle Stever,F:d936d639d47d,director,1
Isabelle Stever,F:b98c514a3242,director,3
Isabelle Stever,F:9d787bc2dbde,director,4
Isabelle Stever,F:37bbd65ea51f,director,8
Clare Stewart,F:b0360159539e,critic,9
Clare Stewart,F:6b912211526b,critic,3
Clare Stewart,F:cdacaa64a889,critic,4
Clare Stewart,F:df99a097e950,critic,7
Clare Stewart,F:6df960d01ebc,critic,8
Clare Stewart,F:3d57bbc1680d,critic,5
Clare Stewart,F:5faf4e826922,critic,6
Clare Stewart,F:7dee8efe4f29,critic,1
Clare Stewart,F:16913ba1d831,critic,10
Clare Stewart,F:a048470c8b04,critic,2
Heather Stewart,F:e3a29e728f76,critic,6
Heather Stewart,F:8481529aa9c4,critic,7
Heather Stewart,F:4418a62420bf,critic,3
Heather Stewart,F:1e8c36f50cef,critic,4
Heather Stewart,F:bd9efaa29502,critic,2
Heather Stewart,F:b5a06746734d,critic,10
Heather Stewart,F:8c93104a11a8,critic,5
Heather Stewart,F:10e86670da04,critic,9
Heather Stewart,F:8703270231ee,critic,8
Heather Stewart,F:a7dc5420f605,critic,1
Jez Stewart,F:667f9047c4d8,critic,5
Jez Stewart,F:1e4add68afa4,critic,2
Jez Stewart,F:03774d8054b0,critic,9
Jez Stewart,F:a0e97ad8bdd4,critic,3
Jez Stewart,F:d2ac8fced14e,critic,8
Jez Stewart,F:b132d89fef53,critic,10
Jez Stewart,F:f376d0dacdd0,critic,6
Jez Stewart,F:fbac63dcd9cf,critic,7
Jez Stewart,F:8f7e54da91f3,critic,1
Jez Stewart,F:5faf4e826922,critic,4
Whit Stillman,F:e499a42520f0,director,8
Whit Stillman,F:f94de395f5a2,director,4
Whit Stillman,F:9ab6654243d3,director,1
Whit Stillman,F:5bfb5fa6318b,director,5
Whit Stillman,F:8bca2d931716,director,6
Whit Stillman,F:3e7a3a8f8433,director,10
Whit Stillman,F:e4d807f43b8e,director,3
Whit Stillman,F:36390770bdfc,director,7
Whit Stillman,F:41908e774964,director,2
Whit Stillman,F:6e63730d04c1,director,9
Ben Stoddart,F:71c7b9363133,critic,5
Ben Stoddart,F:09035fce59e3,critic,9
Ben Stoddart,F:14731d2d5e4b,critic,3
Ben Stoddart,F:59ad7c389a61,critic,8
Ben Stoddart,F:03774d8054b0,critic,10
Ben Stoddart,F:b73df740dc05,critic,2
Ben Stoddart,F:ed913192d169,critic,6
Ben Stoddart,F:4434c6705bd6,critic,7
Ben Stoddart,F:196b0f978e5b,critic,1
Ben Stoddart,F:23bcdf10e622,critic,4
Christina Stojanova,F:727b4a394724,critic,6
Christina Stojanova,F:29e8c2663329,critic,8
Christina Stojanova,F:97b42f962368,critic,9
Christina Stojanova,F:bf6387f2c8ae,critic,10
Christina Stojanova,F:a89eca461289,critic,4
Christina Stojanova,F:c075ca5a9bd2,critic,5
Christina Stojanova,F:bee09401fa7d,critic,7
Christina Stojanova,F:1637cba8e345,critic,2
Christina Stojanova,F:a34902196db2,critic,3
Christina Stojanova,F:45a6e7cd71d6,critic,1
Miroljub Miki Stojanović,F:ad35832c2d30,critic,3
Miroljub Miki Stojanović,F:ab7dfe1fd662,critic,6
Miroljub Miki Stojanović,F:0c208843518d,critic,9
Miroljub Miki Stojanović,F:54e0d32c9ba4,critic,1
Miroljub Miki Stojanović,F:68095e4e33e8,critic,7
Miroljub Miki Stojanović,F:36447d8fa555,critic,4
Miroljub Miki Stojanović,F:b43f0d3dd12e,critic,5
Miroljub Miki Stojanović,F:270ab55c320f,critic,2
Miroljub Miki Stojanović,F:4e2bc3c14baa,critic,10
Miroljub Miki Stojanović,F:8ce8232221d4,critic,8
Marko Stojiljković,F:7fe15b05ccde,critic,8
Marko Stojiljković,F:93a1beda19cd,critic,6
Marko Stojiljković,F:bf6387f2c8ae,critic,10
Marko Stojiljković,F:bba1e8ad9496,critic,2
Marko Stojiljković,F:bd0687b06d8e,critic,1
Marko Stojiljković,F:aa5b85412a3e,critic,3
Marko Stojiljković,F:9f96298e4d23,critic,9
Marko Stojiljković,F:e067866bf78e,critic,4
Marko Stojiljković,F:4c53a001a92c,critic,5
Marko Stojiljković,F:7b5d85393630,critic,7
Goran Stolevski,F:e9e268170b35,director,6
Goran Stolevski,F:2bcbc58a252d,director,7
Goran Stolevski,F:bf6387f2c8ae,director,10
Goran Stolevski,F:2af5c5bcacdf,director,4
Goran Stolevski,F:cdb76db94f02,director,5
Goran Stolevski,F:ec7726632ac1,director,9
Goran Stolevski,F:4acddf379d28,director,8
Goran Stolevski,F:b10a906b1662,director,3
Goran Stolevski,F:c21985a3eec4,director,2
Goran Stolevski,F:b0d5d33e14fd,director,1
Martin Stollery,F:096362e962d8,critic,4
Martin Stollery,F:69f5bed6f836,critic,9
Martin Stollery,F:af358d7d1d59,critic,5
Martin Stollery,F:4856ae18c1cd,critic,7
Martin Stollery,F:b5749f03606c,critic,8
Martin Stollery,F:d210c0d5f689,critic,3
Martin Stollery,F:4d94c0effc5c,critic,1
Martin Stollery,F:f376d0dacdd0,critic,6
Martin Stollery,F:325075869126,critic,10
Martin Stollery,F:f525ec7061e2,critic,2
Jacob Stolworthy,F:a3de67d21e37,critic,1
Jacob Stolworthy,F:e9e268170b35,critic,9
Jacob Stolworthy,F:176166e412b4,critic,10
Jacob Stolworthy,F:c64fcab20129,critic,4
Jacob Stolworthy,F:8c2419d1eecf,critic,5
Jacob Stolworthy,F:93a1beda19cd,critic,8
Jacob Stolworthy,F:1ea2b3cc608c,critic,2
Jacob Stolworthy,F:c6014c74c7ea,critic,7
Jacob Stolworthy,F:4409f275b372,critic,6
Jacob Stolworthy,F:72589a3b5fa2,critic,3
Oliver Stone,F:17628f83ead5,director,5
Oliver Stone,F:cbca9660da1d,director,7
Oliver Stone,F:ca0238bc4718,director,6
Oliver Stone,F:ea17efa06fad,director,3
Oliver Stone,F:bd648fce3b3f,director,8
Oliver Stone,F:060c0cfa6957,director,1
Oliver Stone,F:cd2b19d5e1ca,director,4
Oliver Stone,F:e2bff7956338,director,9
Oliver Stone,F:e83f9fc0173c,director,2
Oliver Stone,F:bf6387f2c8ae,director,10
Chris Straayer,F:d6d30033c698,critic,9
Chris Straayer,F:982d58866fbe,critic,2
Chris Straayer,F:a4b15681ac82,critic,4
Chris Straayer,F:30c86f12fae5,critic,8
Chris Straayer,F:d1c72fdd34d2,critic,1
Chris Straayer,F:cc41d847eae9,critic,7
Chris Straayer,F:11f597068baf,critic,10
Chris Straayer,F:2ed847875f12,critic,3
Chris Straayer,F:5836a4615b7b,critic,5
Chris Straayer,F:6baa239410d1,critic,6
Alison Strauss,F:9de59473a08a,critic,1
Alison Strauss,F:2af5c5bcacdf,critic,6
Alison Strauss,F:24dc6c8040d9,critic,4
Alison Strauss,F:4acddf379d28,critic,10
Alison Strauss,F:992392f0a525,critic,2
Alison Strauss,F:b339d6c582f0,critic,8
Alison Strauss,F:165ea115d0f7,critic,5
Alison Strauss,F:8703270231ee,critic,7
Alison Strauss,F:03b3065dc545,critic,9
Alison Strauss,F:b202ced1b7e3,critic,3
Sarah Street,F:9f96298e4d23,critic,9
Sarah Street,F:a758f31506ad,critic,3
Sarah Street,F:d0a89692a444,critic,1
Sarah Street,F:bf6387f2c8ae,critic,10
Sarah Street,F:8ce8232221d4,critic,4
Sarah Street,F:132d9439f658,critic,2
Sarah Street,F:d472058d559a,critic,8
Sarah Street,F:c4fda376339f,critic,6
Sarah Street,F:23bcdf10e622,critic,7
Sarah Street,F:413d2bed80fb,critic,5
Dan Streible,F:e4e92eb3d408,critic,2
Dan Streible,F:67b0d09fb2d2,critic,6
Dan Streible,F:04df18b8cb18,critic,4
Dan Streible,F:caabee7db5c9,critic,10
Dan Streible,F:a6147a56cc5f,critic,1
Dan Streible,F:7d5a8cf87ffd,critic,3
Dan Streible,F:ab3cd6cbe81e,critic,7
Dan Streible,F:22e27238be3c,critic,5
Dan Streible,F:646ea2ac9f18,critic,9
Dan Streible,F:dde6ffd9106a,critic,8
Peter Strickland,F:bd764fb1bf8e,director,2
Peter Strickland,F:9398c1c968eb,director,4
Peter Strickland,F:83c734e30238,director,10
Peter Strickland,F:114ae73dd3a7,director,9
Peter Strickland,F:651d58c8bee5,director,6
Peter Strickland,F:d2754526e542,director,5
Peter Strickland,F:bd648fce3b3f,director,8
Peter Strickland,F:30524599d5d6,director,3
Peter Strickland,F:4bbf32d00fd9,director,7
Peter Strickland,F:f006f8de8b8c,director,1
Hannah Strong,F:325075869126,critic,9
Hannah Strong,F:ae8a4e6355c1,critic,2
Hannah Strong,F:08966bbb6c53,critic,10
Hannah Strong,F:d1188b34b03c,critic,7
Hannah Strong,F:cf4f8f54b4df,critic,5
Hannah Strong,F:bee5654ca481,critic,4
Hannah Strong,F:4cce2f95dd1b,critic,3
Hannah Strong,F:7f41fac68aff,critic,1
Hannah Strong,F:59ad7c389a61,critic,6
Hannah Strong,F:cb689f3e2a97,critic,8
Chris Stults,F:fbaed03c3121,critic,7
Chris Stults,F:29be497f95ce,critic,5
Chris Stults,F:3c3dceaf4169,critic,2
Chris Stults,F:d1188b34b03c,critic,10
Chris Stults,F:3a1db211ccc6,critic,3
Chris Stults,F:a7d92e333282,critic,8
Chris Stults,F:638fd7d6cddc,critic,1
Chris Stults,F:d2f10817bb1e,critic,4
Chris Stults,F:f87b3c091815,critic,9
Chris Stults,F:6158c3acae8a,critic,6
Eduardo Stupía,F:d8e24aa1ab58,critic,6
Eduardo Stupía,F:b5a06746734d,critic,10
Eduardo Stupía,F:bf6387f2c8ae,critic,9
Eduardo Stupía,F:feaa04ac1109,critic,4
Eduardo Stupía,F:069cda2e3235,critic,5
Eduardo Stupía,F:eeb94ecd85af,critic,2
Eduardo Stupía,F:1e8c36f50cef,critic,1
Eduardo Stupía,F:9f96298e4d23,critic,8
Eduardo Stupía,F:d117472f572e,critic,7
Eduardo Stupía,F:20a0a276094a,critic,3
Ana Šturm,F:667f9047c4d8,critic,8
Ana Šturm,F:0491346a52ca,critic,6
Ana Šturm,F:b0e79455d220,critic,1
Ana Šturm,F:2c4dfb999e45,critic,2
Ana Šturm,F:05bad66fbd71,critic,4
Ana Šturm,F:fbaed03c3121,critic,10
Ana Šturm,F:2e7d4740d619,critic,5
Ana Šturm,F:af358d7d1d59,critic,9
Ana Šturm,F:5e201ce6e4d7,critic,7
Ana Šturm,F:77f297c80f04,critic,3
Drake Stutesman,F:f92de5796e6e,critic,2
Drake Stutesman,F:7b4cb37bd04d,critic,3
Drake Stutesman,F:23bcdf10e622,critic,8
Drake Stutesman,F:d0763320d002,critic,4
Drake Stutesman,F:d8e24aa1ab58,critic,10
Drake Stutesman,F:feaa04ac1109,critic,9
Drake Stutesman,F:72d6d9bf2299,critic,7
Drake Stutesman,F:280b9af9313a,critic,1
Drake Stutesman,F:febda603b577,critic,5
Drake Stutesman,F:d8ca1cf0db1b,critic,6
Richard I Suchenski,F:b5a06746734d,critic,10
Richard I Suchenski,F:29e8c2663329,critic,7
Richard I Suchenski,F:d8e24aa1ab58,critic,6
Richard I Suchenski,F:b132d89fef53,critic,9
Richard I Suchenski,F:9e103f641ac9,critic,4
Richard I Suchenski,F:bd36ac33e745,critic,2
Richard I Suchenski,F:c34fe68dc6cf,critic,5
Richard I Suchenski,F:91cca256bc0c,critic,1
Richard I Suchenski,F:38b522b41810,critic,3
Richard I Suchenski,F:e4e5d0b8b474,critic,8
Rüdiger Suchsland,F:96b0125c2257,critic,6
Rüdiger Suchsland,F:8fc32725b37f,critic,9
Rüdiger Suchsland,F:2b8f2194d907,critic,8
Rüdiger Suchsland,F:8fe1bdde11ef,critic,10
Rüdiger Suchsland,F:c74f65658e20,critic,4
Rüdiger Suchsland,F:2db574bfef43,critic,7
Rüdiger Suchsland,F:944097966fd9,critic,2
Rüdiger Suchsland,F:ea17efa06fad,critic,5
Rüdiger Suchsland,F:a2eb51fec132,critic,3
Rüdiger Suchsland,F:bee2dd127e06,critic,1
Vlastimir Sudar,F:381ce8d1f380,critic,1
Vlastimir Sudar,F:95d75c9628a1,critic,2
Vlastimir Sudar,F:ff09f87a20ab,critic,4
Vlastimir Sudar,F:50e7c992b75a,critic,6
Vlastimir Sudar,F:d2ac8fced14e,critic,10
Vlastimir Sudar,F:950c29bf9796,critic,9
Vlastimir Sudar,F:27c512670976,critic,7
Vlastimir Sudar,F:c823f40274e5,critic,8
Vlastimir Sudar,F:89804641becd,critic,3
Vlastimir Sudar,F:9db1d11f57e4,critic,5
Dmytro Sukholytkyy-Sobchuk,F:9b8f1aa5b227,director,4
Dmytro Sukholytkyy-Sobchuk,F:bf3fb98d59b5,director,6
Dmytro Sukholytkyy-Sobchuk,F:92eddde1ed07,director,1
Dmytro Sukholytkyy-Sobchuk,F:b6aba9d3ddf1,director,5
Dmytro Sukholytkyy-Sobchuk,F:a7a9a07c4536,director,3
Dmytro Sukholytkyy-Sobchuk,F:6744994f98f6,director,10
Dmytro Sukholytkyy-Sobchuk,F:cae7892d945f,director,9
Dmytro Sukholytkyy-Sobchuk,F:f556a9145024,director,8
Dmytro Sukholytkyy-Sobchuk,F:f6ea710c78d6,director,2
Dmytro Sukholytkyy-Sobchuk,F:89f4b5080984,director,7
Daniel Šuljić,F:e2bff7956338,critic,10
Daniel Šuljić,F:84b113471b45,critic,2
Daniel Šuljić,F:2a9843e83d75,critic,8
Daniel Šuljić,F:ba59f912c906,critic,1
Daniel Šuljić,F:556ded079fc1,critic,5
Daniel Šuljić,F:e4227f57ad92,critic,7
Daniel Šuljić,F:be1dbe7eced1,critic,4
Daniel Šuljić,F:479e6879e365,critic,6
Daniel Šuljić,F:63d46e5d8cef,critic,9
Daniel Šuljić,F:053a16cbf3bb,critic,3
Abby Sun,F:caabee7db5c9,critic,8
Abby Sun,F:9c8ddc88a4c9,critic,1
Abby Sun,F:68095e4e33e8,critic,6
Abby Sun,F:2fe512425872,critic,4
Abby Sun,F:83c734e30238,critic,10
Abby Sun,F:f42a2fe544d1,critic,5
Abby Sun,F:b7b17347ab6a,critic,7
Abby Sun,F:aa65b1eedc05,critic,9
Abby Sun,F:99b04ab03bea,critic,2
Abby Sun,F:f56be8add83d,critic,3
Chung Sung-Ill,F:5a4277e1dcea,critic,2
Chung Sung-Ill,F:2bcbc58a252d,critic,8
Chung Sung-Ill,F:27cc97d93f99,critic,6
Chung Sung-Ill,F:7cdcf0b32a06,critic,9
Chung Sung-Ill,F:537490443a63,critic,3
Chung Sung-Ill,F:5bef0b693d91,critic,4
Chung Sung-Ill,F:15cebbda1cd1,critic,7
Chung Sung-Ill,F:ac0b1e5ed6cb,critic,1
Chung Sung-Ill,F:58f9e7707a27,critic,5
Can Sungu,F:1961bdb691aa,critic,3
Can Sungu,F:6b927993e1e1,critic,4
Can Sungu,F:69f5bed6f836,critic,10
Can Sungu,F:02ded6e20b97,critic,8
Can Sungu,F:09035fce59e3,critic,7
Can Sungu,F:9e103f641ac9,critic,2
Can Sungu,F:3607e9f1675c,critic,1
Can Sungu,F:665eab0ab9d1,critic,5
Can Sungu,F:d2ac8fced14e,critic,6
Can Sungu,F:edfb01f5a9d6,critic,9
Antti Suonio,F:8d4ff9876f4c,critic,4
Antti Suonio,F:993081619bf4,critic,7
Antti Suonio,F:e381310dfa5e,critic,1
Antti Suonio,F:a250f5c6593b,critic,8
Antti Suonio,F:ba2ff6c9eac4,critic,6
Antti Suonio,F:9d5f6e82448b,critic,9
Antti Suonio,F:205059104001,critic,5
Antti Suonio,F:1d7409622daf,critic,2
Antti Suonio,F:3c3db5f9115a,critic,3
Catherine A. Surowiec,F:0245627d3bba,critic,2
Catherine A. Surowiec,F:2bcbc58a252d,critic,8
Catherine A. Surowiec,F:bf6387f2c8ae,critic,10
Catherine A. Surowiec,F:60a4d76c522e,critic,5
Catherine A. Surowiec,F:7a592b448614,critic,3
Catherine A. Surowiec,F:585cc59febc9,critic,1
Catherine A. Surowiec,F:ed7d59c56f5d,critic,6
Catherine A. Surowiec,F:e3a29e728f76,critic,7
Catherine A. Surowiec,F:e4e5d0b8b474,critic,9
Catherine A. Surowiec,F:0628886f98c0,critic,4
Stephen Sutcliffe,F:55ad4fb0baae,director,9
Stephen Sutcliffe,F:d653d89fbc90,director,8
Stephen Sutcliffe,F:22adaefb9971,director,7
Stephen Sutcliffe,F:f3b9536982c8,director,4
Stephen Sutcliffe,F:2289e60f1a25,director,6
Stephen Sutcliffe,F:74869694acb1,director,10
Stephen Sutcliffe,F:b7200e673fa2,director,5
Stephen Sutcliffe,F:960fe72c4460,director,1
Stephen Sutcliffe,F:fc8aefe316fa,director,3
Stephen Sutcliffe,F:1512ffe2e6cb,director,2
Anocha Suwichakornpong,F:d8d581a179f9,director,2
Anocha Suwichakornpong,F:a7d92e333282,director,5
Anocha Suwichakornpong,F:325075869126,director,10
Anocha Suwichakornpong,F:f87b3c091815,director,6
Anocha Suwichakornpong,F:944ad783759e,director,9
Anocha Suwichakornpong,F:7cdcf0b32a06,director,7
Anocha Suwichakornpong,F:813bde6e3053,director,8
Anocha Suwichakornpong,F:98a9da8328f0,director,3
Anocha Suwichakornpong,F:7e2fd2d68a41,director,1
Anocha Suwichakornpong,F:a06e800f1aed,director,4
Anna Swanson,F:325075869126,critic,9
Anna Swanson,F:a7fb4794b496,critic,5
Anna Swanson,F:83c734e30238,critic,10
Anna Swanson,F:cd05f4a653a4,critic,2
Anna Swanson,F:5811672d70aa,critic,1
Anna Swanson,F:4996e9b10df0,critic,7
Anna Swanson,F:c78c6b97f980,critic,8
Anna Swanson,F:28d41c264f9a,critic,6
Anna Swanson,F:297b574430d3,critic,3
Anna Swanson,F:bd5b1d907d3a,critic,4
James Swanton,F:d1d43bf4deff,critic,6
James Swanton,F:1944cd335807,critic,3
James Swanton,F:a758f31506ad,critic,5
James Swanton,F:33292b411f6c,critic,4
James Swanton,F:4acddf379d28,critic,8
James Swanton,F:4755dfbba005,critic,1
James Swanton,F:c24f26c01d44,critic,2
James Swanton,F:e4e5d0b8b474,critic,9
James Swanton,F:833cd8b378fb,critic,7
James Swanton,F:b5a06746734d,critic,10
R. Emmet Sweeney,F:af4e177d1ed2,critic,6
R. Emmet Sweeney,F:533ccb09f264,critic,5
R. Emmet Sweeney,F:551a4f09754d,critic,1
R. Emmet Sweeney,F:ef557d6c32c4,critic,9
R. Emmet Sweeney,F:d3adc587ad42,critic,4
R. Emmet Sweeney,F:8d852e5c68c6,critic,3
R. Emmet Sweeney,F:d5d45d8c9f1b,critic,10
R. Emmet Sweeney,F:9aa40df22c3e,critic,8
R. Emmet Sweeney,F:1b9a570555e5,critic,7
R. Emmet Sweeney,F:dd3819c8ce6d,critic,2
Matthew Sweet,F:ed7d59c56f5d,critic,5
Matthew Sweet,F:f44713a09e4d,critic,8
Matthew Sweet,F:b5a06746734d,critic,10
Matthew Sweet,F:993081619bf4,critic,4
Matthew Sweet,F:3deebe327b41,critic,3
Matthew Sweet,F:50458ccd979f,critic,2
Matthew Sweet,F:d56a2e363915,critic,1
Matthew Sweet,F:10e86670da04,critic,7
Matthew Sweet,F:e9e268170b35,critic,6
Matthew Sweet,F:7b5d85393630,critic,9
Ryan Swen,F:2b8f2194d907,critic,8
Ryan Swen,F:cf4f8f54b4df,critic,7
Ryan Swen,F:b8c65bcb3d78,critic,4
Ryan Swen,F:ff478deae1ed,critic,6
Ryan Swen,F:a7cef4d6d2d5,critic,3
Ryan Swen,F:8fc32725b37f,critic,10
Ryan Swen,F:68095e4e33e8,critic,5
Ryan Swen,F:251cd649f30e,critic,2
Ryan Swen,F:002c591e702f,critic,9
Ryan Swen,F:08ce5e3e74d3,critic,1
Tilda Swinton,F:b2910882a46d,director,5
Tilda Swinton,F:b5a06746734d,director,9
Tilda Swinton,F:0aec7c4badf9,director,1
Tilda Swinton,F:8481529aa9c4,director,4
Tilda Swinton,F:9e22de7eb9ed,director,2
Tilda Swinton,F:2ec8e3a6b8aa,director,7
Tilda Swinton,F:9e103f641ac9,director,3
Tilda Swinton,F:83c734e30238,director,10
Tilda Swinton,F:c41986eabc20,director,6
Tilda Swinton,F:069cda2e3235,director,8
Michelle Swope,F:bf6387f2c8ae,critic,10
Michelle Swope,F:6ef9ec2a60f2,critic,5
Michelle Swope,F:c972ac439605,critic,1
Michelle Swope,F:38ccb3d447c3,critic,8
Michelle Swope,F:e8dfb9e46ef2,critic,3
Michelle Swope,F:b0360159539e,critic,6
Michelle Swope,F:b4941e142a34,critic,4
Michelle Swope,F:88a36348e4c0,critic,2
Michelle Swope,F:653f45346bcc,critic,9
Michelle Swope,F:f53416daf440,critic,7
Fanta Sylla,F:c22c42cd69b9,critic,10
Fanta Sylla,F:951e168add74,critic,9
Fanta Sylla,F:29be497f95ce,critic,8
Fanta Sylla,F:d90030976e74,critic,7
Fanta Sylla,F:4a5bb2892077,critic,4
Fanta Sylla,F:eaf09917035a,critic,2
Fanta Sylla,F:e4ce1f968b10,critic,1
Fanta Sylla,F:ee96362bbbc2,critic,6
Fanta Sylla,F:f82430c94120,critic,3
Fanta Sylla,F:7f53ed4db7b6,critic,5
Jocelyn Szczepaniak-Gillece,F:4178c0f6fbb7,critic,9
Jocelyn Szczepaniak-Gillece,F:6ffcf833b768,critic,2
Jocelyn Szczepaniak-Gillece,F:b5749f03606c,critic,8
Jocelyn Szczepaniak-Gillece,F:1025f1ade830,critic,1
Jocelyn Szczepaniak-Gillece,F:69dee05125cb,critic,5
Jocelyn Szczepaniak-Gillece,F:83c734e30238,critic,10
Jocelyn Szczepaniak-Gillece,F:ef28514dc4e7,critic,3
Jocelyn Szczepaniak-Gillece,F:0565ff7fd56c,critic,7
Jocelyn Szczepaniak-Gillece,F:31e3a3512a76,critic,4
Jocelyn Szczepaniak-Gillece,F:10e86670da04,critic,6
Małgorzata Szumowska,F:29e8c2663329,director,8
Małgorzata Szumowska,F:0c208843518d,director,2
Małgorzata Szumowska,F:83ebc8b43c9d,director,9
Małgorzata Szumowska,F:ed09733fe458,director,5
Małgorzata Szumowska,F:7fe15b05ccde,director,10
Małgorzata Szumowska,F:296c885895bb,director,4
Małgorzata Szumowska,F:4434c6705bd6,director,6
Małgorzata Szumowska,F:bee09401fa7d,director,7
Małgorzata Szumowska,F:9daa251a7795,director,3
Małgorzata Szumowska,F:c0586f89aede,director,1
Mika Taanila,F:eb6115735be9,director,9
Mika Taanila,F:41a9c0cf626d,director,7
Mika Taanila,F:aea71f65442f,director,3
Mika Taanila,F:b1e24ebb37de,director,1
Mika Taanila,F:15bcedf51ef8,director,10
Mika Taanila,F:853aa70a4537,director,8
Mika Taanila,F:3ddf61d354f3,director,4
Mika Taanila,F:d2754526e542,director,5
Mika Taanila,F:553ecfd38a6f,director,6
Mika Taanila,F:7dfc9f4bf02a,director,2
Ran Tal,F:6a2cf6c39785,critic,2
Ran Tal,F:6e92bae17de8,critic,6
Ran Tal,F:b132d89fef53,critic,8
Ran Tal,F:cbb0587ba064,critic,7
Ran Tal,F:f96da45e774e,critic,4
Ran Tal,F:9daa251a7795,critic,5
Ran Tal,F:b5a06746734d,critic,9
Ran Tal,F:de151d330568,critic,1
Ran Tal,F:83c734e30238,critic,10
Ran Tal,F:0330eeb7767e,critic,3
Brian Tallerico,F:edfb01f5a9d6,critic,5
Brian Tallerico,F:d1188b34b03c,critic,6
Brian Tallerico,F:08966bbb6c53,critic,9
Brian Tallerico,F:6b927993e1e1,critic,2
Brian Tallerico,F:bd648fce3b3f,critic,4
Brian Tallerico,F:fbac63dcd9cf,critic,3
Brian Tallerico,F:03774d8054b0,critic,7
Brian Tallerico,F:38ccb3d447c3,critic,8
Brian Tallerico,F:7af3bfecc2a8,critic,1
Brian Tallerico,F:b5a06746734d,critic,10
Yonca Talu,F:6e92bae17de8,critic,5
Yonca Talu,F:5094c1da4d65,critic,8
Yonca Talu,F:727b4a394724,critic,3
Yonca Talu,F:479e6879e365,critic,2
Yonca Talu,F:34cf774aeffe,critic,7
Yonca Talu,F:838a18661382,critic,6
Yonca Talu,F:83c734e30238,critic,10
Yonca Talu,F:4acddf379d28,critic,9
Yonca Talu,F:3dc11a61f1ca,critic,4
Yonca Talu,F:3bef09611962,critic,1
Chaitanya Tamhane,F:b132d89fef53,director,10
Chaitanya Tamhane,F:83ebc8b43c9d,director,8
Chaitanya Tamhane,F:944ad783759e,director,9
Chaitanya Tamhane,F:1637cba8e345,director,2
Chaitanya Tamhane,F:656e29a90259,director,1
Chaitanya Tamhane,F:bee09401fa7d,director,6
Chaitanya Tamhane,F:cda1a8b3152c,director,7
Chaitanya Tamhane,F:03809811ea9b,director,5
Chaitanya Tamhane,F:665eab0ab9d1,director,4
Chaitanya Tamhane,F:7c9c923f35c0,director,3
Gerwin Tamsma,F:0916add2163e,critic,1
Gerwin Tamsma,F:813bde6e3053,critic,10
Gerwin Tamsma,F:72d8bc7578ad,critic,5
Gerwin Tamsma,F:c0e117f757be,critic,4
Gerwin Tamsma,F:f5b23bc11b1d,critic,6
Gerwin Tamsma,F:c5f22456b724,critic,3
Gerwin Tamsma,F:f487433720d3,critic,8
Gerwin Tamsma,F:3507dda6aee1,critic,2
Gerwin Tamsma,F:114ae73dd3a7,critic,9
Gerwin Tamsma,F:76f8cccf860c,critic,7
Eternality Tan,F:ef039f7a68b5,critic,6
Eternality Tan,F:6d78c0ecb7e7,critic,9
Eternality Tan,F:b534c87e235d,critic,2
Eternality Tan,F:944ad783759e,critic,10
Eternality Tan,F:078c56f7dec6,critic,7
Eternality Tan,F:a091c1d20ba2,critic,1
Eternality Tan,F:35c4aff1b6e2,critic,4
Eternality Tan,F:38b522b41810,critic,5
Eternality Tan,F:c34fe68dc6cf,critic,8
Eternality Tan,F:d393b8283dae,critic,3
Kristina Tarasova,F:5f06d725a1e2,critic,5
Kristina Tarasova,F:5656756fb8c9,critic,2
Kristina Tarasova,F:cda1a8b3152c,critic,10
Kristina Tarasova,F:b9284e348d23,critic,4
Kristina Tarasova,F:4acddf379d28,critic,9
Kristina Tarasova,F:2303db3bec32,critic,3
Kristina Tarasova,F:f44713a09e4d,critic,8
Kristina Tarasova,F:71b91bdf4fa7,critic,1
Kristina Tarasova,F:7205e8cbf7d5,critic,6
Kristina Tarasova,F:e4c949fb454a,critic,7
Gary Tarn,F:38ccb3d447c3,director,10
Gary Tarn,F:4a7fa7be8c87,director,8
Gary Tarn,F:125061f190de,director,9
Gary Tarn,F:3aac5db12b12,director,5
Gary Tarn,F:fbac63dcd9cf,director,7
Gary Tarn,F:7af3bfecc2a8,director,6
Gary Tarn,F:1629ef12b31b,director,1
Gary Tarn,F:520af39d3f5c,director,2
Gary Tarn,F:81e8c65d133e,director,4
Gary Tarn,F:59e546399154,director,3
Béla Tarr,F:c7fbb2560b75,director,1
Béla Tarr,F:813bde6e3053,director,6
Béla Tarr,F:85023f1ca7a0,director,2
Béla Tarr,F:c0891d475a49,director,5
Béla Tarr,F:69f5bed6f836,director,8
Béla Tarr,F:ec7726632ac1,director,7
Béla Tarr,F:a27ff54edcc2,director,3
Béla Tarr,F:9f96298e4d23,director,9
Béla Tarr,F:20a0a276094a,director,4
Amy Taubin,F:813bde6e3053,critic,6
Amy Taubin,F:4178c0f6fbb7,critic,7
Amy Taubin,F:69f5bed6f836,critic,8
Amy Taubin,F:b5a06746734d,critic,9
Amy Taubin,F:a861c2a77a8a,critic,1
Amy Taubin,F:f70a5e5101b1,critic,3
Amy Taubin,F:8c93104a11a8,critic,4
Amy Taubin,F:cbb0587ba064,critic,5
Amy Taubin,F:f27b3138eae5,critic,2
Amy Taubin,F:83c734e30238,critic,10
Matthew Taylor,F:653f45346bcc,critic,8
Matthew Taylor,F:cda1a8b3152c,critic,6
Matthew Taylor,F:e4e5d0b8b474,critic,7
Matthew Taylor,F:d2506ebeb73e,critic,1
Matthew Taylor,F:5094c1da4d65,critic,3
Matthew Taylor,F:2bcbc58a252d,critic,4
Matthew Taylor,F:b5a06746734d,critic,10
Matthew Taylor,F:d6d30033c698,critic,2
Matthew Taylor,F:08966bbb6c53,critic,9
Matthew Taylor,F:02ded6e20b97,critic,5
Meredith Taylor,F:3bc7224ae260,critic,6
Meredith Taylor,F:f0c68d70f570,critic,4
Meredith Taylor,F:6d78c0ecb7e7,critic,10
Meredith Taylor,F:c622fd26f618,critic,2
Meredith Taylor,F:1e4f9a3a4df7,critic,7
Meredith Taylor,F:f1721d18b5c8,critic,3
Meredith Taylor,F:e0fa4f112d72,critic,8
Meredith Taylor,F:23bcdf10e622,critic,9
Meredith Taylor,F:e1f0a6191c3c,critic,1
Meredith Taylor,F:99bc376411fd,critic,5
Richard Taylor,F:95bd800bd9e5,critic,8
Richard Taylor,F:f44713a09e4d,critic,10
Richard Taylor,F:a8d48e8e61f0,critic,4
Richard Taylor,F:c0891d475a49,critic,9
Richard Taylor,F:e9e268170b35,critic,7
Richard Taylor,F:e95a92c86c8d,critic,3
Richard Taylor,F:53f709905db4,critic,5
Richard Taylor,F:f59eb6c941d8,critic,1
Richard Taylor,F:cdb76db94f02,critic,6
Richard Taylor,F:cc2adff82318,critic,2
Rosie Taylor,F:893982c3280e,critic,5
Rosie Taylor,F:f5b23bc11b1d,critic,7
Rosie Taylor,F:03b3065dc545,critic,10
Rosie Taylor,F:09d51b902f11,critic,2
Rosie Taylor,F:cc5f2737a330,critic,1
Rosie Taylor,F:b1ccd8040eb1,critic,4
Rosie Taylor,F:b2910882a46d,critic,9
Rosie Taylor,F:8a2cf62378e3,critic,6
Rosie Taylor,F:5f9c8471a3e9,critic,3
Rosie Taylor,F:1961bdb691aa,critic,8
Teet Teinemaa,F:10e86670da04,critic,4
Teet Teinemaa,F:b339d6c582f0,critic,2
Teet Teinemaa,F:83c734e30238,critic,10
Teet Teinemaa,F:f44713a09e4d,critic,5
Teet Teinemaa,F:c0cfeec65d87,critic,1
Teet Teinemaa,F:edfb01f5a9d6,critic,6
Teet Teinemaa,F:e2bff7956338,critic,8
Teet Teinemaa,F:813bde6e3053,critic,7
Teet Teinemaa,F:9f96298e4d23,critic,9
Teet Teinemaa,F:4434c6705bd6,critic,3
Gina Telaroli,F:1b20219f280c,critic,1
Gina Telaroli,F:901ab8f3201b,critic,6
Gina Telaroli,F:5e92360227d4,critic,2
Gina Telaroli,F:a9519db91181,critic,10
Gina Telaroli,F:d38c102b8faa,critic,3
Gina Telaroli,F:7277f3afb1aa,critic,8
Gina Telaroli,F:a96649cfd9dd,critic,9
Gina Telaroli,F:44385ba859a3,critic,4
Gina Telaroli,F:d058083563e4,critic,5
Gina Telaroli,F:12e73f3b1da5,critic,7
Oleksandr Teliuk,F:090832505b0f,critic,10
Oleksandr Teliuk,F:feaa04ac1109,critic,7
Oleksandr Teliuk,F:09035fce59e3,critic,9
Oleksandr Teliuk,F:9223c478b715,critic,5
Oleksandr Teliuk,F:146ec1241d81,critic,6
Oleksandr Teliuk,F:a9519db91181,critic,8
Oleksandr Teliuk,F:09874e3f5d06,critic,2
Oleksandr Teliuk,F:8d23686057fa,critic,1
Oleksandr Teliuk,F:7fdeecd17aea,critic,3
Oleksandr Teliuk,F:6206d3e8f67b,critic,4
Michael Temple,F:7b6b79f1413f,critic,1
Michael Temple,F:4e1ecc31383f,critic,10
Michael Temple,F:ad91e13ab785,critic,2
Michael Temple,F:3bd2161c967f,critic,9
Michael Temple,F:577eabe0ac1f,critic,8
Michael Temple,F:01a08bf8134a,critic,3
Michael Temple,F:de34dbd5448a,critic,4
Michael Temple,F:66397f279630,critic,5
Michael Temple,F:068ec89034a7,critic,6
Michael Temple,F:4077803abdd8,critic,7
Arthur Tennøe,F:069cda2e3235,critic,9
Arthur Tennøe,F:ea17efa06fad,critic,4
Arthur Tennøe,F:7c54b4356371,critic,6
Arthur Tennøe,F:b132d89fef53,critic,10
Arthur Tennøe,F:4434c6705bd6,critic,7
Arthur Tennøe,F:9ff15b40644e,critic,3
Arthur Tennøe,F:d4ee0330f69e,critic,2
Arthur Tennøe,F:56fb7ccb626c,critic,1
Arthur Tennøe,F:f53416daf440,critic,8
Arthur Tennøe,F:36390770bdfc,critic,5
José Teodoro,F:10e86670da04,critic,7
José Teodoro,F:325075869126,critic,9
José Teodoro,F:83c734e30238,critic,10
José Teodoro,F:97b42f962368,critic,8
José Teodoro,F:8fc32725b37f,critic,6
José Teodoro,F:b339d6c582f0,critic,3
José Teodoro,F:0a600f29226c,critic,4
José Teodoro,F:3c781cd7cdf8,critic,2
José Teodoro,F:c78c6b97f980,critic,5
José Teodoro,F:69ee1e9bf06a,critic,1
Mahaut Thébault,F:9bfb8652e23d,critic,6
Mahaut Thébault,F:0d1fd8db8fb0,critic,8
Mahaut Thébault,F:7e6041d00453,critic,3
Mahaut Thébault,F:d1613edf9e6c,critic,2
Mahaut Thébault,F:ece757e25684,critic,9
Mahaut Thébault,F:61b7b07d0b46,critic,7
Mahaut Thébault,F:e2e430a1802f,critic,4
Mahaut Thébault,F:f6e280303cdd,critic,1
Mahaut Thébault,F:64f33aa0be54,critic,5
Mahaut Thébault,F:d2506ebeb73e,critic,10
Andreas Thein,F:4434c6705bd6,critic,8
Andreas Thein,F:e9e268170b35,critic,7
Andreas Thein,F:e0fa4f112d72,critic,1
Andreas Thein,F:d5d45d8c9f1b,critic,5
Andreas Thein,F:c34fe68dc6cf,critic,6
Andreas Thein,F:8fe1bdde11ef,critic,9
Andreas Thein,F:d6d30033c698,critic,4
Andreas Thein,F:833cd8b378fb,critic,2
Andreas Thein,F:e4e5d0b8b474,critic,10
Andreas Thein,F:34cf774aeffe,critic,3
Rama Thiaw,F:c22c42cd69b9,director,7
Rama Thiaw,F:c34fe68dc6cf,director,6
Rama Thiaw,F:4c5dc849b88b,director,1
Rama Thiaw,F:d1d43bf4deff,director,5
Rama Thiaw,F:b132d89fef53,director,10
Rama Thiaw,F:7fe15b05ccde,director,9
Rama Thiaw,F:f4b3aaca24c7,director,2
Rama Thiaw,F:59ad7c389a61,director,8
Rama Thiaw,F:62223f240a33,director,3
Rama Thiaw,F:7c9c923f35c0,director,4
Lou Thomas,F:84fa7c2219d2,critic,6
Lou Thomas,F:d6bce4e6ffa4,critic,1
Lou Thomas,F:9e103f641ac9,critic,8
Lou Thomas,F:03774d8054b0,critic,9
Lou Thomas,F:54b0cbd18bbb,critic,2
Lou Thomas,F:f4b3aaca24c7,critic,4
Lou Thomas,F:fbfc282cbfbb,critic,7
Lou Thomas,F:08966bbb6c53,critic,10
Lou Thomas,F:1a5144262bc4,critic,3
Lou Thomas,F:47e745cd663b,critic,5
Rudolf Thome,F:e737f5f02536,director,4
Rudolf Thome,F:7b5d85393630,director,8
Rudolf Thome,F:4178c0f6fbb7,director,9
Rudolf Thome,F:8fe1bdde11ef,director,7
Rudolf Thome,F:9efcb3d93167,director,3
Rudolf Thome,F:4e2bc3c14baa,director,6
Rudolf Thome,F:9f96298e4d23,director,10
Rudolf Thome,F:d5d45d8c9f1b,director,5
Rudolf Thome,F:664488ca76c6,director,2
Rudolf Thome,F:394de78933d0,director,1
Anne Thompson,F:f5b23bc11b1d,critic,6
Anne Thompson,F:76f8cccf860c,critic,7
Anne Thompson,F:7b5d85393630,critic,10
Anne Thompson,F:27cc97d93f99,critic,4
Anne Thompson,F:24dc6c8040d9,critic,2
Anne Thompson,F:477977925947,critic,3
Anne Thompson,F:2af5c5bcacdf,critic,5
Anne Thompson,F:03b3065dc545,critic,9
Anne Thompson,F:4910ffd369f1,critic,1
Anne Thompson,F:ea8c30267045,critic,8
David Thompson,F:2bcbc58a252d,critic,7
David Thompson,F:4178c0f6fbb7,critic,9
David Thompson,F:83ebc8b43c9d,critic,8
David Thompson,F:5fbe75ae8e83,critic,4
David Thompson,F:fece8b709d12,critic,1
David Thompson,F:ed09733fe458,critic,5
David Thompson,F:1b6216b7041c,critic,3
David Thompson,F:9d787bc2dbde,critic,2
David Thompson,F:97b42f962368,critic,10
David Thompson,F:c22c42cd69b9,critic,6
David Thomson,F:9efcb3d93167,critic,5
David Thomson,F:4e2bc3c14baa,critic,8
David Thomson,F:bf6387f2c8ae,critic,10
David Thomson,F:d264ff597159,critic,3
David Thomson,F:af3336b803be,critic,6
David Thomson,F:feaa04ac1109,critic,9
David Thomson,F:5094c1da4d65,critic,7
David Thomson,F:3e7a3a8f8433,critic,4
David Thomson,F:f0f0654073b4,critic,2
David Thomson,F:b32512c2a1c8,critic,1
Matthew Thrift,F:9fa8a94443bd,critic,4
Matthew Thrift,F:6e63730d04c1,critic,3
Matthew Thrift,F:41a9c0cf626d,critic,2
Matthew Thrift,F:749fbcb6e1ba,critic,1
Matthew Thrift,F:34cf774aeffe,critic,7
Matthew Thrift,F:ff478deae1ed,critic,6
Matthew Thrift,F:d63f22c37e98,critic,5
Matthew Thrift,F:1876b26426fa,critic,8
Stephen Thrower,F:37bbd65ea51f,critic,8
Stephen Thrower,F:792029e6ad10,critic,3
Stephen Thrower,F:ef28514dc4e7,critic,10
Stephen Thrower,F:b36e2106dd8c,critic,5
Stephen Thrower,F:aa9ca1df5398,critic,6
Stephen Thrower,F:7a4937c915f3,critic,7
Stephen Thrower,F:5626e93ccf05,critic,2
Stephen Thrower,F:73a71ff48689,critic,1
Stephen Thrower,F:0df7362f710e,critic,9
Stephen Thrower,F:fa14126df2e7,critic,4
Ondi Timoner,F:ac626e14834f,director,6
Ondi Timoner,F:219f0fe7d6f9,director,8
Ondi Timoner,F:d62c40a3d88f,director,10
Ondi Timoner,F:fd1c97f46249,director,9
Ondi Timoner,F:025330066c50,director,1
Ondi Timoner,F:2aad0b1278e1,director,7
Ondi Timoner,F:fa327a64f548,director,2
Ondi Timoner,F:050f16032d6e,director,3
Ondi Timoner,F:cc1292c72fc1,director,4
Ondi Timoner,F:49070c6346f4,director,5
Muriel Tinel-Temple,F:ae7695e46ab9,critic,1
Muriel Tinel-Temple,F:f53416daf440,critic,8
Muriel Tinel-Temple,F:cb689f3e2a97,critic,9
Muriel Tinel-Temple,F:83c734e30238,critic,10
Muriel Tinel-Temple,F:f42a2fe544d1,critic,5
Muriel Tinel-Temple,F:62223f240a33,critic,6
Muriel Tinel-Temple,F:1efa450512a8,critic,2
Muriel Tinel-Temple,F:f03bf0284951,critic,3
Muriel Tinel-Temple,F:8c26ad41cf2f,critic,4
Muriel Tinel-Temple,F:df99a097e950,critic,7
Phil Tippett,F:88f068b796c4,director,6
Phil Tippett,F:1944cd335807,director,4
Phil Tippett,F:2861a518888c,director,7
Phil Tippett,F:25ec8b7196b6,director,1
Phil Tippett,F:23b7c68223e6,director,5
Phil Tippett,F:8b4b310f435e,director,8
Phil Tippett,F:d117472f572e,director,9
Phil Tippett,F:b132d89fef53,director,10
Phil Tippett,F:96d6e4c113cc,director,2
Phil Tippett,F:ae210c811b05,director,3
Alexandru Tirdea,F:7fe15b05ccde,critic,9
Alexandru Tirdea,F:fdffe3f0bfb8,critic,2
Alexandru Tirdea,F:069cda2e3235,critic,6
Alexandru Tirdea,F:76f8cccf860c,critic,3
Alexandru Tirdea,F:653f45346bcc,critic,10
Alexandru Tirdea,F:e9e268170b35,critic,5
Alexandru Tirdea,F:f376d0dacdd0,critic,4
Alexandru Tirdea,F:a3d0b4e174aa,critic,1
Alexandru Tirdea,F:d472058d559a,critic,8
Alexandru Tirdea,F:6d78c0ecb7e7,critic,7
Sami Tlili,F:e2bff7956338,director,10
Sami Tlili,F:83ebc8b43c9d,director,7
Sami Tlili,F:d472058d559a,director,5
Sami Tlili,F:95bd800bd9e5,director,3
Sami Tlili,F:7fe15b05ccde,director,8
Sami Tlili,F:944ad783759e,director,9
Sami Tlili,F:29e8c2663329,director,6
Sami Tlili,F:edfb01f5a9d6,director,4
Sami Tlili,F:05d1730cfab5,director,1
Sami Tlili,F:c22c42cd69b9,director,2
Scott Tobias,F:bf6387f2c8ae,critic,8
Scott Tobias,F:28d41c264f9a,critic,3
Scott Tobias,F:b5a06746734d,critic,9
Scott Tobias,F:9f96298e4d23,critic,7
Scott Tobias,F:d472058d559a,critic,5
Scott Tobias,F:83c734e30238,critic,10
Scott Tobias,F:4acddf379d28,critic,4
Scott Tobias,F:f7fdcf6814ee,critic,1
Scott Tobias,F:a7fb4794b496,critic,2
Scott Tobias,F:08966bbb6c53,critic,6
Yann Tobin  aka N.T.BINH,F:b5a06746734d,critic,10
Yann Tobin  aka N.T.BINH,F:97b42f962368,critic,5
Yann Tobin  aka N.T.BINH,F:bf6387f2c8ae,critic,9
Yann Tobin  aka N.T.BINH,F:7cdcf0b32a06,critic,3
Yann Tobin  aka N.T.BINH,F:e4e5d0b8b474,critic,7
Yann Tobin  aka N.T.BINH,F:078c56f7dec6,critic,1
Yann Tobin  aka N.T.BINH,F:4178c0f6fbb7,critic,4
Yann Tobin  aka N.T.BINH,F:7dacc043e524,critic,2
Yann Tobin  aka N.T.BINH,F:38ccb3d447c3,critic,6
Yann Tobin  aka N.T.BINH,F:653f45346bcc,critic,8
Peter Todd,F:37a5584e725e,director,8
Peter Todd,F:2bcbc58a252d,director,9
Peter Todd,F:aa2acaa26c6a,director,1
Peter Todd,F:dcddb38c3fb1,director,6
Peter Todd,F:b93dd17d968b,director,2
Peter Todd,F:7a592b448614,director,7
Peter Todd,F:2439dfe3e390,director,4
Peter Todd,F:090832505b0f,director,10
Peter Todd,F:3ca39a803e7e,director,5
Peter Todd,F:5c1eb3894ae9,director,3
Gulbara Tolomushova,F:95bd800bd9e5,critic,5
Gulbara Tolomushova,F:bee09401fa7d,critic,6
Gulbara Tolomushova,F:cda1a8b3152c,critic,8
Gulbara Tolomushova,F:86549f782f09,critic,3
Gulbara Tolomushova,F:7b5d85393630,critic,7
Gulbara Tolomushova,F:83ebc8b43c9d,critic,10
Gulbara Tolomushova,F:29e8c2663329,critic,9
Gulbara Tolomushova,F:b8f8d4ab2bf6,critic,1
Gulbara Tolomushova,F:17dd7498ad62,critic,2
Gulbara Tolomushova,F:8a7b215262e4,critic,4
Sarah Tomasin Fonseca,F:6744994f98f6,critic,10
Sarah Tomasin Fonseca,F:f9dab29acf4f,critic,4
Sarah Tomasin Fonseca,F:9cac88a557fd,critic,8
Sarah Tomasin Fonseca,F:4e5c87efb129,critic,1
Sarah Tomasin Fonseca,F:d60744f9f82f,critic,2
Sarah Tomasin Fonseca,F:1b50353487a6,critic,7
Sarah Tomasin Fonseca,F:310aeb514222,critic,5
Sarah Tomasin Fonseca,F:b4941e142a34,critic,6
Sarah Tomasin Fonseca,F:95cb5acf1ea2,critic,9
Sarah Tomasin Fonseca,F:3e34b65dc4b1,critic,3
Pete Tombs,F:b132d89fef53,critic,10
Pete Tombs,F:12d8ed2011a1,critic,4
Pete Tombs,F:7e52230dd02d,critic,7
Pete Tombs,F:6c31d0ea5d78,critic,2
Pete Tombs,F:653f45346bcc,critic,9
Pete Tombs,F:4acddf379d28,critic,8
Pete Tombs,F:2589598ce21f,critic,5
Pete Tombs,F:ce97185ded6f,critic,3
Pete Tombs,F:7a4937c915f3,critic,6
Pete Tombs,F:de856280d5b4,critic,1
Janice Tong,F:125061f190de,critic,8
Janice Tong,F:296c885895bb,critic,4
Janice Tong,F:a50461292bc4,critic,2
Janice Tong,F:08966bbb6c53,critic,9
Janice Tong,F:8fe1bdde11ef,critic,6
Janice Tong,F:9609d2e67c50,critic,3
Janice Tong,F:a5083fa04636,critic,7
Janice Tong,F:7e52230dd02d,critic,5
Janice Tong,F:f9dab29acf4f,critic,1
Peter Tonguette,F:bb224488a521,critic,6
Peter Tonguette,F:a2eb51fec132,critic,5
Peter Tonguette,F:09c7a567ee91,critic,4
Peter Tonguette,F:c9462914038c,critic,1
Peter Tonguette,F:1b50353487a6,critic,8
Peter Tonguette,F:fbec2b22e494,critic,3
Peter Tonguette,F:2a12a45ba683,critic,2
Peter Tonguette,F:3e7a3a8f8433,critic,9
Peter Tonguette,F:159d87fb63e0,critic,7
Peter Tonguette,F:76f8cccf860c,critic,10
Irene Torp Halvorsen,F:8d2584066893,critic,1
Irene Torp Halvorsen,F:e4e5d0b8b474,critic,9
Irene Torp Halvorsen,F:2bcbc58a252d,critic,6
Irene Torp Halvorsen,F:8b4b310f435e,critic,5
Irene Torp Halvorsen,F:38ccb3d447c3,critic,8
Irene Torp Halvorsen,F:7e52230dd02d,critic,3
Irene Torp Halvorsen,F:83ebc8b43c9d,critic,7
Irene Torp Halvorsen,F:9ed099161985,critic,2
Irene Torp Halvorsen,F:11f597068baf,critic,4
Irene Torp Halvorsen,F:325075869126,critic,10
José Luis Torrelavega,F:a8d48e8e61f0,critic,7
José Luis Torrelavega,F:f311acc10021,critic,3
José Luis Torrelavega,F:4178c0f6fbb7,critic,10
José Luis Torrelavega,F:1e8c36f50cef,critic,8
José Luis Torrelavega,F:7cdcf0b32a06,critic,9
José Luis Torrelavega,F:7e039f75a299,critic,5
José Luis Torrelavega,F:a2f5d1a64ed1,critic,1
José Luis Torrelavega,F:cac0a48aa065,critic,6
José Luis Torrelavega,F:a4fbb368886c,critic,4
José Luis Torrelavega,F:53de1c2b25d6,critic,2
Mark Toscano,F:ab5a1975cb2e,critic,6
Mark Toscano,F:da05e3c5739f,critic,3
Mark Toscano,F:be3ebad5d663,critic,4
Mark Toscano,F:944ad783759e,critic,10
Mark Toscano,F:b43a2886850f,critic,2
Mark Toscano,F:2bbd68858abd,critic,5
Mark Toscano,F:da3f1a9a55b3,critic,7
Mark Toscano,F:337423442fc4,critic,8
Mark Toscano,F:cff88a8e6b51,critic,1
Mark Toscano,F:f87b3c091815,critic,9
Jalal Toufic,F:87d94a47f4b1,critic,3
Jalal Toufic,F:5277fd12259f,critic,6
Jalal Toufic,F:22ed56bba0d6,critic,5
Jalal Toufic,F:03806bf652f8,critic,7
Jalal Toufic,F:72d6d9bf2299,critic,9
Jalal Toufic,F:31e3a3512a76,critic,10
Jalal Toufic,F:9d950051df5f,critic,8
Jalal Toufic,F:c971e2d2132e,critic,2
Jalal Toufic,F:f39dd08bb6bf,critic,1
Jalal Toufic,F:02c4b25983e9,critic,4
Maryam Touzani,F:9f96298e4d23,director,10
Maryam Touzani,F:edfb01f5a9d6,director,5
Maryam Touzani,F:a585bc7218db,director,2
Maryam Touzani,F:4aaf8b3659bc,director,1
Maryam Touzani,F:97b42f962368,director,8
Maryam Touzani,F:c0cfeec65d87,director,3
Maryam Touzani,F:08966bbb6c53,director,9
Maryam Touzani,F:4178c0f6fbb7,director,7
Maryam Touzani,F:29e8c2663329,director,6
Maryam Touzani,F:665eab0ab9d1,director,4
Pimpaka Towira,F:99525f6dd03f,director,6
Pimpaka Towira,F:553ecfd38a6f,director,5
Pimpaka Towira,F:6e92bae17de8,director,7
Pimpaka Towira,F:ee3b9dd8a7d5,director,2
Pimpaka Towira,F:944ad783759e,director,10
Pimpaka Towira,F:1fe48d6933a2,director,3
Pimpaka Towira,F:4a7fa7be8c87,director,9
Pimpaka Towira,F:a7d92e333282,director,8
Pimpaka Towira,F:231f757197dc,director,1
Pimpaka Towira,F:48f6f9148b34,director,4
Jon Towlson,F:0e061101bdea,critic,2
Jon Towlson,F:6b3a0b38e917,critic,1
Jon Towlson,F:090832505b0f,critic,7
Jon Towlson,F:29e8c2663329,critic,9
Jon Towlson,F:2bcbc58a252d,critic,6
Jon Towlson,F:23bcdf10e622,critic,4
Jon Towlson,F:b339d6c582f0,critic,5
Jon Towlson,F:e4e5d0b8b474,critic,10
Jon Towlson,F:d117472f572e,critic,8
Jon Towlson,F:55ad4fb0baae,critic,3
Andrew Tracy,F:8fc32725b37f,critic,7
Andrew Tracy,F:c0891d475a49,critic,8
Andrew Tracy,F:125061f190de,critic,9
Andrew Tracy,F:24dc6c8040d9,critic,4
Andrew Tracy,F:2f78aa46dcb8,critic,1
Andrew Tracy,F:a27ff54edcc2,critic,2
Andrew Tracy,F:d0416491dc50,critic,6
Andrew Tracy,F:37bbd65ea51f,critic,5
Andrew Tracy,F:325075869126,critic,10
Andrew Tracy,F:ece757e25684,critic,3
Diego Trerotola,F:337423442fc4,critic,8
Diego Trerotola,F:54a3d044bf22,critic,3
Diego Trerotola,F:833cd8b378fb,critic,9
Diego Trerotola,F:03809811ea9b,critic,10
Diego Trerotola,F:093ba712c75d,critic,2
Diego Trerotola,F:3873d6250115,critic,4
Diego Trerotola,F:bcf4075e1cb1,critic,6
Diego Trerotola,F:a4c51ae5137c,critic,7
Diego Trerotola,F:0eaf52ef0d44,critic,5
Diego Trerotola,F:69473f138e15,critic,1
Joachim Trier,F:b132d89fef53,director,9
Joachim Trier,F:83ebc8b43c9d,director,7
Joachim Trier,F:7c54b4356371,director,1
Joachim Trier,F:59ad7c389a61,director,5
Joachim Trier,F:838a18661382,director,3
Joachim Trier,F:296c885895bb,director,4
Joachim Trier,F:29e8c2663329,director,6
Joachim Trier,F:97b42f962368,director,8
Joachim Trier,F:7af3bfecc2a8,director,2
Joachim Trier,F:b5a06746734d,director,10
Minh-ha Trinh,F:8082e9c53944,director,7
Minh-ha Trinh,F:646ea2ac9f18,director,6
Minh-ha Trinh,F:3607e9f1675c,director,5
Minh-ha Trinh,F:3c781cd7cdf8,director,8
Minh-ha Trinh,F:ef6c6c2a5df6,director,3
Minh-ha Trinh,F:ba921fbc6b5d,director,1
Minh-ha Trinh,F:35c771c0bd82,director,2
Minh-ha Trinh,F:02ded6e20b97,director,9
Minh-ha Trinh,F:7b1253150b96,director,4
Minh-ha Trinh,F:125061f190de,director,10
Fabio Troncarelli,F:8481529aa9c4,critic,6
Fabio Troncarelli,F:a5770030b496,critic,1
Fabio Troncarelli,F:edfb01f5a9d6,critic,10
Fabio Troncarelli,F:0e061101bdea,critic,2
Fabio Troncarelli,F:f44713a09e4d,critic,8
Fabio Troncarelli,F:c34fe68dc6cf,critic,7
Fabio Troncarelli,F:7e52230dd02d,critic,3
Fabio Troncarelli,F:6ae8c10ff551,critic,5
Fabio Troncarelli,F:7dacc043e524,critic,9
Fabio Troncarelli,F:27cc97d93f99,critic,4
Jesse Trussell,F:75046ffb9b38,critic,9
Jesse Trussell,F:39e8daa81ee8,critic,5
Jesse Trussell,F:9fa8a94443bd,critic,7
Jesse Trussell,F:83c734e30238,critic,10
Jesse Trussell,F:6062db7b96b5,critic,1
Jesse Trussell,F:fe1224542bff,critic,3
Jesse Trussell,F:d90030976e74,critic,6
Jesse Trussell,F:d2e4f5e8f98d,critic,8
Jesse Trussell,F:12578c3e4a3c,critic,4
Jesse Trussell,F:c39d1f493804,critic,2
Ming Liang Tsai,F:a5083fa04636,director,7
Ming Liang Tsai,F:eeb94ecd85af,director,4
Ming Liang Tsai,F:10e86670da04,director,6
Ming Liang Tsai,F:cf4f8f54b4df,director,5
Ming Liang Tsai,F:44d249fc6091,director,3
Ming Liang Tsai,F:4acddf379d28,director,8
Ming Liang Tsai,F:a6e9d8d798ae,director,1
Ming Liang Tsai,F:ec7726632ac1,director,9
Ming Liang Tsai,F:341aefe6f409,director,2
Ming Liang Tsai,F:e4e5d0b8b474,director,10
Athina Rachel Tsangari,F:caabee7db5c9,director,7
Athina Rachel Tsangari,F:15bcedf51ef8,director,9
Athina Rachel Tsangari,F:bcf63870b80d,director,5
Athina Rachel Tsangari,F:ad61730d9d2f,director,4
Athina Rachel Tsangari,F:cbb0587ba064,director,10
Athina Rachel Tsangari,F:5094c1da4d65,director,8
Athina Rachel Tsangari,F:20945b7a5bce,director,1
Athina Rachel Tsangari,F:bd5b1d907d3a,director,3
Athina Rachel Tsangari,F:f5b23bc11b1d,director,6
Athina Rachel Tsangari,F:174079bf97bf,director,2
Peter Tscherkassky,F:75046ffb9b38,director,9
Peter Tscherkassky,F:7c86505ab493,director,3
Peter Tscherkassky,F:63d46e5d8cef,director,6
Peter Tscherkassky,F:4fdef231d4f6,director,1
Peter Tscherkassky,F:b132d89fef53,director,10
Peter Tscherkassky,F:f5415971d1ef,director,2
Peter Tscherkassky,F:f44713a09e4d,director,8
Peter Tscherkassky,F:50e6d95c3f0d,director,4
Peter Tscherkassky,F:2799de28d75f,director,7
Peter Tscherkassky,F:eb6115735be9,director,5
Kenneth Turan,F:edfb01f5a9d6,critic,6
Kenneth Turan,F:bf6387f2c8ae,critic,10
Kenneth Turan,F:99525f6dd03f,critic,2
Kenneth Turan,F:e3db72878efa,critic,3
Kenneth Turan,F:e2bff7956338,critic,9
Kenneth Turan,F:4996e9b10df0,critic,4
Kenneth Turan,F:03774d8054b0,critic,7
Kenneth Turan,F:e9e268170b35,critic,5
Kenneth Turan,F:38ccb3d447c3,critic,8
Kenneth Turan,F:9a480687a7e7,critic,1
Müge Turan,F:d2ac8fced14e,critic,8
Müge Turan,F:03b3065dc545,critic,7
Müge Turan,F:950c29bf9796,critic,5
Müge Turan,F:090832505b0f,critic,9
Müge Turan,F:a9519db91181,critic,6
Müge Turan,F:caabee7db5c9,critic,4
Müge Turan,F:325075869126,critic,10
Müge Turan,F:a7d92e333282,critic,3
Müge Turan,F:413d2bed80fb,critic,2
Müge Turan,F:05be2d5b9ba3,critic,1
Arianna Turci,F:a863c80b635a,critic,6
Arianna Turci,F:08966bbb6c53,critic,9
Arianna Turci,F:7432f1a2f974,critic,5
Arianna Turci,F:308c0cf38e58,critic,4
Arianna Turci,F:7abd7e7d28d2,critic,1
Arianna Turci,F:4e8fc58fc544,critic,2
Arianna Turci,F:a0dcfc82d05b,critic,3
Arianna Turci,F:5f7bf751f347,critic,8
Arianna Turci,F:4c5dc849b88b,critic,7
Daniela Turco,F:bf6387f2c8ae,critic,8
Daniela Turco,F:4178c0f6fbb7,critic,7
Daniela Turco,F:b5a06746734d,critic,9
Daniela Turco,F:2a377de791b2,critic,1
Daniela Turco,F:8fe1bdde11ef,critic,6
Daniela Turco,F:2256f91bcf07,critic,5
Daniela Turco,F:83c734e30238,critic,10
Daniela Turco,F:3707a4974b62,critic,2
Daniela Turco,F:9d19a58fa382,critic,4
Daniela Turco,F:91f3c37bfc47,critic,3
Ann Turner,F:b5a06746734d,director,9
Ann Turner,F:23bcdf10e622,director,6
Ann Turner,F:51644bbb0d9c,director,2
Ann Turner,F:cb689f3e2a97,director,8
Ann Turner,F:7e52230dd02d,director,3
Ann Turner,F:b0360159539e,director,7
Ann Turner,F:83c734e30238,director,10
Ann Turner,F:ed09733fe458,director,5
Ann Turner,F:1c8565784f6c,director,4
Ann Turner,F:59e546399154,director,1
Kyle Turner,F:337423442fc4,critic,4
Kyle Turner,F:da3f1a9a55b3,critic,3
Kyle Turner,F:08966bbb6c53,critic,10
Kyle Turner,F:af9e3551238b,critic,5
Kyle Turner,F:d2f10817bb1e,critic,1
Kyle Turner,F:03809811ea9b,critic,8
Kyle Turner,F:2af5c5bcacdf,critic,7
Kyle Turner,F:38ccb3d447c3,critic,9
Kyle Turner,F:cd8b74b7b5a9,critic,2
Kyle Turner,F:95cb5acf1ea2,critic,6
Matt Turner,F:aa65b1eedc05,critic,9
Matt Turner,F:58f9e7707a27,critic,8
Matt Turner,F:c16d8f291cd7,critic,6
Matt Turner,F:0d737f5f98a2,critic,1
Matt Turner,F:b9af680af33b,critic,7
Matt Turner,F:27d0ee37c8dc,critic,3
Matt Turner,F:d8e24aa1ab58,critic,10
Matt Turner,F:060d2de6c1da,critic,4
Matt Turner,F:3e6184ad39d8,critic,2
Matt Turner,F:26be51a0abcf,critic,5
Matthew Turner,F:b5a06746734d,critic,10
Matthew Turner,F:4856ae18c1cd,critic,8
Matthew Turner,F:20afe757a6d1,critic,6
Matthew Turner,F:60a4d76c522e,critic,3
Matthew Turner,F:84fa7c2219d2,critic,7
Matthew Turner,F:88f068b796c4,critic,5
Matthew Turner,F:85e9e329d9df,critic,1
Matthew Turner,F:0e8bdbad1acf,critic,2
Matthew Turner,F:59ad7c389a61,critic,9
Matthew Turner,F:a2006b1e3f35,critic,4
Tricia Tuttle,F:5fbe75ae8e83,critic,3
Tricia Tuttle,F:b5fac1879322,critic,5
Tricia Tuttle,F:008495919c65,critic,7
Tricia Tuttle,F:97b42f962368,critic,10
Tricia Tuttle,F:23bcdf10e622,critic,6
Tricia Tuttle,F:37dfc5b21ae7,critic,1
Tricia Tuttle,F:32f33617395c,critic,8
Tricia Tuttle,F:c9a62b53f643,critic,4
Tricia Tuttle,F:5e201ce6e4d7,critic,2
Tricia Tuttle,F:6744994f98f6,critic,9
Nora Twomey,F:4acddf379d28,director,10
Nora Twomey,F:4856ae18c1cd,director,9
Nora Twomey,F:d1d43bf4deff,director,7
Nora Twomey,F:194f0d6d66d6,director,4
Nora Twomey,F:e1317e62a028,director,1
Nora Twomey,F:c41986eabc20,director,8
Nora Twomey,F:e0a07c197db1,director,5
Nora Twomey,F:1a5ed79e90c4,director,6
Nora Twomey,F:7d084d832305,director,2
Nora Twomey,F:66865b943eb1,director,3
Casper Tybjerg,F:c7ab7d353898,critic,1
Casper Tybjerg,F:c0cfeec65d87,critic,3
Casper Tybjerg,F:ed7d59c56f5d,critic,4
Casper Tybjerg,F:e4e5d0b8b474,critic,10
Casper Tybjerg,F:ec7726632ac1,critic,8
Casper Tybjerg,F:1d6863d6fa66,critic,2
Casper Tybjerg,F:e3db72878efa,critic,6
Casper Tybjerg,F:03774d8054b0,critic,9
Casper Tybjerg,F:078c56f7dec6,critic,7
Casper Tybjerg,F:d39d1b73d6fa,critic,5
J. M. Tyree,F:8481529aa9c4,critic,2
J. M. Tyree,F:e9e268170b35,critic,3
J. M. Tyree,F:9f96298e4d23,critic,10
J. M. Tyree,F:176166e412b4,critic,5
J. M. Tyree,F:cb689f3e2a97,critic,7
J. M. Tyree,F:29e8c2663329,critic,8
J. M. Tyree,F:8fc32725b37f,critic,4
J. M. Tyree,F:99525f6dd03f,critic,1
J. M. Tyree,F:08966bbb6c53,critic,9
J. M. Tyree,F:6744994f98f6,critic,6
Chalida Uabumrungjit,F:951e168add74,critic,7
Chalida Uabumrungjit,F:2bcbc58a252d,critic,9
Chalida Uabumrungjit,F:83c734e30238,critic,10
Chalida Uabumrungjit,F:114ae73dd3a7,critic,8
Chalida Uabumrungjit,F:6ffcf833b768,critic,5
Chalida Uabumrungjit,F:e147c7e3e29c,critic,6
Chalida Uabumrungjit,F:8b82fc536e41,critic,1
Chalida Uabumrungjit,F:d82151d9c18c,critic,4
Chalida Uabumrungjit,F:c6014c74c7ea,critic,3
Chalida Uabumrungjit,F:f908f6f70606,critic,2
Affonso Uchoa,F:b9519c0e0789,director,4
Affonso Uchoa,F:f487433720d3,director,9
Affonso Uchoa,F:d39d1b73d6fa,director,8
Affonso Uchoa,F:b5a06746734d,director,10
Affonso Uchoa,F:9f4bdfd01cfb,director,7
Affonso Uchoa,F:bec332d8ab3d,director,6
Affonso Uchoa,F:5f0384aa9964,director,1
Affonso Uchoa,F:1b6216b7041c,director,5
Affonso Uchoa,F:a2edba29a3fd,director,3
Affonso Uchoa,F:e2402a128b8f,director,2
Keith Uhlich,F:82871fa40fd5,critic,7
Keith Uhlich,F:b36e2106dd8c,critic,8
Keith Uhlich,F:b1d5c192e56b,critic,9
Keith Uhlich,F:f39deb0ac138,critic,4
Keith Uhlich,F:ccb2d378f3ad,critic,5
Keith Uhlich,F:adaf6bdbe1a6,critic,1
Keith Uhlich,F:242bcffbc89a,critic,10
Keith Uhlich,F:e4ebe8423fc0,critic,2
Keith Uhlich,F:54633945c757,critic,3
Keith Uhlich,F:26be51a0abcf,critic,6
Maria Ulfsak-Šeripova,F:bf6387f2c8ae,critic,10
Maria Ulfsak-Šeripova,F:9f96298e4d23,critic,9
Maria Ulfsak-Šeripova,F:6b927993e1e1,critic,6
Maria Ulfsak-Šeripova,F:ca0238bc4718,critic,2
Maria Ulfsak-Šeripova,F:cdb76db94f02,critic,4
Maria Ulfsak-Šeripova,F:b5749f03606c,critic,8
Maria Ulfsak-Šeripova,F:f53416daf440,critic,7
Maria Ulfsak-Šeripova,F:41d225e6ff0b,critic,5
Maria Ulfsak-Šeripova,F:41912772ddcd,critic,1
Maria Ulfsak-Šeripova,F:3779236f3701,critic,3
Suncica Unevska,F:d62c40a3d88f,critic,5
Suncica Unevska,F:08966bbb6c53,critic,10
Suncica Unevska,F:09035fce59e3,critic,8
Suncica Unevska,F:61d1df6594d4,critic,1
Suncica Unevska,F:7dfa1b8ac6c5,critic,2
Suncica Unevska,F:e54355b5ed3d,critic,3
Suncica Unevska,F:03b3065dc545,critic,7
Suncica Unevska,F:cdb76db94f02,critic,6
Suncica Unevska,F:703e064069d1,critic,4
Suncica Unevska,F:e2bff7956338,critic,9
Andreas Ungerböck,F:08966bbb6c53,critic,10
Andreas Ungerböck,F:e2bff7956338,critic,9
Andreas Ungerböck,F:002c591e702f,critic,7
Andreas Ungerböck,F:1e4f9a3a4df7,critic,3
Andreas Ungerböck,F:a3d0b4e174aa,critic,4
Andreas Ungerböck,F:17be19f021ea,critic,5
Andreas Ungerböck,F:2b8f2194d907,critic,6
Andreas Ungerböck,F:052c23677d2a,critic,2
Andreas Ungerböck,F:665eab0ab9d1,critic,8
Andreas Ungerböck,F:482f80fc3115,critic,1
Yoo Unseong,F:cceee39cc159,critic,3
Yoo Unseong,F:9fa8a94443bd,critic,8
Yoo Unseong,F:ebb2737eeb11,critic,5
Yoo Unseong,F:421a83c66257,critic,6
Yoo Unseong,F:66b235a77bb5,critic,1
Yoo Unseong,F:15cebbda1cd1,critic,10
Yoo Unseong,F:4de28ffbe1a3,critic,2
Yoo Unseong,F:7416e0cb1ff8,critic,7
Yoo Unseong,F:ec983a6c1ee5,critic,9
Yoo Unseong,F:2accb1bdefd9,critic,4
Sydney Urbanek,F:fbaed03c3121,critic,7
Sydney Urbanek,F:cb689f3e2a97,critic,10
Sydney Urbanek,F:e414fbe0b027,critic,2
Sydney Urbanek,F:71c7b9363133,critic,8
Sydney Urbanek,F:a89eca461289,critic,6
Sydney Urbanek,F:15116cd4cb7a,critic,3
Sydney Urbanek,F:b4941e142a34,critic,5
Sydney Urbanek,F:9265dd156ad5,critic,1
Sydney Urbanek,F:feada1db862a,critic,4
Sydney Urbanek,F:16913ba1d831,critic,9
Marcos Uzal,F:2d63d55ca187,critic,2
Marcos Uzal,F:833cd8b378fb,critic,7
Marcos Uzal,F:e3a29e728f76,critic,8
Marcos Uzal,F:ebb2737eeb11,critic,5
Marcos Uzal,F:ea57f6c88dad,critic,4
Marcos Uzal,F:d824ef904599,critic,1
Marcos Uzal,F:b8c65bcb3d78,critic,6
Marcos Uzal,F:813bde6e3053,critic,10
Marcos Uzal,F:3a7dbc0df0c9,critic,3
Marcos Uzal,F:f487433720d3,critic,9
Susan Vahabzadeh,F:bf6387f2c8ae,critic,10
Susan Vahabzadeh,F:6b927993e1e1,critic,3
Susan Vahabzadeh,F:f53416daf440,critic,4
Susan Vahabzadeh,F:6153eeb1ef64,critic,2
Susan Vahabzadeh,F:ceb3088be2fe,critic,1
Susan Vahabzadeh,F:02ded6e20b97,critic,6
Susan Vahabzadeh,F:75046ffb9b38,critic,8
Susan Vahabzadeh,F:7b5d85393630,critic,7
Susan Vahabzadeh,F:ec7726632ac1,critic,9
Susan Vahabzadeh,F:f44713a09e4d,critic,5
Grégory Valens,F:7c54b4356371,critic,7
Grégory Valens,F:8fe1bdde11ef,critic,10
Grégory Valens,F:5fe99a36b336,critic,1
Grégory Valens,F:5a178f06e4c5,critic,2
Grégory Valens,F:ca48a61eb0b2,critic,3
Grégory Valens,F:dc69230484fa,critic,5
Grégory Valens,F:176166e412b4,critic,9
Grégory Valens,F:87ddccd7c29d,critic,8
Grégory Valens,F:6461abdfd357,critic,6
Grégory Valens,F:23da57c4aa71,critic,4
Carlos Valladares,F:fdffe3f0bfb8,critic,5
Carlos Valladares,F:28d41c264f9a,critic,7
Carlos Valladares,F:7dacc043e524,critic,9
Carlos Valladares,F:75046ffb9b38,critic,10
Carlos Valladares,F:15cebbda1cd1,critic,6
Carlos Valladares,F:c78c6b97f980,critic,8
Carlos Valladares,F:e84516ec65e9,critic,1
Carlos Valladares,F:722a41234523,critic,3
Carlos Valladares,F:3f6b85a03244,critic,2
Carlos Valladares,F:5d1eeae30e1c,critic,4
Miguel Valverde,F:f53416daf440,critic,6
Miguel Valverde,F:bf6387f2c8ae,critic,10
Miguel Valverde,F:4a7fa7be8c87,critic,5
Miguel Valverde,F:d472058d559a,critic,7
Miguel Valverde,F:fd7384f2c819,critic,3
Miguel Valverde,F:db803e57874f,critic,4
Miguel Valverde,F:83ebc8b43c9d,critic,9
Miguel Valverde,F:cb689f3e2a97,critic,8
Miguel Valverde,F:6ca9676ba9f4,critic,1
Miguel Valverde,F:5e1dfafa4c51,critic,2
Koen van Daele,F:ed62f6a361fc,critic,1
Koen van Daele,F:ed7d59c56f5d,critic,8
Koen van Daele,F:7dacc043e524,critic,10
Koen van Daele,F:adf5a297fe73,critic,2
Koen van Daele,F:0ea0e00d9fdc,critic,9
Koen van Daele,F:8f69ba6cd30e,critic,3
Koen van Daele,F:aeb0786beba4,critic,4
Koen van Daele,F:2e82de15bf77,critic,5
Koen van Daele,F:299aafd38526,critic,6
Koen van Daele,F:432bbc185cbb,critic,7
Belinda van de Graaf,F:10e86670da04,critic,9
Belinda van de Graaf,F:cb9821f13eb1,critic,4
Belinda van de Graaf,F:2b8f2194d907,critic,7
Belinda van de Graaf,F:5d90d1f80509,critic,1
Belinda van de Graaf,F:da8f9dbede74,critic,2
Belinda van de Graaf,F:1961bdb691aa,critic,8
Belinda van de Graaf,F:944ad783759e,critic,10
Belinda van de Graaf,F:df99a097e950,critic,5
Belinda van de Graaf,F:242774c76ce6,critic,3
Belinda van de Graaf,F:5e5b16dbc375,critic,6
Wim Vanacker,F:ca0238bc4718,critic,6
Wim Vanacker,F:b3b870d3401e,critic,1
Wim Vanacker,F:20a0a276094a,critic,5
Wim Vanacker,F:9609d2e67c50,critic,3
Wim Vanacker,F:fb014edafd5d,critic,2
Wim Vanacker,F:2b8f2194d907,critic,7
Wim Vanacker,F:29e8c2663329,critic,9
Wim Vanacker,F:97b42f962368,critic,10
Wim Vanacker,F:34cf774aeffe,critic,4
Wim Vanacker,F:d472058d559a,critic,8
James Vaughan,F:7cdcf0b32a06,director,10
James Vaughan,F:72d6d9bf2299,director,7
James Vaughan,F:15cebbda1cd1,director,8
James Vaughan,F:55ad4fb0baae,director,6
James Vaughan,F:6c946712a861,director,1
James Vaughan,F:f87b3c091815,director,9
James Vaughan,F:c247ad9469a4,director,3
James Vaughan,F:ed7d59c56f5d,director,4
James Vaughan,F:2d63d55ca187,director,2
James Vaughan,F:8082e9c53944,director,5
Víctor J. Vázquez,F:2ec8e3a6b8aa,critic,8
Víctor J. Vázquez,F:17be19f021ea,critic,3
Víctor J. Vázquez,F:7a7c0ff849d4,critic,6
Víctor J. Vázquez,F:240c3c3338a1,critic,4
Víctor J. Vázquez,F:e7ed626e5548,critic,1
Víctor J. Vázquez,F:f487433720d3,critic,7
Víctor J. Vázquez,F:9f96298e4d23,critic,10
Víctor J. Vázquez,F:665eab0ab9d1,critic,9
Víctor J. Vázquez,F:6c6d0bc5ce49,critic,5
Víctor J. Vázquez,F:9e905b51c193,critic,2
Ivan Velisavljević,F:76f8cccf860c,critic,4
Ivan Velisavljević,F:146ec1241d81,critic,2
Ivan Velisavljević,F:8b4b310f435e,critic,7
Ivan Velisavljević,F:2907bfe31ad2,critic,5
Ivan Velisavljević,F:b5a06746734d,critic,10
Ivan Velisavljević,F:87ddccd7c29d,critic,3
Ivan Velisavljević,F:7fdc44f8468a,critic,1
Ivan Velisavljević,F:edfb01f5a9d6,critic,9
Ivan Velisavljević,F:665eab0ab9d1,critic,6
Ivan Velisavljević,F:a5083fa04636,critic,8
Laura Venning,F:b2910882a46d,critic,6
Laura Venning,F:03b3065dc545,critic,8
Laura Venning,F:fbaed03c3121,critic,5
Laura Venning,F:7cdcf0b32a06,critic,9
Laura Venning,F:ef557d6c32c4,critic,3
Laura Venning,F:3870d5428078,critic,1
Laura Venning,F:b5e106e52b4d,critic,2
Laura Venning,F:29e8c2663329,critic,10
Laura Venning,F:6df960d01ebc,critic,4
Laura Venning,F:32f33617395c,critic,7
Noel Vera,F:b81ddc038404,critic,9
Noel Vera,F:39e8daa81ee8,critic,5
Noel Vera,F:d73f1decefd2,critic,4
Noel Vera,F:c31a3627d635,critic,1
Noel Vera,F:421a83c66257,critic,6
Noel Vera,F:bd5b1d907d3a,critic,7
Noel Vera,F:496bf8c33efa,critic,3
Noel Vera,F:83d479d3ae29,critic,8
Noel Vera,F:7cdcf0b32a06,critic,10
Noel Vera,F:46ce8976efe5,critic,2
Sanjeev Verma,F:1a68aefe7ea1,critic,5
Sanjeev Verma,F:e2bff7956338,critic,9
Sanjeev Verma,F:cda1a8b3152c,critic,8
Sanjeev Verma,F:1a5ed79e90c4,critic,4
Sanjeev Verma,F:edfb01f5a9d6,critic,7
Sanjeev Verma,F:9f96298e4d23,critic,10
Sanjeev Verma,F:f03efdcdc766,critic,1
Sanjeev Verma,F:f53416daf440,critic,6
Sanjeev Verma,F:40851c97fe02,critic,3
Sanjeev Verma,F:41912772ddcd,critic,2
Carlos Vermut,F:860988085746,director,6
Carlos Vermut,F:2907bfe31ad2,director,10
Carlos Vermut,F:4bbf32d00fd9,director,7
Carlos Vermut,F:ef557d6c32c4,director,8
Carlos Vermut,F:37dfc5b21ae7,director,4
Carlos Vermut,F:4ce5975e6a9e,director,3
Carlos Vermut,F:e4efe35a2dbf,director,2
Carlos Vermut,F:19a225cef2c6,director,1
Carlos Vermut,F:93a1beda19cd,director,9
Carlos Vermut,F:3870d5428078,director,5
Éric Vernay,F:240c3c3338a1,critic,6
Éric Vernay,F:e4e5d0b8b474,critic,9
Éric Vernay,F:d5d45d8c9f1b,critic,7
Éric Vernay,F:b5a06746734d,critic,10
Éric Vernay,F:26707caceed4,critic,2
Éric Vernay,F:fbac63dcd9cf,critic,8
Éric Vernay,F:e20c69dc0df6,critic,4
Éric Vernay,F:7c397e4d4181,critic,1
Éric Vernay,F:83532d3be249,critic,5
Éric Vernay,F:9fb4071f99e8,critic,3
Dennis Vetter,F:bcf63870b80d,critic,8
Dennis Vetter,F:1bc5acc7eba9,critic,6
Dennis Vetter,F:993081619bf4,critic,5
Dennis Vetter,F:f376d0dacdd0,critic,10
Dennis Vetter,F:1feb0ee78dd1,critic,4
Dennis Vetter,F:37bbd65ea51f,critic,7
Dennis Vetter,F:8df7c4270a6d,critic,2
Dennis Vetter,F:e4c949fb454a,critic,9
Dennis Vetter,F:9317441c8489,critic,3
Dennis Vetter,F:9a3248622a8b,critic,1
Rebecca Vick,F:50458ccd979f,critic,4
Rebecca Vick,F:23bcdf10e622,critic,8
Rebecca Vick,F:8d23686057fa,critic,5
Rebecca Vick,F:413d2bed80fb,critic,7
Rebecca Vick,F:653f45346bcc,critic,10
Rebecca Vick,F:65393b2ac77a,critic,6
Rebecca Vick,F:60c6ffed2334,critic,2
Rebecca Vick,F:16913ba1d831,critic,9
Rebecca Vick,F:2335731a89eb,critic,3
Rebecca Vick,F:a093e4ac5a23,critic,1
Lindsey Vickers,F:ce4d849ddde9,director,2
Lindsey Vickers,F:76f8cccf860c,director,7
Lindsey Vickers,F:a6da9a65f928,director,3
Lindsey Vickers,F:bee09401fa7d,director,8
Lindsey Vickers,F:448691895695,director,1
Lindsey Vickers,F:54b0cbd18bbb,director,4
Lindsey Vickers,F:be5197f08d0d,director,5
Lindsey Vickers,F:b5a06746734d,director,9
Lindsey Vickers,F:cbca9660da1d,director,6
Belén Vidal,F:6c10916fbb92,critic,1
Belén Vidal,F:a5083fa04636,critic,7
Belén Vidal,F:069cda2e3235,critic,6
Belén Vidal,F:cb689f3e2a97,critic,9
Belén Vidal,F:02ded6e20b97,critic,8
Belén Vidal,F:a76ac58f4952,critic,4
Belén Vidal,F:34bed313737b,critic,3
Belén Vidal,F:6585623dc6cf,critic,2
Belén Vidal,F:325075869126,critic,10
Belén Vidal,F:e037a0ce1088,critic,5
Juan José Vidal,F:2af5c5bcacdf,critic,7
Juan José Vidal,F:5094c1da4d65,critic,8
Juan José Vidal,F:3ec40e40a443,critic,4
Juan José Vidal,F:096362e962d8,critic,5
Juan José Vidal,F:0525cace8386,critic,2
Juan José Vidal,F:dc45d7447962,critic,1
Juan José Vidal,F:15cebbda1cd1,critic,6
Juan José Vidal,F:15bcedf51ef8,critic,9
Juan José Vidal,F:021d58f95670,critic,3
Nuria Vidal,F:b132d89fef53,critic,9
Nuria Vidal,F:08966bbb6c53,critic,7
Nuria Vidal,F:59e546399154,critic,4
Nuria Vidal,F:fb7348cafc70,critic,3
Nuria Vidal,F:b5a06746734d,critic,10
Nuria Vidal,F:d178e56b1eaf,critic,1
Nuria Vidal,F:38ccb3d447c3,critic,6
Nuria Vidal,F:9f96298e4d23,critic,8
Nuria Vidal,F:d5d45d8c9f1b,critic,5
Nuria Vidal,F:09c7a567ee91,critic,2
Susana Viegas,F:69f5bed6f836,critic,7
Susana Viegas,F:950c29bf9796,critic,3
Susana Viegas,F:653f45346bcc,critic,8
Susana Viegas,F:b5a06746734d,critic,10
Susana Viegas,F:c34fe68dc6cf,critic,2
Susana Viegas,F:944ad783759e,critic,6
Susana Viegas,F:bf6387f2c8ae,critic,9
Susana Viegas,F:a5083fa04636,critic,4
Susana Viegas,F:29e8c2663329,critic,5
Susana Viegas,F:054ed9edb7f9,critic,1
Ricardo Vieira Lisboa,F:7bfbc120b678,critic,1
Ricardo Vieira Lisboa,F:0828e272e73f,critic,8
Ricardo Vieira Lisboa,F:b1cdfdbcddad,critic,2
Ricardo Vieira Lisboa,F:90b6388d5c80,critic,9
Ricardo Vieira Lisboa,F:c9eb5b1252ca,critic,3
Ricardo Vieira Lisboa,F:9a64753216c8,critic,10
Ricardo Vieira Lisboa,F:c2effedd3dd7,critic,4
Ricardo Vieira Lisboa,F:12e7e8e73dd2,critic,5
Ricardo Vieira Lisboa,F:4430bafa886d,critic,6
Ricardo Vieira Lisboa,F:e27f7e3522df,critic,7
Marcos Vieytes,F:83ebc8b43c9d,critic,10
Marcos Vieytes,F:ea8c30267045,critic,9
Marcos Vieytes,F:6ee5393780c9,critic,3
Marcos Vieytes,F:b8f7a0bcc02a,critic,6
Marcos Vieytes,F:6f56b072f8a2,critic,2
Marcos Vieytes,F:e4f01e43f08c,critic,5
Marcos Vieytes,F:4996e9b10df0,critic,8
Marcos Vieytes,F:1e4f9a3a4df7,critic,7
Marcos Vieytes,F:3ad0e142a464,critic,4
Marcos Vieytes,F:bb8c9d91c4f5,critic,1
Kaspar Viilup,F:125061f190de,critic,10
Kaspar Viilup,F:069cda2e3235,critic,9
Kaspar Viilup,F:165ea115d0f7,critic,4
Kaspar Viilup,F:74869694acb1,critic,5
Kaspar Viilup,F:6ef9ec2a60f2,critic,7
Kaspar Viilup,F:176166e412b4,critic,8
Kaspar Viilup,F:93a1beda19cd,critic,6
Kaspar Viilup,F:f2cd6058bbf8,critic,1
Kaspar Viilup,F:ad4f804c3862,critic,3
Kaspar Viilup,F:8a826d8712a7,critic,2
Pablo Villaça,F:e2bff7956338,critic,9
Pablo Villaça,F:6158c3acae8a,critic,4
Pablo Villaça,F:7dacc043e524,critic,7
Pablo Villaça,F:c6014c74c7ea,critic,3
Pablo Villaça,F:b5a06746734d,critic,10
Pablo Villaça,F:38ccb3d447c3,critic,8
Pablo Villaça,F:18febe4125b6,critic,1
Pablo Villaça,F:38516f3726c8,critic,2
Pablo Villaça,F:dd03c7ae8bd4,critic,6
Pablo Villaça,F:951e168add74,critic,5
Giovanni Vimercati,F:e4f01e43f08c,critic,5
Giovanni Vimercati,F:2fe9e272de98,critic,1
Giovanni Vimercati,F:50e7c992b75a,critic,9
Giovanni Vimercati,F:68f067eb3cf7,critic,10
Giovanni Vimercati,F:90d3b5cd1e26,critic,2
Giovanni Vimercati,F:7277f3afb1aa,critic,7
Giovanni Vimercati,F:15e512a66ed2,critic,3
Giovanni Vimercati,F:c7897c4e4a53,critic,6
Giovanni Vimercati,F:9259047600d9,critic,4
Giovanni Vimercati,F:f1d528b6c734,critic,8
Ginette Vincendeau,F:b56e577e3c80,critic,1
Ginette Vincendeau,F:cb689f3e2a97,critic,10
Ginette Vincendeau,F:9fa2ffff0e05,critic,4
Ginette Vincendeau,F:d1188b34b03c,critic,9
Ginette Vincendeau,F:002dd21bef36,critic,3
Ginette Vincendeau,F:3e7ab83b0850,critic,2
Ginette Vincendeau,F:8fe1bdde11ef,critic,7
Ginette Vincendeau,F:16913ba1d831,critic,6
Ginette Vincendeau,F:6744994f98f6,critic,8
Ginette Vincendeau,F:078c56f7dec6,critic,5
Andrea Virginás,F:4178c0f6fbb7,critic,9
Andrea Virginás,F:e9e268170b35,critic,6
Andrea Virginás,F:a7e30a1be4c1,critic,1
Andrea Virginás,F:f44713a09e4d,critic,7
Andrea Virginás,F:125061f190de,critic,8
Andrea Virginás,F:04242e34e9b2,critic,4
Andrea Virginás,F:653f45346bcc,critic,10
Andrea Virginás,F:df99a097e950,critic,5
Andrea Virginás,F:d7a68fd84711,critic,2
Andrea Virginás,F:f9dab29acf4f,critic,3
Clement Virgo,F:a5083fa04636,director,5
Clement Virgo,F:b5a06746734d,director,10
Clement Virgo,F:2bcbc58a252d,director,6
Clement Virgo,F:1a5ed79e90c4,director,3
Clement Virgo,F:03774d8054b0,director,9
Clement Virgo,F:d1188b34b03c,director,8
Clement Virgo,F:fb1858f30417,director,2
Clement Virgo,F:f71879711b8f,director,4
Clement Virgo,F:85e9e329d9df,director,1
Clement Virgo,F:4acddf379d28,director,7
Christian VIVIANI,F:f53416daf440,critic,7
Christian VIVIANI,F:83ebc8b43c9d,critic,9
Christian VIVIANI,F:2636353ad1ff,critic,1
Christian VIVIANI,F:d117472f572e,critic,8
Christian VIVIANI,F:76f8cccf860c,critic,5
Christian VIVIANI,F:e4e5d0b8b474,critic,10
Christian VIVIANI,F:46194e616618,critic,4
Christian VIVIANI,F:e152a2918678,critic,3
Christian VIVIANI,F:4996e9b10df0,critic,6
Christian VIVIANI,F:842f32097573,critic,2
Nag Vladermersky,F:2303db3bec32,critic,4
Nag Vladermersky,F:aa9ca1df5398,critic,7
Nag Vladermersky,F:d1188b34b03c,critic,9
Nag Vladermersky,F:d472058d559a,critic,10
Nag Vladermersky,F:d653d89fbc90,critic,5
Nag Vladermersky,F:ccc8f241a287,critic,1
Nag Vladermersky,F:d8ce5441d5f4,critic,6
Nag Vladermersky,F:17fcc038144d,critic,8
Nag Vladermersky,F:6baa239410d1,critic,3
Nag Vladermersky,F:1a3b56ef9527,critic,2
Becca Voelcker,F:a959232cabc9,critic,1
Becca Voelcker,F:d1d7e10932c7,critic,2
Becca Voelcker,F:98ca671012c5,critic,8
Becca Voelcker,F:c6d1318cb697,critic,7
Becca Voelcker,F:3e6184ad39d8,critic,3
Becca Voelcker,F:15bcedf51ef8,critic,9
Becca Voelcker,F:f42a2fe544d1,critic,6
Becca Voelcker,F:f23dc7049cd5,critic,4
Becca Voelcker,F:a9e6b3878b45,critic,5
Becca Voelcker,F:9f96298e4d23,critic,10
Eskil Vogt,F:27cc97d93f99,director,3
Eskil Vogt,F:97b42f962368,director,9
Eskil Vogt,F:7f53ed4db7b6,director,1
Eskil Vogt,F:23bcdf10e622,director,4
Eskil Vogt,F:f71879711b8f,director,5
Eskil Vogt,F:6d78c0ecb7e7,director,7
Eskil Vogt,F:7c54b4356371,director,2
Eskil Vogt,F:125061f190de,director,8
Eskil Vogt,F:59ad7c389a61,director,6
Eskil Vogt,F:653f45346bcc,director,10
Stephen Volk,F:23bcdf10e622,critic,7
Stephen Volk,F:a758f31506ad,critic,5
Stephen Volk,F:d472058d559a,critic,9
Stephen Volk,F:9c648373383b,critic,4
Stephen Volk,F:434f2bf6a9ca,critic,1
Stephen Volk,F:3870d5428078,critic,6
Stephen Volk,F:7fe15b05ccde,critic,10
Stephen Volk,F:da63db39e047,critic,3
Stephen Volk,F:4acddf379d28,critic,8
Stephen Volk,F:8275a97fb793,critic,2
Tanja Vrvilo,F:be4681dc6e16,critic,4
Tanja Vrvilo,F:7cdcf0b32a06,critic,10
Tanja Vrvilo,F:fd7384f2c819,critic,6
Tanja Vrvilo,F:a8ed3bb0139d,critic,5
Tanja Vrvilo,F:114ae73dd3a7,critic,9
Tanja Vrvilo,F:6bdf8e2ff20b,critic,2
Tanja Vrvilo,F:08f342dedf00,critic,1
Tanja Vrvilo,F:34cf774aeffe,critic,8
Tanja Vrvilo,F:0b047ecf149e,critic,3
Tanja Vrvilo,F:ed258bfa07e7,critic,7
Srdjan (Srđan) Vucinic (Vučinić),F:a8d48e8e61f0,critic,5
Srdjan (Srđan) Vucinic (Vučinić),F:eb6115735be9,critic,6
Srdjan (Srđan) Vucinic (Vučinić),F:e50615c80a64,critic,10
Srdjan (Srđan) Vucinic (Vučinić),F:7e52230dd02d,critic,9
Srdjan (Srđan) Vucinic (Vučinić),F:f7fb6a975b40,critic,1
Srdjan (Srđan) Vucinic (Vučinić),F:9bc253a7e2b4,critic,4
Srdjan (Srđan) Vucinic (Vučinić),F:297b574430d3,critic,3
Srdjan (Srđan) Vucinic (Vučinić),F:69ee1e9bf06a,critic,7
Srdjan (Srđan) Vucinic (Vučinić),F:8d23686057fa,critic,2
Srdjan (Srđan) Vucinic (Vučinić),F:3c781cd7cdf8,critic,8
Marjan Vujovic,F:4c53a001a92c,critic,6
Marjan Vujovic,F:b5a06746734d,critic,10
Marjan Vujovic,F:ed09733fe458,critic,7
Marjan Vujovic,F:2b67b7ec085e,critic,3
Marjan Vujovic,F:7b5d85393630,critic,9
Marjan Vujovic,F:9fa2ffff0e05,critic,4
Marjan Vujovic,F:37a59a4c76d6,critic,2
Marjan Vujovic,F:79c30aef6e24,critic,5
Marjan Vujovic,F:4acddf379d28,critic,8
Marjan Vujovic,F:8d5090df2a7f,critic,1
Nicolas Wackerbarth,F:52fed6709791,critic,3
Nicolas Wackerbarth,F:69dee05125cb,critic,9
Nicolas Wackerbarth,F:83c734e30238,critic,10
Nicolas Wackerbarth,F:f25964ab7fa9,critic,1
Nicolas Wackerbarth,F:c80392c9829c,critic,7
Nicolas Wackerbarth,F:930e2118f326,critic,8
Nicolas Wackerbarth,F:56c96bf43644,critic,4
Nicolas Wackerbarth,F:2fad03e3ad97,critic,5
Nicolas Wackerbarth,F:9859fed0bef0,critic,2
Nicolas Wackerbarth,F:4bbcec7d0753,critic,6
Laura Waddington,F:9f96298e4d23,director,10
Laura Waddington,F:b7dbf64232a8,director,4
Laura Waddington,F:b339d6c582f0,director,5
Laura Waddington,F:0e061101bdea,director,3
Laura Waddington,F:ec7726632ac1,director,7
Laura Waddington,F:944ad783759e,director,9
Laura Waddington,F:813bde6e3053,director,6
Laura Waddington,F:29e8c2663329,director,8
Laura Waddington,F:341aefe6f409,director,2
Laura Waddington,F:30d1875eee14,director,1
Thirza Wakefield,F:3e7a3a8f8433,critic,3
Thirza Wakefield,F:5b505c37b676,critic,4
Thirza Wakefield,F:4acddf379d28,critic,9
Thirza Wakefield,F:cda1a8b3152c,critic,10
Thirza Wakefield,F:db40f764c4e0,critic,1
Thirza Wakefield,F:71c7b9363133,critic,7
Thirza Wakefield,F:d6d30033c698,critic,6
Thirza Wakefield,F:0565ff7fd56c,critic,8
Thirza Wakefield,F:2018d336cc28,critic,5
Thirza Wakefield,F:c57d23af360b,critic,2
Jendrik Walendy,F:299aafd38526,critic,3
Jendrik Walendy,F:9f96298e4d23,critic,10
Jendrik Walendy,F:325075869126,critic,8
Jendrik Walendy,F:03b3065dc545,critic,4
Jendrik Walendy,F:ec7726632ac1,critic,6
Jendrik Walendy,F:125061f190de,critic,5
Jendrik Walendy,F:e9309b2e7a6c,critic,1
Jendrik Walendy,F:7fe15b05ccde,critic,7
Jendrik Walendy,F:34eb1ed0c187,critic,2
Jendrik Walendy,F:08966bbb6c53,critic,9
Chloe Walker,F:e4e5d0b8b474,critic,10
Chloe Walker,F:20afe757a6d1,critic,7
Chloe Walker,F:12fa14688179,critic,1
Chloe Walker,F:bee5654ca481,critic,5
Chloe Walker,F:c78c6b97f980,critic,8
Chloe Walker,F:69ee1e9bf06a,critic,6
Chloe Walker,F:716991e0e383,critic,2
Chloe Walker,F:bd1eddc31e6d,critic,3
Chloe Walker,F:6744994f98f6,critic,9
Chloe Walker,F:7b19d0d6e7b3,critic,4
Anthony Wall,F:2799de28d75f,critic,6
Anthony Wall,F:60a4d76c522e,critic,4
Anthony Wall,F:03774d8054b0,critic,9
Anthony Wall,F:22a39aaa9252,critic,2
Anthony Wall,F:e3db72878efa,critic,7
Anthony Wall,F:d25b62963a7d,critic,1
Anthony Wall,F:d210c0d5f689,critic,5
Anthony Wall,F:e9e268170b35,critic,8
Anthony Wall,F:ac5ed19415a0,critic,3
Anthony Wall,F:e2bff7956338,critic,10
Madeleine Wall,F:ed858fee05b9,critic,1
Madeleine Wall,F:3e5e38da32d9,critic,5
Madeleine Wall,F:bee09401fa7d,critic,10
Madeleine Wall,F:ca46baff1140,critic,2
Madeleine Wall,F:d8be33a7aa37,critic,9
Madeleine Wall,F:ece11069f372,critic,4
Madeleine Wall,F:3c06dbcc4a96,critic,3
Madeleine Wall,F:09874e3f5d06,critic,6
Madeleine Wall,F:0dfe58c65ddc,critic,7
Madeleine Wall,F:9aa40df22c3e,critic,8
Jonathan Walley,F:8690297bc428,critic,2
Jonathan Walley,F:8b59f9e5c592,critic,5
Jonathan Walley,F:d39d1b73d6fa,critic,6
Jonathan Walley,F:30a853edc01d,critic,3
Jonathan Walley,F:bf6387f2c8ae,critic,10
Jonathan Walley,F:9832dcc6e9dd,critic,4
Jonathan Walley,F:090832505b0f,critic,9
Jonathan Walley,F:75046ffb9b38,critic,8
Jonathan Walley,F:09035fce59e3,critic,7
Jonathan Walley,F:788bb5253b7c,critic,1
Ben Walters,F:2a5f669472bc,critic,6
Ben Walters,F:86d83daeb703,critic,1
Ben Walters,F:4266847ae72e,critic,4
Ben Walters,F:48431dbd6a66,critic,3
Ben Walters,F:5a242678dbf0,critic,5
Ben Walters,F:95cb5acf1ea2,critic,7
Ben Walters,F:c4fda376339f,critic,8
Ben Walters,F:f87b3c091815,critic,9
Ben Walters,F:9a5017e8f0f6,critic,2
Ben Walters,F:6744994f98f6,critic,10
Meg Walters,F:185593d4591d,critic,2
Meg Walters,F:f53416daf440,critic,7
Meg Walters,F:a5f1729c3348,critic,1
Meg Walters,F:cbca9660da1d,critic,5
Meg Walters,F:38ccb3d447c3,critic,9
Meg Walters,F:c7384eeb7b0e,critic,4
Meg Walters,F:b10a906b1662,critic,3
Meg Walters,F:d1188b34b03c,critic,8
Meg Walters,F:0a600f29226c,critic,6
Meg Walters,F:e2bff7956338,critic,10
Saige Walton,F:325075869126,critic,9
Saige Walton,F:b5a06746734d,critic,10
Saige Walton,F:3779236f3701,critic,4
Saige Walton,F:653f45346bcc,critic,8
Saige Walton,F:edfb01f5a9d6,critic,7
Saige Walton,F:18634c22b226,critic,2
Saige Walton,F:694f6d5a97f4,critic,1
Saige Walton,F:c78c6b97f980,critic,5
Saige Walton,F:d2ac8fced14e,critic,6
Saige Walton,F:17fcc038144d,critic,3
Laura Wandel,F:3c781cd7cdf8,director,7
Laura Wandel,F:30779c0ed030,director,3
Laura Wandel,F:1acce9d29a45,director,1
Laura Wandel,F:83c734e30238,director,10
Laura Wandel,F:9add670ca01e,director,5
Laura Wandel,F:b7e607c282b5,director,2
Laura Wandel,F:c6ea168b703a,director,4
Laura Wandel,F:dce89c1e461d,director,6
Laura Wandel,F:125061f190de,director,9
Laura Wandel,F:feaa04ac1109,director,8
Bing Wang,F:bf6387f2c8ae,director,10
Bing Wang,F:1232574daf78,director,5
Bing Wang,F:69f5bed6f836,director,9
Bing Wang,F:f3a8723d695d,director,2
Bing Wang,F:7b5d85393630,director,7
Bing Wang,F:cbb0587ba064,director,6
Bing Wang,F:34cf774aeffe,director,3
Bing Wang,F:81bb11fc91dc,director,1
Bing Wang,F:29e8c2663329,director,8
Bing Wang,F:d0416491dc50,director,4
Ian Wang,F:090832505b0f,critic,10
Ian Wang,F:c3d63cf2d01a,critic,5
Ian Wang,F:a9519db91181,critic,9
Ian Wang,F:b7b17347ab6a,critic,8
Ian Wang,F:b71d013772fc,critic,1
Ian Wang,F:c2e492d52d62,critic,7
Ian Wang,F:45a6e7cd71d6,critic,3
Ian Wang,F:c6d1318cb697,critic,6
Ian Wang,F:36b3bcc77b0c,critic,2
Ian Wang,F:61b7b07d0b46,critic,4
Lulu Wang,F:002c591e702f,director,5
Lulu Wang,F:ed913192d169,director,7
Lulu Wang,F:75046ffb9b38,director,8
Lulu Wang,F:d82151d9c18c,director,1
Lulu Wang,F:4bbf32d00fd9,director,2
Lulu Wang,F:2b8f2194d907,director,4
Lulu Wang,F:9f96298e4d23,director,9
Lulu Wang,F:83c734e30238,director,10
Lulu Wang,F:6e92bae17de8,director,3
Lulu Wang,F:dd03c7ae8bd4,director,6
Emily Wardill,F:1a7eb506ded7,director,9
Emily Wardill,F:84fc5d7351fa,director,4
Emily Wardill,F:e8f8357b2b29,director,2
Emily Wardill,F:1689e19b0c08,director,5
Emily Wardill,F:c4c62f02b048,director,8
Emily Wardill,F:b037255b5268,director,6
Emily Wardill,F:c29fbb81f64c,director,10
Emily Wardill,F:1b8f918d151e,director,1
Emily Wardill,F:fb384233eabf,director,3
Emily Wardill,F:51721eed9857,director,7
Harriet Warman,F:cc654d1a6bab,critic,3
Harriet Warman,F:03a017c5576f,critic,4
Harriet Warman,F:38ccb3d447c3,critic,9
Harriet Warman,F:e8d2748de292,critic,5
Harriet Warman,F:01f13a3870f3,critic,2
Harriet Warman,F:1637f55205e1,critic,1
Harriet Warman,F:cb689f3e2a97,critic,8
Harriet Warman,F:c7384eeb7b0e,critic,6
Harriet Warman,F:83c734e30238,critic,10
Harriet Warman,F:c41986eabc20,critic,7
Amon Warmann,F:e2bff7956338,critic,10
Amon Warmann,F:9f5b0931a0e5,critic,5
Amon Warmann,F:3cee3c945b46,critic,4
Amon Warmann,F:ad5fec931766,critic,3
Amon Warmann,F:db031bbccad7,critic,2
Amon Warmann,F:f8abdb2ec9d8,critic,7
Amon Warmann,F:bee39b98c3b9,critic,1
Amon Warmann,F:57a1bf06a3b8,critic,6
Amon Warmann,F:59ad7c389a61,critic,9
Amon Warmann,F:b0360159539e,critic,8
Sam Wasson,F:6ae8c10ff551,critic,8
Sam Wasson,F:b5a06746734d,critic,10
Sam Wasson,F:af4e177d1ed2,critic,3
Sam Wasson,F:46194e616618,critic,7
Sam Wasson,F:ef039f7a68b5,critic,5
Sam Wasson,F:4acddf379d28,critic,9
Sam Wasson,F:998b74d0462a,critic,2
Sam Wasson,F:38d89fbc2981,critic,1
Sam Wasson,F:20afe757a6d1,critic,6
Sam Wasson,F:f88f86b2bb29,critic,4
K. F. Watanabe,F:b132d89fef53,critic,10
K. F. Watanabe,F:944ad783759e,critic,8
K. F. Watanabe,F:af358d7d1d59,critic,3
K. F. Watanabe,F:e2d7ee3e387f,critic,1
K. F. Watanabe,F:7cdcf0b32a06,critic,5
K. F. Watanabe,F:69f5bed6f836,critic,9
K. F. Watanabe,F:ad61730d9d2f,critic,2
K. F. Watanabe,F:75046ffb9b38,critic,6
K. F. Watanabe,F:09035fce59e3,critic,4
K. F. Watanabe,F:03774d8054b0,critic,7
Grant Watson,F:e77cc6c544d2,critic,2
Grant Watson,F:08966bbb6c53,critic,10
Grant Watson,F:f44713a09e4d,critic,7
Grant Watson,F:38ccb3d447c3,critic,9
Grant Watson,F:c0cfeec65d87,critic,4
Grant Watson,F:03774d8054b0,critic,8
Grant Watson,F:6272422b6a29,critic,3
Grant Watson,F:eb18f3fa5ada,critic,5
Grant Watson,F:911611d26942,critic,1
Grant Watson,F:4434c6705bd6,critic,6
Floyd Webb,F:a2a1ef5c6f47,director,9
Floyd Webb,F:dde6ffd9106a,director,10
Floyd Webb,F:2b128693df8e,director,8
Floyd Webb,F:27c512670976,director,7
Floyd Webb,F:c02896fbda71,director,3
Floyd Webb,F:7c17af219e24,director,4
Floyd Webb,F:deacc67726b0,director,2
Floyd Webb,F:7fc5f45e5350,director,5
Floyd Webb,F:37a59a4c76d6,director,6
Floyd Webb,F:ae877a54544a,director,1
Kieron Webb,F:a974077eb9e0,critic,6
Kieron Webb,F:1232574daf78,critic,8
Kieron Webb,F:75046ffb9b38,critic,9
Kieron Webb,F:42903ba88dce,critic,1
Kieron Webb,F:b4d61a735aa6,critic,4
Kieron Webb,F:a5d0909bfd7e,critic,5
Kieron Webb,F:833cd8b378fb,critic,7
Kieron Webb,F:49a59167770c,critic,3
Kieron Webb,F:83c734e30238,critic,10
Kieron Webb,F:730e011a6f06,critic,2
Michael Wedel,F:e152a2918678,critic,1
Michael Wedel,F:a6b2d4ef6e92,critic,2
Michael Wedel,F:b7dbf64232a8,critic,3
Michael Wedel,F:cb689f3e2a97,critic,7
Michael Wedel,F:b132d89fef53,critic,9
Michael Wedel,F:b5749f03606c,critic,4
Michael Wedel,F:b5a06746734d,critic,10
Michael Wedel,F:4178c0f6fbb7,critic,8
Michael Wedel,F:7cdcf0b32a06,critic,6
Michael Wedel,F:cbb0587ba064,critic,5
Apichatpong Weerasethakul,F:4ceb4fce20b6,director,3
Apichatpong Weerasethakul,F:cf4f8f54b4df,director,9
Apichatpong Weerasethakul,F:38b522b41810,director,6
Apichatpong Weerasethakul,F:ef28514dc4e7,director,8
Apichatpong Weerasethakul,F:8450bc00bd46,director,4
Apichatpong Weerasethakul,F:031265aa2a49,director,2
Apichatpong Weerasethakul,F:e4c949fb454a,director,7
Apichatpong Weerasethakul,F:9966e5136279,director,5
Apichatpong Weerasethakul,F:e05875494850,director,1
S. Louisa Wei,F:413d2bed80fb,critic,6
S. Louisa Wei,F:950c29bf9796,critic,9
S. Louisa Wei,F:6744994f98f6,critic,10
S. Louisa Wei,F:a107ffdf93ce,critic,4
S. Louisa Wei,F:d6181801a9b7,critic,2
S. Louisa Wei,F:2b8f2194d907,critic,8
S. Louisa Wei,F:bcaea6de6ec7,critic,1
S. Louisa Wei,F:3852b557c520,critic,5
S. Louisa Wei,F:d6448fec226c,critic,3
S. Louisa Wei,F:c4fda376339f,critic,7
Claudia Weill,F:c7384eeb7b0e,director,4
Claudia Weill,F:f44713a09e4d,director,8
Claudia Weill,F:4178c0f6fbb7,director,11
Claudia Weill,F:5c95feadbfec,director,1
Claudia Weill,F:a0c4a4e80efe,director,3
Claudia Weill,F:e2bff7956338,director,12
Claudia Weill,F:c78c6b97f980,director,7
Claudia Weill,F:c377da635a16,director,2
Claudia Weill,F:e50615c80a64,director,6
Claudia Weill,F:7b5d85393630,director,9
Claudia Weill,F:1a5ed79e90c4,director,5
Claudia Weill,F:d1188b34b03c,director,10
Elizabeth Weitzman,F:bf6387f2c8ae,critic,10
Elizabeth Weitzman,F:32f33617395c,critic,5
Elizabeth Weitzman,F:89bca25c2226,critic,2
Elizabeth Weitzman,F:08966bbb6c53,critic,9
Elizabeth Weitzman,F:6153eeb1ef64,critic,3
Elizabeth Weitzman,F:75046ffb9b38,critic,7
Elizabeth Weitzman,F:cbb0587ba064,critic,6
Elizabeth Weitzman,F:38ccb3d447c3,critic,8
Elizabeth Weitzman,F:e9e268170b35,critic,4
Elizabeth Weitzman,F:1df71d95bd96,critic,1
Paul Wells,F:38ccb3d447c3,critic,9
Paul Wells,F:d4937a407577,critic,6
Paul Wells,F:f44713a09e4d,critic,8
Paul Wells,F:477977925947,critic,7
Paul Wells,F:f20668301eda,critic,3
Paul Wells,F:9eb43c8d98b0,critic,2
Paul Wells,F:11fff6d5f45a,critic,5
Paul Wells,F:0c208843518d,critic,4
Paul Wells,F:e760ffab6953,critic,1
Paul Wells,F:b5a06746734d,critic,10
Chris Welsby,F:8c93104a11a8,director,9
Chris Welsby,F:50f5f9739ff5,director,3
Chris Welsby,F:e3c35f44a2c6,director,2
Chris Welsby,F:01e68fd84e6b,director,5
Chris Welsby,F:6a4896231969,director,4
Chris Welsby,F:440b1f123826,director,6
Chris Welsby,F:e42e63e2a8b7,director,8
Chris Welsby,F:d52617a38820,director,1
Chris Welsby,F:37a5584e725e,director,7
Chris Welsby,F:31e3a3512a76,director,10
Sean Welsh,F:b2910882a46d,critic,9
Sean Welsh,F:ed913192d169,critic,10
Sean Welsh,F:bbd8a3f4bf36,critic,1
Sean Welsh,F:7917d8d36034,critic,2
Sean Welsh,F:ac51458b9f15,critic,4
Sean Welsh,F:2005e6c55528,critic,6
Sean Welsh,F:c68af662acf9,critic,5
Sean Welsh,F:beba2f6a1bb6,critic,3
Sean Welsh,F:5d0fccf10633,critic,7
Sean Welsh,F:ae24be4474d6,critic,8
Tien-Hsiang Wen,F:7dacc043e524,critic,6
Tien-Hsiang Wen,F:4178c0f6fbb7,critic,8
Tien-Hsiang Wen,F:38ccb3d447c3,critic,9
Tien-Hsiang Wen,F:83ebc8b43c9d,critic,7
Tien-Hsiang Wen,F:0c208843518d,critic,4
Tien-Hsiang Wen,F:1190a83ac033,critic,3
Tien-Hsiang Wen,F:00e7c1dc0533,critic,2
Tien-Hsiang Wen,F:951e168add74,critic,5
Tien-Hsiang Wen,F:af3bb4e546db,critic,1
Tien-Hsiang Wen,F:653f45346bcc,critic,10
Wim Wenders,F:e11ad461be73,director,4
Wim Wenders,F:03a18fead1c1,director,7
Wim Wenders,F:a974077eb9e0,director,8
Wim Wenders,F:47e745cd663b,director,9
Wim Wenders,F:3a72b214b520,director,5
Wim Wenders,F:280d3e1f2d0e,director,1
Wim Wenders,F:3fc0120a8313,director,2
Wim Wenders,F:20ee2ea8dacf,director,6
Wim Wenders,F:75331a22f732,director,3
Wim Wenders,F:d2e4f5e8f98d,director,10
Jon Wengström,F:7dad08d3670d,critic,1
Jon Wengström,F:5a722bb25331,critic,3
Jon Wengström,F:03809811ea9b,critic,8
Jon Wengström,F:b1020af1dcb7,critic,2
Jon Wengström,F:7cdcf0b32a06,critic,9
Jon Wengström,F:2ec8e3a6b8aa,critic,7
Jon Wengström,F:2907bfe31ad2,critic,5
Jon Wengström,F:5094c1da4d65,critic,6
Jon Wengström,F:944ad783759e,critic,10
Jon Wengström,F:461ce53274b8,critic,4
David West,F:4cce2f95dd1b,critic,4
David West,F:a34902196db2,critic,3
David West,F:03774d8054b0,critic,8
David West,F:40851c97fe02,critic,5
David West,F:38ccb3d447c3,critic,9
David West,F:e4c949fb454a,critic,6
David West,F:665eab0ab9d1,critic,7
David West,F:cd2b19d5e1ca,critic,2
David West,F:2b128693df8e,critic,1
David West,F:08966bbb6c53,critic,10
Ti West,F:bf6387f2c8ae,director,10
Ti West,F:e2bff7956338,director,8
Ti West,F:b132d89fef53,director,9
Ti West,F:7fe15b05ccde,director,7
Ti West,F:09035fce59e3,director,5
Ti West,F:8b4b310f435e,director,4
Ti West,F:1c8565784f6c,director,2
Ti West,F:71c7b9363133,director,3
Ti West,F:d472058d559a,director,6
Ti West,F:c23113d53b2c,director,1
Wash Westmoreland,F:bf6387f2c8ae,director,10
Wash Westmoreland,F:9f96298e4d23,director,9
Wash Westmoreland,F:d1188b34b03c,director,8
Wash Westmoreland,F:b64d55c5b8cd,director,1
Wash Westmoreland,F:2a9843e83d75,director,5
Wash Westmoreland,F:b0360159539e,director,7
Wash Westmoreland,F:fb1858f30417,director,3
Wash Westmoreland,F:9efcb3d93167,director,6
Wash Westmoreland,F:b5e106e52b4d,director,4
Wash Westmoreland,F:cae7892d945f,director,2
Hillary Weston,F:a9519db91181,critic,9
Hillary Weston,F:727b4a394724,critic,6
Hillary Weston,F:e35d40a37ce8,critic,4
Hillary Weston,F:17fcc038144d,critic,7
Hillary Weston,F:b2910882a46d,critic,8
Hillary Weston,F:bc233bf045ca,critic,1
Hillary Weston,F:c48b24faa9f1,critic,3
Hillary Weston,F:a76ac58f4952,critic,2
Hillary Weston,F:653f45346bcc,critic,10
Hillary Weston,F:aa9ca1df5398,critic,5
Kelli Weston,F:f8abdb2ec9d8,critic,10
Kelli Weston,F:29be497f95ce,critic,6
Kelli Weston,F:f363acab3eb9,critic,5
Kelli Weston,F:576f2a64f956,critic,2
Kelli Weston,F:c2f3d4820d16,critic,3
Kelli Weston,F:c4e34698c643,critic,7
Kelli Weston,F:a88e0d17e7d1,critic,1
Kelli Weston,F:d8be33a7aa37,critic,9
Kelli Weston,F:c7384eeb7b0e,critic,8
Kelli Weston,F:310aeb514222,critic,4
Guy Westwell,F:02ded6e20b97,critic,6
Guy Westwell,F:25c92cc36090,critic,2
Guy Westwell,F:7edd9692528b,critic,1
Guy Westwell,F:53f709905db4,critic,4
Guy Westwell,F:38ccb3d447c3,critic,9
Guy Westwell,F:b339d6c582f0,critic,5
Guy Westwell,F:7fe15b05ccde,critic,8
Guy Westwell,F:69f5bed6f836,critic,10
Guy Westwell,F:b0ababe3b667,critic,3
Guy Westwell,F:d1188b34b03c,critic,7
Catherine Wheatley,F:325075869126,critic,9
Catherine Wheatley,F:813bde6e3053,critic,7
Catherine Wheatley,F:75046ffb9b38,critic,8
Catherine Wheatley,F:83c734e30238,critic,10
Catherine Wheatley,F:a5083fa04636,critic,4
Catherine Wheatley,F:7dacc043e524,critic,5
Catherine Wheatley,F:5faf4e826922,critic,1
Catherine Wheatley,F:11fff6d5f45a,critic,2
Catherine Wheatley,F:4a7fa7be8c87,critic,3
Catherine Wheatley,F:2bcbc58a252d,critic,6
Armond White,F:7b5d85393630,critic,9
Armond White,F:096362e962d8,critic,3
Armond White,F:95bd800bd9e5,critic,8
Armond White,F:4fd3c9a708f4,critic,2
Armond White,F:15298623ef1f,critic,7
Armond White,F:cbca9660da1d,critic,5
Armond White,F:9503b95b7798,critic,4
Armond White,F:6153eeb1ef64,critic,6
Armond White,F:5f7bf751f347,critic,1
Armond White,F:ec7726632ac1,critic,10
Patricia White,F:83c734e30238,critic,10
Patricia White,F:325075869126,critic,7
Patricia White,F:5e201ce6e4d7,critic,3
Patricia White,F:b64d55c5b8cd,critic,1
Patricia White,F:08966bbb6c53,critic,8
Patricia White,F:8c5eb94596d0,critic,2
Patricia White,F:4996e9b10df0,critic,4
Patricia White,F:10e86670da04,critic,5
Patricia White,F:b5a06746734d,critic,9
Patricia White,F:7cdcf0b32a06,critic,6
Tom White,F:cda1a8b3152c,critic,10
Tom White,F:0565ff7fd56c,critic,9
Tom White,F:e50615c80a64,critic,3
Tom White,F:2907bfe31ad2,critic,6
Tom White,F:6ae8c10ff551,critic,4
Tom White,F:b64e1ff7f5bb,critic,1
Tom White,F:e9e268170b35,critic,8
Tom White,F:950c29bf9796,critic,7
Tom White,F:f8abdb2ec9d8,critic,5
Tom White,F:0d1fd8db8fb0,critic,2
Charles Whitehouse,F:cb689f3e2a97,critic,9
Charles Whitehouse,F:d1188b34b03c,critic,6
Charles Whitehouse,F:4d1cd4656b98,critic,1
Charles Whitehouse,F:d117472f572e,critic,8
Charles Whitehouse,F:090832505b0f,critic,7
Charles Whitehouse,F:69f5bed6f836,critic,10
Charles Whitehouse,F:83d479d3ae29,critic,3
Charles Whitehouse,F:608e02fe3ca2,critic,5
Charles Whitehouse,F:b7b17347ab6a,critic,4
Charles Whitehouse,F:3232a2646dad,critic,2
Madeline Whittle,F:6b3a0b38e917,critic,2
Madeline Whittle,F:f6bf4689418e,critic,3
Madeline Whittle,F:e3a29e728f76,critic,5
Madeline Whittle,F:7cdcf0b32a06,critic,8
Madeline Whittle,F:09035fce59e3,critic,7
Madeline Whittle,F:296c885895bb,critic,4
Madeline Whittle,F:83c734e30238,critic,10
Madeline Whittle,F:6153eeb1ef64,critic,6
Madeline Whittle,F:12578c3e4a3c,critic,1
Madeline Whittle,F:08966bbb6c53,critic,9
Florian Widegger,F:6153eeb1ef64,critic,9
Florian Widegger,F:ca7945c92b6b,critic,4
Florian Widegger,F:3aa7653952b3,critic,3
Florian Widegger,F:a362f5a8e408,critic,5
Florian Widegger,F:d4937a407577,critic,7
Florian Widegger,F:1a94d9f63387,critic,6
Florian Widegger,F:69d7b720017a,critic,2
Florian Widegger,F:55ad4fb0baae,critic,8
Florian Widegger,F:0b95739e4568,critic,1
Samuel Wigley,F:6e63730d04c1,critic,7
Samuel Wigley,F:6dce6699f9c1,critic,4
Samuel Wigley,F:f4e217197597,critic,9
Samuel Wigley,F:c9caaff114b0,critic,5
Samuel Wigley,F:ef557d6c32c4,critic,10
Samuel Wigley,F:3bc7224ae260,critic,6
Samuel Wigley,F:2bfb03e4c0df,critic,3
Samuel Wigley,F:b1d5c192e56b,critic,8
Samuel Wigley,F:524b724d0dc2,critic,1
Samuel Wigley,F:58022064ee1e,critic,2
Agnès Wildenstein,F:46bee6a6478f,critic,6
Agnès Wildenstein,F:c24ed291700f,critic,1
Agnès Wildenstein,F:7e6041d00453,critic,5
Agnès Wildenstein,F:38178e96cd82,critic,2
Agnès Wildenstein,F:a3f0c88b4034,critic,4
Agnès Wildenstein,F:6dce6699f9c1,critic,7
Agnès Wildenstein,F:265ff24c9602,critic,9
Agnès Wildenstein,F:47f7b6f61804,critic,8
Agnès Wildenstein,F:f487433720d3,critic,10
Agnès Wildenstein,F:9774901b14fc,critic,3
Mary Wiles,F:4e2bc3c14baa,critic,5
Mary Wiles,F:cb689f3e2a97,critic,8
Mary Wiles,F:5a4277e1dcea,critic,1
Mary Wiles,F:83c734e30238,critic,10
Mary Wiles,F:72d6d9bf2299,critic,3
Mary Wiles,F:32f33617395c,critic,6
Mary Wiles,F:28d41c264f9a,critic,4
Mary Wiles,F:795658b0a468,critic,2
Mary Wiles,F:cbb0587ba064,critic,7
Mary Wiles,F:69f5bed6f836,critic,9
Alissa Wilkinson,F:e2bff7956338,critic,8
Alissa Wilkinson,F:7a8a830211f9,critic,4
Alissa Wilkinson,F:48f7e1f05a7a,critic,1
Alissa Wilkinson,F:2eb5e0cd3ccf,critic,3
Alissa Wilkinson,F:41d225e6ff0b,critic,7
Alissa Wilkinson,F:9f96298e4d23,critic,9
Alissa Wilkinson,F:f991324c0182,critic,2
Alissa Wilkinson,F:83c734e30238,critic,10
Alissa Wilkinson,F:930e2118f326,critic,6
Alissa Wilkinson,F:c80392c9829c,critic,5
Craig Williams,F:727b4a394724,critic,9
Craig Williams,F:1b50353487a6,critic,7
Craig Williams,F:93a306d86cc1,critic,3
Craig Williams,F:beaa42a4d260,critic,4
Craig Williams,F:9d5f6e82448b,critic,8
Craig Williams,F:eb18f3fa5ada,critic,6
Craig Williams,F:039ccda2cf7c,critic,1
Craig Williams,F:d2e4f5e8f98d,critic,10
Craig Williams,F:694f6d5a97f4,critic,5
Craig Williams,F:9253f1b888c3,critic,2
Deane Williams,F:69f5bed6f836,critic,10
Deane Williams,F:8fc32725b37f,critic,9
Deane Williams,F:f78b136d089b,critic,3
Deane Williams,F:e3e045b158eb,critic,4
Deane Williams,F:608e02fe3ca2,critic,5
Deane Williams,F:950c29bf9796,critic,8
Deane Williams,F:7a7c0ff849d4,critic,6
Deane Williams,F:2ec8e3a6b8aa,critic,7
Deane Williams,F:e5ca9f380ac5,critic,1
Deane Williams,F:99d2669615d7,critic,2
Melanie Williams,F:b7dbf64232a8,critic,5
Melanie Williams,F:1a5ed79e90c4,critic,4
Melanie Williams,F:b5a06746734d,critic,10
Melanie Williams,F:008495919c65,critic,6
Melanie Williams,F:38ccb3d447c3,critic,8
Melanie Williams,F:335a82ae62fd,critic,3
Melanie Williams,F:9f96298e4d23,critic,9
Melanie Williams,F:dcc3332a385d,critic,2
Melanie Williams,F:f44713a09e4d,critic,7
Melanie Williams,F:8d842e966a8a,critic,1
Mike Williams,F:cdb76db94f02,critic,5
Mike Williams,F:e037a0ce1088,critic,4
Mike Williams,F:09035fce59e3,critic,7
Mike Williams,F:7b5d85393630,critic,8
Mike Williams,F:653f45346bcc,critic,10
Mike Williams,F:59ad7c389a61,critic,6
Mike Williams,F:d1188b34b03c,critic,9
Mike Williams,F:2e7d4740d619,critic,1
Mike Williams,F:4cce2f95dd1b,critic,3
Mike Williams,F:82f51bc15898,critic,2
Missouri Williams,F:1025f1ade830,critic,7
Missouri Williams,F:81cffe785f4b,critic,1
Missouri Williams,F:69dee05125cb,critic,8
Missouri Williams,F:114ae73dd3a7,critic,9
Missouri Williams,F:f55430b2c93b,critic,4
Missouri Williams,F:b189ce868d84,critic,3
Missouri Williams,F:c29fbb81f64c,critic,6
Missouri Williams,F:052c23677d2a,critic,5
Missouri Williams,F:125061f190de,critic,10
Missouri Williams,F:d1613edf9e6c,critic,2
Alison Willmore,F:80476c85ac52,critic,2
Alison Willmore,F:c48b24faa9f1,critic,5
Alison Willmore,F:269e50561c64,critic,6
Alison Willmore,F:d6d30033c698,critic,7
Alison Willmore,F:e2d7ee3e387f,critic,3
Alison Willmore,F:75046ffb9b38,critic,9
Alison Willmore,F:b0ababe3b667,critic,4
Alison Willmore,F:9752e21053c0,critic,1
Alison Willmore,F:0a600f29226c,critic,8
Alison Willmore,F:b5a06746734d,critic,10
Norm Wilner,F:b132d89fef53,critic,8
Norm Wilner,F:e35d40a37ce8,critic,2
Norm Wilner,F:cb689f3e2a97,critic,6
Norm Wilner,F:bf6387f2c8ae,critic,9
Norm Wilner,F:d1188b34b03c,critic,5
Norm Wilner,F:71c7b9363133,critic,4
Norm Wilner,F:83c734e30238,critic,10
Norm Wilner,F:cd05f4a653a4,critic,1
Norm Wilner,F:cbca9660da1d,critic,3
Norm Wilner,F:4178c0f6fbb7,critic,7
Emma Wilson,F:83c734e30238,critic,10
Emma Wilson,F:cb2781992160,critic,2
Emma Wilson,F:12400ca3e8ae,critic,4
Emma Wilson,F:9d89f659bc59,critic,1
Emma Wilson,F:cb9821f13eb1,critic,7
Emma Wilson,F:72d6d9bf2299,critic,8
Emma Wilson,F:5176fad55672,critic,3
Emma Wilson,F:d3b521828c87,critic,6
Emma Wilson,F:e8b008a8f498,critic,5
Emma Wilson,F:090832505b0f,critic,9
Jake Wilson,F:1a68aefe7ea1,critic,7
Jake Wilson,F:39e8daa81ee8,critic,3
Jake Wilson,F:dd26e0ec916e,critic,2
Jake Wilson,F:a454d3354c22,critic,5
Jake Wilson,F:1b50353487a6,critic,4
Jake Wilson,F:26d9fa05409a,critic,1
Jake Wilson,F:d4937a407577,critic,8
Jake Wilson,F:75046ffb9b38,critic,10
Jake Wilson,F:f00e3c45dd9d,critic,6
Jake Wilson,F:b5fac1879322,critic,9
Nicolas Winding Refn,F:ef28514dc4e7,director,5
Nicolas Winding Refn,F:6ae8c10ff551,director,4
Nicolas Winding Refn,F:ea8c30267045,director,7
Nicolas Winding Refn,F:02ded6e20b97,director,8
Nicolas Winding Refn,F:9eb97e3cad46,director,1
Nicolas Winding Refn,F:125061f190de,director,9
Nicolas Winding Refn,F:73ac13372020,director,3
Nicolas Winding Refn,F:078c56f7dec6,director,6
Nicolas Winding Refn,F:b5a06746734d,director,10
Nicolas Winding Refn,F:e2dfaf112a47,director,2
Willi Winkler,F:d117472f572e,critic,8
Willi Winkler,F:95bd800bd9e5,critic,6
Willi Winkler,F:bf6387f2c8ae,critic,10
Willi Winkler,F:00c8b9107d1c,critic,1
Willi Winkler,F:7fe15b05ccde,critic,9
Willi Winkler,F:db40f764c4e0,critic,3
Willi Winkler,F:afa2cf1bc931,critic,5
Willi Winkler,F:7f53ed4db7b6,critic,4
Willi Winkler,F:8ccaf0311759,critic,2
Willi Winkler,F:6d78c0ecb7e7,critic,7
Jessica Winter,F:6b927993e1e1,critic,4
Jessica Winter,F:2bcbc58a252d,critic,7
Jessica Winter,F:b5a06746734d,critic,10
Jessica Winter,F:008495919c65,critic,5
Jessica Winter,F:b339d6c582f0,critic,6
Jessica Winter,F:2b8f2194d907,critic,3
Jessica Winter,F:325075869126,critic,9
Jessica Winter,F:c6d1318cb697,critic,2
Jessica Winter,F:653f45346bcc,critic,8
Jessica Winter,F:64e34cc5dab1,critic,1
Damon Wise,F:653f45346bcc,critic,9
Damon Wise,F:b132d89fef53,critic,10
Damon Wise,F:163822a61feb,critic,2
Damon Wise,F:67e4464eabeb,critic,4
Damon Wise,F:6c37284c87eb,critic,3
Damon Wise,F:b5e106e52b4d,critic,6
Damon Wise,F:f53416daf440,critic,8
Damon Wise,F:2a9843e83d75,critic,7
Damon Wise,F:3d57bbc1680d,critic,5
Damon Wise,F:86f5b48ef850,critic,1
Frederick Wiseman,F:d2374a18add2,director,3
Frederick Wiseman,F:081206b6d584,director,2
Frederick Wiseman,F:af358d7d1d59,director,7
Frederick Wiseman,F:2d8fc354cc2d,director,4
Frederick Wiseman,F:54b0cbd18bbb,director,5
Frederick Wiseman,F:665eab0ab9d1,director,10
Frederick Wiseman,F:6ff93b77cfca,director,9
Frederick Wiseman,F:b3cecbcb42cb,director,1
Frederick Wiseman,F:53f709905db4,director,8
Frederick Wiseman,F:a8d48e8e61f0,director,6
Theodore Witcher,F:e2bff7956338,director,8
Theodore Witcher,F:477977925947,director,1
Theodore Witcher,F:069cda2e3235,director,5
Theodore Witcher,F:6d78c0ecb7e7,director,6
Theodore Witcher,F:b5a06746734d,director,10
Theodore Witcher,F:f71879711b8f,director,4
Theodore Witcher,F:bd648fce3b3f,director,2
Theodore Witcher,F:7fe15b05ccde,director,7
Theodore Witcher,F:bf6387f2c8ae,director,9
Theodore Witcher,F:0a600f29226c,director,3
Michael Witt,F:02fbb06b4645,critic,2
Michael Witt,F:69f5bed6f836,critic,9
Michael Witt,F:d8e24aa1ab58,critic,7
Michael Witt,F:72d6d9bf2299,critic,6
Michael Witt,F:3af703bb3bf8,critic,4
Michael Witt,F:2799de28d75f,critic,5
Michael Witt,F:3537a1a842b2,critic,1
Michael Witt,F:1e4add68afa4,critic,3
Michael Witt,F:83c734e30238,critic,10
Michael Witt,F:4178c0f6fbb7,critic,8
Helena Wittmann,F:f87b3c091815,director,6
Helena Wittmann,F:4eda2e0a99d2,director,1
Helena Wittmann,F:98ca671012c5,director,3
Helena Wittmann,F:813bde6e3053,director,8
Helena Wittmann,F:951e168add74,director,5
Helena Wittmann,F:8fc32725b37f,director,7
Helena Wittmann,F:ef557d6c32c4,director,4
Helena Wittmann,F:83c734e30238,director,10
Helena Wittmann,F:a3b1c5701dcf,director,2
Helena Wittmann,F:090832505b0f,director,9
Matthias Wittmann,F:d63f22c37e98,critic,5
Matthias Wittmann,F:0565ff7fd56c,critic,10
Matthias Wittmann,F:c78c6b97f980,critic,9
Matthias Wittmann,F:ab0f17904050,critic,3
Matthias Wittmann,F:cbca9660da1d,critic,8
Matthias Wittmann,F:a0966cc5ac0b,critic,2
Matthias Wittmann,F:122fb2de00e8,critic,6
Matthias Wittmann,F:94ff82d399f4,critic,1
Matthias Wittmann,F:46194e616618,critic,7
Matthias Wittmann,F:18634c22b226,critic,4
René Wolf,F:75046ffb9b38,critic,9
René Wolf,F:e4e5d0b8b474,critic,10
René Wolf,F:68095e4e33e8,critic,7
René Wolf,F:f376d0dacdd0,critic,8
René Wolf,F:ad2e6da6b175,critic,1
René Wolf,F:ed2230897339,critic,2
René Wolf,F:41912772ddcd,critic,6
René Wolf,F:c6ea168b703a,critic,4
René Wolf,F:bf3c458ce933,critic,5
René Wolf,F:61670a294f29,critic,3
Sergio Wolf,F:2bcbc58a252d,director,6
Sergio Wolf,F:9f96298e4d23,director,9
Sergio Wolf,F:4acddf379d28,director,8
Sergio Wolf,F:b5a06746734d,director,10
Sergio Wolf,F:ca4e51edd932,director,1
Sergio Wolf,F:eb763f2d4857,director,3
Sergio Wolf,F:a50461292bc4,director,4
Sergio Wolf,F:5c82d20d7e07,director,2
Sergio Wolf,F:cbb0587ba064,director,7
Sergio Wolf,F:8db25a4797e8,director,5
Geoffrey Wong,F:83ebc8b43c9d,critic,9
Geoffrey Wong,F:7b5d85393630,critic,7
Geoffrey Wong,F:b132d89fef53,critic,10
Geoffrey Wong,F:aa65b1eedc05,critic,6
Geoffrey Wong,F:2907bfe31ad2,critic,3
Geoffrey Wong,F:bd232d87d529,critic,1
Geoffrey Wong,F:4e2bc3c14baa,critic,4
Geoffrey Wong,F:813bde6e3053,critic,8
Geoffrey Wong,F:167dabbadece,critic,2
Geoffrey Wong,F:7a7c0ff849d4,critic,5
Tim Wong,F:304c6065a723,critic,1
Tim Wong,F:cf4f8f54b4df,critic,8
Tim Wong,F:e4d2292715f0,critic,4
Tim Wong,F:50f830de5c38,critic,5
Tim Wong,F:bec332d8ab3d,critic,6
Tim Wong,F:c9e4f6487b2b,critic,3
Tim Wong,F:4ccfaf74f3eb,critic,2
Tim Wong,F:413d2bed80fb,critic,7
Tim Wong,F:6744994f98f6,critic,10
Tim Wong,F:15bcedf51ef8,critic,9
Jason Wood,F:4a7fa7be8c87,critic,3
Jason Wood,F:cda1a8b3152c,critic,5
Jason Wood,F:0565ff7fd56c,critic,4
Jason Wood,F:325075869126,critic,10
Jason Wood,F:e4e5d0b8b474,critic,9
Jason Wood,F:090832505b0f,critic,7
Jason Wood,F:d1188b34b03c,critic,6
Jason Wood,F:2320d0b9141c,critic,2
Jason Wood,F:34eb1ed0c187,critic,1
Jason Wood,F:03774d8054b0,critic,8
Michael Wood,F:59ad7c389a61,critic,4
Michael Wood,F:477977925947,critic,1
Michael Wood,F:76f8cccf860c,critic,2
Michael Wood,F:ec7726632ac1,critic,8
Michael Wood,F:cb689f3e2a97,critic,9
Michael Wood,F:b5a06746734d,critic,10
Michael Wood,F:cda1a8b3152c,critic,7
Michael Wood,F:15298623ef1f,critic,3
Michael Wood,F:7cdcf0b32a06,critic,6
Michael Wood,F:f44713a09e4d,critic,5
Rowan Woods,F:83c734e30238,critic,10
Rowan Woods,F:03b3065dc545,critic,6
Rowan Woods,F:325075869126,critic,9
Rowan Woods,F:0813fd94c20e,critic,1
Rowan Woods,F:6153eeb1ef64,critic,4
Rowan Woods,F:7fe15b05ccde,critic,8
Rowan Woods,F:f44713a09e4d,critic,7
Rowan Woods,F:10e86670da04,critic,5
Rowan Woods,F:c7384eeb7b0e,critic,2
Rowan Woods,F:84fa7c2219d2,critic,3
Adam Woodward,F:60a4d76c522e,critic,2
Adam Woodward,F:69ee1e9bf06a,critic,4
Adam Woodward,F:ef557d6c32c4,critic,6
Adam Woodward,F:0565ff7fd56c,critic,8
Adam Woodward,F:4418a62420bf,critic,5
Adam Woodward,F:4acddf379d28,critic,10
Adam Woodward,F:89bca25c2226,critic,3
Adam Woodward,F:e50615c80a64,critic,7
Adam Woodward,F:7dacc043e524,critic,9
Adam Woodward,F:ac5ed19415a0,critic,1
Harry Wootliff,F:17fcc038144d,director,9
Harry Wootliff,F:1b6216b7041c,director,3
Harry Wootliff,F:6e92bae17de8,director,8
Harry Wootliff,F:a8c1f9997515,director,1
Harry Wootliff,F:c78c6b97f980,director,10
Harry Wootliff,F:c3f4f3d3dda9,director,5
Harry Wootliff,F:44d249fc6091,director,7
Harry Wootliff,F:0330eeb7767e,director,4
Harry Wootliff,F:024fe592458e,director,2
Harry Wootliff,F:d62c40a3d88f,director,6
Adrian Wootton,F:b5a06746734d,critic,10
Adrian Wootton,F:194f0d6d66d6,critic,1
Adrian Wootton,F:e9e268170b35,critic,7
Adrian Wootton,F:7fa585215d06,critic,2
Adrian Wootton,F:7fe15b05ccde,critic,9
Adrian Wootton,F:477977925947,critic,3
Adrian Wootton,F:b5fac1879322,critic,4
Adrian Wootton,F:bd648fce3b3f,critic,8
Adrian Wootton,F:4856ae18c1cd,critic,6
Adrian Wootton,F:b2910882a46d,critic,5
John Wrathall,F:5b505c37b676,critic,8
John Wrathall,F:d117472f572e,critic,10
John Wrathall,F:85e9e329d9df,critic,5
John Wrathall,F:1ace472ce6a8,critic,6
John Wrathall,F:1c8565784f6c,critic,9
John Wrathall,F:3892cb5f7466,critic,3
John Wrathall,F:ad6c40818a12,critic,1
John Wrathall,F:494fd4aacc71,critic,7
John Wrathall,F:a5e7af32a4e6,critic,2
John Wrathall,F:49190c44679a,critic,4
Edgar Wright,F:b132d89fef53,director,10
Edgar Wright,F:63d46e5d8cef,director,4
Edgar Wright,F:09035fce59e3,director,7
Edgar Wright,F:38ccb3d447c3,director,9
Edgar Wright,F:23bcdf10e622,director,6
Edgar Wright,F:d472058d559a,director,8
Edgar Wright,F:4996e9b10df0,director,5
Edgar Wright,F:6c86e1883516,director,2
Edgar Wright,F:6df247e8d5f5,director,1
Edgar Wright,F:e4c949fb454a,director,3
Oliver Wright,F:cbb0587ba064,critic,10
Oliver Wright,F:58f9e7707a27,critic,8
Oliver Wright,F:a9519db91181,critic,9
Oliver Wright,F:2fa904267156,critic,3
Oliver Wright,F:be5cf5e4faee,critic,2
Oliver Wright,F:fb014edafd5d,critic,6
Oliver Wright,F:84d4c848a23b,critic,1
Oliver Wright,F:930e2118f326,critic,7
Oliver Wright,F:1e8b45df0ba0,critic,5
Oliver Wright,F:15a0d8d8fb5b,critic,4
Janusz Wróblewski,F:b132d89fef53,critic,9
Janusz Wróblewski,F:08966bbb6c53,critic,8
Janusz Wróblewski,F:146f1c3fc9b2,critic,3
Janusz Wróblewski,F:8703270231ee,critic,4
Janusz Wróblewski,F:b5a06746734d,critic,10
Janusz Wróblewski,F:e2bff7956338,critic,7
Janusz Wróblewski,F:6c5a28405e28,critic,2
Janusz Wróblewski,F:069cda2e3235,critic,6
Janusz Wróblewski,F:bd648fce3b3f,critic,5
Janusz Wróblewski,F:e54355b5ed3d,critic,1
Barbara Wurm,F:c3d63cf2d01a,critic,10
Barbara Wurm,F:516304ceed73,critic,4
Barbara Wurm,F:a775f32ff944,critic,9
Barbara Wurm,F:9978fe9a02db,critic,1
Barbara Wurm,F:7afa46a5fca6,critic,2
Barbara Wurm,F:ea8ce50a8f82,critic,5
Barbara Wurm,F:5138744b6021,critic,3
Barbara Wurm,F:09e8fe0ccb48,critic,6
Barbara Wurm,F:b31659659796,critic,8
Barbara Wurm,F:02815d5e9285,critic,7
Klaus Wyborny,F:146ec1241d81,director,7
Klaus Wyborny,F:15298623ef1f,director,9
Klaus Wyborny,F:7ecd292638a9,director,3
Klaus Wyborny,F:a4c51ae5137c,director,2
Klaus Wyborny,F:ee5e85aa2619,director,4
Klaus Wyborny,F:15cebbda1cd1,director,6
Klaus Wyborny,F:838a18661382,director,5
Klaus Wyborny,F:7197cebceede,director,1
Klaus Wyborny,F:8fe1bdde11ef,director,10
Klaus Wyborny,F:2907bfe31ad2,director,8
Kevin Wynter,F:b339d6c582f0,critic,6
Kevin Wynter,F:ef28514dc4e7,critic,5
Kevin Wynter,F:653f45346bcc,critic,9
Kevin Wynter,F:61da44bdee48,critic,1
Kevin Wynter,F:d6e0f91da95c,critic,3
Kevin Wynter,F:d472058d559a,critic,8
Kevin Wynter,F:6047cdf42f91,critic,2
Kevin Wynter,F:4953ffd81613,critic,4
Kevin Wynter,F:b5a06746734d,critic,10
Kevin Wynter,F:edfb01f5a9d6,critic,7
John Wyver,F:02ded6e20b97,critic,9
John Wyver,F:f71879711b8f,critic,8
John Wyver,F:6ae8c10ff551,critic,4
John Wyver,F:078c56f7dec6,critic,5
John Wyver,F:b4d61a735aa6,critic,1
John Wyver,F:b2910882a46d,critic,7
John Wyver,F:296c885895bb,critic,3
John Wyver,F:5094c1da4d65,critic,6
John Wyver,F:81e8c65d133e,critic,2
John Wyver,F:d117472f572e,critic,10
Wang  Xiaoshuai,F:83ebc8b43c9d,director,9
Wang  Xiaoshuai,F:9f96298e4d23,director,10
Wang  Xiaoshuai,F:341aefe6f409,director,5
Wang  Xiaoshuai,F:8ef14bf34952,director,4
Wang  Xiaoshuai,F:db803e57874f,director,6
Wang  Xiaoshuai,F:72d8bc7578ad,director,8
Wang  Xiaoshuai,F:291a8c8ed414,director,1
Wang  Xiaoshuai,F:9add670ca01e,director,3
Wang  Xiaoshuai,F:e24ef98e5c4b,director,7
Wang  Xiaoshuai,F:6384dd66814c,director,2
Koji Yamamura,F:75046ffb9b38,director,9
Koji Yamamura,F:ea57f6c88dad,director,6
Koji Yamamura,F:1c5418a3c1af,director,3
Koji Yamamura,F:ec7726632ac1,director,10
Koji Yamamura,F:db1f93cf5bdc,director,1
Koji Yamamura,F:7e52230dd02d,director,7
Koji Yamamura,F:a2edba29a3fd,director,5
Koji Yamamura,F:40f2947a9d45,director,2
Koji Yamamura,F:cc882978bf66,director,4
Koji Yamamura,F:28d41c264f9a,director,8
Nobuhiro Yamashita,F:8d48cb273107,director,4
Nobuhiro Yamashita,F:c6d1318cb697,director,7
Nobuhiro Yamashita,F:12fb318fa245,director,6
Nobuhiro Yamashita,F:aa65b1eedc05,director,9
Nobuhiro Yamashita,F:b9015399890a,director,3
Nobuhiro Yamashita,F:11f597068baf,director,8
Nobuhiro Yamashita,F:eed681aae76f,director,1
Nobuhiro Yamashita,F:f12d007b6d10,director,2
Nobuhiro Yamashita,F:114ae73dd3a7,director,10
Nobuhiro Yamashita,F:925ddc8c2d36,director,5
Ezequiel Yanco,F:944ad783759e,director,9
Ezequiel Yanco,F:83c734e30238,director,10
Ezequiel Yanco,F:feaa04ac1109,director,5
Ezequiel Yanco,F:75046ffb9b38,director,8
Ezequiel Yanco,F:1876b26426fa,director,4
Ezequiel Yanco,F:f53416daf440,director,7
Ezequiel Yanco,F:15298623ef1f,director,6
Ezequiel Yanco,F:da1c0f0f7073,director,1
Ezequiel Yanco,F:ec983a6c1ee5,director,3
Ezequiel Yanco,F:174079bf97bf,director,2
Manuel Yáñez-Murillo,F:8db25a4797e8,critic,3
Manuel Yáñez-Murillo,F:55ad4fb0baae,critic,6
Manuel Yáñez-Murillo,F:2da4899c687b,critic,7
Manuel Yáñez-Murillo,F:7cdcf0b32a06,critic,9
Manuel Yáñez-Murillo,F:3e088c64f4af,critic,2
Manuel Yáñez-Murillo,F:1876b26426fa,critic,5
Manuel Yáñez-Murillo,F:8e368939548a,critic,1
Manuel Yáñez-Murillo,F:e4e5d0b8b474,critic,10
Manuel Yáñez-Murillo,F:f87b3c091815,critic,8
Manuel Yáñez-Murillo,F:46194e616618,critic,4
Heng Yang,F:9f96298e4d23,director,10
Heng Yang,F:29e8c2663329,director,9
Heng Yang,F:3c781cd7cdf8,director,3
Heng Yang,F:a5083fa04636,director,8
Heng Yang,F:15298623ef1f,director,7
Heng Yang,F:114ae73dd3a7,director,6
Heng Yang,F:665eab0ab9d1,director,5
Heng Yang,F:4953ffd81613,director,2
Heng Yang,F:ceac890ee6b9,director,1
Heng Yang,F:0df7362f710e,director,4
Emilie Yeh Yueh-Yu,F:9f96298e4d23,critic,10
Emilie Yeh Yueh-Yu,F:38b522b41810,critic,4
Emilie Yeh Yueh-Yu,F:653f45346bcc,critic,9
Emilie Yeh Yueh-Yu,F:2bcbc58a252d,critic,7
Emilie Yeh Yueh-Yu,F:9fa8a94443bd,critic,5
Emilie Yeh Yueh-Yu,F:831c9cd8d8f7,critic,1
Emilie Yeh Yueh-Yu,F:d117472f572e,critic,8
Emilie Yeh Yueh-Yu,F:f26363208aeb,critic,3
Emilie Yeh Yueh-Yu,F:0a600f29226c,critic,6
Emilie Yeh Yueh-Yu,F:132d9439f658,critic,2
Inuhiko Yomota,F:308495eee88d,critic,2
Inuhiko Yomota,F:55ad4fb0baae,critic,9
Inuhiko Yomota,F:5c5b6e357b02,critic,3
Inuhiko Yomota,F:50e7c992b75a,critic,6
Inuhiko Yomota,F:e96f0a94120a,critic,1
Inuhiko Yomota,F:6f2a4d797b57,critic,5
Inuhiko Yomota,F:ff478deae1ed,critic,8
Inuhiko Yomota,F:caabee7db5c9,critic,10
Inuhiko Yomota,F:fd857540d602,critic,4
Inuhiko Yomota,F:8509b531b601,critic,7
Jingan Young,F:79cf40bc91de,critic,2
Jingan Young,F:932d56aa0876,critic,3
Jingan Young,F:0e61e911fddb,critic,1
Jingan Young,F:5ff8e468e0f2,critic,9
Jingan Young,F:b30f4a3a1342,critic,7
Jingan Young,F:5bfb5fa6318b,critic,6
Jingan Young,F:5d99bc43562a,critic,8
Jingan Young,F:ba2f0ea4db35,critic,4
Jingan Young,F:6461abdfd357,critic,10
Jingan Young,F:faaccd8796e5,critic,5
Neil Young,F:95d84ec05481,critic,5
Neil Young,F:cc563e0d2bdd,critic,1
Neil Young,F:fa2aaf3751d9,critic,3
Neil Young,F:e917fde84581,critic,6
Neil Young,F:83c734e30238,critic,9
Neil Young,F:3cf6959fa3c8,critic,4
Neil Young,F:d8be33a7aa37,critic,8
Neil Young,F:c16d8f291cd7,critic,7
Neil Young,F:a07d0a51229b,critic,2
Adham Youssef,F:782f6b9d4a23,critic,3
Adham Youssef,F:477977925947,critic,8
Adham Youssef,F:74b03fbb797f,critic,7
Adham Youssef,F:515c10614e96,critic,4
Adham Youssef,F:e4f5d15a6741,critic,1
Adham Youssef,F:09874e3f5d06,critic,6
Adham Youssef,F:f376d0dacdd0,critic,10
Adham Youssef,F:af9e3551238b,critic,9
Adham Youssef,F:a06e800f1aed,critic,5
Adham Youssef,F:4b85a9ded51f,critic,2
Firat Yucel,F:6158c3acae8a,critic,8
Firat Yucel,F:3607e9f1675c,critic,9
Firat Yucel,F:6a96906d77f4,critic,6
Firat Yucel,F:6206d3e8f67b,critic,7
Firat Yucel,F:a14151e62886,critic,1
Firat Yucel,F:b8df595b2530,critic,4
Firat Yucel,F:d2ac8fced14e,critic,10
Firat Yucel,F:a585bc7218db,critic,5
Firat Yucel,F:e217ddf65f4e,critic,2
Firat Yucel,F:359a2b1e0007,critic,3
Genevieve Yue,F:d8ca1cf0db1b,critic,7
Genevieve Yue,F:569be7b19926,critic,4
Genevieve Yue,F:0565ff7fd56c,critic,9
Genevieve Yue,F:fb3fd2428efd,critic,1
Genevieve Yue,F:bec332d8ab3d,critic,5
Genevieve Yue,F:a6e9d8d798ae,critic,3
Genevieve Yue,F:944ad783759e,critic,10
Genevieve Yue,F:b5fac1879322,critic,8
Genevieve Yue,F:0d1fd8db8fb0,critic,6
Genevieve Yue,F:7197cebceede,critic,2
Midi Z,F:29e8c2663329,director,8
Midi Z,F:8703270231ee,director,6
Midi Z,F:951e168add74,director,5
Midi Z,F:7fe15b05ccde,director,9
Midi Z,F:aa65b1eedc05,director,7
Midi Z,F:d6448fec226c,director,1
Midi Z,F:93b853b9e717,director,2
Midi Z,F:79e927c6fa34,director,3
Midi Z,F:e4e5d0b8b474,director,10
Midi Z,F:e147c7e3e29c,director,4
Isaac Zablocki,F:d82151d9c18c,critic,7
Isaac Zablocki,F:93a1beda19cd,critic,9
Isaac Zablocki,F:4856ae18c1cd,critic,10
Isaac Zablocki,F:d8b12c4efd31,critic,2
Isaac Zablocki,F:1c8565784f6c,critic,8
Isaac Zablocki,F:2aa982232c65,critic,3
Isaac Zablocki,F:c79c561e7b8b,critic,6
Isaac Zablocki,F:e90b5b3208dc,critic,1
Isaac Zablocki,F:04242e34e9b2,critic,4
Isaac Zablocki,F:3c85ccd7c210,critic,5
Hady Zaccak,F:665eab0ab9d1,critic,7
Hady Zaccak,F:b5a06746734d,critic,10
Hady Zaccak,F:bf6387f2c8ae,critic,9
Hady Zaccak,F:e2bff7956338,critic,8
Hady Zaccak,F:38516f3726c8,critic,6
Hady Zaccak,F:cd6c92d24d51,critic,5
Hady Zaccak,F:b78d23ce6435,critic,1
Hady Zaccak,F:5f021aa369d3,critic,3
Hady Zaccak,F:d4ee0330f69e,critic,2
Hady Zaccak,F:35eee092a1be,critic,4
Ab Zagt,F:f71879711b8f,critic,8
Ab Zagt,F:b0360159539e,critic,7
Ab Zagt,F:4c53a001a92c,critic,5
Ab Zagt,F:73ac13372020,critic,3
Ab Zagt,F:cbca9660da1d,critic,6
Ab Zagt,F:cf6cb2112728,critic,1
Ab Zagt,F:63d46e5d8cef,critic,4
Ab Zagt,F:bf6387f2c8ae,critic,10
Ab Zagt,F:f44713a09e4d,critic,9
Ab Zagt,F:7de0eaabaf36,critic,2
Ramin Zahed,F:8703270231ee,critic,3
Ramin Zahed,F:b5a06746734d,critic,10
Ramin Zahed,F:bf6387f2c8ae,critic,9
Ramin Zahed,F:4fd3c9a708f4,critic,2
Ramin Zahed,F:38ccb3d447c3,critic,8
Ramin Zahed,F:fbac63dcd9cf,critic,4
Ramin Zahed,F:665eab0ab9d1,critic,5
Ramin Zahed,F:edfb01f5a9d6,critic,7
Ramin Zahed,F:03809811ea9b,critic,6
Ramin Zahed,F:2c1b8d02644e,critic,1
Fatma Zohra Zamoum,F:bee09401fa7d,director,9
Fatma Zohra Zamoum,F:acd78bcb075a,director,1
Fatma Zohra Zamoum,F:cdb76db94f02,director,8
Fatma Zohra Zamoum,F:3232a2646dad,director,7
Fatma Zohra Zamoum,F:04b8bacc209b,director,4
Fatma Zohra Zamoum,F:69f5bed6f836,director,10
Fatma Zohra Zamoum,F:cebe5457b5ce,director,6
Fatma Zohra Zamoum,F:dfb01f9b56de,director,5
Fatma Zohra Zamoum,F:fd03371c0d04,director,2
Fatma Zohra Zamoum,F:d2e7ff19df75,director,3
Florian Zeller,F:653f45346bcc,director,9
Florian Zeller,F:cc654d1a6bab,director,2
Florian Zeller,F:8fe1bdde11ef,director,8
Florian Zeller,F:f03f4c93d0f1,director,4
Florian Zeller,F:e2bff7956338,director,10
Florian Zeller,F:81e8c65d133e,director,3
Florian Zeller,F:11fff6d5f45a,director,6
Florian Zeller,F:5a4bc0f68865,director,1
Florian Zeller,F:af3336b803be,director,7
Florian Zeller,F:727b4a394724,director,5
Iván Zgaib,F:426000449df9,critic,1
Iván Zgaib,F:cb689f3e2a97,critic,8
Iván Zgaib,F:0de89c93aaa2,critic,3
Iván Zgaib,F:944ad783759e,critic,10
Iván Zgaib,F:caabee7db5c9,critic,6
Iván Zgaib,F:387f1537f720,critic,2
Iván Zgaib,F:d2f59305f247,critic,5
Iván Zgaib,F:75046ffb9b38,critic,7
Iván Zgaib,F:4178c0f6fbb7,critic,9
Iván Zgaib,F:7a87f52cc24d,critic,4
Liang Zhao,F:29e8c2663329,director,9
Liang Zhao,F:b66ff5455e86,director,2
Liang Zhao,F:3aac5db12b12,director,7
Liang Zhao,F:9539729dc80f,director,8
Liang Zhao,F:9f96298e4d23,director,10
Liang Zhao,F:852e4b6dc461,director,5
Liang Zhao,F:20ee2ea8dacf,director,4
Liang Zhao,F:cc41d847eae9,director,6
Liang Zhao,F:9e26743be00f,director,1
Liang Zhao,F:538519c42e30,director,3
Shengze Zhu,F:83c734e30238,director,10
Shengze Zhu,F:aa65b1eedc05,director,6
Shengze Zhu,F:eeb94ecd85af,director,4
Shengze Zhu,F:b132d89fef53,director,9
Shengze Zhu,F:125061f190de,director,7
Shengze Zhu,F:8c93104a11a8,director,3
Shengze Zhu,F:0df7362f710e,director,5
Shengze Zhu,F:58f9e7707a27,director,2
Shengze Zhu,F:69f5bed6f836,director,8
Shengze Zhu,F:2ba733fbf51c,director,1
Brianna Zigler,F:b36e2106dd8c,critic,5
Brianna Zigler,F:8e6d8d81fb8e,critic,1
Brianna Zigler,F:9d5f6e82448b,critic,6
Brianna Zigler,F:727b4a394724,critic,7
Brianna Zigler,F:1a5ed79e90c4,critic,8
Brianna Zigler,F:57a1bf06a3b8,critic,9
Brianna Zigler,F:0813fd94c20e,critic,3
Brianna Zigler,F:83c734e30238,critic,10
Brianna Zigler,F:3a1db211ccc6,critic,4
Brianna Zigler,F:248c0540b695,critic,2
Andrea Luka Zimmerman,F:d8be33a7aa37,director,7
Andrea Luka Zimmerman,F:10e86670da04,director,9
Andrea Luka Zimmerman,F:825d20cef0a4,director,1
Andrea Luka Zimmerman,F:06f90141bd26,director,3
Andrea Luka Zimmerman,F:0565ff7fd56c,director,10
Andrea Luka Zimmerman,F:0d1fd8db8fb0,director,6
Andrea Luka Zimmerman,F:30c86f12fae5,director,4
Andrea Luka Zimmerman,F:4e4fb2616f60,director,2
Andrea Luka Zimmerman,F:1b75128a4d7f,director,5
Andrea Luka Zimmerman,F:950c29bf9796,director,8
Gregory Zinman,F:6e988d2b41e5,critic,2
Gregory Zinman,F:b132d89fef53,critic,9
Gregory Zinman,F:09a914de09e9,critic,5
Gregory Zinman,F:4823aa628780,critic,3
Gregory Zinman,F:b2910882a46d,critic,7
Gregory Zinman,F:83c734e30238,critic,10
Gregory Zinman,F:653f45346bcc,critic,8
Gregory Zinman,F:b81ddc038404,critic,6
Gregory Zinman,F:5b9c8bdee226,critic,4
Gregory Zinman,F:644e3821409e,critic,1
Josè Tomaz António Zita,F:eda10dce2ec7,critic,1
Josè Tomaz António Zita,F:7383a77828eb,critic,5
Josè Tomaz António Zita,F:e11fc02e12bc,critic,2
Josè Tomaz António Zita,F:5ce1b9da2a58,critic,9
Josè Tomaz António Zita,F:1bfa07135994,critic,6
Josè Tomaz António Zita,F:5b4cb7b3acf8,critic,10
Josè Tomaz António Zita,F:49f7bb4b2847,critic,7
Josè Tomaz António Zita,F:38336275b2a8,critic,3
Josè Tomaz António Zita,F:94ce6ce66fdf,critic,4
Josè Tomaz António Zita,F:d339d3c3297a,critic,8
Slavoj Žižek,F:9daa251a7795,critic,6
Slavoj Žižek,F:b5a06746734d,critic,10
Slavoj Žižek,F:09035fce59e3,critic,8
Slavoj Žižek,F:46194e616618,critic,7
Slavoj Žižek,F:69f5bed6f836,critic,9
Slavoj Žižek,F:9f38cc6cbfd2,critic,2
Slavoj Žižek,F:57a8bdcc7c40,critic,1
Slavoj Žižek,F:8d0145a442ce,critic,4
Slavoj Žižek,F:578c62bb9d09,critic,5
Slavoj Žižek,F:2db3e51799c9,critic,3
Rebecca Zlotowski,F:7d48a36cc96a,director,4
Rebecca Zlotowski,F:96db1ec94fd6,director,5
Rebecca Zlotowski,F:83c734e30238,director,10
Rebecca Zlotowski,F:682cce0eba66,director,1
Rebecca Zlotowski,F:5e5b16dbc375,director,6
Rebecca Zlotowski,F:cb689f3e2a97,director,8
Rebecca Zlotowski,F:653f45346bcc,director,9
Rebecca Zlotowski,F:330f3ed478e6,director,2
Rebecca Zlotowski,F:3ef587a07100,director,3
Rebecca Zlotowski,F:cbb0587ba064,director,7
Matt Zoller Seitz,F:3dc11a61f1ca,critic,4
Matt Zoller Seitz,F:944ad783759e,critic,8
Matt Zoller Seitz,F:d6d30033c698,critic,5
Matt Zoller Seitz,F:e4e5d0b8b474,critic,9
Matt Zoller Seitz,F:b132d89fef53,critic,10
Matt Zoller Seitz,F:59ad7c389a61,critic,6
Matt Zoller Seitz,F:76279fbba3af,critic,1
Matt Zoller Seitz,F:d1188b34b03c,critic,7
Matt Zoller Seitz,F:4326441d5975,critic,3
Matt Zoller Seitz,F:80a4e72fb8cd,critic,2
Timé Zoppe,F:653f45346bcc,critic,9
Timé Zoppe,F:5e201ce6e4d7,critic,6
Timé Zoppe,F:838a18661382,critic,8
Timé Zoppe,F:3af40ecb2be3,critic,1
Timé Zoppe,F:83c734e30238,critic,10
Timé Zoppe,F:92e8e24d31c6,critic,2
Timé Zoppe,F:9cac88a557fd,critic,7
Timé Zoppe,F:9c7d37d05b63,critic,3
Timé Zoppe,F:d270087b657a,critic,5
Timé Zoppe,F:553ecfd38a6f,critic,4
Mike Zryd,F:d00ae7a6785b,critic,3
Mike Zryd,F:090832505b0f,critic,10
Mike Zryd,F:0a6dc7e57ab4,critic,5
Mike Zryd,F:a0e97ad8bdd4,critic,6
Mike Zryd,F:09a914de09e9,critic,8
Mike Zryd,F:8c93104a11a8,critic,9
Mike Zryd,F:ff5bdf04a167,critic,7
Mike Zryd,F:3da01db246fc,critic,1
Mike Zryd,F:dedd1b021835,critic,4
Mike Zryd,F:dc6d4bf7dd24,critic,2
Esther Zuckerman,F:b5fac1879322,critic,6
Esther Zuckerman,F:2861a518888c,critic,5
Esther Zuckerman,F:ed913192d169,critic,7
Esther Zuckerman,F:b10a906b1662,critic,4
Esther Zuckerman,F:d1188b34b03c,critic,10
Esther Zuckerman,F:03b3065dc545,critic,8
Esther Zuckerman,F:4869214ea5b6,critic,2
Esther Zuckerman,F:e35009677263,critic,1
Esther Zuckerman,F:59ad7c389a61,critic,9
Esther Zuckerman,F:c57d23af360b,critic,3
Nicolás Zukerfeld,F:4178c0f6fbb7,critic,8
Nicolás Zukerfeld,F:b02a94dcf890,critic,3
Nicolás Zukerfeld,F:fe1224542bff,critic,4
Nicolás Zukerfeld,F:337423442fc4,critic,5
Nicolás Zukerfeld,F:0828e272e73f,critic,2
Nicolás Zukerfeld,F:87ddccd7c29d,critic,7
Nicolás Zukerfeld,F:2861a518888c,critic,6
Nicolás Zukerfeld,F:b5a06746734d,critic,10
Nicolás Zukerfeld,F:8342edd59f6d,critic,1
Nicolás Zukerfeld,F:69f5bed6f836,critic,9
Pedro Adrián Zuluaga,F:cc882978bf66,critic,2
Pedro Adrián Zuluaga,F:3cb2ae41458e,critic,1
Pedro Adrián Zuluaga,F:19eb92f7e110,critic,4
Pedro Adrián Zuluaga,F:2da4899c687b,critic,8
Pedro Adrián Zuluaga,F:2320d0b9141c,critic,6
Pedro Adrián Zuluaga,F:17fcc038144d,critic,7
Pedro Adrián Zuluaga,F:9f96298e4d23,critic,10
Pedro Adrián Zuluaga,F:4acddf379d28,critic,9
Pedro Adrián Zuluaga,F:44d249fc6091,critic,5
Pedro Adrián Zuluaga,F:0330eeb7767e,critic,3
Varun Grover,F:cda1a8b3152c,,10
Varun Grover,F:9347a82e3372,,5
Varun Grover,F:c075ca5a9bd2,,6
Venkateswaran Narayanan,F:cda1a8b3152c,,8
Pat Murphy,F:cda1a8b3152c,,10
Sally Potter,F:cda1a8b3152c,,11
Venkateswaran Narayanan,F:9347a82e3372,,1
Pat Murphy,F:9347a82e3372,,2
Sally Potter,F:9347a82e3372,,1
Venkateswaran Narayanan,F:c075ca5a9bd2,,2
Pat Murphy,F:c075ca5a9bd2,,3
Sally Potter,F:c075ca5a9bd2,,2
Adam Chodzko,F:49a59167770c,,4
Adam Chodzko,F:2d923d9ec318,,1
Adam Chodzko,F:d73269047025,,2
