voter_name,canonical_id,sources,positions,voter_types
A.L. Kennedy,K:1a0c06d3d2a9,Top Ten Books,10,
A.L. Kennedy,K:8a9c82a087df,Top Ten Books,8,
A.L. Kennedy,K:cc83b0188ed4,Top Ten Books,1,
A.L. Kennedy,K:d47d8cd099f0,Top Ten Books,7,
A.L. Kennedy,K:ffa3f721b881,Top Ten Books,9,
A.L. Kennedy,OL:OL2005223W,Top Ten Books,3,
A.L. Kennedy,OL:OL24156W,Top Ten Books,2,
A.L. Kennedy,OL:OL2466637W,Top Ten Books,6,
A.L. Kennedy,OL:OL26437W,Top Ten Books,4,
A.L. Kennedy,OL:OL32013322W,Top Ten Books,5,
A.M. Homes,K:23ded9392b69,Top Ten Books,8,
A.M. Homes,K:2f9cd8e7abef,Top Ten Books,2,
A.M. Homes,K:47e0fe1f5575,Top Ten Books,1,
A.M. Homes,K:4fa2340b7789,Top Ten Books,3,
A.M. Homes,K:ad9ddab46bc3,Top Ten Books,4,
A.M. Homes,K:ae686b9f3f5e,Top Ten Books,1,
A.M. Homes,K:dd6318e3c408,Top Ten Books,5,
A.M. Homes,K:eec2f45b4e0a,Top Ten Books,7,
A.M. Homes,OL:OL1326348W,Top Ten Books,6,
A.M. Homes,OL:OL166894W,Top Ten Books,9,
A.M. Homes,OL:OL627084W,Top Ten Books,10,
Adam Braver,K:2484db8decc1,Top Ten Books,8,
Adam Braver,K:252d8e6a371c,Top Ten Books,10,
Adam Braver,K:5610cd9f092e,Top Ten Books,4,
Adam Braver,K:62b0567b695e,Top Ten Books,5,
Adam Braver,K:6b584d1b9428,Top Ten Books,7,
Adam Braver,K:a7d082925dfc,Top Ten Books,2,
Adam Braver,K:bd7c5b4ada3f,Top Ten Books,3,
Adam Braver,K:da7daa0a88e4,Top Ten Books,6,
Adam Braver,OL:OL3335245W,Top Ten Books,9,
Adam Braver,OL:OL8972751W,Top Ten Books,1,
Adam Haslett,K:7d6f4598f836,Top Ten Books,2,
Adam Haslett,K:8ea95c8da16e,Top Ten Books,9,
Adam Haslett,K:bc4aa7549271,Top Ten Books,1,
Adam Haslett,K:d2d9f9b0f145,Top Ten Books,4,
Adam Haslett,K:efb5a50a426d,Top Ten Books,10,
Adam Haslett,OL:OL102749W,Top Ten Books,8,
Adam Haslett,OL:OL1190289W,Top Ten Books,5,
Adam Haslett,OL:OL20867W,Top Ten Books,6,
Adam Haslett,OL:OL267171W,Top Ten Books,3,
Adam Haslett,OL:OL757983W,Top Ten Books,7,
Adam Roberts,OL:OL14868508W,Guardian Top 100,6,Author
Adam Roberts,OL:OL166496W,Guardian Top 100,10,Author
Adam Roberts,OL:OL20867W,Guardian Top 100,2,Author
Adam Roberts,OL:OL27448W,Guardian Top 100,1,Author
Adam Roberts,OL:OL44820011W,Guardian Top 100,5,Author
Adam Roberts,OL:OL50548W,Guardian Top 100,9,Author
Adam Roberts,OL:OL52114W,Guardian Top 100,8,Author
Adam Roberts,OL:OL59794W,Guardian Top 100,4,Author
Adam Roberts,OL:OL863735W,Guardian Top 100,7,Author
Adam Roberts,OL:OL891786W,Guardian Top 100,3,Author
Adam Thirlwell,OL:OL1184871W,Guardian Top 100,10,Author
Adam Thirlwell,OL:OL1190289W,Guardian Top 100,2,Author
Adam Thirlwell,OL:OL1330246W,Guardian Top 100,3,Author
Adam Thirlwell,OL:OL1715276W,Guardian Top 100,9,Author
Adam Thirlwell,OL:OL267171W,Guardian Top 100,1,Author
Adam Thirlwell,OL:OL32013322W,Guardian Top 100,4,Author
Adam Thirlwell,OL:OL37277W,Guardian Top 100,8,Author
Adam Thirlwell,OL:OL39360W,Guardian Top 100,5,Author
Adam Thirlwell,OL:OL498463W,Guardian Top 100,7,Author
Adam Thirlwell,OL:OL847902W,Guardian Top 100,6,Author
Adriana Trigiani,K:338726f56a1d,Top Ten Books,3,
Adriana Trigiani,K:424e6fcde8db,Top Ten Books,10,
Adriana Trigiani,K:5ffdad6601d4,Top Ten Books,5,
Adriana Trigiani,K:76ef59a89b06,Top Ten Books,7,
Adriana Trigiani,K:b874087092e5,Top Ten Books,6,
Adriana Trigiani,K:f9197dea01cf,Top Ten Books,1,
Adriana Trigiani,OL:OL1095427W,Top Ten Books,2,
Adriana Trigiani,OL:OL15165350W,Top Ten Books,8,
Adriana Trigiani,OL:OL483391W,Top Ten Books,4,
Ahdaf Soueif,OL:OL15165350W,Guardian Top 100,7,Author/Journalist
Ahdaf Soueif,OL:OL16821748W,Guardian Top 100,5,Author/Journalist
Ahdaf Soueif,OL:OL20867W,Guardian Top 100,1,Author/Journalist
Ahdaf Soueif,OL:OL2386322W,Guardian Top 100,3,Author/Journalist
Ahdaf Soueif,OL:OL267096W,Guardian Top 100,2,Author/Journalist
Ahdaf Soueif,OL:OL274505W,Guardian Top 100,10,Author/Journalist
Ahdaf Soueif,OL:OL3335245W,Guardian Top 100,8,Author/Journalist
Ahdaf Soueif,OL:OL41597565W,Guardian Top 100,4,Author/Journalist
Ahdaf Soueif,OL:OL63072W,Guardian Top 100,9,Author/Journalist
Ahdaf Soueif,OL:OL8721462W,Guardian Top 100,6,Author/Journalist
Aida Edemariam,OL:OL103113W,Guardian Top 100,10,Author/Journalist
Aida Edemariam,OL:OL1184856W,Guardian Top 100,9,Author/Journalist
Aida Edemariam,OL:OL190034W,Guardian Top 100,4,Author/Journalist
Aida Edemariam,OL:OL2047674W,Guardian Top 100,3,Author/Journalist
Aida Edemariam,OL:OL20867W,Guardian Top 100,1,Author/Journalist
Aida Edemariam,OL:OL228720W,Guardian Top 100,7,Author/Journalist
Aida Edemariam,OL:OL26733889W,Guardian Top 100,6,Author/Journalist
Aida Edemariam,OL:OL34381078W,Guardian Top 100,2,Author/Journalist
Aida Edemariam,OL:OL50548W,Guardian Top 100,5,Author/Journalist
Aida Edemariam,OL:OL931688W,Guardian Top 100,8,Author/Journalist
Alain Mabanckou,OL:OL11728724W,Guardian Top 100,3,Author/Academic
Alain Mabanckou,OL:OL1437339W,Guardian Top 100,7,Author/Academic
Alain Mabanckou,OL:OL1731119W,Guardian Top 100,4,Author/Academic
Alain Mabanckou,OL:OL3335245W,Guardian Top 100,10,Author/Academic
Alain Mabanckou,OL:OL3942386W,Guardian Top 100,2,Author/Academic
Alain Mabanckou,OL:OL498463W,Guardian Top 100,5,Author/Academic
Alain Mabanckou,OL:OL65906W,Guardian Top 100,9,Author/Academic
Alain Mabanckou,OL:OL860032W,Guardian Top 100,8,Author/Academic
Alain Mabanckou,OL:OL891786W,Guardian Top 100,1,Author/Academic
Alain Mabanckou,OL:OL8996439W,Guardian Top 100,6,Author/Academic
Alan Furst,K:155118d6152f,Top Ten Books,1,
Alan Furst,K:214345a72a1d,Top Ten Books,10,
Alan Furst,K:4572192529ff,Top Ten Books,8,
Alan Furst,K:7aacbb2da237,Top Ten Books,3,
Alan Furst,K:8454daa94c7a,Top Ten Books,6,
Alan Furst,K:c5bdc240b49e,Top Ten Books,5,
Alan Furst,K:ef3be8623dfc,Top Ten Books,7,
Alan Furst,OL:OL2074162W,Top Ten Books,2,
Alan Furst,OL:OL466942W,Top Ten Books,9,
Alan Furst,OL:OL505583W,Top Ten Books,4,
Alberto Manguel,OL:OL102749W,Guardian Top 100,2,Author
Alberto Manguel,OL:OL1168083W,Guardian Top 100,6,Author
Alberto Manguel,OL:OL14860424W,Guardian Top 100,3,Author
Alberto Manguel,OL:OL24156W,Guardian Top 100,10,Author
Alberto Manguel,OL:OL2564006W,Guardian Top 100,8,Author
Alberto Manguel,OL:OL26860869W,Guardian Top 100,7,Author
Alberto Manguel,OL:OL274505W,Guardian Top 100,5,Author
Alberto Manguel,OL:OL44222301W,Guardian Top 100,1,Author
Alberto Manguel,OL:OL498556W,Guardian Top 100,9,Author
Alberto Manguel,OL:OL86318W,Guardian Top 100,4,Author
Alex Clark,OL:OL103108W,Guardian Top 100,7,
Alex Clark,OL:OL1190289W,Guardian Top 100,2,
Alex Clark,OL:OL1875009W,Guardian Top 100,8,
Alex Clark,OL:OL20867W,Guardian Top 100,1,
Alex Clark,OL:OL21784995W,Guardian Top 100,4,
Alex Clark,OL:OL25796415W,Guardian Top 100,10,
Alex Clark,OL:OL31259W,Guardian Top 100,5,
Alex Clark,OL:OL39396W,Guardian Top 100,9,
Alex Clark,OL:OL495470W,Guardian Top 100,6,
Alex Clark,OL:OL86318W,Guardian Top 100,3,
Alex Needham,K:5fcc86b529ea,series_explode,,
Alex Needham,OL:OL157104W,Guardian Top 100,1,Journalist
Alex Needham,OL:OL17792692W,Guardian Top 100,3,Journalist
Alex Needham,OL:OL1993508W,Guardian Top 100,4,Journalist
Alex Needham,OL:OL20867W,Guardian Top 100,5,Journalist
Alex Needham,OL:OL31259W,Guardian Top 100,9,Journalist
Alex Needham,OL:OL42718662W,series_explode,,
Alex Needham,OL:OL463809W,series_explode,,
Alex Needham,OL:OL463820W,series_explode,,
Alex Needham,OL:OL46615W,Guardian Top 100,8,Journalist
Alex Needham,OL:OL5869550W,Guardian Top 100,10,Journalist
Alex Needham,OL:OL627081W,Guardian Top 100,2,Journalist
Alex Needham,OL:OL66530W,Guardian Top 100,6,Journalist
Alexander McCall Smith,K:a84147873529,Top Ten Books,4,
Alexander McCall Smith,K:c446848d2470,Top Ten Books,9,
Alexander McCall Smith,K:ce25ec2e8db5,Top Ten Books,6,
Alexander McCall Smith,OL:OL19350876W,Top Ten Books,7,
Alexander McCall Smith,OL:OL2384132W,Top Ten Books,5,
Alexander McCall Smith,OL:OL26437W,Top Ten Books,3,
Alexander McCall Smith,OL:OL267096W,Top Ten Books,1,
Alexander McCall Smith,OL:OL267171W,Top Ten Books,2,
Alexander McCall Smith,OL:OL274505W,Top Ten Books,8,
Alexander McCall Smith,OL:OL3140822W,Top Ten Books,10,
Alexandra Harris,OL:OL12791W,Guardian Top 100,5,Author/Academic
Alexandra Harris,OL:OL17063057W,Guardian Top 100,10,Author/Academic
Alexandra Harris,OL:OL20665410W,Guardian Top 100,9,Author/Academic
Alexandra Harris,OL:OL32013322W,Guardian Top 100,6,Author/Academic
Alexandra Harris,OL:OL39316W,Guardian Top 100,2,Author/Academic
Alexandra Harris,OL:OL39329W,Guardian Top 100,4,Author/Academic
Alexandra Harris,OL:OL39396W,Guardian Top 100,1,Author/Academic
Alexandra Harris,OL:OL44994W,Guardian Top 100,3,Author/Academic
Alexandra Harris,OL:OL509889W,Guardian Top 100,8,Author/Academic
Alexandra Harris,OL:OL86318W,Guardian Top 100,7,Author/Academic
Ali Smith,OL:OL1451547W,Guardian Top 100,8,Author
Ali Smith,OL:OL16273321W,Guardian Top 100,4,Author
Ali Smith,OL:OL190034W,Guardian Top 100,9,Author
Ali Smith,OL:OL2196010W,Guardian Top 100,10,Author
Ali Smith,OL:OL2466637W,Guardian Top 100,6,Author
Ali Smith,OL:OL26427W,Guardian Top 100,2,Author
Ali Smith,OL:OL26437W,Guardian Top 100,3,Author
Ali Smith,OL:OL3827330W,Guardian Top 100,5,Author
Ali Smith,OL:OL50548W,Guardian Top 100,1,Author
Ali Smith,OL:OL8662242W,Guardian Top 100,7,Author
Alice Hoffman,K:910a38647a5c,Top Ten Books,8,
Alice Hoffman,K:a452f45af6bc,Top Ten Books,10,
Alice Hoffman,OL:OL103123W,Top Ten Books,9,
Alice Hoffman,OL:OL15165350W,Top Ten Books,4,
Alice Hoffman,OL:OL21170W,Top Ten Books,1,
Alice Hoffman,OL:OL274505W,Top Ten Books,7,
Alice Hoffman,OL:OL3335245W,Top Ten Books,3,
Alice Hoffman,OL:OL50548W,Top Ten Books,5,
Alice Hoffman,OL:OL82870W,Top Ten Books,6,
Alice Hoffman,OL:OL8721462W,Top Ten Books,2,
Alix Ohlin,K:234979824b21,Top Ten Books,10,
Alix Ohlin,K:338581d02713,Top Ten Books,5,
Alix Ohlin,K:969b47058d9c,Top Ten Books,4,
Alix Ohlin,K:ba0db5877d24,Top Ten Books,7,
Alix Ohlin,OL:OL1095427W,Top Ten Books,3,
Alix Ohlin,OL:OL2005223W,Top Ten Books,9,
Alix Ohlin,OL:OL26437W,Top Ten Books,1,
Alix Ohlin,OL:OL26733889W,Top Ten Books,8,
Alix Ohlin,OL:OL34381078W,Top Ten Books,2,
Alix Ohlin,OL:OL98491W,Top Ten Books,6,
Allan Gurganus,K:23e11cce9bf8,Top Ten Books,4,
Allan Gurganus,K:6b584d1b9428,Top Ten Books,2,
Allan Gurganus,K:7a4667d98f9f,Top Ten Books,5,
Allan Gurganus,K:d269f3b1008d,Top Ten Books,7,
Allan Gurganus,K:d2d9f9b0f145,Top Ten Books,6,
Allan Gurganus,OL:OL190034W,Top Ten Books,9,
Allan Gurganus,OL:OL20867W,Top Ten Books,3,
Allan Gurganus,OL:OL27217159W,Top Ten Books,1,
Allan Gurganus,OL:OL5721561W,Top Ten Books,8,
Allan Gurganus,OL:OL67334W,Top Ten Books,10,
Amanda Craig,OL:OL1308096W,Guardian Top 100,9,Author
Amanda Craig,OL:OL16313W,Guardian Top 100,6,Author
Amanda Craig,OL:OL23020966W,Guardian Top 100,1,Author
Amanda Craig,OL:OL267096W,Guardian Top 100,2,Author
Amanda Craig,OL:OL2980902W,Guardian Top 100,5,Author
Amanda Craig,OL:OL31098954W,Guardian Top 100,10,Author
Amanda Craig,OL:OL34381078W,Guardian Top 100,7,Author
Amanda Craig,OL:OL40756300W,Guardian Top 100,4,Author
Amanda Craig,OL:OL59800W,Guardian Top 100,8,Author
Amanda Craig,OL:OL8721462W,Guardian Top 100,3,Author
Amanda Filipacchi,K:0a09f6895a0f,Top Ten Books,8,
Amanda Filipacchi,K:0b1ced26bddf,Top Ten Books,1,
Amanda Filipacchi,K:b6a27884a317,Top Ten Books,3,
Amanda Filipacchi,OL:OL1095427W,Top Ten Books,5,
Amanda Filipacchi,OL:OL1190289W,Top Ten Books,2,
Amanda Filipacchi,OL:OL166894W,Top Ten Books,6,
Amanda Filipacchi,OL:OL190034W,Top Ten Books,9,
Amanda Filipacchi,OL:OL34381078W,Top Ten Books,10,
Amanda Filipacchi,OL:OL8193416W,Top Ten Books,7,
Amanda Filipacchi,OL:OL98587W,Top Ten Books,4,
Amit Chaudhuri,OL:OL103095W,Guardian Top 100,1,Author
Amit Chaudhuri,OL:OL103113W,Guardian Top 100,3,Author
Amit Chaudhuri,OL:OL1057179W,Guardian Top 100,4,Author
Amit Chaudhuri,OL:OL2009183W,Guardian Top 100,7,Author
Amit Chaudhuri,OL:OL2465642W,Guardian Top 100,10,Author
Amit Chaudhuri,OL:OL34381078W,Guardian Top 100,8,Author
Amit Chaudhuri,OL:OL38282W,Guardian Top 100,9,Author
Amit Chaudhuri,OL:OL41225848W,Guardian Top 100,2,Author
Amit Chaudhuri,OL:OL43775W,Guardian Top 100,6,Author
Amit Chaudhuri,OL:OL8640095W,Guardian Top 100,5,Author
Amy Bloom,K:2e6a85d46d4c,Top Ten Books,10,
Amy Bloom,K:311923238ca3,Top Ten Books,7,
Amy Bloom,K:3370e18f51ca,Top Ten Books,3,
Amy Bloom,K:7fdb16d0611a,Top Ten Books,4,
Amy Bloom,K:84f983ef2571,Top Ten Books,6,
Amy Bloom,K:af9b5d2a92ca,Top Ten Books,8,
Amy Bloom,K:d9591b1f5d49,Top Ten Books,9,
Amy Bloom,OL:OL40756300W,Top Ten Books,2,
Amy Bloom,OL:OL4112928W,Top Ten Books,5,
Amy Bloom,OL:OL842158W,Top Ten Books,1,
Andrea Barrett,K:7d6f4598f836,Top Ten Books,1,
Andrea Barrett,K:c70aa81a21ba,Top Ten Books,7,
Andrea Barrett,K:daa94665cde4,Top Ten Books,4,
Andrea Barrett,OL:OL102749W,Top Ten Books,8,
Andrea Barrett,OL:OL1095427W,Top Ten Books,9,
Andrea Barrett,OL:OL14868508W,Top Ten Books,5,
Andrea Barrett,OL:OL20867W,Top Ten Books,3,
Andrea Barrett,OL:OL267171W,Top Ten Books,2,
Andrea Barrett,OL:OL26860869W,Top Ten Books,6,
Andrea Barrett,OL:OL466942W,Top Ten Books,10,
Andrew Hudgins,K:312f2e675a9c,Top Ten Books,6,
Andrew Hudgins,K:450eb07e587b,Top Ten Books,1,
Andrew Hudgins,K:d2d9f9b0f145,Top Ten Books,9,
Andrew Hudgins,K:d3e96a7e3439,Top Ten Books,4,
Andrew Hudgins,K:de8ae851971a,Top Ten Books,2,
Andrew Hudgins,K:fbe28ea907ef,Top Ten Books,5,
Andrew Hudgins,OL:OL20600W,Top Ten Books,7,
Andrew Hudgins,OL:OL20867W,Top Ten Books,8,
Andrew Hudgins,OL:OL34381078W,Top Ten Books,10,
Andrew Hudgins,OL:OL93082W,Top Ten Books,3,
Andrew Solomon,OL:OL1190289W,Guardian Top 100,4,Author
Andrew Solomon,OL:OL1636262W,Guardian Top 100,6,Author
Andrew Solomon,OL:OL20867W,Guardian Top 100,3,Author
Andrew Solomon,OL:OL20933W,Guardian Top 100,9,Author
Andrew Solomon,OL:OL267171W,Guardian Top 100,2,Author
Andrew Solomon,OL:OL276365W,Guardian Top 100,5,Author
Andrew Solomon,OL:OL39396W,Guardian Top 100,1,Author
Andrew Solomon,OL:OL66562W,Guardian Top 100,10,Author
Andrew Solomon,OL:OL88881W,Guardian Top 100,7,Author
Andrew Solomon,OL:OL98587W,Guardian Top 100,8,Author
Anita Shreve,K:19f63e640608,Top Ten Books,6,
Anita Shreve,K:2ba7f9e2d3da,Top Ten Books,5,
Anita Shreve,K:8af39279a369,Top Ten Books,7,
Anita Shreve,K:a3fdf9ab88d1,Top Ten Books,10,
Anita Shreve,K:adfba3021149,Top Ten Books,8,
Anita Shreve,K:af9b5d2a92ca,Top Ten Books,4,
Anita Shreve,K:d9e576e5e9b8,Top Ten Books,9,
Anita Shreve,OL:OL103066W,Top Ten Books,1,
Anita Shreve,OL:OL1993508W,Top Ten Books,2,
Anita Shreve,OL:OL455305W,Top Ten Books,3,
Ann Patchett,K:42fc701268b1,Top Ten Books,10,
Ann Patchett,K:f5a6ea3da198,Top Ten Books,8,
Ann Patchett,OL:OL14866824W,Top Ten Books,4,
Ann Patchett,OL:OL1503886W,Top Ten Books,6,
Ann Patchett,OL:OL267096W,Top Ten Books,1,
Ann Patchett,OL:OL274505W,Top Ten Books,2,
Ann Patchett,OL:OL34381078W,Top Ten Books,5,
Ann Patchett,OL:OL40756300W,Top Ten Books,9,
Ann Patchett,OL:OL509889W,Top Ten Books,7,
Ann Patchett,OL:OL627084W,Top Ten Books,3,
Anne Enright,OL:OL102749W,Guardian Top 100,4,Author
Anne Enright,OL:OL1190289W,Guardian Top 100,3,Author
Anne Enright,OL:OL1858668W,Guardian Top 100,8,Author
Anne Enright,OL:OL19350876W,Guardian Top 100,5,Author
Anne Enright,OL:OL274518W,Guardian Top 100,7,Author
Anne Enright,OL:OL482454W,Guardian Top 100,10,Author
Anne Enright,OL:OL50548W,Guardian Top 100,2,Author
Anne Enright,OL:OL509889W,Guardian Top 100,9,Author
Anne Enright,OL:OL675783W,Guardian Top 100,6,Author
Anne Enright,OL:OL86318W,Guardian Top 100,1,Author
Annie Proulx,K:0b6de2d1f716,Top Ten Books,3,
Annie Proulx,K:0cedd0859856,Top Ten Books,8,
Annie Proulx,K:5e6a219f1f98,Top Ten Books,2,
Annie Proulx,K:7218170b4f39,Top Ten Books,10,
Annie Proulx,K:93dc6897f134,Top Ten Books,4,
Annie Proulx,K:bbf3fa01dd65,Top Ten Books,7,
Annie Proulx,K:bc4aa7549271,Top Ten Books,6,
Annie Proulx,K:d99a5155c78c,Top Ten Books,9,
Annie Proulx,K:de8ae851971a,Top Ten Books,1,
Annie Proulx,OL:OL676009W,Top Ten Books,5,
Anthony Walton,K:77a9e9d519f7,Top Ten Books,1,
Anthony Walton,K:a66bfb050c76,Top Ten Books,2,
Anthony Walton,K:ee34a6c50dbf,Top Ten Books,8,
Anthony Walton,K:fbe28ea907ef,Top Ten Books,9,
Anthony Walton,OL:OL103095W,Top Ten Books,7,
Anthony Walton,OL:OL1190289W,Top Ten Books,5,
Anthony Walton,OL:OL166894W,Top Ten Books,4,
Anthony Walton,OL:OL19350876W,Top Ten Books,3,
Anthony Walton,OL:OL34381078W,Top Ten Books,6,
Anthony Walton,OL:OL495470W,Top Ten Books,10,
Arifa Akbar,OL:OL1168083W,Guardian Top 100,7,Journalist
Arifa Akbar,OL:OL15196311W,Guardian Top 100,6,Journalist
Arifa Akbar,OL:OL16246083W,Guardian Top 100,4,Journalist
Arifa Akbar,OL:OL21170W,Guardian Top 100,1,Journalist
Arifa Akbar,OL:OL267096W,Guardian Top 100,2,Journalist
Arifa Akbar,OL:OL26860869W,Guardian Top 100,3,Journalist
Arifa Akbar,OL:OL50548W,Guardian Top 100,5,Journalist
Arifa Akbar,OL:OL675783W,Guardian Top 100,10,Journalist
Arifa Akbar,OL:OL697431W,Guardian Top 100,8,Journalist
Arifa Akbar,OL:OL74666W,Guardian Top 100,9,Journalist
Arthur Golden,K:57af164fa280,Top Ten Books,8,
Arthur Golden,K:980abe074752,Top Ten Books,1,
Arthur Golden,K:bbf3fa01dd65,Top Ten Books,9,
Arthur Golden,OL:OL1337129W,Top Ten Books,6,
Arthur Golden,OL:OL134601W,Top Ten Books,7,
Arthur Golden,OL:OL3335245W,Top Ten Books,5,
Arthur Golden,OL:OL44222301W,Top Ten Books,3,
Arthur Golden,OL:OL53908W,Top Ten Books,10,
Arthur Golden,OL:OL627084W,Top Ten Books,2,
Arthur Golden,OL:OL7982392W,Top Ten Books,4,
Arthur Phillips,K:22d8a45acf9c,Top Ten Books,9,
Arthur Phillips,K:655dc7057956,Top Ten Books,1,
Arthur Phillips,K:6b584d1b9428,Top Ten Books,8,
Arthur Phillips,K:de8ae851971a,Top Ten Books,10,
Arthur Phillips,K:fbe28ea907ef,Top Ten Books,5,
Arthur Phillips,OL:OL1190289W,Top Ten Books,6,
Arthur Phillips,OL:OL14866824W,Top Ten Books,3,
Arthur Phillips,OL:OL1715276W,Top Ten Books,2,
Arthur Phillips,OL:OL267171W,Top Ten Books,7,
Arthur Phillips,OL:OL627081W,Top Ten Books,4,
Ayelet Waldman,K:02b36d7b19db,Top Ten Books,7,
Ayelet Waldman,K:23e11cce9bf8,Top Ten Books,6,
Ayelet Waldman,K:44a6e161192f,Top Ten Books,3,
Ayelet Waldman,K:c157e7e9d2a1,Top Ten Books,2,
Ayelet Waldman,K:e544d536217c,Top Ten Books,5,
Ayelet Waldman,OL:OL119436W,Top Ten Books,10,
Ayelet Waldman,OL:OL14868508W,Top Ten Books,9,
Ayelet Waldman,OL:OL40756300W,Top Ten Books,1,
Ayelet Waldman,OL:OL4112928W,Top Ten Books,8,
Ayelet Waldman,OL:OL457179W,Top Ten Books,4,
Barry Hannah,K:3b04f3eef439,Top Ten Books,4,
Barry Hannah,K:3dfab6fbfe3b,Top Ten Books,7,
Barry Hannah,K:5f7b8a8855e8,Top Ten Books,9,
Barry Hannah,OL:OL10432709W,Top Ten Books,1,
Barry Hannah,OL:OL1230613W,Top Ten Books,3,
Barry Hannah,OL:OL267171W,Top Ten Books,10,
Barry Hannah,OL:OL40879W,Top Ten Books,5,
Barry Hannah,OL:OL53908W,Top Ten Books,6,
Barry Hannah,OL:OL62979W,Top Ten Books,8,
Barry Hannah,OL:OL82929W,Top Ten Books,2,
Barry Unsworth,K:39ac4c40de96,Top Ten Books,8,
Barry Unsworth,K:77a9e9d519f7,Top Ten Books,1,
Barry Unsworth,K:86720a12eae7,Top Ten Books,9,
Barry Unsworth,K:f5c99485bebc,Top Ten Books,10,
Barry Unsworth,OL:OL14868508W,Top Ten Books,3,
Barry Unsworth,OL:OL166973W,Top Ten Books,5,
Barry Unsworth,OL:OL19350876W,Top Ten Books,4,
Barry Unsworth,OL:OL20938W,Top Ten Books,2,
Barry Unsworth,OL:OL23205W,Top Ten Books,7,
Barry Unsworth,OL:OL644386W,Top Ten Books,6,
Bebe Moore Campbell,K:30993508b211,Top Ten Books,2,
Bebe Moore Campbell,K:aad10973ad30,Top Ten Books,9,
Bebe Moore Campbell,OL:OL102749W,Top Ten Books,7,
Bebe Moore Campbell,OL:OL19350876W,Top Ten Books,6,
Bebe Moore Campbell,OL:OL267096W,Top Ten Books,10,
Bebe Moore Campbell,OL:OL273644W,Top Ten Books,8,
Bebe Moore Campbell,OL:OL3335245W,Top Ten Books,1,
Bebe Moore Campbell,OL:OL495470W,Top Ten Books,5,
Bebe Moore Campbell,OL:OL50548W,Top Ten Books,4,
Bebe Moore Campbell,OL:OL50564W,Top Ten Books,3,
Beejay Silcox,OL:OL1168083W,Guardian Top 100,5,
Beejay Silcox,OL:OL20893680W,Guardian Top 100,9,
Beejay Silcox,OL:OL2163649W,Guardian Top 100,6,
Beejay Silcox,OL:OL26860869W,Guardian Top 100,2,
Beejay Silcox,OL:OL35623W,Guardian Top 100,10,
Beejay Silcox,OL:OL37582070W,Guardian Top 100,1,
Beejay Silcox,OL:OL59038W,Guardian Top 100,3,
Beejay Silcox,OL:OL59800W,Guardian Top 100,7,
Beejay Silcox,OL:OL675783W,Guardian Top 100,4,
Beejay Silcox,OL:OL81618W,Guardian Top 100,8,
Ben Marcus,K:1b84fbb9cd5b,Top Ten Books,7,
Ben Marcus,K:3b04f3eef439,Top Ten Books,10,
Ben Marcus,K:a18626111ae6,Top Ten Books,8,
Ben Marcus,K:addeb3f5ad0c,Top Ten Books,2,
Ben Marcus,K:b71de4b4c34d,Top Ten Books,5,
Ben Marcus,K:daa94665cde4,Top Ten Books,9,
Ben Marcus,K:de8ae851971a,Top Ten Books,3,
Ben Marcus,OL:OL166894W,Top Ten Books,1,
Ben Marcus,OL:OL39316W,Top Ten Books,6,
Ben Marcus,OL:OL498463W,Top Ten Books,4,
Ben Markovits,OL:OL1103093W,Guardian Top 100,4,Author
Ben Markovits,OL:OL20867W,Guardian Top 100,7,Author
Ben Markovits,OL:OL276365W,Guardian Top 100,6,Author
Ben Markovits,OL:OL39396W,Guardian Top 100,9,Author
Ben Markovits,OL:OL44820011W,Guardian Top 100,3,Author
Ben Markovits,OL:OL455305W,Guardian Top 100,1,Author
Ben Markovits,OL:OL463820W,Guardian Top 100,8,Author
Ben Markovits,OL:OL506115W,Guardian Top 100,10,Author
Ben Markovits,OL:OL66530W,Guardian Top 100,2,Author
Ben Markovits,OL:OL891786W,Guardian Top 100,5,Author
Ben Okri,OL:OL102749W,Guardian Top 100,5,Author
Ben Okri,OL:OL10432709W,Guardian Top 100,3,Author
Ben Okri,OL:OL1190289W,Guardian Top 100,7,Author
Ben Okri,OL:OL1244914W,Guardian Top 100,10,Author
Ben Okri,OL:OL15165350W,Guardian Top 100,4,Author
Ben Okri,OL:OL267171W,Guardian Top 100,2,Author
Ben Okri,OL:OL274505W,Guardian Top 100,9,Author
Ben Okri,OL:OL44222301W,Guardian Top 100,1,Author
Ben Okri,OL:OL495470W,Guardian Top 100,8,Author
Ben Okri,OL:OL86318W,Guardian Top 100,6,Author
Benjamin Myers,OL:OL11221642W,Guardian Top 100,5,Author
Benjamin Myers,OL:OL11295370W,Guardian Top 100,4,Author
Benjamin Myers,OL:OL112983W,Guardian Top 100,9,Author
Benjamin Myers,OL:OL15322W,Guardian Top 100,8,Author
Benjamin Myers,OL:OL1812933W,Guardian Top 100,7,Author
Benjamin Myers,OL:OL228702W,Guardian Top 100,6,Author
Benjamin Myers,OL:OL2536262W,Guardian Top 100,10,Author
Benjamin Myers,OL:OL27217159W,Guardian Top 100,1,Author
Benjamin Myers,OL:OL573193W,Guardian Top 100,2,Author
Benjamin Myers,OL:OL88877W,Guardian Top 100,3,Author
Bernardine Evaristo,OL:OL13648915W,Guardian Top 100,2,Author
Bernardine Evaristo,OL:OL19753331W,Guardian Top 100,8,Author
Bernardine Evaristo,OL:OL20384700W,Guardian Top 100,3,Author
Bernardine Evaristo,OL:OL20799434W,Guardian Top 100,7,Author
Bernardine Evaristo,OL:OL2504658W,Guardian Top 100,4,Author
Bernardine Evaristo,OL:OL2645473W,Guardian Top 100,6,Author
Bernardine Evaristo,OL:OL27778127W,Guardian Top 100,9,Author
Bernardine Evaristo,OL:OL35616W,Guardian Top 100,10,Author
Bernardine Evaristo,OL:OL3991459W,Guardian Top 100,5,Author
Bernardine Evaristo,OL:OL50548W,Guardian Top 100,1,Author
Blake Morrison,OL:OL1095427W,Guardian Top 100,2,Author
Blake Morrison,OL:OL1168083W,Guardian Top 100,6,Author
Blake Morrison,OL:OL190034W,Guardian Top 100,8,Author
Blake Morrison,OL:OL20600W,Guardian Top 100,9,Author
Blake Morrison,OL:OL20867W,Guardian Top 100,1,Author
Blake Morrison,OL:OL27217159W,Guardian Top 100,10,Author
Blake Morrison,OL:OL32013322W,Guardian Top 100,7,Author
Blake Morrison,OL:OL34381078W,Guardian Top 100,3,Author
Blake Morrison,OL:OL81295W,Guardian Top 100,5,Author
Blake Morrison,OL:OL86318W,Guardian Top 100,4,Author
Bobbie Ann Mason,K:965aa95cc729,Top Ten Books,5,
Bobbie Ann Mason,K:fbe28ea907ef,Top Ten Books,1,
Bobbie Ann Mason,OL:OL102749W,Top Ten Books,9,
Bobbie Ann Mason,OL:OL190034W,Top Ten Books,10,
Bobbie Ann Mason,OL:OL34381078W,Top Ten Books,3,
Bobbie Ann Mason,OL:OL41225848W,Top Ten Books,4,
Bobbie Ann Mason,OL:OL509919W,Top Ten Books,8,
Bobbie Ann Mason,OL:OL53908W,Top Ten Books,7,
Bobbie Ann Mason,OL:OL627084W,Top Ten Books,2,
Bobbie Ann Mason,OL:OL62979W,Top Ten Books,6,
Brad Watson,K:0698a31697cc,Top Ten Books,7,
Brad Watson,K:307944949e96,Top Ten Books,9,
Brad Watson,K:3b04f3eef439,Top Ten Books,1,
Brad Watson,K:5f7b8a8855e8,Top Ten Books,3,
Brad Watson,K:66969004ba8b,Top Ten Books,5,
Brad Watson,K:7e4cb1cf59ac,Top Ten Books,10,
Brad Watson,OL:OL12791W,Top Ten Books,6,
Brad Watson,OL:OL1503886W,Top Ten Books,4,
Brad Watson,OL:OL40879W,Top Ten Books,2,
Brad Watson,OL:OL82929W,Top Ten Books,8,
Bret Easton Ellis,K:5fcc86b529ea,series_explode,,
Bret Easton Ellis,OL:OL102749W,Top Ten Books,10,
Bret Easton Ellis,OL:OL16313W,Top Ten Books,9,
Bret Easton Ellis,OL:OL19350876W,Top Ten Books,6,
Bret Easton Ellis,OL:OL20867W,Top Ten Books,3,
Bret Easton Ellis,OL:OL267096W,Top Ten Books,2,
Bret Easton Ellis,OL:OL34381078W,Top Ten Books,5,
Bret Easton Ellis,OL:OL42718662W,series_explode,,
Bret Easton Ellis,OL:OL463809W,series_explode,,
Bret Easton Ellis,OL:OL463820W,series_explode,,
Bret Easton Ellis,OL:OL627084W,Top Ten Books,4,
Bret Easton Ellis,OL:OL86318W,Top Ten Books,7,
Bret Easton Ellis,OL:OL893802W,Top Ten Books,1,
Candice Carty Williams,OL:OL1168083W,Guardian Top 100,6,Author
Candice Carty Williams,OL:OL17062866W,Guardian Top 100,1,Author
Candice Carty Williams,OL:OL21671152W,Guardian Top 100,5,Author
Candice Carty Williams,OL:OL2191789W,Guardian Top 100,10,Author
Candice Carty Williams,OL:OL25516127W,Guardian Top 100,3,Author
Candice Carty Williams,OL:OL36045730W,Guardian Top 100,4,Author
Candice Carty Williams,OL:OL4126109W,Guardian Top 100,8,Author
Candice Carty Williams,OL:OL498556W,Guardian Top 100,7,Author
Candice Carty Williams,OL:OL50548W,Guardian Top 100,9,Author
Candice Carty Williams,OL:OL547745W,Guardian Top 100,2,Author
Carl Hiaasen,K:1dc5ba74ec0c,Top Ten Books,4,
Carl Hiaasen,K:3a143b2c0545,Top Ten Books,8,
Carl Hiaasen,K:3b04f3eef439,Top Ten Books,9,
Carl Hiaasen,K:655dc7057956,Top Ten Books,6,
Carl Hiaasen,OL:OL15400582W,Top Ten Books,7,
Carl Hiaasen,OL:OL16847W,Top Ten Books,10,
Carl Hiaasen,OL:OL276798W,Top Ten Books,1,
Carl Hiaasen,OL:OL3335245W,Top Ten Books,3,
Carl Hiaasen,OL:OL53908W,Top Ten Books,2,
Carl Hiaasen,OL:OL98459W,Top Ten Books,5,
Caroline Leavitt,K:3514747cc632,Top Ten Books,2,
Caroline Leavitt,K:4887539c2e6c,Top Ten Books,6,
Caroline Leavitt,K:79ce80bb8360,Top Ten Books,9,
Caroline Leavitt,K:8af4cd2c59d0,Top Ten Books,7,
Caroline Leavitt,K:d5233d03a440,Top Ten Books,1,
Caroline Leavitt,OL:OL1095427W,Top Ten Books,5,
Caroline Leavitt,OL:OL1858668W,Top Ten Books,4,
Caroline Leavitt,OL:OL21170W,Top Ten Books,10,
Caroline Leavitt,OL:OL34381078W,Top Ten Books,8,
Caroline Leavitt,OL:OL9362446W,Top Ten Books,3,
Catherine Taylor,OL:OL1095403W,Guardian Top 100,10,Author
Catherine Taylor,OL:OL1168083W,Guardian Top 100,4,Author
Catherine Taylor,OL:OL1449782W,Guardian Top 100,7,Author
Catherine Taylor,OL:OL17661158W,Guardian Top 100,6,Author
Catherine Taylor,OL:OL26099415W,Guardian Top 100,3,Author
Catherine Taylor,OL:OL39108W,Guardian Top 100,9,Author
Catherine Taylor,OL:OL39396W,Guardian Top 100,5,Author
Catherine Taylor,OL:OL668682W,Guardian Top 100,2,Author
Catherine Taylor,OL:OL751418W,Guardian Top 100,1,Author
Catherine Taylor,OL:OL81293W,Guardian Top 100,8,Author
Cathleen Schine,K:1f288c612b3c,Top Ten Books,4,
Cathleen Schine,K:2269bb9ee4d7,Top Ten Books,10,
Cathleen Schine,K:906ffc5082cd,Top Ten Books,8,
Cathleen Schine,K:bbf3fa01dd65,Top Ten Books,2,
Cathleen Schine,OL:OL190034W,Top Ten Books,1,
Cathleen Schine,OL:OL267171W,Top Ten Books,3,
Cathleen Schine,OL:OL41368739W,Top Ten Books,5,
Cathleen Schine,OL:OL480955W,Top Ten Books,6,
Cathleen Schine,OL:OL53908W,Top Ten Books,7,
Cathleen Schine,OL:OL668682W,Top Ten Books,9,
Charles Palliser,K:20113bd8060f,Top Ten Books,8,
Charles Palliser,K:2118bf5ef223,Top Ten Books,9,
Charles Palliser,K:cd83dfc92563,Top Ten Books,7,
Charles Palliser,K:d1f9c293a49b,Top Ten Books,5,
Charles Palliser,K:d2e22cdb10e6,Top Ten Books,4,
Charles Palliser,K:e7524b57d0d3,Top Ten Books,1,
Charles Palliser,K:fec9ed81ecd9,Top Ten Books,10,
Charles Palliser,OL:OL2005224W,Top Ten Books,2,
Charles Palliser,OL:OL240077W,Top Ten Books,3,
Charles Palliser,OL:OL2536262W,Top Ten Books,6,
Charlotte Higgins,OL:OL1095403W,Guardian Top 100,7,Journalist
Charlotte Higgins,OL:OL1190289W,Guardian Top 100,3,Journalist
Charlotte Higgins,OL:OL14868508W,Guardian Top 100,4,Journalist
Charlotte Higgins,OL:OL16313W,Guardian Top 100,8,Journalist
Charlotte Higgins,OL:OL190034W,Guardian Top 100,5,Journalist
Charlotte Higgins,OL:OL20867W,Guardian Top 100,1,Journalist
Charlotte Higgins,OL:OL276365W,Guardian Top 100,9,Journalist
Charlotte Higgins,OL:OL32013322W,Guardian Top 100,6,Journalist
Charlotte Higgins,OL:OL76524W,Guardian Top 100,10,Journalist
Charlotte Higgins,OL:OL86318W,Guardian Top 100,2,Journalist
Charlotte Mendelson,OL:OL103066W,Guardian Top 100,7,Author
Charlotte Mendelson,OL:OL1095403W,Guardian Top 100,6,Author
Charlotte Mendelson,OL:OL14868508W,Guardian Top 100,4,Author
Charlotte Mendelson,OL:OL20867W,Guardian Top 100,3,Author
Charlotte Mendelson,OL:OL228702W,Guardian Top 100,8,Author
Charlotte Mendelson,OL:OL267171W,Guardian Top 100,1,Author
Charlotte Mendelson,OL:OL3171069W,Guardian Top 100,10,Author
Charlotte Mendelson,OL:OL464517W,Guardian Top 100,5,Author
Charlotte Mendelson,OL:OL66562W,Guardian Top 100,9,Author
Charlotte Mendelson,OL:OL8662242W,Guardian Top 100,2,Author
Charlotte Northedge,OL:OL1052133W,Guardian Top 100,10,Journalist
Charlotte Northedge,OL:OL16520879W,Guardian Top 100,8,Journalist
Charlotte Northedge,OL:OL20867W,Guardian Top 100,1,Journalist
Charlotte Northedge,OL:OL34381078W,Guardian Top 100,4,Journalist
Charlotte Northedge,OL:OL39396W,Guardian Top 100,3,Journalist
Charlotte Northedge,OL:OL40756300W,Guardian Top 100,2,Journalist
Charlotte Northedge,OL:OL50548W,Guardian Top 100,5,Journalist
Charlotte Northedge,OL:OL5731542W,Guardian Top 100,9,Journalist
Charlotte Northedge,OL:OL59038W,Guardian Top 100,6,Journalist
Charlotte Northedge,OL:OL675783W,Guardian Top 100,7,Journalist
Chigozie Obioma,OL:OL107195W,Guardian Top 100,8,Author
Chigozie Obioma,OL:OL1209288W,Guardian Top 100,9,Author
Chigozie Obioma,OL:OL1845327W,Guardian Top 100,10,Author
Chigozie Obioma,OL:OL2384132W,Guardian Top 100,4,Author
Chigozie Obioma,OL:OL267171W,Guardian Top 100,6,Author
Chigozie Obioma,OL:OL2970107W,Guardian Top 100,7,Author
Chigozie Obioma,OL:OL39316W,Guardian Top 100,5,Author
Chigozie Obioma,OL:OL40879W,Guardian Top 100,1,Author
Chigozie Obioma,OL:OL573193W,Guardian Top 100,2,Author
Chigozie Obioma,OL:OL891814W,Guardian Top 100,3,Author
Chitra Divakaruni,K:128cdaa33246,Top Ten Books,2,
Chitra Divakaruni,K:2a36d724bd0a,Top Ten Books,10,
Chitra Divakaruni,K:3370e18f51ca,Top Ten Books,6,
Chitra Divakaruni,K:4c98833a4f69,Top Ten Books,9,
Chitra Divakaruni,K:b691062fe51f,Top Ten Books,3,
Chitra Divakaruni,K:db109b1e87a7,Top Ten Books,1,
Chitra Divakaruni,OL:OL267096W,Top Ten Books,4,
Chitra Divakaruni,OL:OL27448W,Top Ten Books,5,
Chitra Divakaruni,OL:OL274505W,Top Ten Books,7,
Chitra Divakaruni,OL:OL675783W,Top Ten Books,8,
Chloe Aridjis,OL:OL102749W,Guardian Top 100,7,Author
Chloe Aridjis,OL:OL10432709W,Guardian Top 100,8,Author
Chloe Aridjis,OL:OL1190289W,Guardian Top 100,2,Author
Chloe Aridjis,OL:OL14866824W,Guardian Top 100,3,Author
Chloe Aridjis,OL:OL20867W,Guardian Top 100,9,Author
Chloe Aridjis,OL:OL26860869W,Guardian Top 100,6,Author
Chloe Aridjis,OL:OL38663W,Guardian Top 100,5,Author
Chloe Aridjis,OL:OL41225848W,Guardian Top 100,10,Author
Chloe Aridjis,OL:OL44222301W,Guardian Top 100,1,Author
Chloe Aridjis,OL:OL498556W,Guardian Top 100,4,Author
Chris Bohjalian,OL:OL1063588W,Top Ten Books,10,
Chris Bohjalian,OL:OL1095427W,Top Ten Books,7,
Chris Bohjalian,OL:OL267096W,Top Ten Books,4,
Chris Bohjalian,OL:OL3140822W,Top Ten Books,6,
Chris Bohjalian,OL:OL34381078W,Top Ten Books,5,
Chris Bohjalian,OL:OL495470W,Top Ten Books,9,
Chris Bohjalian,OL:OL53908W,Top Ten Books,8,
Chris Bohjalian,OL:OL86318W,Top Ten Books,2,
Chris Bohjalian,OL:OL8721462W,Top Ten Books,3,
Chris Bohjalian,OL:OL93082W,Top Ten Books,1,
Chris Power,OL:OL102749W,Guardian Top 100,1,Author
Chris Power,OL:OL10432709W,Guardian Top 100,3,Author
Chris Power,OL:OL1190289W,Guardian Top 100,8,Author
Chris Power,OL:OL20867W,Guardian Top 100,2,Author
Chris Power,OL:OL267171W,Guardian Top 100,6,Author
Chris Power,OL:OL27871634W,Guardian Top 100,10,Author
Chris Power,OL:OL39396W,Guardian Top 100,7,Author
Chris Power,OL:OL44986W,Guardian Top 100,9,Author
Chris Power,OL:OL712025W,Guardian Top 100,5,Author
Chris Power,OL:OL86318W,Guardian Top 100,4,Author
Christobel Kent,OL:OL16313W,Guardian Top 100,7,Author
Christobel Kent,OL:OL1970213W,Guardian Top 100,10,Author
Christobel Kent,OL:OL2386322W,Guardian Top 100,1,Author
Christobel Kent,OL:OL267171W,Guardian Top 100,3,Author
Christobel Kent,OL:OL34381078W,Guardian Top 100,6,Author
Christobel Kent,OL:OL42718662W,Guardian Top 100,9,Author
Christobel Kent,OL:OL63072W,Guardian Top 100,5,Author
Christobel Kent,OL:OL644386W,Guardian Top 100,8,Author
Christobel Kent,OL:OL893802W,Guardian Top 100,2,Author
Christobel Kent,OL:OL98587W,Guardian Top 100,4,Author
Christopher Bollen,K:08cd5694dbf4,Top Ten Books,5,
Christopher Bollen,K:8f7a8603bc7a,Top Ten Books,9,
Christopher Bollen,K:99a3f7848da8,Top Ten Books,8,
Christopher Bollen,OL:OL1992198W,Top Ten Books,7,
Christopher Bollen,OL:OL34381078W,Top Ten Books,1,
Christopher Bollen,OL:OL39316W,Top Ten Books,4,
Christopher Bollen,OL:OL457175W,Top Ten Books,3,
Christopher Bollen,OL:OL59434W,Top Ten Books,10,
Christopher Bollen,OL:OL7180368W,Top Ten Books,6,
Christopher Bollen,OL:OL88881W,Top Ten Books,2,
Claire Armitstead,OL:OL102749W,Guardian Top 100,10,
Claire Armitstead,OL:OL1095427W,Guardian Top 100,9,
Claire Armitstead,OL:OL190034W,Guardian Top 100,2,
Claire Armitstead,OL:OL20867W,Guardian Top 100,8,
Claire Armitstead,OL:OL267171W,Guardian Top 100,1,
Claire Armitstead,OL:OL273644W,Guardian Top 100,5,
Claire Armitstead,OL:OL274505W,Guardian Top 100,3,
Claire Armitstead,OL:OL44222301W,Guardian Top 100,7,
Claire Armitstead,OL:OL86318W,Guardian Top 100,4,
Claire Armitstead,OL:OL891786W,Guardian Top 100,6,
Claire Messud,K:bd646529eae4,Top Ten Books,6,
Claire Messud,OL:OL103113W,Top Ten Books,8,
Claire Messud,OL:OL1190289W,Guardian Top 100;Top Ten Books,2;3,Author
Claire Messud,OL:OL15165350W,Top Ten Books,1,
Claire Messud,OL:OL1707618W,Top Ten Books,10,
Claire Messud,OL:OL1921185W,Guardian Top 100,9,Author
Claire Messud,OL:OL19350876W,Guardian Top 100;Top Ten Books,2;4,Author
Claire Messud,OL:OL20771W,Guardian Top 100,8,Author
Claire Messud,OL:OL2276498W,Top Ten Books,7,
Claire Messud,OL:OL2399772W,Top Ten Books,9,
Claire Messud,OL:OL267096W,Guardian Top 100;Top Ten Books,1;5,Author
Claire Messud,OL:OL26733889W,Guardian Top 100,6,Author
Claire Messud,OL:OL276365W,Top Ten Books,3,
Claire Messud,OL:OL2980902W,Guardian Top 100,10,Author
Claire Messud,OL:OL46611W,Guardian Top 100,7,Author
Claire Messud,OL:OL50548W,Guardian Top 100,5,Author
Claire Messud,OL:OL891786W,Guardian Top 100,4,Author
Clare Clark,OL:OL190034W,Guardian Top 100,5,Author
Clare Clark,OL:OL19350876W,Guardian Top 100,1,Author
Clare Clark,OL:OL2047674W,Guardian Top 100,7,Author
Clare Clark,OL:OL20867W,Guardian Top 100,2,Author
Clare Clark,OL:OL267096W,Guardian Top 100,4,Author
Clare Clark,OL:OL26733889W,Guardian Top 100,6,Author
Clare Clark,OL:OL2980902W,Guardian Top 100,8,Author
Clare Clark,OL:OL34381078W,Guardian Top 100,3,Author
Clare Clark,OL:OL464512W,Guardian Top 100,10,Author
Clare Clark,OL:OL59048W,Guardian Top 100,9,Author
Clyde Edgerton,K:2ecba695b7ae,Top Ten Books,9,
Clyde Edgerton,K:3b04f3eef439,Top Ten Books,6,
Clyde Edgerton,K:76ef59a89b06,Top Ten Books,8,
Clyde Edgerton,K:d3e96a7e3439,Top Ten Books,3,
Clyde Edgerton,K:fbe28ea907ef,Top Ten Books,1,
Clyde Edgerton,OL:OL44222301W,Top Ten Books,2,
Clyde Edgerton,OL:OL53908W,Top Ten Books,4,
Clyde Edgerton,OL:OL82929W,Top Ten Books,7,
Clyde Edgerton,OL:OL82931W,Top Ten Books,5,
Colm Tóibín,OL:OL1190289W,Guardian Top 100,3,Author
Colm Tóibín,OL:OL1230613W,Guardian Top 100,6,Author
Colm Tóibín,OL:OL14867081W,Guardian Top 100,5,Author
Colm Tóibín,OL:OL26099415W,Guardian Top 100,2,Author
Colm Tóibín,OL:OL274505W,Guardian Top 100,8,Author
Colm Tóibín,OL:OL39396W,Guardian Top 100,7,Author
Colm Tóibín,OL:OL498463W,Guardian Top 100,4,Author
Colm Tóibín,OL:OL62979W,Guardian Top 100,9,Author
Colm Tóibín,OL:OL86318W,Guardian Top 100,1,Author
Colm Tóibín,OL:OL98491W,Guardian Top 100,10,Author
Colum McCann,OL:OL1168083W,Guardian Top 100,7,Author
Colum McCann,OL:OL12104489W,Guardian Top 100,5,Author
Colum McCann,OL:OL1259171W,Guardian Top 100,2,Author
Colum McCann,OL:OL2005224W,Guardian Top 100,3,Author
Colum McCann,OL:OL23205W,Guardian Top 100,8,Author
Colum McCann,OL:OL32013322W,Guardian Top 100,6,Author
Colum McCann,OL:OL39379W,Guardian Top 100,10,Author
Colum McCann,OL:OL50564W,Guardian Top 100,4,Author
Colum McCann,OL:OL55239W,Guardian Top 100,9,Author
Colum McCann,OL:OL86318W,Guardian Top 100,1,Author
Craig Nova,K:81ff245a8bfa,Top Ten Books,7,
Craig Nova,K:ab419a1d43cc,Top Ten Books,8,
Craig Nova,OL:OL10432709W,Top Ten Books,5,
Craig Nova,OL:OL1230715W,Top Ten Books,9,
Craig Nova,OL:OL267171W,Top Ten Books,6,
Craig Nova,OL:OL274505W,Top Ten Books,4,
Craig Nova,OL:OL34381078W,Top Ten Books,1,
Craig Nova,OL:OL509889W,Top Ten Books,2,
Craig Nova,OL:OL509919W,Top Ten Books,3,
Craig Nova,OL:OL8721462W,Top Ten Books,10,
Daisy Johnson,OL:OL1052133W,Guardian Top 100,2,Author
Daisy Johnson,OL:OL11382843W,Guardian Top 100,9,Author
Daisy Johnson,OL:OL15146628W,Guardian Top 100,1,Author
Daisy Johnson,OL:OL19343569W,Guardian Top 100,10,Author
Daisy Johnson,OL:OL20937995W,Guardian Top 100,6,Author
Daisy Johnson,OL:OL2096536W,Guardian Top 100,8,Author
Daisy Johnson,OL:OL274505W,Guardian Top 100,7,Author
Daisy Johnson,OL:OL3991459W,Guardian Top 100,4,Author
Daisy Johnson,OL:OL456089W,Guardian Top 100,3,Author
Daisy Johnson,OL:OL50548W,Guardian Top 100,5,Author
Damian Barr,OL:OL119209W,Guardian Top 100,6,Author
Damian Barr,OL:OL1308096W,Guardian Top 100,10,Author
Damian Barr,OL:OL228702W,Guardian Top 100,1,Author
Damian Barr,OL:OL2535336W,Guardian Top 100,8,Author
Damian Barr,OL:OL26437W,Guardian Top 100,2,Author
Damian Barr,OL:OL273644W,Guardian Top 100,3,Author
Damian Barr,OL:OL27778127W,Guardian Top 100,9,Author
Damian Barr,OL:OL50548W,Guardian Top 100,7,Author
Damian Barr,OL:OL8193416W,Guardian Top 100,5,Author
Damian Barr,OL:OL85892W,Guardian Top 100,4,Author
Dani Shapiro,K:0906563c5cec,Top Ten Books,2,
Dani Shapiro,K:431d0058d78e,Top Ten Books,7,
Dani Shapiro,K:4d5d604ff4ca,Top Ten Books,10,
Dani Shapiro,K:560a5a213fc5,Top Ten Books,3,
Dani Shapiro,K:7ebf1ebfbc39,Top Ten Books,5,
Dani Shapiro,K:89f0af62ddc6,Top Ten Books,6,
Dani Shapiro,K:a90d7fbfdbe6,Top Ten Books,4,
Dani Shapiro,OL:OL20933W,Top Ten Books,9,
Dani Shapiro,OL:OL26733889W,Top Ten Books,1,
Dani Shapiro,OL:OL501911W,Top Ten Books,8,
Daniel Kehlmann,OL:OL1190289W,Guardian Top 100,2,Author
Daniel Kehlmann,OL:OL14866824W,Guardian Top 100,8,Author
Daniel Kehlmann,OL:OL166973W,Guardian Top 100,7,Author
Daniel Kehlmann,OL:OL16938494W,Guardian Top 100,9,Author
Daniel Kehlmann,OL:OL267096W,Guardian Top 100,3,Author
Daniel Kehlmann,OL:OL267171W,Guardian Top 100,1,Author
Daniel Kehlmann,OL:OL29907510W,Guardian Top 100,5,Author
Daniel Kehlmann,OL:OL466942W,Guardian Top 100,4,Author
Daniel Kehlmann,OL:OL52449W,Guardian Top 100,6,Author
Daniel Kehlmann,OL:OL55239W,Guardian Top 100,10,Author
Daniel Wallace,K:3b04f3eef439,Top Ten Books,7,
Daniel Wallace,K:a63cc765d5fe,Top Ten Books,6,
Daniel Wallace,OL:OL15322W,Top Ten Books,1,
Daniel Wallace,OL:OL1875010W,Top Ten Books,10,
Daniel Wallace,OL:OL20600W,Top Ten Books,8,
Daniel Wallace,OL:OL276365W,Top Ten Books,5,
Daniel Wallace,OL:OL38282W,Top Ten Books,4,
Daniel Wallace,OL:OL627084W,Top Ten Books,2,
Daniel Wallace,OL:OL82931W,Top Ten Books,3,
Daniel Wallace,OL:OL98459W,Top Ten Books,9,
David Anthony Durham,K:084e65163770,Top Ten Books,5,
David Anthony Durham,K:7b9f9939d12b,Top Ten Books,3,
David Anthony Durham,K:e755c669d849,Top Ten Books,9,
David Anthony Durham,OL:OL102749W,Top Ten Books,4,
David Anthony Durham,OL:OL10432709W,Top Ten Books,2,
David Anthony Durham,OL:OL119436W,Top Ten Books,7,
David Anthony Durham,OL:OL2096536W,Top Ten Books,10,
David Anthony Durham,OL:OL40879W,Top Ten Books,6,
David Anthony Durham,OL:OL50548W,Top Ten Books,1,
David Anthony Durham,OL:OL928455W,Top Ten Books,8,
David Diop,OL:OL106837W,Guardian Top 100,3,Academic
David Diop,OL:OL15125374W,Guardian Top 100,4,Academic
David Diop,OL:OL24141556W,Guardian Top 100,9,Academic
David Diop,OL:OL274505W,Guardian Top 100,7,Academic
David Diop,OL:OL275946W,Guardian Top 100,1,Academic
David Diop,OL:OL3958403W,Guardian Top 100,8,Academic
David Diop,OL:OL498463W,Guardian Top 100,2,Academic
David Diop,OL:OL50557W,Guardian Top 100,10,Academic
David Diop,OL:OL661946W,Guardian Top 100,5,Academic
David Diop,OL:OL954635W,Guardian Top 100,6,Academic
David Foster Wallace,K:1a1889c95894,Top Ten Books,6,
David Foster Wallace,K:21a1935dbe9f,Top Ten Books,7,
David Foster Wallace,K:37f1230ecf68,Top Ten Books,5,
David Foster Wallace,K:3b1ea60fa0c9,Top Ten Books,3,
David Foster Wallace,K:6782b3c089d0,Top Ten Books,1,
David Foster Wallace,K:7cf4197a34ab,Top Ten Books,10,
David Foster Wallace,K:90279cddc790,Top Ten Books,8,
David Foster Wallace,K:b16667acb539,Top Ten Books,4,
David Foster Wallace,K:e46b6ba3a6a4,Top Ten Books,9,
David Foster Wallace,OL:OL81618W,Top Ten Books,2,
David Leavitt,K:15dff4e8c1b2,Top Ten Books,6,
David Leavitt,K:32360bf742ca,Top Ten Books,5,
David Leavitt,K:910a38647a5c,Top Ten Books,10,
David Leavitt,K:d269f3b1008d,Top Ten Books,7,
David Leavitt,OL:OL1190289W,Top Ten Books,1,
David Leavitt,OL:OL20769W,Top Ten Books,9,
David Leavitt,OL:OL20867W,Top Ten Books,2,
David Leavitt,OL:OL26424W,Top Ten Books,8,
David Leavitt,OL:OL509889W,Top Ten Books,3,
David Leavitt,OL:OL627081W,Top Ten Books,4,
David Lodge,K:d3e96a7e3439,Top Ten Books,3,
David Lodge,K:de8ae851971a,Top Ten Books,1,
David Lodge,K:fbe28ea907ef,Top Ten Books,2,
David Lodge,OL:OL151411W,Top Ten Books,10,
David Lodge,OL:OL190034W,Top Ten Books,5,
David Lodge,OL:OL19350876W,Top Ten Books,9,
David Lodge,OL:OL20867W,Top Ten Books,6,
David Lodge,OL:OL267096W,Top Ten Books,7,
David Lodge,OL:OL32013322W,Top Ten Books,8,
David Lodge,OL:OL86318W,Top Ten Books,4,
David Means,K:04ef5684be62,Top Ten Books,7,
David Means,K:6b584d1b9428,Top Ten Books,4,
David Means,K:7caeae871bb0,Top Ten Books,3,
David Means,K:fc982ab632c4,Top Ten Books,10,
David Means,OL:OL10432709W,Top Ten Books,1,
David Means,OL:OL1190289W,Top Ten Books,8,
David Means,OL:OL498463W,Top Ten Books,5,
David Means,OL:OL757983W,Top Ten Books,2,
David Means,OL:OL82870W,Top Ten Books,6,
David Means,OL:OL86318W,Top Ten Books,9,
David Mitchell,K:17da81fb1052,Top Ten Books,1,
David Mitchell,K:312f2e675a9c,Top Ten Books,7,
David Mitchell,K:9b6c22f83dd1,Top Ten Books,2,
David Mitchell,K:ac3c75abbf8c,Top Ten Books,9,
David Mitchell,K:d4f54d0b665c,Top Ten Books,8,
David Mitchell,OL:OL38663W,Top Ten Books,3,
David Mitchell,OL:OL66562W,Top Ten Books,4,
David Mitchell,OL:OL668682W,Top Ten Books,10,
David Mitchell,OL:OL676009W,Top Ten Books,5,
David Mitchell,OL:OL82929W,Top Ten Books,6,
David Nicholls,OL:OL103066W,Guardian Top 100,10,Author
David Nicholls,OL:OL14868508W,Guardian Top 100,2,Author
David Nicholls,OL:OL1875010W,Guardian Top 100,5,Author
David Nicholls,OL:OL26437W,Guardian Top 100,9,Author
David Nicholls,OL:OL276365W,Guardian Top 100,4,Author
David Nicholls,OL:OL34381078W,Guardian Top 100,3,Author
David Nicholls,OL:OL39396W,Guardian Top 100,6,Author
David Nicholls,OL:OL40756300W,Guardian Top 100,1,Author
David Nicholls,OL:OL50567W,Guardian Top 100,8,Author
David Nicholls,OL:OL88881W,Guardian Top 100,7,Author
David Shariatmadari,OL:OL1326304W,Guardian Top 100,3,Journalist
David Shariatmadari,OL:OL15026613W,Guardian Top 100,6,Journalist
David Shariatmadari,OL:OL2047674W,Guardian Top 100,4,Journalist
David Shariatmadari,OL:OL2386322W,Guardian Top 100,8,Journalist
David Shariatmadari,OL:OL2433540W,Guardian Top 100,10,Journalist
David Shariatmadari,OL:OL3260491W,Guardian Top 100,9,Journalist
David Shariatmadari,OL:OL4212427W,Guardian Top 100,7,Journalist
David Shariatmadari,OL:OL44994W,Guardian Top 100,5,Journalist
David Shariatmadari,OL:OL463834W,Guardian Top 100,2,Journalist
David Shariatmadari,OL:OL842158W,Guardian Top 100,1,Journalist
Denise Gess,K:04ef5684be62,Top Ten Books,6,
Denise Gess,K:1369db891f94,Top Ten Books,3,
Denise Gess,K:76f8b9527010,Top Ten Books,5,
Denise Gess,K:ca7944d7d49e,Top Ten Books,3,
Denise Gess,OL:OL1230613W,Top Ten Books,2,
Denise Gess,OL:OL166894W,Top Ten Books,8,
Denise Gess,OL:OL19350876W,Top Ten Books,9,
Denise Gess,OL:OL21170W,Top Ten Books,1,
Denise Gess,OL:OL26733889W,Top Ten Books,10,
Denise Gess,OL:OL34381078W,Top Ten Books,4,
Denise Gess,OL:OL50548W,Top Ten Books,7,
Dennis McFarland,K:04ef5684be62,Top Ten Books,10,
Dennis McFarland,K:19f63e640608,Top Ten Books,7,
Dennis McFarland,K:224747d4604b,Top Ten Books,8,
Dennis McFarland,K:3b04f3eef439,Top Ten Books,4,
Dennis McFarland,K:76d530224b46,Top Ten Books,9,
Dennis McFarland,K:a63cc765d5fe,Top Ten Books,6,
Dennis McFarland,K:c157e7e9d2a1,Top Ten Books,5,
Dennis McFarland,K:f547ea8e2ecf,Top Ten Books,2,
Dennis McFarland,OL:OL276470W,Top Ten Books,1,
Dennis McFarland,OL:OL88881W,Top Ten Books,3,
Derek Owusu,OL:OL228705W,Guardian Top 100,4,Author
Derek Owusu,OL:OL2625431W,Guardian Top 100,10,Author
Derek Owusu,OL:OL31256W,Guardian Top 100,8,Author
Derek Owusu,OL:OL33658345W,Guardian Top 100,9,Author
Derek Owusu,OL:OL34381078W,Guardian Top 100,3,Author
Derek Owusu,OL:OL38663W,Guardian Top 100,7,Author
Derek Owusu,OL:OL481143W,Guardian Top 100,6,Author
Derek Owusu,OL:OL495470W,Guardian Top 100,1,Author
Derek Owusu,OL:OL627069W,Guardian Top 100,2,Author
Derek Owusu,OL:OL891786W,Guardian Top 100,5,Author
Diana Abu-Jaber,K:6b584d1b9428,Top Ten Books,4,
Diana Abu-Jaber,K:98c8438f910d,Top Ten Books,1,
Diana Abu-Jaber,K:e64e736a51a8,Top Ten Books,2,
Diana Abu-Jaber,K:fbe28ea907ef,Top Ten Books,7,
Diana Abu-Jaber,OL:OL20867W,Top Ten Books,3,
Diana Abu-Jaber,OL:OL3335245W,Top Ten Books,9,
Diana Abu-Jaber,OL:OL39396W,Top Ten Books,6,
Diana Abu-Jaber,OL:OL41225848W,Top Ten Books,5,
Diana Abu-Jaber,OL:OL627084W,Top Ten Books,8,
Diana Abu-Jaber,OL:OL62979W,Top Ten Books,10,
Diana Evans,OL:OL1052133W,Guardian Top 100,3,Author
Diana Evans,OL:OL17363016W,Guardian Top 100,8,Author
Diana Evans,OL:OL1905255W,Guardian Top 100,2,Author
Diana Evans,OL:OL228715W,Guardian Top 100,10,Author
Diana Evans,OL:OL267096W,Guardian Top 100,1,Author
Diana Evans,OL:OL3951520W,Guardian Top 100,6,Author
Diana Evans,OL:OL50564W,Guardian Top 100,5,Author
Diana Evans,OL:OL5731542W,Guardian Top 100,9,Author
Diana Evans,OL:OL627084W,Guardian Top 100,7,Author
Diana Evans,OL:OL891786W,Guardian Top 100,4,Author
Dinah Birch,OL:OL1095427W,Guardian Top 100,4,
Dinah Birch,OL:OL109724W,Guardian Top 100,5,
Dinah Birch,OL:OL20867W,Guardian Top 100,1,
Dinah Birch,OL:OL267096W,Guardian Top 100,7,
Dinah Birch,OL:OL28988W,Guardian Top 100,10,
Dinah Birch,OL:OL40756300W,Guardian Top 100,2,
Dinah Birch,OL:OL457179W,Guardian Top 100,9,
Dinah Birch,OL:OL50564W,Guardian Top 100,8,
Dinah Birch,OL:OL53908W,Guardian Top 100,6,
Dinah Birch,OL:OL8662242W,Guardian Top 100,3,
Doireann Ní Ghríofa,OL:OL1095427W,Guardian Top 100,2,Author
Doireann Ní Ghríofa,OL:OL18020255W,Guardian Top 100,10,Author
Doireann Ní Ghríofa,OL:OL19690272W,Guardian Top 100,7,Author
Doireann Ní Ghríofa,OL:OL21170W,Guardian Top 100,3,Author
Doireann Ní Ghríofa,OL:OL26733889W,Guardian Top 100,1,Author
Doireann Ní Ghríofa,OL:OL39396W,Guardian Top 100,4,Author
Doireann Ní Ghríofa,OL:OL46611W,Guardian Top 100,8,Author
Doireann Ní Ghríofa,OL:OL5869525W,Guardian Top 100,9,Author
Doireann Ní Ghríofa,OL:OL671818W,Guardian Top 100,6,Author
Doireann Ní Ghríofa,OL:OL85892W,Guardian Top 100,5,Author
Donald Harington,K:4d4b9f43727e,Top Ten Books,5,
Donald Harington,K:7080743d9f68,Top Ten Books,6,
Donald Harington,K:7a4667d98f9f,Top Ten Books,2,
Donald Harington,K:990969c891b1,Top Ten Books,3,
Donald Harington,K:d5042792cf40,Top Ten Books,10,
Donald Harington,K:fa54fed8dbb3,Top Ten Books,4,
Donald Harington,OL:OL274518W,Top Ten Books,7,
Donald Harington,OL:OL468485W,Top Ten Books,9,
Donald Harington,OL:OL50548W,Top Ten Books,8,
Donald Harington,OL:OL627084W,Top Ten Books,1,
Dorian Lynskey,OL:OL1168083W,Guardian Top 100,7,Author/Journalist
Dorian Lynskey,OL:OL1217995W,Guardian Top 100,1,Author/Journalist
Dorian Lynskey,OL:OL17202418W,Guardian Top 100,8,Author/Journalist
Dorian Lynskey,OL:OL1921198W,Guardian Top 100,2,Author/Journalist
Dorian Lynskey,OL:OL1993508W,Guardian Top 100,9,Author/Journalist
Dorian Lynskey,OL:OL38663W,Guardian Top 100,4,Author/Journalist
Dorian Lynskey,OL:OL55239W,Guardian Top 100,5,Author/Journalist
Dorian Lynskey,OL:OL59048W,Guardian Top 100,3,Author/Journalist
Dorian Lynskey,OL:OL74666W,Guardian Top 100,6,Author/Journalist
Dorian Lynskey,OL:OL98491W,Guardian Top 100,10,Author/Journalist
Douglas Coupland,K:0c9bc31275dd,Top Ten Books,7,
Douglas Coupland,K:5edf5b07c259,Top Ten Books,6,
Douglas Coupland,K:6071bcc4c2a5,Top Ten Books,3,
Douglas Coupland,K:6d7a4faa0e0d,Top Ten Books,5,
Douglas Coupland,K:844116884044,Top Ten Books,8,
Douglas Coupland,K:8b14ad140aeb,Top Ten Books,10,
Douglas Coupland,K:a3a5d5c3c211,Top Ten Books,4,
Douglas Coupland,K:aa06efa6ffb9,Top Ten Books,1,
Douglas Coupland,K:da7daa0a88e4,Top Ten Books,9,
Douglas Coupland,OL:OL98459W,Top Ten Books,2,
Douglas Stuart,OL:OL10432709W,Guardian Top 100,3,Author
Douglas Stuart,OL:OL16520879W,Guardian Top 100,8,Author
Douglas Stuart,OL:OL1993508W,Guardian Top 100,6,Author
Douglas Stuart,OL:OL44986W,Guardian Top 100,2,Author
Douglas Stuart,OL:OL500451W,Guardian Top 100,4,Author
Douglas Stuart,OL:OL50548W,Guardian Top 100,1,Author
Douglas Stuart,OL:OL60988W,Guardian Top 100,9,Author
Douglas Stuart,OL:OL627084W,Guardian Top 100,10,Author
Douglas Stuart,OL:OL816259W,Guardian Top 100,7,Author
Douglas Stuart,OL:OL863837W,Guardian Top 100,5,Author
Edmund White,K:051a111d303b,Top Ten Books,3,
Edmund White,K:111bd5114ad8,Top Ten Books,4,
Edmund White,K:f547ea8e2ecf,Top Ten Books,5,
Edmund White,K:fd173963c7a7,Top Ten Books,9,
Edmund White,OL:OL1190289W,Top Ten Books,2,
Edmund White,OL:OL20867W,Top Ten Books,10,
Edmund White,OL:OL2386322W,Top Ten Books,6,
Edmund White,OL:OL267096W,Top Ten Books,1,
Edmund White,OL:OL668682W,Top Ten Books,7,
Edmund White,OL:OL86318W,Top Ten Books,8,
Edwidge Danticat,K:cea4e1a79452,Top Ten Books,10,
Edwidge Danticat,K:e4d6b7a4689e,Top Ten Books,7,
Edwidge Danticat,OL:OL118986W,Top Ten Books,3,
Edwidge Danticat,OL:OL1230613W,Top Ten Books,2,
Edwidge Danticat,OL:OL273644W,Top Ten Books,8,
Edwidge Danticat,OL:OL274505W,Top Ten Books,5,
Edwidge Danticat,OL:OL27778127W,Top Ten Books,1,
Edwidge Danticat,OL:OL495470W,Top Ten Books,4,
Edwidge Danticat,OL:OL498463W,Top Ten Books,9,
Edwidge Danticat,OL:OL50548W,Top Ten Books,6,
Eimear McBride,OL:OL102749W,Guardian Top 100,10,Author
Eimear McBride,OL:OL1168083W,Guardian Top 100,9,Author
Eimear McBride,OL:OL1190289W,Guardian Top 100,4,Author
Eimear McBride,OL:OL14866824W,Guardian Top 100,6,Author
Eimear McBride,OL:OL166894W,Guardian Top 100,2,Author
Eimear McBride,OL:OL20867W,Guardian Top 100,3,Author
Eimear McBride,OL:OL21170W,Guardian Top 100,5,Author
Eimear McBride,OL:OL267096W,Guardian Top 100,8,Author
Eimear McBride,OL:OL39396W,Guardian Top 100,7,Author
Eimear McBride,OL:OL86318W,Guardian Top 100,1,Author
Elif Batuman,OL:OL1095427W,Guardian Top 100,10,Author
Elif Batuman,OL:OL1190289W,Guardian Top 100,9,Author
Elif Batuman,OL:OL20867W,Guardian Top 100,2,Author
Elif Batuman,OL:OL25451958W,Guardian Top 100,7,Author
Elif Batuman,OL:OL267096W,Guardian Top 100,1,Author
Elif Batuman,OL:OL276365W,Guardian Top 100,3,Author
Elif Batuman,OL:OL44222301W,Guardian Top 100,5,Author
Elif Batuman,OL:OL498463W,Guardian Top 100,8,Author
Elif Batuman,OL:OL627081W,Guardian Top 100,4,Author
Elif Batuman,OL:OL668682W,Guardian Top 100,6,Author
Elif Shafak,OL:OL1865528W,Guardian Top 100,7,Author
Elif Shafak,OL:OL19350876W,Guardian Top 100,6,Author
Elif Shafak,OL:OL19690272W,Guardian Top 100,9,Author
Elif Shafak,OL:OL274505W,Guardian Top 100,1,Author
Elif Shafak,OL:OL39360W,Guardian Top 100,5,Author
Elif Shafak,OL:OL44222301W,Guardian Top 100,2,Author
Elif Shafak,OL:OL498556W,Guardian Top 100,4,Author
Elif Shafak,OL:OL676009W,Guardian Top 100,10,Author
Elif Shafak,OL:OL86318W,Guardian Top 100,3,Author
Elif Shafak,OL:OL8996439W,Guardian Top 100,8,Author
Elizabeth Day,OL:OL15165350W,Guardian Top 100,2,Author/Journalist
Elizabeth Day,OL:OL16239762W,Guardian Top 100,8,Author/Journalist
Elizabeth Day,OL:OL16313W,Guardian Top 100,3,Author/Journalist
Elizabeth Day,OL:OL16805415W,Guardian Top 100,9,Author/Journalist
Elizabeth Day,OL:OL1925470W,Guardian Top 100,7,Author/Journalist
Elizabeth Day,OL:OL20867W,Guardian Top 100,6,Author/Journalist
Elizabeth Day,OL:OL2824299W,Guardian Top 100,10,Author/Journalist
Elizabeth Day,OL:OL627084W,Guardian Top 100,5,Author/Journalist
Elizabeth Day,OL:OL8721462W,Guardian Top 100,4,Author/Journalist
Elizabeth Day,OL:OL88881W,Guardian Top 100,1,Author/Journalist
Elizabeth Flock,K:3dfab6fbfe3b,Top Ten Books,9,
Elizabeth Flock,K:4ed9d5c4ad28,Top Ten Books,6,
Elizabeth Flock,K:936c038de83f,Top Ten Books,8,
Elizabeth Flock,K:a7d082925dfc,Top Ten Books,7,
Elizabeth Flock,K:aad10973ad30,Top Ten Books,3,
Elizabeth Flock,K:b2ed6357b917,Top Ten Books,5,
Elizabeth Flock,OL:OL12791W,Top Ten Books,4,
Elizabeth Flock,OL:OL17644895W,Top Ten Books,2,
Elizabeth Flock,OL:OL19350876W,Top Ten Books,1,
Elizabeth Flock,OL:OL501911W,Top Ten Books,10,
Elizabeth Hay,K:10f18a0254cc,Top Ten Books,3,
Elizabeth Hay,K:5a6ed0245636,Top Ten Books,10,
Elizabeth Hay,K:6b584d1b9428,Top Ten Books,1,
Elizabeth Hay,K:906ffc5082cd,Top Ten Books,7,
Elizabeth Hay,K:fee34cabb897,Top Ten Books,9,
Elizabeth Hay,OL:OL1095427W,Top Ten Books,8,
Elizabeth Hay,OL:OL26733889W,Top Ten Books,2,
Elizabeth Hay,OL:OL40756300W,Top Ten Books,6,
Elizabeth Hay,OL:OL46611W,Top Ten Books,4,
Elizabeth Hay,OL:OL500451W,Top Ten Books,5,
Elizabeth Spencer,K:017afa232b50,Top Ten Books,2,
Elizabeth Spencer,K:6d4d03ec89c9,Top Ten Books,7,
Elizabeth Spencer,K:86720a12eae7,Top Ten Books,5,
Elizabeth Spencer,K:9a0ea9d7f91e,Top Ten Books,10,
Elizabeth Spencer,K:9f3328e101b2,Top Ten Books,3,
Elizabeth Spencer,K:bf599939f01f,Top Ten Books,8,
Elizabeth Spencer,K:ecccc5395ea7,Top Ten Books,6,
Elizabeth Spencer,OL:OL468485W,Top Ten Books,9,
Elizabeth Spencer,OL:OL733640W,Top Ten Books,4,
Elizabeth Spencer,OL:OL8721462W,Top Ten Books,1,
Ella Creamer,OL:OL116089W,Guardian Top 100,7,Journalist
Ella Creamer,OL:OL1449843W,Guardian Top 100,6,Journalist
Ella Creamer,OL:OL16520879W,Guardian Top 100,2,Journalist
Ella Creamer,OL:OL17873642W,Guardian Top 100,8,Journalist
Ella Creamer,OL:OL19740451W,Guardian Top 100,10,Journalist
Ella Creamer,OL:OL27778127W,Guardian Top 100,5,Journalist
Ella Creamer,OL:OL39396W,Guardian Top 100,1,Journalist
Ella Creamer,OL:OL42974304W,Guardian Top 100,9,Journalist
Ella Creamer,OL:OL50548W,Guardian Top 100,3,Journalist
Ella Creamer,OL:OL81293W,Guardian Top 100,4,Journalist
Emma Donoghue,K:0fb96ea874bc,Top Ten Books,10,
Emma Donoghue,K:45d423f10268,Top Ten Books,6,
Emma Donoghue,K:6c48d4f8f588,Top Ten Books,2,
Emma Donoghue,K:9bc0b5729601,Top Ten Books,7,
Emma Donoghue,K:ced3e731d0b5,Top Ten Books,8,
Emma Donoghue,K:ec3fd432acea,Top Ten Books,9,
Emma Donoghue,OL:OL1150725W,Top Ten Books,1,
Emma Donoghue,OL:OL1846845W,Top Ten Books,5,
Emma Donoghue,OL:OL190034W,Top Ten Books,3,
Emma Donoghue,OL:OL8721462W,Top Ten Books,4,
Emma Loffhagen,OL:OL1052133W,Guardian Top 100,7,Journalist
Emma Loffhagen,OL:OL17334243W,Guardian Top 100,8,Journalist
Emma Loffhagen,OL:OL190034W,Guardian Top 100,6,Journalist
Emma Loffhagen,OL:OL273644W,Guardian Top 100,1,Journalist
Emma Loffhagen,OL:OL27778127W,Guardian Top 100,5,Journalist
Emma Loffhagen,OL:OL34381078W,Guardian Top 100,10,Journalist
Emma Loffhagen,OL:OL37949460W,Guardian Top 100,9,Journalist
Emma Loffhagen,OL:OL481143W,Guardian Top 100,4,Journalist
Emma Loffhagen,OL:OL5731542W,Guardian Top 100,2,Journalist
Emma Loffhagen,OL:OL891786W,Guardian Top 100,3,Journalist
Erin McGraw,K:1dc9509e5ec7,Top Ten Books,2,
Erin McGraw,K:3b04f3eef439,Top Ten Books,10,
Erin McGraw,K:450eb07e587b,Top Ten Books,1,
Erin McGraw,K:d2d9f9b0f145,Top Ten Books,8,
Erin McGraw,K:d3e96a7e3439,Top Ten Books,4,
Erin McGraw,OL:OL10432709W,Top Ten Books,7,
Erin McGraw,OL:OL106084W,Top Ten Books,6,
Erin McGraw,OL:OL19350876W,Top Ten Books,5,
Erin McGraw,OL:OL34381078W,Top Ten Books,9,
Erin McGraw,OL:OL93082W,Top Ten Books,3,
Esi Edugyan,OL:OL103066W,Guardian Top 100,9,Author
Esi Edugyan,OL:OL103108W,Guardian Top 100,6,Author
Esi Edugyan,OL:OL1168083W,Guardian Top 100,3,Author
Esi Edugyan,OL:OL1230715W,Guardian Top 100,4,Author
Esi Edugyan,OL:OL15165350W,Guardian Top 100,1,Author
Esi Edugyan,OL:OL17081245W,Guardian Top 100,10,Author
Esi Edugyan,OL:OL20867W,Guardian Top 100,2,Author
Esi Edugyan,OL:OL40879W,Guardian Top 100,8,Author
Esi Edugyan,OL:OL50548W,Guardian Top 100,5,Author
Esi Edugyan,OL:OL53071W,Guardian Top 100,7,Author
Ethan Canin,K:1369db891f94,Top Ten Books,10,
Ethan Canin,K:63a6f8d4a3cf,Top Ten Books,8,
Ethan Canin,K:657587407b2f,Top Ten Books,6,
Ethan Canin,K:6d7a4faa0e0d,Top Ten Books,3,
Ethan Canin,K:906ffc5082cd,Top Ten Books,4,
Ethan Canin,K:a63cc765d5fe,Top Ten Books,1,
Ethan Canin,K:ca7944d7d49e,Top Ten Books,10,
Ethan Canin,K:e62e1fa9cb0f,Top Ten Books,5,
Ethan Canin,K:f3d3d81a13a1,Top Ten Books,9,
Ethan Canin,OL:OL21025633W,Top Ten Books,2,
Ethan Canin,OL:OL74666W,Top Ten Books,7,
Fiona Sampson,OL:OL100040W,Guardian Top 100,10,Author
Fiona Sampson,OL:OL1190289W,Guardian Top 100,1,Author
Fiona Sampson,OL:OL1980233W,Guardian Top 100,7,Author
Fiona Sampson,OL:OL258416W,Guardian Top 100,2,Author
Fiona Sampson,OL:OL26496349W,Guardian Top 100,6,Author
Fiona Sampson,OL:OL26743128W,Guardian Top 100,9,Author
Fiona Sampson,OL:OL26860869W,Guardian Top 100,3,Author
Fiona Sampson,OL:OL35358393W,Guardian Top 100,8,Author
Fiona Sampson,OL:OL39396W,Guardian Top 100,5,Author
Fiona Sampson,OL:OL48286W,Guardian Top 100,4,Author
Fiona Sturges,OL:OL1095427W,Guardian Top 100,4,Journalist
Fiona Sturges,OL:OL115647W,Guardian Top 100,7,Journalist
Fiona Sturges,OL:OL1682158W,Guardian Top 100,3,Journalist
Fiona Sturges,OL:OL1855944W,Guardian Top 100,6,Journalist
Fiona Sturges,OL:OL26437W,Guardian Top 100,8,Journalist
Fiona Sturges,OL:OL3140822W,Guardian Top 100,5,Journalist
Fiona Sturges,OL:OL36506504W,Guardian Top 100,9,Journalist
Fiona Sturges,OL:OL464512W,Guardian Top 100,2,Journalist
Fiona Sturges,OL:OL50548W,Guardian Top 100,1,Journalist
Fiona Sturges,OL:OL675783W,Guardian Top 100,10,Journalist
Florence Knapp,OL:OL1103203W,Guardian Top 100,5,Author
Florence Knapp,OL:OL16142094W,Guardian Top 100,10,Author
Florence Knapp,OL:OL17370186W,Guardian Top 100,2,Author
Florence Knapp,OL:OL20743965W,Guardian Top 100,7,Author
Florence Knapp,OL:OL23020966W,Guardian Top 100,9,Author
Florence Knapp,OL:OL2980902W,Guardian Top 100,1,Author
Florence Knapp,OL:OL3140822W,Guardian Top 100,8,Author
Florence Knapp,OL:OL37572547W,Guardian Top 100,6,Author
Florence Knapp,OL:OL5782000W,Guardian Top 100,4,Author
Florence Knapp,OL:OL77746W,Guardian Top 100,3,Author
Francine Prose,K:6b584d1b9428,Top Ten Books,4,
Francine Prose,K:969799e0bdc1,Top Ten Books,2,
Francine Prose,K:a54fc089b816,Top Ten Books,6,
Francine Prose,K:a63cc765d5fe,Top Ten Books,5,
Francine Prose,OL:OL102749W,Top Ten Books,7,
Francine Prose,OL:OL1190289W,Top Ten Books,3,
Francine Prose,OL:OL166894W,Top Ten Books,10,
Francine Prose,OL:OL20867W,Top Ten Books,8,
Francine Prose,OL:OL267096W,Top Ten Books,1,
Francine Prose,OL:OL274505W,Top Ten Books,9,
Fred Chappell,K:0b33bb451da1,Top Ten Books,7,
Fred Chappell,K:312f2e675a9c,Top Ten Books,10,
Fred Chappell,K:4915c4a456eb,Top Ten Books,4,
Fred Chappell,K:7d6f4598f836,Top Ten Books,9,
Fred Chappell,K:c70aa81a21ba,Top Ten Books,6,
Fred Chappell,K:d3e96a7e3439,Top Ten Books,3,
Fred Chappell,K:de8ae851971a,Top Ten Books,5,
Fred Chappell,K:ee34a6c50dbf,Top Ten Books,1,
Fred Chappell,OL:OL44222301W,Top Ten Books,2,
Fred Chappell,OL:OL53908W,Top Ten Books,8,
Freya Johnston,OL:OL11103938W,Guardian Top 100,8,Academic
Freya Johnston,OL:OL1400708W,Guardian Top 100,6,Academic
Freya Johnston,OL:OL19350876W,Guardian Top 100,2,Academic
Freya Johnston,OL:OL20867W,Guardian Top 100,3,Academic
Freya Johnston,OL:OL2435539W,Guardian Top 100,7,Academic
Freya Johnston,OL:OL267096W,Guardian Top 100,1,Academic
Freya Johnston,OL:OL40756300W,Guardian Top 100,4,Academic
Freya Johnston,OL:OL480955W,Guardian Top 100,10,Academic
Freya Johnston,OL:OL8662242W,Guardian Top 100,5,Academic
Freya Johnston,OL:OL890896W,Guardian Top 100,9,Academic
G.D. Gearino,K:0b5a2838b308,Top Ten Books,2,
G.D. Gearino,K:3e4c8a960300,Top Ten Books,1,
G.D. Gearino,K:5fcc86b529ea,series_explode,,
G.D. Gearino,K:d27ac1dd1b67,Top Ten Books,8,
G.D. Gearino,K:dc15508e1ca2,Top Ten Books,7,
G.D. Gearino,K:f0a6ce516e75,Top Ten Books,6,
G.D. Gearino,OL:OL11081469W,Top Ten Books,4,
G.D. Gearino,OL:OL23166W,Top Ten Books,5,
G.D. Gearino,OL:OL274518W,Top Ten Books,10,
G.D. Gearino,OL:OL42718662W,series_explode,,
G.D. Gearino,OL:OL463809W,series_explode,,
G.D. Gearino,OL:OL463820W,series_explode,,
G.D. Gearino,OL:OL82870W,Top Ten Books,3,
Gail Godwin,K:aaeea62a115f,Top Ten Books,9,
Gail Godwin,OL:OL106084W,Top Ten Books,6,
Gail Godwin,OL:OL1855944W,Top Ten Books,10,
Gail Godwin,OL:OL190034W,Top Ten Books,2,
Gail Godwin,OL:OL20867W,Top Ten Books,5,
Gail Godwin,OL:OL267096W,Top Ten Books,4,
Gail Godwin,OL:OL276365W,Top Ten Books,1,
Gail Godwin,OL:OL39108W,Top Ten Books,3,
Gail Godwin,OL:OL41225848W,Top Ten Books,8,
Gail Godwin,OL:OL724067W,Top Ten Books,7,
Geoff Dyer,OL:OL103066W,Guardian Top 100,7,Author
Geoff Dyer,OL:OL134601W,Guardian Top 100,2,Author
Geoff Dyer,OL:OL1858636W,Guardian Top 100,9,Author
Geoff Dyer,OL:OL1921184W,Guardian Top 100,8,Author
Geoff Dyer,OL:OL20867W,Guardian Top 100,1,Author
Geoff Dyer,OL:OL267171W,Guardian Top 100,3,Author
Geoff Dyer,OL:OL276365W,Guardian Top 100,4,Author
Geoff Dyer,OL:OL65906W,Guardian Top 100,10,Author
Geoff Dyer,OL:OL8721462W,Guardian Top 100,6,Author
Geoff Dyer,OL:OL98491W,Guardian Top 100,5,Author
George Pelecanos,K:46d79f6e7173,Top Ten Books,5,
George Pelecanos,K:4d4b9f43727e,Top Ten Books,1,
George Pelecanos,K:d36692a00746,Top Ten Books,7,
George Pelecanos,K:da7daa0a88e4,Top Ten Books,4,
George Pelecanos,K:dd4cd6f4f20e,Top Ten Books,9,
George Pelecanos,K:fa6d27467a77,Top Ten Books,6,
George Pelecanos,OL:OL23205W,Top Ten Books,3,
George Pelecanos,OL:OL40879W,Top Ten Books,8,
George Pelecanos,OL:OL4112928W,Top Ten Books,10,
George Pelecanos,OL:OL62979W,Top Ten Books,2,
George Saunders,K:1953ba5c8e84,Top Ten Books,1,
George Saunders,K:6b584d1b9428,Top Ten Books,7,
George Saunders,K:9582f8788134,Top Ten Books,9,
George Saunders,K:ef3be8623dfc,Top Ten Books,6,
George Saunders,K:fbe28ea907ef,Top Ten Books,5,
George Saunders,OL:OL267171W,Top Ten Books,3,
George Saunders,OL:OL32013322W,Top Ten Books,4,
George Saunders,OL:OL53908W,Top Ten Books,2,
George Saunders,OL:OL65906W,Top Ten Books,10,
George Saunders,OL:OL98459W,Top Ten Books,8,
Guy Gunaratne,OL:OL102389W,Guardian Top 100,10,Author
Guy Gunaratne,OL:OL10432709W,Guardian Top 100,2,Author
Guy Gunaratne,OL:OL20942111W,Guardian Top 100,4,Author
Guy Gunaratne,OL:OL228702W,Guardian Top 100,9,Author
Guy Gunaratne,OL:OL39316W,Guardian Top 100,3,Author
Guy Gunaratne,OL:OL46611W,Guardian Top 100,7,Author
Guy Gunaratne,OL:OL50564W,Guardian Top 100,5,Author
Guy Gunaratne,OL:OL506116W,Guardian Top 100,8,Author
Guy Gunaratne,OL:OL82929W,Guardian Top 100,6,Author
Guy Gunaratne,OL:OL86318W,Guardian Top 100,1,Author
Ha Jin,K:16e06883edc4,Top Ten Books,7,
Ha Jin,K:40880fd45ba7,Top Ten Books,10,
Ha Jin,K:6b584d1b9428,Top Ten Books,4,
Ha Jin,K:d2d9f9b0f145,Top Ten Books,6,
Ha Jin,OL:OL103108W,Top Ten Books,9,
Ha Jin,OL:OL10432709W,Top Ten Books,2,
Ha Jin,OL:OL1190289W,Top Ten Books,5,
Ha Jin,OL:OL267096W,Top Ten Books,1,
Ha Jin,OL:OL267171W,Top Ten Books,3,
Ha Jin,OL:OL44820011W,Top Ten Books,8,
Haven Kimmel,K:3dc75f99b576,Top Ten Books,6,
Haven Kimmel,K:9df5ca05129f,Top Ten Books,10,
Haven Kimmel,K:aafaa386e9f2,Top Ten Books,4,
Haven Kimmel,K:b38daef16aea,Top Ten Books,1,
Haven Kimmel,K:c70aa81a21ba,Top Ten Books,2,
Haven Kimmel,K:fbe28ea907ef,Top Ten Books,3,
Haven Kimmel,OL:OL39396W,Top Ten Books,5,
Haven Kimmel,OL:OL495470W,Top Ten Books,8,
Haven Kimmel,OL:OL50548W,Top Ten Books,9,
Haven Kimmel,OL:OL53908W,Top Ten Books,7,
Heidi Julavits,K:111bd5114ad8,Top Ten Books,6,
Heidi Julavits,K:1fbb54b59724,Top Ten Books,7,
Heidi Julavits,K:534ca77bf091,Top Ten Books,6,
Heidi Julavits,K:625b79762741,Top Ten Books,5,
Heidi Julavits,K:98c8438f910d,Top Ten Books,1,
Heidi Julavits,K:bd00376b9180,Top Ten Books,10,
Heidi Julavits,K:da7daa0a88e4,Top Ten Books,9,
Heidi Julavits,K:f8c105f058d5,Top Ten Books,6,
Heidi Julavits,OL:OL103113W,Top Ten Books,8,
Heidi Julavits,OL:OL1230613W,Top Ten Books,4,
Heidi Julavits,OL:OL20933W,Top Ten Books,2,
Heidi Julavits,OL:OL7180368W,Top Ten Books,3,
Hermione Lee,OL:OL112983W,Guardian Top 100,9,Author/Academic
Hermione Lee,OL:OL12791W,Guardian Top 100,4,Author/Academic
Hermione Lee,OL:OL166434W,Guardian Top 100,6,Author/Academic
Hermione Lee,OL:OL18020255W,Guardian Top 100,10,Author/Academic
Hermione Lee,OL:OL1863387W,Guardian Top 100,7,Author/Academic
Hermione Lee,OL:OL20769W,Guardian Top 100,5,Author/Academic
Hermione Lee,OL:OL276365W,Guardian Top 100,8,Author/Academic
Hermione Lee,OL:OL35382740W,Guardian Top 100,1,Author/Academic
Hermione Lee,OL:OL39396W,Guardian Top 100,2,Author/Academic
Hermione Lee,OL:OL98585W,Guardian Top 100,3,Author/Academic
Houman Barekat,OL:OL1326328W,Guardian Top 100,10,
Houman Barekat,OL:OL19350876W,Guardian Top 100,1,
Houman Barekat,OL:OL20867W,Guardian Top 100,3,
Houman Barekat,OL:OL2399772W,Guardian Top 100,9,
Houman Barekat,OL:OL26733889W,Guardian Top 100,7,
Houman Barekat,OL:OL38700W,Guardian Top 100,4,
Houman Barekat,OL:OL506111W,Guardian Top 100,8,
Houman Barekat,OL:OL5721565W,Guardian Top 100,5,
Houman Barekat,OL:OL627081W,Guardian Top 100,6,
Houman Barekat,OL:OL86318W,Guardian Top 100,2,
Iain Pears,K:0230eeaf324c,Top Ten Books,10,
Iain Pears,K:225e0e2f049d,Top Ten Books,2,
Iain Pears,K:276c1877072e,Top Ten Books,7,
Iain Pears,K:2d245b5f48f1,Top Ten Books,10,
Iain Pears,K:50d0889fba0e,Top Ten Books,4,
Iain Pears,K:524993036073,Top Ten Books,8,
Iain Pears,K:80f80a40eeab,Top Ten Books,10,
Iain Pears,K:8f7a8603bc7a,Top Ten Books,3,
Iain Pears,K:bc4aa7549271,Top Ten Books,1,
Iain Pears,K:d4f54d0b665c,Top Ten Books,9,
Iain Pears,OL:OL15165350W,Top Ten Books,6,
Iain Pears,OL:OL842158W,Top Ten Books,5,
Ian McEwan,OL:OL1230715W,Guardian Top 100,4,Author
Ian McEwan,OL:OL14866824W,Guardian Top 100,8,Author
Ian McEwan,OL:OL15165350W,Guardian Top 100,6,Author
Ian McEwan,OL:OL19350876W,Guardian Top 100,7,Author
Ian McEwan,OL:OL20867W,Guardian Top 100,3,Author
Ian McEwan,OL:OL267096W,Guardian Top 100,2,Author
Ian McEwan,OL:OL41368739W,Guardian Top 100,9,Author
Ian McEwan,OL:OL463809W,Guardian Top 100,10,Author
Ian McEwan,OL:OL498556W,Guardian Top 100,5,Author
Ian McEwan,OL:OL86318W,Guardian Top 100,1,Author
Ian Patterson,OL:OL10429255W,Guardian Top 100,7,Author/Academic
Ian Patterson,OL:OL1190289W,Guardian Top 100,1,Author/Academic
Ian Patterson,OL:OL1206495W,Guardian Top 100,9,Author/Academic
Ian Patterson,OL:OL1330246W,Guardian Top 100,6,Author/Academic
Ian Patterson,OL:OL15210983W,Guardian Top 100,5,Author/Academic
Ian Patterson,OL:OL190034W,Guardian Top 100,3,Author/Academic
Ian Patterson,OL:OL2085293W,Guardian Top 100,8,Author/Academic
Ian Patterson,OL:OL26099415W,Guardian Top 100,2,Author/Academic
Ian Patterson,OL:OL32013322W,Guardian Top 100,4,Author/Academic
Ian Patterson,OL:OL724067W,Guardian Top 100,10,Author/Academic
Ian Rankin,K:9b6c22f83dd1,Top Ten Books,8,
Ian Rankin,K:bc4aa7549271,Top Ten Books,1,
Ian Rankin,OL:OL102749W,Top Ten Books,10,
Ian Rankin,OL:OL14868508W,Guardian Top 100;Top Ten Books,1;6,Author
Ian Rankin,OL:OL15165350W,Top Ten Books,9,
Ian Rankin,OL:OL15400582W,Guardian Top 100,4,Author
Ian Rankin,OL:OL166894W,Guardian Top 100;Top Ten Books,4;5,Author
Ian Rankin,OL:OL16810448W,Guardian Top 100,10,Author
Ian Rankin,OL:OL16847W,Guardian Top 100,8,Author
Ian Rankin,OL:OL2074162W,Guardian Top 100,6,Author
Ian Rankin,OL:OL24156W,Guardian Top 100;Top Ten Books,2;7,Author
Ian Rankin,OL:OL2466637W,Guardian Top 100,9,Author
Ian Rankin,OL:OL26437W,Guardian Top 100,3,Author
Ian Rankin,OL:OL267171W,Top Ten Books,3,
Ian Rankin,OL:OL276798W,Top Ten Books,2,
Ian Rankin,OL:OL50564W,Guardian Top 100,7,Author
Ian Rankin,OL:OL86318W,Top Ten Books,5,
Imogen Russell Williams,OL:OL1095427W,Guardian Top 100,6,
Imogen Russell Williams,OL:OL1930756W,Guardian Top 100,5,
Imogen Russell Williams,OL:OL20026655W,Guardian Top 100,3,
Imogen Russell Williams,OL:OL28988W,Guardian Top 100,9,
Imogen Russell Williams,OL:OL35616W,Guardian Top 100,4,
Imogen Russell Williams,OL:OL35730490W,Guardian Top 100,8,
Imogen Russell Williams,OL:OL457172W,Guardian Top 100,10,
Imogen Russell Williams,OL:OL50548W,Guardian Top 100,7,
Imogen Russell Williams,OL:OL59798W,Guardian Top 100,1,
Imogen Russell Williams,OL:OL60148W,Guardian Top 100,2,
Irvine Welsh,K:1735e32fc58c,Top Ten Books,7,
Irvine Welsh,K:61c9c451d3cd,Top Ten Books,7,
Irvine Welsh,K:87dd2eb9156a,Top Ten Books,7,
Irvine Welsh,K:a7dff9c2e44e,Top Ten Books,5,
Irvine Welsh,K:f78f2190768a,Top Ten Books,4,
Irvine Welsh,OL:OL10432709W,Top Ten Books,6,
Irvine Welsh,OL:OL1921185W,Top Ten Books,2,
Irvine Welsh,OL:OL24156W,Top Ten Books,10,
Irvine Welsh,OL:OL2466637W,Top Ten Books,8,
Irvine Welsh,OL:OL40879W,Top Ten Books,3,
Irvine Welsh,OL:OL468485W,Top Ten Books,9,
Irvine Welsh,OL:OL86318W,Top Ten Books,1,
Ishmael Reed,K:501f494331a3,Top Ten Books,5,
Ishmael Reed,K:61ba8d737730,Top Ten Books,9,
Ishmael Reed,K:9cc5b917e8b7,Top Ten Books,7,
Ishmael Reed,K:a03d515550d1,Top Ten Books,3,
Ishmael Reed,K:a17eec71ce8a,Top Ten Books,8,
Ishmael Reed,K:b13d439ea66c,Top Ten Books,4,
Ishmael Reed,K:b5d527740304,Top Ten Books,6,
Ishmael Reed,K:c49562153000,Top Ten Books,1,
Ishmael Reed,OL:OL228705W,Top Ten Books,10,
Ishmael Reed,OL:OL275946W,Top Ten Books,2,
Jack Edwards,OL:OL1052133W,Guardian Top 100,6,
Jack Edwards,OL:OL1168083W,Guardian Top 100,3,
Jack Edwards,OL:OL17370186W,Guardian Top 100,5,
Jack Edwards,OL:OL1858668W,Guardian Top 100,9,
Jack Edwards,OL:OL190034W,Guardian Top 100,2,
Jack Edwards,OL:OL37505411W,Guardian Top 100,10,
Jack Edwards,OL:OL39396W,Guardian Top 100,8,
Jack Edwards,OL:OL50567W,Guardian Top 100,1,
Jack Edwards,OL:OL509889W,Guardian Top 100,4,
Jack Edwards,OL:OL8193416W,Guardian Top 100,7,
Jacqueline Rose,OL:OL1190289W,Guardian Top 100,1,Author/Academic
Jacqueline Rose,OL:OL19344016W,Guardian Top 100,8,Author/Academic
Jacqueline Rose,OL:OL20494708W,Guardian Top 100,7,Author/Academic
Jacqueline Rose,OL:OL20933W,Guardian Top 100,2,Author/Academic
Jacqueline Rose,OL:OL2527681W,Guardian Top 100,10,Author/Academic
Jacqueline Rose,OL:OL26099415W,Guardian Top 100,5,Author/Academic
Jacqueline Rose,OL:OL27778127W,Guardian Top 100,9,Author/Academic
Jacqueline Rose,OL:OL39316W,Guardian Top 100,6,Author/Academic
Jacqueline Rose,OL:OL50548W,Guardian Top 100,4,Author/Academic
Jacqueline Rose,OL:OL86318W,Guardian Top 100,3,Author/Academic
James Lee Burke,K:04ef5684be62,Top Ten Books,2,
James Lee Burke,K:3b04f3eef439,Top Ten Books,5,
James Lee Burke,K:3b31f95c4a6f,Top Ten Books,7,
James Lee Burke,K:3c196dac60d1,Top Ten Books,6,
James Lee Burke,K:4d4b9f43727e,Top Ten Books,4,
James Lee Burke,K:95d47d6a83b3,Top Ten Books,9,
James Lee Burke,K:bf8d0f88d122,Top Ten Books,8,
James Lee Burke,K:c34e51144bbc,Top Ten Books,3,
James Lee Burke,OL:OL34381078W,Top Ten Books,10,
James Lee Burke,OL:OL82870W,Top Ten Books,1,
James Meek,OL:OL109724W,Guardian Top 100,4,Author/Journalist
James Meek,OL:OL14866824W,Guardian Top 100,8,Author/Journalist
James Meek,OL:OL15297W,Guardian Top 100,5,Author/Journalist
James Meek,OL:OL17873642W,Guardian Top 100,7,Author/Journalist
James Meek,OL:OL20867W,Guardian Top 100,2,Author/Journalist
James Meek,OL:OL500451W,Guardian Top 100,1,Author/Journalist
James Meek,OL:OL60979W,Guardian Top 100,3,Author/Journalist
James Meek,OL:OL66530W,Guardian Top 100,9,Author/Journalist
James Meek,OL:OL724067W,Guardian Top 100,10,Author/Journalist
James Meek,OL:OL86318W,Guardian Top 100,6,Author/Journalist
James Salter,K:1953ba5c8e84,Top Ten Books,7,
James Salter,K:450eb07e587b,Top Ten Books,1,
James Salter,K:511f77d53adb,Top Ten Books,4,
James Salter,K:96f5809e4069,Top Ten Books,2,
James Salter,K:98c8438f910d,Top Ten Books,3,
James Salter,K:a452f45af6bc,Top Ten Books,10,
James Salter,K:d20e64b8c042,Top Ten Books,5,
James Salter,K:ef3be8623dfc,Top Ten Books,9,
James Salter,OL:OL19350876W,Top Ten Books,6,
James Salter,OL:OL267096W,Top Ten Books,8,
Jan Carson,OL:OL106073W,Guardian Top 100,10,Author
Jan Carson,OL:OL17635834W,Guardian Top 100,7,Author
Jan Carson,OL:OL1888776W,Guardian Top 100,9,Author
Jan Carson,OL:OL19690272W,Guardian Top 100,4,Author
Jan Carson,OL:OL21170W,Guardian Top 100,3,Author
Jan Carson,OL:OL37832922W,Guardian Top 100,6,Author
Jan Carson,OL:OL457179W,Guardian Top 100,1,Author
Jan Carson,OL:OL471565W,Guardian Top 100,8,Author
Jan Carson,OL:OL50548W,Guardian Top 100,2,Author
Jan Carson,OL:OL85892W,Guardian Top 100,5,Author
Jane Mendelsohn,K:6b584d1b9428,Top Ten Books,4,
Jane Mendelsohn,K:77a9e9d519f7,Top Ten Books,1,
Jane Mendelsohn,K:bc4aa7549271,Top Ten Books,2,
Jane Mendelsohn,OL:OL15165350W,Top Ten Books,3,
Jane Mendelsohn,OL:OL20867W,Top Ten Books,6,
Jane Mendelsohn,OL:OL2636675W,Top Ten Books,10,
Jane Mendelsohn,OL:OL267171W,Top Ten Books,5,
Jane Mendelsohn,OL:OL276365W,Top Ten Books,7,
Jane Mendelsohn,OL:OL39316W,Top Ten Books,9,
Jane Mendelsohn,OL:OL498556W,Top Ten Books,8,
Jeet Thayil,OL:OL1884862W,Guardian Top 100,10,Author
Jeet Thayil,OL:OL24364471W,Guardian Top 100,1,Author
Jeet Thayil,OL:OL274505W,Guardian Top 100,4,Author
Jeet Thayil,OL:OL457179W,Guardian Top 100,7,Author
Jeet Thayil,OL:OL481143W,Guardian Top 100,8,Author
Jeet Thayil,OL:OL627081W,Guardian Top 100,6,Author
Jeet Thayil,OL:OL63250W,Guardian Top 100,9,Author
Jeet Thayil,OL:OL712025W,Guardian Top 100,5,Author
Jeet Thayil,OL:OL86318W,Guardian Top 100,3,Author
Jeet Thayil,OL:OL93082W,Guardian Top 100,2,Author
Jem Calder,OL:OL1999221W,Guardian Top 100,10,Author
Jem Calder,OL:OL20867W,Guardian Top 100,1,Author
Jem Calder,OL:OL2435538W,Guardian Top 100,8,Author
Jem Calder,OL:OL267171W,Guardian Top 100,2,Author
Jem Calder,OL:OL276365W,Guardian Top 100,3,Author
Jem Calder,OL:OL2943602W,Guardian Top 100,9,Author
Jem Calder,OL:OL40756300W,Guardian Top 100,6,Author
Jem Calder,OL:OL4082696W,Guardian Top 100,7,Author
Jem Calder,OL:OL40885W,Guardian Top 100,4,Author
Jem Calder,OL:OL9362446W,Guardian Top 100,5,Author
Jennifer Egan,K:1d1ae492ede5,Top Ten Books,10,
Jennifer Egan,OL:OL103066W,Top Ten Books,2,
Jennifer Egan,OL:OL109724W,Guardian Top 100,9,Author/Journalist
Jennifer Egan,OL:OL1150725W,Guardian Top 100,3,Author/Journalist
Jennifer Egan,OL:OL118986W,Top Ten Books,9,
Jennifer Egan,OL:OL15165350W,Guardian Top 100,2,Author/Journalist
Jennifer Egan,OL:OL1858631W,Top Ten Books,4,
Jennifer Egan,OL:OL1921185W,Guardian Top 100;Top Ten Books,8,Author/Journalist
Jennifer Egan,OL:OL20867W,Guardian Top 100;Top Ten Books,1;5,Author/Journalist
Jennifer Egan,OL:OL31259W,Top Ten Books,1,
Jennifer Egan,OL:OL32013322W,Guardian Top 100;Top Ten Books,5;7,Author/Journalist
Jennifer Egan,OL:OL39396W,Guardian Top 100,6,Author/Journalist
Jennifer Egan,OL:OL495470W,Guardian Top 100;Top Ten Books,4;6,Author/Journalist
Jennifer Egan,OL:OL50565W,Guardian Top 100,7,Author/Journalist
Jennifer Egan,OL:OL98587W,Guardian Top 100;Top Ten Books,10;3,Author/Journalist
Jennifer Gilmore,K:d2d9f9b0f145,Top Ten Books,4,
Jennifer Gilmore,K:e75a67015493,Top Ten Books,3,
Jennifer Gilmore,K:fa57ad62d5c6,Top Ten Books,9,
Jennifer Gilmore,OL:OL1095427W,Top Ten Books,1,
Jennifer Gilmore,OL:OL1865528W,Top Ten Books,10,
Jennifer Gilmore,OL:OL19350876W,Top Ten Books,2,
Jennifer Gilmore,OL:OL228715W,Top Ten Books,5,
Jennifer Gilmore,OL:OL41225848W,Top Ten Books,6,
Jennifer Gilmore,OL:OL44927W,Top Ten Books,8,
Jennifer Gilmore,OL:OL74666W,Top Ten Books,7,
Jennifer Weiner,K:1fd1f5c65114,Top Ten Books,4,
Jennifer Weiner,K:657b2b4a5716,Top Ten Books,9,
Jennifer Weiner,K:8cc7ecd87308,Top Ten Books,3,
Jennifer Weiner,K:99a15e609eba,Top Ten Books,5,
Jennifer Weiner,K:9dba8bbf7481,Top Ten Books,6,
Jennifer Weiner,K:c22e8571b3fc,Top Ten Books,1,
Jennifer Weiner,K:f3bd7d9cd95b,Top Ten Books,7,
Jennifer Weiner,K:f495c2bbe6aa,Top Ten Books,3,
Jennifer Weiner,OL:OL14858723W,Top Ten Books,8,
Jennifer Weiner,OL:OL675783W,Top Ten Books,10,
Jennifer Weiner,OL:OL81618W,Top Ten Books,2,
Jim Crace,K:3b04f3eef439,Top Ten Books,10,
Jim Crace,OL:OL15297W,Top Ten Books,2,
Jim Crace,OL:OL20867W,Top Ten Books,5,
Jim Crace,OL:OL27217159W,Top Ten Books,4,
Jim Crace,OL:OL43041145W,Top Ten Books,7,
Jim Crace,OL:OL495470W,Top Ten Books,6,
Jim Crace,OL:OL500388W,Top Ten Books,3,
Jim Crace,OL:OL50548W,Top Ten Books,9,
Jim Crace,OL:OL67334W,Top Ten Books,8,
Jim Crace,OL:OL891786W,Top Ten Books,1,
Jim Harrison,K:1deae2d6a81c,Top Ten Books,9,
Jim Harrison,K:bd646529eae4,Top Ten Books,1,
Jim Harrison,K:d2d9f9b0f145,Top Ten Books,7,
Jim Harrison,OL:OL102749W,Top Ten Books,4,
Jim Harrison,OL:OL1190289W,Top Ten Books,2,
Jim Harrison,OL:OL1230613W,Top Ten Books,10,
Jim Harrison,OL:OL21170W,Top Ten Books,3,
Jim Harrison,OL:OL274505W,Top Ten Books,8,
Jim Harrison,OL:OL757983W,Top Ten Books,6,
Jim Harrison,OL:OL86318W,Top Ten Books,5,
Jim Shepard,K:04ef5684be62,Top Ten Books,6,
Jim Shepard,K:3b04f3eef439,Top Ten Books,7,
Jim Shepard,K:6b584d1b9428,Top Ten Books,4,
Jim Shepard,K:ef3be8623dfc,Top Ten Books,8,
Jim Shepard,OL:OL106837W,Top Ten Books,10,
Jim Shepard,OL:OL2386322W,Top Ten Books,5,
Jim Shepard,OL:OL274505W,Top Ten Books,2,
Jim Shepard,OL:OL498463W,Top Ten Books,3,
Jim Shepard,OL:OL500388W,Top Ten Books,9,
Jim Shepard,OL:OL627084W,Top Ten Books,1,
Jo Hamya,OL:OL112769W,Guardian Top 100,3,Author/Academic
Jo Hamya,OL:OL1858668W,Guardian Top 100,4,Author/Academic
Jo Hamya,OL:OL1888776W,Guardian Top 100,7,Author/Academic
Jo Hamya,OL:OL20044855W,Guardian Top 100,6,Author/Academic
Jo Hamya,OL:OL2645476W,Guardian Top 100,9,Author/Academic
Jo Hamya,OL:OL267096W,Guardian Top 100,1,Author/Academic
Jo Hamya,OL:OL39396W,Guardian Top 100,2,Author/Academic
Jo Hamya,OL:OL42397165W,Guardian Top 100,5,Author/Academic
Jo Hamya,OL:OL627084W,Guardian Top 100,10,Author/Academic
Jo Hamya,OL:OL6831429W,Guardian Top 100,8,Author/Academic
Joanne Harris,OL:OL103123W,Guardian Top 100,1,Author
Joanne Harris,OL:OL1230613W,Guardian Top 100,4,Author
Joanne Harris,OL:OL20642211W,Guardian Top 100,6,Author
Joanne Harris,OL:OL21170W,Guardian Top 100,5,Author
Joanne Harris,OL:OL2625431W,Guardian Top 100,9,Author
Joanne Harris,OL:OL2917008W,Guardian Top 100,7,Author
Joanne Harris,OL:OL37832922W,Guardian Top 100,3,Author
Joanne Harris,OL:OL5860211W,Guardian Top 100,10,Author
Joanne Harris,OL:OL697429W,Guardian Top 100,2,Author
Joanne Harris,OL:OL928455W,Guardian Top 100,8,Author
Jodi Picoult,K:39d2beb10b6e,Top Ten Books,7,
Jodi Picoult,K:429ebb6de68d,Top Ten Books,8,
Jodi Picoult,K:5b01431b2a0f,Top Ten Books,4,
Jodi Picoult,K:6c48d4f8f588,Top Ten Books,10,
Jodi Picoult,K:6e39cb76d442,Top Ten Books,1,
Jodi Picoult,K:85c796e3a0f0,Top Ten Books,5,
Jodi Picoult,K:c539f3784713,Top Ten Books,6,
Jodi Picoult,OL:OL15165350W,Top Ten Books,9,
Jodi Picoult,OL:OL34381078W,Top Ten Books,3,
Jodi Picoult,OL:OL62979W,Top Ten Books,2,
Joe Dunthorne,OL:OL120601W,Guardian Top 100,5,Author
Joe Dunthorne,OL:OL1707638W,Guardian Top 100,9,Author
Joe Dunthorne,OL:OL1875010W,Guardian Top 100,3,Author
Joe Dunthorne,OL:OL1921196W,Guardian Top 100,4,Author
Joe Dunthorne,OL:OL2005223W,Guardian Top 100,10,Author
Joe Dunthorne,OL:OL40879W,Guardian Top 100,2,Author
Joe Dunthorne,OL:OL46611W,Guardian Top 100,1,Author
Joe Dunthorne,OL:OL55239W,Guardian Top 100,7,Author
Joe Dunthorne,OL:OL59048W,Guardian Top 100,8,Author
Joe Dunthorne,OL:OL59434W,Guardian Top 100,6,Author
John Banville,K:186d7e7da316,Top Ten Books,1,
John Banville,K:9529cd67cb83,Top Ten Books,8,
John Banville,K:fed4131b3954,Top Ten Books,4,
John Banville,OL:OL102749W,Top Ten Books,5,
John Banville,OL:OL16313W,Top Ten Books,10,
John Banville,OL:OL20600W,Top Ten Books,9,
John Banville,OL:OL21025633W,Top Ten Books,2,
John Banville,OL:OL46615W,Top Ten Books,7,
John Banville,OL:OL627084W,Top Ten Books,6,
John Banville,OL:OL86318W,Top Ten Books,3,
John Boyne,OL:OL1863530W,Guardian Top 100,8,Author
John Boyne,OL:OL21170W,Guardian Top 100,1,Author
John Boyne,OL:OL2539795W,Guardian Top 100,2,Author
John Boyne,OL:OL27442749W,Guardian Top 100,6,Author
John Boyne,OL:OL4321141W,Guardian Top 100,5,Author
John Boyne,OL:OL471932W,Guardian Top 100,10,Author
John Boyne,OL:OL505944W,Guardian Top 100,9,Author
John Boyne,OL:OL8026340W,Guardian Top 100,3,Author
John Boyne,OL:OL8662242W,Guardian Top 100,4,Author
John Boyne,OL:OL88881W,Guardian Top 100,7,Author
John Irving,K:9b18dd743820,Top Ten Books,6,
John Irving,OL:OL102749W,Top Ten Books,3,
John Irving,OL:OL19350876W,Top Ten Books,10,
John Irving,OL:OL274505W,Top Ten Books,8,
John Irving,OL:OL44927W,Top Ten Books,2,
John Irving,OL:OL455305W,Top Ten Books,4,
John Irving,OL:OL67334W,Top Ten Books,7,
John Irving,OL:OL842158W,Top Ten Books,9,
John Irving,OL:OL8662242W,Top Ten Books,5,
John Irving,OL:OL8721462W,Top Ten Books,1,
John Lanchester,OL:OL102749W,Guardian Top 100,5,Author
John Lanchester,OL:OL1190289W,Guardian Top 100,1,Author
John Lanchester,OL:OL166971W,Guardian Top 100,7,Author
John Lanchester,OL:OL2074162W,Guardian Top 100,10,Author
John Lanchester,OL:OL20867W,Guardian Top 100,2,Author
John Lanchester,OL:OL2386322W,Guardian Top 100,6,Author
John Lanchester,OL:OL267171W,Guardian Top 100,4,Author
John Lanchester,OL:OL59800W,Guardian Top 100,9,Author
John Lanchester,OL:OL7982392W,Guardian Top 100,8,Author
John Lanchester,OL:OL86318W,Guardian Top 100,3,Author
John Mullan,OL:OL1190289W,Guardian Top 100,6,Academic
John Mullan,OL:OL15165350W,Guardian Top 100,10,Academic
John Mullan,OL:OL190034W,Guardian Top 100,1,Academic
John Mullan,OL:OL19350876W,Guardian Top 100,7,Academic
John Mullan,OL:OL20867W,Guardian Top 100,3,Academic
John Mullan,OL:OL267096W,Guardian Top 100,4,Academic
John Mullan,OL:OL32013322W,Guardian Top 100,5,Academic
John Mullan,OL:OL44927W,Guardian Top 100,9,Academic
John Mullan,OL:OL86318W,Guardian Top 100,8,Academic
John Mullan,OL:OL8721462W,Guardian Top 100,2,Academic
John Self,OL:OL14858723W,Guardian Top 100,10,
John Self,OL:OL14934891W,Guardian Top 100,4,
John Self,OL:OL15297W,Guardian Top 100,6,
John Self,OL:OL15706660W,Guardian Top 100,1,
John Self,OL:OL20769W,Guardian Top 100,5,
John Self,OL:OL26437W,Guardian Top 100,8,
John Self,OL:OL26733889W,Guardian Top 100,3,
John Self,OL:OL5721565W,Guardian Top 100,9,
John Self,OL:OL59048W,Guardian Top 100,2,
John Self,OL:OL98454W,Guardian Top 100,7,
Jon Day,OL:OL14868508W,Guardian Top 100,7,Author/Academic/Journalist
Jon Day,OL:OL17661158W,Guardian Top 100,5,Author/Academic/Journalist
Jon Day,OL:OL1993499W,Guardian Top 100,10,Author/Academic/Journalist
Jon Day,OL:OL2005223W,Guardian Top 100,6,Author/Academic/Journalist
Jon Day,OL:OL20771W,Guardian Top 100,2,Author/Academic/Journalist
Jon Day,OL:OL221348W,Guardian Top 100,4,Author/Academic/Journalist
Jon Day,OL:OL26496349W,Guardian Top 100,9,Author/Academic/Journalist
Jon Day,OL:OL39396W,Guardian Top 100,8,Author/Academic/Journalist
Jon Day,OL:OL59048W,Guardian Top 100,3,Author/Academic/Journalist
Jon Day,OL:OL86318W,Guardian Top 100,1,Author/Academic/Journalist
Jonathan Franzen,K:969799e0bdc1,Top Ten Books,7,
Jonathan Franzen,K:c7f77816dbd2,Top Ten Books,9,
Jonathan Franzen,K:d2d9f9b0f145,Top Ten Books,6,
Jonathan Franzen,OL:OL10432709W,Top Ten Books,1,
Jonathan Franzen,OL:OL1190289W,Top Ten Books,4,
Jonathan Franzen,OL:OL267171W,Top Ten Books,2,
Jonathan Franzen,OL:OL34381078W,Top Ten Books,5,
Jonathan Franzen,OL:OL498463W,Top Ten Books,3,
Jonathan Franzen,OL:OL627084W,Top Ten Books,8,
Jonathan Franzen,OL:OL757983W,Top Ten Books,10,
Jonathan Lethem,K:c7f77816dbd2,Top Ten Books,3,
Jonathan Lethem,K:f3bef513288a,Top Ten Books,8,
Jonathan Lethem,OL:OL1326328W,Top Ten Books,7,
Jonathan Lethem,OL:OL151411W,Top Ten Books,6,
Jonathan Lethem,OL:OL166894W,Top Ten Books,10,
Jonathan Lethem,OL:OL2074162W,Top Ten Books,5,
Jonathan Lethem,OL:OL32013322W,Top Ten Books,9,
Jonathan Lethem,OL:OL498463W,Top Ten Books,2,
Jonathan Lethem,OL:OL733640W,Top Ten Books,4,
Jonathan Lethem,OL:OL8721462W,Top Ten Books,1,
Jonathan Miles,K:0a427d1f8faf,Top Ten Books,10,
Jonathan Miles,K:43a7a41f5606,Top Ten Books,6,
Jonathan Miles,K:5c6f63dda7c1,Top Ten Books,9,
Jonathan Miles,K:86c79232ad7b,Top Ten Books,4,
Jonathan Miles,K:93dc6897f134,Top Ten Books,1,
Jonathan Miles,K:adc0c3e969c5,Top Ten Books,3,
Jonathan Miles,K:b8f63c3e8554,Top Ten Books,7,
Jonathan Miles,K:f15eab275905,Top Ten Books,5,
Jonathan Miles,OL:OL267096W,Top Ten Books,2,
Jonathan Miles,OL:OL506115W,Top Ten Books,8,
Jonathan Raban,K:1d1ae492ede5,Top Ten Books,3,
Jonathan Raban,K:1d2a45e65297,Top Ten Books,10,
Jonathan Raban,K:7b6996b5e5d9,Top Ten Books,5,
Jonathan Raban,OL:OL190034W,Top Ten Books,2,
Jonathan Raban,OL:OL20867W,Top Ten Books,6,
Jonathan Raban,OL:OL276365W,Top Ten Books,4,
Jonathan Raban,OL:OL32013322W,Top Ten Books,7,
Jonathan Raban,OL:OL41368739W,Top Ten Books,1,
Jonathan Raban,OL:OL53908W,Top Ten Books,8,
Jonathan Raban,OL:OL5721565W,Top Ten Books,9,
Josephine Humphreys,K:10150da613f8,Top Ten Books,5,
Josephine Humphreys,K:2753623cf2c8,Top Ten Books,10,
Josephine Humphreys,K:3b04f3eef439,Top Ten Books,8,
Josephine Humphreys,OL:OL102749W,Top Ten Books,1,
Josephine Humphreys,OL:OL14868508W,Top Ten Books,6,
Josephine Humphreys,OL:OL38282W,Top Ten Books,3,
Josephine Humphreys,OL:OL479009W,Top Ten Books,4,
Josephine Humphreys,OL:OL53908W,Top Ten Books,2,
Josephine Humphreys,OL:OL627084W,Top Ten Books,7,
Josephine Humphreys,OL:OL82931W,Top Ten Books,9,
Joshua Cohen,OL:OL106079W,Guardian Top 100,9,Author
Joshua Cohen,OL:OL109871W,Guardian Top 100,6,Author
Joshua Cohen,OL:OL13116995W,Guardian Top 100,4,Author
Joshua Cohen,OL:OL1940374W,Guardian Top 100,2,Author
Joshua Cohen,OL:OL30274067W,Guardian Top 100,3,Author
Joshua Cohen,OL:OL509919W,Guardian Top 100,5,Author
Joshua Cohen,OL:OL5721561W,Guardian Top 100,7,Author
Joshua Cohen,OL:OL64465W,Guardian Top 100,8,Author
Joshua Cohen,OL:OL8193478W,Guardian Top 100,1,Author
Joshua Cohen,OL:OL85892W,Guardian Top 100,10,Author
Josip Novakovich,K:0ed1a323eb37,Top Ten Books,9,
Josip Novakovich,K:1142c6098f6d,Top Ten Books,2,
Josip Novakovich,K:3dff16151b37,Top Ten Books,7,
Josip Novakovich,K:97c74aaee58b,Top Ten Books,6,
Josip Novakovich,K:fc55a5b4798e,Top Ten Books,4,
Josip Novakovich,OL:OL10432709W,Top Ten Books,1,
Josip Novakovich,OL:OL466942W,Top Ten Books,3,
Josip Novakovich,OL:OL847902W,Top Ten Books,5,
Josip Novakovich,OL:OL98459W,Top Ten Books,8,
Joyce Carol Oates,K:655dc7057956,Top Ten Books,5,
Joyce Carol Oates,K:6baf284ba2c5,Top Ten Books,4,
Joyce Carol Oates,OL:OL102749W,Top Ten Books,9,
Joyce Carol Oates,OL:OL166894W,Top Ten Books,1,
Joyce Carol Oates,OL:OL53908W,Top Ten Books,10,
Joyce Carol Oates,OL:OL733640W,Top Ten Books,6,
Joyce Carol Oates,OL:OL81293W,Top Ten Books,7,
Joyce Carol Oates,OL:OL81294W,Top Ten Books,8,
Joyce Carol Oates,OL:OL82870W,Top Ten Books,3,
Joyce Carol Oates,OL:OL86318W,Top Ten Books,2,
Juan Gabriel Vasquez,OL:OL1190289W,Guardian Top 100,6,Author
Juan Gabriel Vasquez,OL:OL166894W,Guardian Top 100,8,Author
Juan Gabriel Vasquez,OL:OL19350876W,Guardian Top 100,3,Author
Juan Gabriel Vasquez,OL:OL267096W,Guardian Top 100,4,Author
Juan Gabriel Vasquez,OL:OL274505W,Guardian Top 100,2,Author
Juan Gabriel Vasquez,OL:OL38663W,Guardian Top 100,5,Author
Juan Gabriel Vasquez,OL:OL39396W,Guardian Top 100,7,Author
Juan Gabriel Vasquez,OL:OL44222301W,Guardian Top 100,1,Author
Juan Gabriel Vasquez,OL:OL82931W,Guardian Top 100,10,Author
Juan Gabriel Vasquez,OL:OL857552W,Guardian Top 100,9,Author
Jude Cook,OL:OL14868508W,Guardian Top 100,2,Journalist
Jude Cook,OL:OL15859552W,Guardian Top 100,8,Journalist
Jude Cook,OL:OL16032925W,Guardian Top 100,10,Journalist
Jude Cook,OL:OL16313W,Guardian Top 100,3,Journalist
Jude Cook,OL:OL39316W,Guardian Top 100,6,Journalist
Jude Cook,OL:OL44994W,Guardian Top 100,4,Journalist
Jude Cook,OL:OL468485W,Guardian Top 100,7,Journalist
Jude Cook,OL:OL50548W,Guardian Top 100,9,Journalist
Jude Cook,OL:OL66530W,Guardian Top 100,1,Journalist
Jude Cook,OL:OL98491W,Guardian Top 100,5,Journalist
Judy Budnitz,K:18a93d157004,Top Ten Books,7,
Judy Budnitz,K:19d0058befb1,Top Ten Books,9,
Judy Budnitz,K:1eb8c32d422e,Top Ten Books,10,
Judy Budnitz,K:2484db8decc1,Top Ten Books,2,
Judy Budnitz,K:4d4b9f43727e,Top Ten Books,3,
Judy Budnitz,K:ef3be8623dfc,Top Ten Books,6,
Judy Budnitz,OL:OL267096W,Top Ten Books,5,
Judy Budnitz,OL:OL3140822W,Top Ten Books,4,
Judy Budnitz,OL:OL501911W,Top Ten Books,8,
Judy Budnitz,OL:OL627084W,Top Ten Books,1,
Julian Barnes,K:1d1ae492ede5,Top Ten Books,2,
Julian Barnes,K:20121da40aef,Top Ten Books,10,
Julian Barnes,K:3e4c8a960300,Top Ten Books,5,
Julian Barnes,K:5fcc86b529ea,series_explode,,
Julian Barnes,OL:OL19350876W,Top Ten Books,1,
Julian Barnes,OL:OL2386322W,Top Ten Books,8,
Julian Barnes,OL:OL267096W,Top Ten Books,4,
Julian Barnes,OL:OL40756300W,Top Ten Books,3,
Julian Barnes,OL:OL42718662W,series_explode,,
Julian Barnes,OL:OL463809W,series_explode,,
Julian Barnes,OL:OL463820W,series_explode,,
Julian Barnes,OL:OL509889W,Top Ten Books,7,
Julian Barnes,OL:OL98585W,Top Ten Books,6,
Julie Myerson,OL:OL14919676W,Guardian Top 100,9,Author
Julie Myerson,OL:OL16672348W,Guardian Top 100,3,Author
Julie Myerson,OL:OL1863359W,Guardian Top 100,8,Author
Julie Myerson,OL:OL21170W,Guardian Top 100,7,Author
Julie Myerson,OL:OL276386W,Guardian Top 100,10,Author
Julie Myerson,OL:OL34381078W,Guardian Top 100,5,Author
Julie Myerson,OL:OL39396W,Guardian Top 100,1,Author
Julie Myerson,OL:OL50548W,Guardian Top 100,6,Author
Julie Myerson,OL:OL551015W,Guardian Top 100,4,Author
Julie Myerson,OL:OL59048W,Guardian Top 100,2,Author
Junot Díaz,K:13778f54d567,Top Ten Books,2,
Junot Díaz,K:2c5e83e0ac55,Top Ten Books,7,
Junot Díaz,K:5e444245aa75,Top Ten Books,6,
Junot Díaz,K:7787f9851a27,Top Ten Books,10,
Junot Díaz,K:afe7479aaf9f,Top Ten Books,3,
Junot Díaz,K:e50b74904533,Top Ten Books,8,
Junot Díaz,OL:OL457179W,Top Ten Books,9,
Junot Díaz,OL:OL50567W,Top Ten Books,4,
Junot Díaz,OL:OL5860211W,Top Ten Books,5,
Junot Díaz,OL:OL7972956W,Top Ten Books,1,
Justine Jordan,OL:OL20867W,Guardian Top 100,2,Journalist
Justine Jordan,OL:OL276798W,Guardian Top 100,10,Journalist
Justine Jordan,OL:OL40756300W,Guardian Top 100,3,Journalist
Justine Jordan,OL:OL41368739W,Guardian Top 100,5,Journalist
Justine Jordan,OL:OL43336312W,Guardian Top 100,7,Journalist
Justine Jordan,OL:OL457179W,Guardian Top 100,4,Journalist
Justine Jordan,OL:OL464512W,Guardian Top 100,9,Journalist
Justine Jordan,OL:OL50548W,Guardian Top 100,8,Journalist
Justine Jordan,OL:OL627084W,Guardian Top 100,6,Journalist
Justine Jordan,OL:OL86318W,Guardian Top 100,1,Journalist
Karen Joy Fowler,K:04ef5684be62,Top Ten Books,10,
Karen Joy Fowler,K:58e8ae773c4c,Top Ten Books,5,
Karen Joy Fowler,K:ef6aa2e15e06,Top Ten Books,2,
Karen Joy Fowler,OL:OL1095427W,Top Ten Books,7,
Karen Joy Fowler,OL:OL190034W,Top Ten Books,6,
Karen Joy Fowler,OL:OL20867W,Top Ten Books,1,
Karen Joy Fowler,OL:OL2564006W,Top Ten Books,4,
Karen Joy Fowler,OL:OL26733889W,Top Ten Books,8,
Karen Joy Fowler,OL:OL274505W,Top Ten Books,9,
Karen Joy Fowler,OL:OL44222301W,Top Ten Books,3,
Kate Atkinson,K:6417f1b08a9e,Top Ten Books,10,
Kate Atkinson,K:efbff58fd7a8,Top Ten Books,7,
Kate Atkinson,OL:OL151411W,Top Ten Books,2,
Kate Atkinson,OL:OL15165350W,Top Ten Books,3,
Kate Atkinson,OL:OL20867W,Top Ten Books,4,
Kate Atkinson,OL:OL276365W,Top Ten Books,5,
Kate Atkinson,OL:OL40756300W,Top Ten Books,1,
Kate Atkinson,OL:OL501911W,Top Ten Books,8,
Kate Atkinson,OL:OL53908W,Top Ten Books,9,
Kate Atkinson,OL:OL98459W,Top Ten Books,6,
Kate Mosse,OL:OL107195W,Guardian Top 100,9,Author
Kate Mosse,OL:OL21170W,Guardian Top 100,1,Author
Kate Mosse,OL:OL2564006W,Guardian Top 100,6,Author
Kate Mosse,OL:OL26860869W,Guardian Top 100,10,Author
Kate Mosse,OL:OL27052926W,Guardian Top 100,4,Author
Kate Mosse,OL:OL276386W,Guardian Top 100,5,Author
Kate Mosse,OL:OL465059W,Guardian Top 100,8,Author
Kate Mosse,OL:OL472250W,Guardian Top 100,2,Author
Kate Mosse,OL:OL48197W,Guardian Top 100,7,Author
Kate Mosse,OL:OL50565W,Guardian Top 100,3,Author
Katharine Viner,OL:OL1095427W,Guardian Top 100,2,Journalist
Katharine Viner,OL:OL17351965W,Guardian Top 100,10,Journalist
Katharine Viner,OL:OL267096W,Guardian Top 100,6,Journalist
Katharine Viner,OL:OL274518W,Guardian Top 100,5,Journalist
Katharine Viner,OL:OL39360W,Guardian Top 100,4,Journalist
Katharine Viner,OL:OL50548W,Guardian Top 100,1,Journalist
Katharine Viner,OL:OL5731542W,Guardian Top 100,9,Journalist
Katharine Viner,OL:OL5860211W,Guardian Top 100,8,Journalist
Katharine Viner,OL:OL66562W,Guardian Top 100,3,Journalist
Katharine Viner,OL:OL8662242W,Guardian Top 100,7,Journalist
Katherine Rundell,OL:OL10432709W,Guardian Top 100,7,Author
Katherine Rundell,OL:OL151411W,Guardian Top 100,6,Author
Katherine Rundell,OL:OL1875009W,Guardian Top 100,5,Author
Katherine Rundell,OL:OL190034W,Guardian Top 100,1,Author
Katherine Rundell,OL:OL20867W,Guardian Top 100,2,Author
Katherine Rundell,OL:OL2196005W,Guardian Top 100,9,Author
Katherine Rundell,OL:OL26860869W,Guardian Top 100,3,Author
Katherine Rundell,OL:OL43161739W,Guardian Top 100,10,Author
Katherine Rundell,OL:OL464512W,Guardian Top 100,8,Author
Katherine Rundell,OL:OL50548W,Guardian Top 100,4,Author
Kathryn Harrison,K:4c52ca01da6f,Top Ten Books,1,
Kathryn Harrison,K:bf7805dad43e,Top Ten Books,3,
Kathryn Harrison,K:fbee4c090e26,Top Ten Books,5,
Kathryn Harrison,OL:OL159382W,Top Ten Books,6,
Kathryn Harrison,OL:OL19350876W,Top Ten Books,8,
Kathryn Harrison,OL:OL20867W,Top Ten Books,7,
Kathryn Harrison,OL:OL457179W,Top Ten Books,9,
Kathryn Harrison,OL:OL676009W,Top Ten Books,2,
Kathryn Harrison,OL:OL8662242W,Top Ten Books,4,
Kathryn Harrison,OL:OL98587W,Top Ten Books,10,
Kathryn Hughes,OL:OL1095427W,Guardian Top 100,2,Academic
Kathryn Hughes,OL:OL1103093W,Guardian Top 100,6,Academic
Kathryn Hughes,OL:OL14868508W,Guardian Top 100,3,Academic
Kathryn Hughes,OL:OL15165350W,Guardian Top 100,4,Academic
Kathryn Hughes,OL:OL1984734W,Guardian Top 100,9,Academic
Kathryn Hughes,OL:OL20867W,Guardian Top 100,1,Academic
Kathryn Hughes,OL:OL276386W,Guardian Top 100,10,Academic
Kathryn Hughes,OL:OL39360W,Guardian Top 100,5,Academic
Kathryn Hughes,OL:OL457179W,Guardian Top 100,8,Academic
Kathryn Hughes,OL:OL5721394W,Guardian Top 100,7,Academic
Ken Kalfus,K:1953ba5c8e84,Top Ten Books,8,
Ken Kalfus,K:30993508b211,Top Ten Books,9,
Ken Kalfus,K:5fcc86b529ea,series_explode,,
Ken Kalfus,K:969b47058d9c,Top Ten Books,6,
Ken Kalfus,K:de8ae851971a,Top Ten Books,1,
Ken Kalfus,K:fbe28ea907ef,Top Ten Books,2,
Ken Kalfus,OL:OL14866824W,Top Ten Books,5,
Ken Kalfus,OL:OL23205W,Top Ten Books,10,
Ken Kalfus,OL:OL267171W,Top Ten Books,3,
Ken Kalfus,OL:OL42718662W,series_explode,,
Ken Kalfus,OL:OL463809W,series_explode,,
Ken Kalfus,OL:OL463820W,series_explode,,
Ken Kalfus,OL:OL86318W,Top Ten Books,4,
Kent Haruf,K:017afa232b50,Top Ten Books,4,
Kent Haruf,K:2ecba695b7ae,Top Ten Books,5,
Kent Haruf,K:3b04f3eef439,Top Ten Books,7,
Kent Haruf,K:6b584d1b9428,Top Ten Books,2,
Kent Haruf,K:9582f8788134,Top Ten Books,8,
Kent Haruf,K:fbe28ea907ef,Top Ten Books,3,
Kent Haruf,OL:OL1230613W,Top Ten Books,9,
Kent Haruf,OL:OL23205W,Top Ten Books,10,
Kent Haruf,OL:OL53908W,Top Ten Books,6,
Kent Haruf,OL:OL82870W,Top Ten Books,1,
Kevin O'Malley,K:1e0203a3004c,Top Ten Books,3,
Kevin O'Malley,K:3217b8f0ad67,Top Ten Books,10,
Kevin O'Malley,K:72452c900a94,Top Ten Books,1,
Kevin O'Malley,K:a32b529baa70,Top Ten Books,6,
Kevin O'Malley,K:ab6325032b46,Top Ten Books,4,
Kevin O'Malley,K:b7e02ad45061,Top Ten Books,2,
Kevin O'Malley,K:e58ea2747551,Top Ten Books,8,
Kevin O'Malley,K:f5b2e8ed7aaf,Top Ten Books,5,
Kevin O'Malley,K:f5c7d89b5b99,Top Ten Books,9,
Kevin O'Malley (alt),K:1e0203a3004c,Top Ten Books,3,
Kevin O'Malley (alt),K:3217b8f0ad67,Top Ten Books,10,
Kevin O'Malley (alt),K:72452c900a94,Top Ten Books,1,
Kevin O'Malley (alt),K:a32b529baa70,Top Ten Books,6,
Kevin O'Malley (alt),K:ab6325032b46,Top Ten Books,4,
Kevin O'Malley (alt),K:b7e02ad45061,Top Ten Books,2,
Kevin O'Malley (alt),K:e58ea2747551,Top Ten Books,8,
Kevin O'Malley (alt),K:f5b2e8ed7aaf,Top Ten Books,5,
Kevin O'Malley (alt),K:f5c7d89b5b99,Top Ten Books,9,
Kevin Power,OL:OL15859552W,Guardian Top 100,9,
Kevin Power,OL:OL16847W,Guardian Top 100,4,
Kevin Power,OL:OL19350876W,Guardian Top 100,7,
Kevin Power,OL:OL26733889W,Guardian Top 100,3,
Kevin Power,OL:OL276365W,Guardian Top 100,10,
Kevin Power,OL:OL38663W,Guardian Top 100,6,
Kevin Power,OL:OL4082696W,Guardian Top 100,8,
Kevin Power,OL:OL627084W,Guardian Top 100,2,
Kevin Power,OL:OL82870W,Guardian Top 100,5,
Kevin Power,OL:OL86318W,Guardian Top 100,1,
Kieran Goddard,OL:OL10432709W,Guardian Top 100,2,Author
Kieran Goddard,OL:OL15859552W,Guardian Top 100,7,Author
Kieran Goddard,OL:OL1875010W,Guardian Top 100,9,Author
Kieran Goddard,OL:OL20867W,Guardian Top 100,5,Author
Kieran Goddard,OL:OL39396W,Guardian Top 100,4,Author
Kieran Goddard,OL:OL44986W,Guardian Top 100,6,Author
Kieran Goddard,OL:OL46615W,Guardian Top 100,8,Author
Kieran Goddard,OL:OL500451W,Guardian Top 100,10,Author
Kieran Goddard,OL:OL81294W,Guardian Top 100,1,Author
Kieran Goddard,OL:OL86318W,Guardian Top 100,3,Author
Kit de Waal,OL:OL106073W,Guardian Top 100,5,Author/Academic
Kit de Waal,OL:OL1095427W,Guardian Top 100,6,Author/Academic
Kit de Waal,OL:OL15723140W,Guardian Top 100,10,Author/Academic
Kit de Waal,OL:OL17434786W,Guardian Top 100,9,Author/Academic
Kit de Waal,OL:OL19350876W,Guardian Top 100,2,Author/Academic
Kit de Waal,OL:OL40873W,Guardian Top 100,8,Author/Academic
Kit de Waal,OL:OL50548W,Guardian Top 100,7,Author/Academic
Kit de Waal,OL:OL515754W,Guardian Top 100,3,Author/Academic
Kit de Waal,OL:OL59048W,Guardian Top 100,1,Author/Academic
Kit de Waal,OL:OL8721462W,Guardian Top 100,4,Author/Academic
Laila Lalami,K:0ebceaccfbc5,Top Ten Books,5,
Laila Lalami,K:711ea85aabb6,Top Ten Books,3,
Laila Lalami,OL:OL103113W,Top Ten Books,7,
Laila Lalami,OL:OL159382W,Top Ten Books,4,
Laila Lalami,OL:OL274505W,Top Ten Books,9,
Laila Lalami,OL:OL479009W,Top Ten Books,10,
Laila Lalami,OL:OL495470W,Top Ten Books,8,
Laila Lalami,OL:OL500388W,Top Ten Books,1,
Laila Lalami,OL:OL50564W,Top Ten Books,2,
Laila Lalami,OL:OL675783W,Top Ten Books,6,
Lara Feigel,OL:OL1095427W,Guardian Top 100,10,Author/Academic/Journalist
Lara Feigel,OL:OL14868508W,Guardian Top 100,7,Author/Academic/Journalist
Lara Feigel,OL:OL20867W,Guardian Top 100,3,Author/Academic/Journalist
Lara Feigel,OL:OL267096W,Guardian Top 100,2,Author/Academic/Journalist
Lara Feigel,OL:OL267171W,Guardian Top 100,1,Author/Academic/Journalist
Lara Feigel,OL:OL276365W,Guardian Top 100,8,Author/Academic/Journalist
Lara Feigel,OL:OL27778127W,Guardian Top 100,9,Author/Academic/Journalist
Lara Feigel,OL:OL31259W,Guardian Top 100,6,Author/Academic/Journalist
Lara Feigel,OL:OL39396W,Guardian Top 100,5,Author/Academic/Journalist
Lara Feigel,OL:OL81293W,Guardian Top 100,4,Author/Academic/Journalist
Laura Wilson,OL:OL1150725W,Guardian Top 100,1,Author
Laura Wilson,OL:OL1168083W,Guardian Top 100,4,Author
Laura Wilson,OL:OL1209288W,Guardian Top 100,8,Author
Laura Wilson,OL:OL151411W,Guardian Top 100,5,Author
Laura Wilson,OL:OL190034W,Guardian Top 100,2,Author
Laura Wilson,OL:OL19350876W,Guardian Top 100,3,Author
Laura Wilson,OL:OL23205W,Guardian Top 100,9,Author
Laura Wilson,OL:OL483391W,Guardian Top 100,6,Author
Laura Wilson,OL:OL59048W,Guardian Top 100,10,Author
Laura Wilson,OL:OL8721462W,Guardian Top 100,7,Author
Lauren Elkin,OL:OL102389W,Guardian Top 100,4,Author
Lauren Elkin,OL:OL118986W,Guardian Top 100,7,Author
Lauren Elkin,OL:OL1244914W,Guardian Top 100,10,Author
Lauren Elkin,OL:OL15202030W,Guardian Top 100,8,Author
Lauren Elkin,OL:OL1715276W,Guardian Top 100,5,Author
Lauren Elkin,OL:OL20867W,Guardian Top 100,6,Author
Lauren Elkin,OL:OL26733889W,Guardian Top 100,1,Author
Lauren Elkin,OL:OL50548W,Guardian Top 100,3,Author
Lauren Elkin,OL:OL505583W,Guardian Top 100,2,Author
Lauren Elkin,OL:OL724072W,Guardian Top 100,9,Author
Leah Stewart,K:028967a6b1e9,Top Ten Books,4,
Leah Stewart,K:2484db8decc1,Top Ten Books,7,
Leah Stewart,K:338581d02713,Top Ten Books,10,
Leah Stewart,K:a643b2fb24c7,Top Ten Books,6,
Leah Stewart,OL:OL15165350W,Top Ten Books,2,
Leah Stewart,OL:OL1863530W,Top Ten Books,9,
Leah Stewart,OL:OL20867W,Top Ten Books,1,
Leah Stewart,OL:OL34381078W,Top Ten Books,3,
Leah Stewart,OL:OL59048W,Top Ten Books,8,
Leah Stewart,OL:OL8662242W,Top Ten Books,5,
Lee K. Abbott,K:3c196dac60d1,Top Ten Books,7,
Lee K. Abbott,K:5fcc86b529ea,series_explode,,
Lee K. Abbott,K:67787770c51b,Top Ten Books,5,
Lee K. Abbott,K:751bbe356d28,Top Ten Books,3,
Lee K. Abbott,K:a63cc765d5fe,Top Ten Books,9,
Lee K. Abbott,OL:OL1503886W,Top Ten Books,4,
Lee K. Abbott,OL:OL274505W,Top Ten Books,10,
Lee K. Abbott,OL:OL38663W,Top Ten Books,1,
Lee K. Abbott,OL:OL42718662W,series_explode,,
Lee K. Abbott,OL:OL463809W,series_explode,,
Lee K. Abbott,OL:OL463820W,series_explode,,
Lee K. Abbott,OL:OL53908W,Top Ten Books,2,
Lee K. Abbott,OL:OL82870W,Top Ten Books,8,
Lee Smith,K:04ef5684be62,Top Ten Books,1,
Lee Smith,K:1a7a36a0d16e,Top Ten Books,2,
Lee Smith,K:341323661942,Top Ten Books,3,
Lee Smith,K:3b04f3eef439,Top Ten Books,7,
Lee Smith,K:86720a12eae7,Top Ten Books,6,
Lee Smith,K:a16808037043,Top Ten Books,8,
Lee Smith,K:d2d9f9b0f145,Top Ten Books,4,
Lee Smith,OL:OL1095427W,Top Ten Books,9,
Lee Smith,OL:OL19350876W,Top Ten Books,10,
Lee Smith,OL:OL39396W,Top Ten Books,5,
Lev Grossman,K:096e7d480771,Top Ten Books,7,
Lev Grossman,K:10471e0b18f2,Top Ten Books,6,
Lev Grossman,K:1953ba5c8e84,Top Ten Books,10,
Lev Grossman,K:375a9e07d437,Top Ten Books,3,
Lev Grossman,K:8a974c3db91a,Top Ten Books,9,
Lev Grossman,OL:OL19350876W,Top Ten Books,1,
Lev Grossman,OL:OL26733889W,Top Ten Books,2,
Lev Grossman,OL:OL498463W,Top Ten Books,5,
Lev Grossman,OL:OL5721394W,Top Ten Books,8,
Lev Grossman,OL:OL86318W,Top Ten Books,4,
Liese Spencer,OL:OL166894W,Guardian Top 100,5,Journalist
Liese Spencer,OL:OL1875010W,Guardian Top 100,10,Journalist
Liese Spencer,OL:OL190034W,Guardian Top 100,1,Journalist
Liese Spencer,OL:OL20150260W,Guardian Top 100,8,Journalist
Liese Spencer,OL:OL26437W,Guardian Top 100,6,Journalist
Liese Spencer,OL:OL26733889W,Guardian Top 100,4,Journalist
Liese Spencer,OL:OL32013322W,Guardian Top 100,2,Journalist
Liese Spencer,OL:OL50548W,Guardian Top 100,3,Journalist
Liese Spencer,OL:OL74293W,Guardian Top 100,9,Journalist
Liese Spencer,OL:OL8721462W,Guardian Top 100,7,Journalist
Lily King,OL:OL103066W,Guardian Top 100,10,Author
Lily King,OL:OL1190289W,Guardian Top 100,9,Author
Lily King,OL:OL15165350W,Guardian Top 100,6,Author
Lily King,OL:OL20867W,Guardian Top 100,7,Author
Lily King,OL:OL26733889W,Guardian Top 100,2,Author
Lily King,OL:OL39396W,Guardian Top 100,1,Author
Lily King,OL:OL40756300W,Guardian Top 100,5,Author
Lily King,OL:OL50548W,Guardian Top 100,4,Author
Lily King,OL:OL757983W,Guardian Top 100,8,Author
Lily King,OL:OL82870W,Guardian Top 100,3,Author
Lionel Shriver,K:0fca861b17e1,Top Ten Books,10,
Lionel Shriver,K:aa9d8baf7d95,Top Ten Books,4,
Lionel Shriver,K:c34e51144bbc,Top Ten Books,1,
Lionel Shriver,K:d2d9f9b0f145,Top Ten Books,2,
Lionel Shriver,OL:OL166973W,Top Ten Books,8,
Lionel Shriver,OL:OL1992198W,Top Ten Books,7,
Lionel Shriver,OL:OL267096W,Top Ten Books,3,
Lionel Shriver,OL:OL44986W,Top Ten Books,9,
Lionel Shriver,OL:OL501911W,Top Ten Books,5,
Lionel Shriver,OL:OL98491W,Top Ten Books,6,
Lisa Allardice,OL:OL19690272W,Guardian Top 100,6,Journalist
Lisa Allardice,OL:OL20867W,Guardian Top 100,1,Journalist
Lisa Allardice,OL:OL2233736W,Guardian Top 100,3,Journalist
Lisa Allardice,OL:OL26437W,Guardian Top 100,5,Journalist
Lisa Allardice,OL:OL26733889W,Guardian Top 100,9,Journalist
Lisa Allardice,OL:OL276365W,Guardian Top 100,8,Journalist
Lisa Allardice,OL:OL39396W,Guardian Top 100,2,Journalist
Lisa Allardice,OL:OL40756300W,Guardian Top 100,10,Journalist
Lisa Allardice,OL:OL50548W,Guardian Top 100,7,Journalist
Lisa Allardice,OL:OL675783W,Guardian Top 100,4,Journalist
Lisa Tuttle,OL:OL1095427W,Guardian Top 100,7,Author
Lisa Tuttle,OL:OL14868508W,Guardian Top 100,4,Author
Lisa Tuttle,OL:OL2564006W,Guardian Top 100,9,Author
Lisa Tuttle,OL:OL276386W,Guardian Top 100,3,Author
Lisa Tuttle,OL:OL31259W,Guardian Top 100,10,Author
Lisa Tuttle,OL:OL34381078W,Guardian Top 100,8,Author
Lisa Tuttle,OL:OL35616W,Guardian Top 100,6,Author
Lisa Tuttle,OL:OL40756300W,Guardian Top 100,5,Author
Lisa Tuttle,OL:OL675783W,Guardian Top 100,1,Author
Lisa Tuttle,OL:OL893802W,Guardian Top 100,2,Author
Lorrie Moore,K:04ef5684be62,Top Ten Books,2,
Lorrie Moore,K:6c48d4f8f588,Top Ten Books,6,
Lorrie Moore,K:8a974c3db91a,Top Ten Books,5,
Lorrie Moore,K:906ffc5082cd,Top Ten Books,10,
Lorrie Moore,K:ee34a6c50dbf,Top Ten Books,3,
Lorrie Moore,OL:OL1095427W,Top Ten Books,7,
Lorrie Moore,OL:OL1855887W,Guardian Top 100,5,Author
Lorrie Moore,OL:OL190034W,Guardian Top 100,9,Author
Lorrie Moore,OL:OL19350876W,Top Ten Books,1,
Lorrie Moore,OL:OL20867W,Guardian Top 100;Top Ten Books,8;9,Author
Lorrie Moore,OL:OL40690787W,Guardian Top 100;Top Ten Books,10;8,Author
Lorrie Moore,OL:OL50548W,Guardian Top 100,4,Author
Lorrie Moore,OL:OL55221W,Guardian Top 100,1,Author
Lorrie Moore,OL:OL59048W,Guardian Top 100,6,Author
Lorrie Moore,OL:OL7180368W,Guardian Top 100;Top Ten Books,4;7,Author
Lorrie Moore,OL:OL82931W,Guardian Top 100,2,Author
Lorrie Moore,OL:OL931688W,Guardian Top 100,3,Author
Louis D. Rubin Jr.,K:86720a12eae7,Top Ten Books,4,
Louis D. Rubin Jr.,K:d2d9f9b0f145,Top Ten Books,3,
Louis D. Rubin Jr.,OL:OL102749W,Top Ten Books,9,
Louis D. Rubin Jr.,OL:OL1190289W,Top Ten Books,1,
Louis D. Rubin Jr.,OL:OL267171W,Top Ten Books,7,
Louis D. Rubin Jr.,OL:OL32013322W,Top Ten Books,8,
Louis D. Rubin Jr.,OL:OL44222301W,Top Ten Books,6,
Louis D. Rubin Jr.,OL:OL53908W,Top Ten Books,10,
Louis D. Rubin Jr.,OL:OL733640W,Top Ten Books,5,
Louis D. Rubin Jr.,OL:OL86318W,Top Ten Books,2,
Lucas Rijneveld,OL:OL17351965W,Guardian Top 100,6,Author
Lucas Rijneveld,OL:OL20032791W,Guardian Top 100,3,Author
Lucas Rijneveld,OL:OL20783698W,Guardian Top 100,10,Author
Lucas Rijneveld,OL:OL26860869W,Guardian Top 100,1,Author
Lucas Rijneveld,OL:OL27411628W,Guardian Top 100,8,Author
Lucas Rijneveld,OL:OL27482W,Guardian Top 100,4,Author
Lucas Rijneveld,OL:OL41078W,Guardian Top 100,7,Author
Lucas Rijneveld,OL:OL5280446W,Guardian Top 100,9,Author
Lucas Rijneveld,OL:OL627084W,Guardian Top 100,5,Author
Lucas Rijneveld,OL:OL98459W,Guardian Top 100,2,Author
Lucy Knight,OL:OL15165350W,Guardian Top 100,8,Journalist
Lucy Knight,OL:OL16805415W,Guardian Top 100,4,Journalist
Lucy Knight,OL:OL17063057W,Guardian Top 100,1,Journalist
Lucy Knight,OL:OL1835957W,Guardian Top 100,2,Journalist
Lucy Knight,OL:OL2196010W,Guardian Top 100,3,Journalist
Lucy Knight,OL:OL26004554W,Guardian Top 100,7,Journalist
Lucy Knight,OL:OL34381078W,Guardian Top 100,9,Journalist
Lucy Knight,OL:OL509889W,Guardian Top 100,10,Journalist
Lucy Knight,OL:OL59038W,Guardian Top 100,6,Journalist
Lucy Knight,OL:OL697431W,Guardian Top 100,5,Journalist
Lydia Millet,K:009fc9ee2b85,Top Ten Books,10,
Lydia Millet,K:2eac8d90cd3c,Top Ten Books,9,
Lydia Millet,K:4c60eb382dfb,Top Ten Books,1,
Lydia Millet,K:6a5199e9f862,Top Ten Books,7,
Lydia Millet,K:6e30a694fd3c,Top Ten Books,4,
Lydia Millet,K:896212b4cae6,Top Ten Books,8,
Lydia Millet,K:8ef0f612f76c,Top Ten Books,6,
Lydia Millet,K:dc6a20c417be,Top Ten Books,3,
Lydia Millet,OL:OL20422365W,Top Ten Books,5,
Lydia Millet,OL:OL26733889W,Top Ten Books,2,
M. John Harrison,OL:OL11294796W,Guardian Top 100,4,Author
M. John Harrison,OL:OL1326349W,Guardian Top 100,7,Author
M. John Harrison,OL:OL1858631W,Guardian Top 100,3,Author
M. John Harrison,OL:OL2066160W,Guardian Top 100,5,Author
M. John Harrison,OL:OL26414465W,Guardian Top 100,6,Author
M. John Harrison,OL:OL27820956W,Guardian Top 100,10,Author
M. John Harrison,OL:OL36270985W,Guardian Top 100,1,Author
M. John Harrison,OL:OL39329W,Guardian Top 100,2,Author
M. John Harrison,OL:OL59038W,Guardian Top 100,9,Author
M. John Harrison,OL:OL7171684W,Guardian Top 100,8,Author
Maaza Mengiste,OL:OL17661158W,Guardian Top 100,4,Author
Maaza Mengiste,OL:OL17764836W,Guardian Top 100,8,Author
Maaza Mengiste,OL:OL21678662W,Guardian Top 100,3,Author
Maaza Mengiste,OL:OL228705W,Guardian Top 100,10,Author
Maaza Mengiste,OL:OL267171W,Guardian Top 100,9,Author
Maaza Mengiste,OL:OL4112928W,Guardian Top 100,7,Author
Maaza Mengiste,OL:OL464512W,Guardian Top 100,5,Author
Maaza Mengiste,OL:OL50564W,Guardian Top 100,1,Author
Maaza Mengiste,OL:OL55238W,Guardian Top 100,2,Author
Maaza Mengiste,OL:OL971643W,Guardian Top 100,6,Author
Madison Smartt Bell,K:1add81b78f3d,Top Ten Books,4,
Madison Smartt Bell,K:1e0a4d7bcb95,Top Ten Books,2,
Madison Smartt Bell,K:2472ca9a8402,Top Ten Books,6,
Madison Smartt Bell,K:326fa432a334,Top Ten Books,10,
Madison Smartt Bell,K:46a4b1d05491,Top Ten Books,5,
Madison Smartt Bell,K:51e6b95a9cd3,Top Ten Books,4,
Madison Smartt Bell,K:55139e036082,Top Ten Books,6,
Madison Smartt Bell,K:78a38f583c34,Top Ten Books,1,
Madison Smartt Bell,K:87301aefcad9,Top Ten Books,8,
Madison Smartt Bell,K:9f73cdf60017,Top Ten Books,6,
Madison Smartt Bell,K:c984175795c3,Top Ten Books,7,
Madison Smartt Bell,K:f3f337c3afb6,Top Ten Books,4,
Madison Smartt Bell,OL:OL40879W,Top Ten Books,3,
Madison Smartt Bell,OL:OL53908W,Top Ten Books,9,
Maggie O’Farrell,OL:OL1095427W,Guardian Top 100,5,Author
Maggie O’Farrell,OL:OL16142488W,Guardian Top 100,6,Author
Maggie O’Farrell,OL:OL19956847W,Guardian Top 100,4,Author
Maggie O’Farrell,OL:OL240077W,Guardian Top 100,10,Author
Maggie O’Farrell,OL:OL26504281W,Guardian Top 100,1,Author
Maggie O’Farrell,OL:OL273644W,Guardian Top 100,2,Author
Maggie O’Farrell,OL:OL2772007W,Guardian Top 100,9,Author
Maggie O’Farrell,OL:OL34028309W,Guardian Top 100,3,Author
Maggie O’Farrell,OL:OL86318W,Guardian Top 100,7,Author
Maggie O’Farrell,OL:OL8662242W,Guardian Top 100,8,Author
Maile Meloy,K:3b04f3eef439,Top Ten Books,7,
Maile Meloy,K:751bbe356d28,Top Ten Books,5,
Maile Meloy,K:f8d2878ae6e1,Top Ten Books,6,
Maile Meloy,OL:OL267096W,Top Ten Books,1,
Maile Meloy,OL:OL274505W,Top Ten Books,2,
Maile Meloy,OL:OL40879W,Top Ten Books,10,
Maile Meloy,OL:OL5703422W,Top Ten Books,9,
Maile Meloy,OL:OL5721394W,Top Ten Books,8,
Maile Meloy,OL:OL627084W,Top Ten Books,4,
Maile Meloy,OL:OL74666W,Top Ten Books,3,
Marcel Theroux,OL:OL1168083W,Guardian Top 100,6,Author/Journalist
Marcel Theroux,OL:OL15165350W,Guardian Top 100,4,Author/Journalist
Marcel Theroux,OL:OL19350876W,Guardian Top 100,3,Author/Journalist
Marcel Theroux,OL:OL19908W,Guardian Top 100,10,Author/Journalist
Marcel Theroux,OL:OL20600W,Guardian Top 100,7,Author/Journalist
Marcel Theroux,OL:OL20867W,Guardian Top 100,2,Author/Journalist
Marcel Theroux,OL:OL267171W,Guardian Top 100,1,Author/Journalist
Marcel Theroux,OL:OL34381078W,Guardian Top 100,8,Author/Journalist
Marcel Theroux,OL:OL676009W,Guardian Top 100,9,Author/Journalist
Marcel Theroux,OL:OL8662242W,Guardian Top 100,5,Author/Journalist
Margaret Drabble,K:318a64542de6,Top Ten Books,10,
Margaret Drabble,K:abe0b2fd942d,Top Ten Books,1,
Margaret Drabble,K:c70aa81a21ba,Top Ten Books,5,
Margaret Drabble,K:f4a7c850e2d0,Top Ten Books,4,
Margaret Drabble,OL:OL118986W,Top Ten Books,7,
Margaret Drabble,OL:OL190034W,Top Ten Books,2,
Margaret Drabble,OL:OL19350876W,Top Ten Books,3,
Margaret Drabble,OL:OL31259W,Top Ten Books,8,
Margaret Drabble,OL:OL39396W,Top Ten Books,9,
Margaret Drabble,OL:OL93082W,Top Ten Books,6,
Margot Livesey,K:0cedd0859856,Top Ten Books,10,
Margot Livesey,K:2640473d9825,Top Ten Books,2,
Margot Livesey,K:82d873c938c3,Top Ten Books,8,
Margot Livesey,K:a54fc089b816,Top Ten Books,9,
Margot Livesey,K:f547ea8e2ecf,Top Ten Books,4,
Margot Livesey,OL:OL106837W,Top Ten Books,6,
Margot Livesey,OL:OL1095427W,Top Ten Books,1,
Margot Livesey,OL:OL15297W,Top Ten Books,5,
Margot Livesey,OL:OL509919W,Top Ten Books,3,
Margot Livesey,OL:OL627084W,Top Ten Books,7,
Mark Haddon,OL:OL14868508W,Guardian Top 100,2,Author
Mark Haddon,OL:OL17321997W,Guardian Top 100,8,Author
Mark Haddon,OL:OL20877028W,Guardian Top 100,7,Author
Mark Haddon,OL:OL24314402W,Guardian Top 100,9,Author
Mark Haddon,OL:OL25803688W,Guardian Top 100,5,Author
Mark Haddon,OL:OL27871634W,Guardian Top 100,6,Author
Mark Haddon,OL:OL34388805W,Guardian Top 100,10,Author
Mark Haddon,OL:OL37572547W,Guardian Top 100,4,Author
Mark Haddon,OL:OL39329W,Guardian Top 100,1,Author
Mark Haddon,OL:OL42393484W,Guardian Top 100,3,Author
Martha McPhee,K:4c8daf6025b8,Top Ten Books,10,
Martha McPhee,K:936c038de83f,Top Ten Books,9,
Martha McPhee,K:c44bc6707def,Top Ten Books,7,
Martha McPhee,OL:OL16313W,Top Ten Books,5,
Martha McPhee,OL:OL20867W,Top Ten Books,2,
Martha McPhee,OL:OL23205W,Top Ten Books,1,
Martha McPhee,OL:OL26437W,Top Ten Books,4,
Martha McPhee,OL:OL267096W,Top Ten Books,6,
Martha McPhee,OL:OL43037384W,Top Ten Books,8,
Martha McPhee,OL:OL98587W,Top Ten Books,3,
Martha Southgate,K:551d456e5736,Top Ten Books,7,
Martha Southgate,K:8536b3d2e012,Top Ten Books,9,
Martha Southgate,K:93826f95527b,Top Ten Books,6,
Martha Southgate,K:a63cc765d5fe,Top Ten Books,5,
Martha Southgate,OL:OL119436W,Top Ten Books,4,
Martha Southgate,OL:OL15026613W,Top Ten Books,10,
Martha Southgate,OL:OL50564W,Top Ten Books,3,
Martha Southgate,OL:OL50565W,Top Ten Books,2,
Martha Southgate,OL:OL59048W,Top Ten Books,1,
Martha Southgate,OL:OL82929W,Top Ten Books,8,
Mary Gaitskill,K:181ab9076020,Top Ten Books,8,
Mary Gaitskill,K:1953ba5c8e84,Top Ten Books,9,
Mary Gaitskill,K:7d841d955f13,Top Ten Books,7,
Mary Gaitskill,OL:OL14868508W,Top Ten Books,4,
Mary Gaitskill,OL:OL15202030W,Top Ten Books,10,
Mary Gaitskill,OL:OL19350876W,Top Ten Books,5,
Mary Gaitskill,OL:OL39396W,Top Ten Books,6,
Mary Gaitskill,OL:OL627081W,Top Ten Books,3,
Mary Gaitskill,OL:OL627084W,Top Ten Books,2,
Mary Gaitskill,OL:OL86318W,Top Ten Books,1,
Mary Gordon,K:04ef5684be62,Top Ten Books,4,
Mary Gordon,K:5fe6c7acdf20,Top Ten Books,5,
Mary Gordon,K:bc4aa7549271,Top Ten Books,6,
Mary Gordon,K:e815f844e746,Top Ten Books,2,
Mary Gordon,K:ef6aa2e15e06,Top Ten Books,7,
Mary Gordon,OL:OL1190289W,Top Ten Books,3,
Mary Gordon,OL:OL20867W,Top Ten Books,10,
Mary Gordon,OL:OL39396W,Top Ten Books,8,
Mary Gordon,OL:OL40756300W,Top Ten Books,9,
Mary Gordon,OL:OL509889W,Top Ten Books,1,
Matt Haig,OL:OL106084W,Guardian Top 100,4,Journalist
Matt Haig,OL:OL1095427W,Guardian Top 100,5,Journalist
Matt Haig,OL:OL15297W,Guardian Top 100,1,Journalist
Matt Haig,OL:OL21170W,Guardian Top 100,2,Journalist
Matt Haig,OL:OL2163649W,Guardian Top 100,8,Journalist
Matt Haig,OL:OL2718328W,Guardian Top 100,3,Journalist
Matt Haig,OL:OL27905681W,Guardian Top 100,9,Journalist
Matt Haig,OL:OL34173139W,Guardian Top 100,6,Journalist
Matt Haig,OL:OL43161739W,Guardian Top 100,10,Journalist
Matt Haig,OL:OL44222301W,Guardian Top 100,7,Journalist
Maxine Hong Kingston,K:2f4c8d677be7,Top Ten Books,2,
Maxine Hong Kingston,K:3a782691b2f8,Top Ten Books,6,
Maxine Hong Kingston,K:4d294337a579,Top Ten Books,10,
Maxine Hong Kingston,K:6c0d609d9d64,Top Ten Books,1,
Maxine Hong Kingston,K:757e916ddfbf,Top Ten Books,5,
Maxine Hong Kingston,K:936c038de83f,Top Ten Books,8,
Maxine Hong Kingston,K:b76811e41ab1,Top Ten Books,9,
Maxine Hong Kingston,K:dc3157e14d3a,Top Ten Books,4,
Maxine Hong Kingston,K:ed1f9faeb251,Top Ten Books,7,
Maxine Hong Kingston,K:f7a78d944a1a,Top Ten Books,3,
Maya Jaggi,OL:OL12163507W,Guardian Top 100,6,Journalist
Maya Jaggi,OL:OL1806976W,Guardian Top 100,9,Journalist
Maya Jaggi,OL:OL20681799W,Guardian Top 100,10,Journalist
Maya Jaggi,OL:OL267096W,Guardian Top 100,1,Journalist
Maya Jaggi,OL:OL2957601W,Guardian Top 100,8,Journalist
Maya Jaggi,OL:OL41225848W,Guardian Top 100,2,Journalist
Maya Jaggi,OL:OL50565W,Guardian Top 100,4,Journalist
Maya Jaggi,OL:OL53069W,Guardian Top 100,5,Journalist
Maya Jaggi,OL:OL67334W,Guardian Top 100,3,Journalist
Maya Jaggi,OL:OL8911551W,Guardian Top 100,7,Journalist
Maya Jasanoff,OL:OL103113W,Guardian Top 100,8,Academic
Maya Jasanoff,OL:OL14867081W,Guardian Top 100,4,Academic
Maya Jasanoff,OL:OL14868508W,Guardian Top 100,2,Academic
Maya Jasanoff,OL:OL20867W,Guardian Top 100,1,Academic
Maya Jasanoff,OL:OL267096W,Guardian Top 100,3,Academic
Maya Jasanoff,OL:OL26733889W,Guardian Top 100,5,Academic
Maya Jasanoff,OL:OL38663W,Guardian Top 100,6,Academic
Maya Jasanoff,OL:OL43037384W,Guardian Top 100,10,Academic
Maya Jasanoff,OL:OL506116W,Guardian Top 100,9,Academic
Maya Jasanoff,OL:OL893802W,Guardian Top 100,7,Academic
Mazen Maarouf,OL:OL1603637W,Guardian Top 100,10,Author
Mazen Maarouf,OL:OL23105227W,Guardian Top 100,3,Author
Mazen Maarouf,OL:OL24598751W,Guardian Top 100,5,Author
Mazen Maarouf,OL:OL25437676W,Guardian Top 100,7,Author
Mazen Maarouf,OL:OL26201952W,Guardian Top 100,8,Author
Mazen Maarouf,OL:OL28192620W,Guardian Top 100,2,Author
Mazen Maarouf,OL:OL3335245W,Guardian Top 100,9,Author
Mazen Maarouf,OL:OL44222301W,Guardian Top 100,4,Author
Mazen Maarouf,OL:OL836970W,Guardian Top 100,1,Author
Mazen Maarouf,OL:OL891786W,Guardian Top 100,6,Author
Meg Rosoff,OL:OL112623W,Guardian Top 100,2,Author
Meg Rosoff,OL:OL1168083W,Guardian Top 100,9,Author
Meg Rosoff,OL:OL15165350W,Guardian Top 100,8,Author
Meg Rosoff,OL:OL16547664W,Guardian Top 100,7,Author
Meg Rosoff,OL:OL17838472W,Guardian Top 100,4,Author
Meg Rosoff,OL:OL20665410W,Guardian Top 100,6,Author
Meg Rosoff,OL:OL23166W,Guardian Top 100,3,Author
Meg Rosoff,OL:OL276798W,Guardian Top 100,1,Author
Meg Rosoff,OL:OL2824324W,Guardian Top 100,10,Author
Meg Rosoff,OL:OL464512W,Guardian Top 100,5,Author
Meg Wolitzer,K:04ef5684be62,Top Ten Books,5,
Meg Wolitzer,K:1369db891f94,Top Ten Books,4,
Meg Wolitzer,K:5de38993394d,Top Ten Books,9,
Meg Wolitzer,K:95fdf062893b,Top Ten Books,8,
Meg Wolitzer,K:ca7944d7d49e,Top Ten Books,4,
Meg Wolitzer,OL:OL12791W,Top Ten Books,10,
Meg Wolitzer,OL:OL19350876W,Top Ten Books,6,
Meg Wolitzer,OL:OL267171W,Top Ten Books,7,
Meg Wolitzer,OL:OL34381078W,Top Ten Books,1,
Meg Wolitzer,OL:OL39396W,Top Ten Books,2,
Meg Wolitzer,OL:OL43041145W,Top Ten Books,3,
Melissa Bank,K:2ecba695b7ae,Top Ten Books,3,
Melissa Bank,K:751bbe356d28,Top Ten Books,10,
Melissa Bank,K:a7d082925dfc,Top Ten Books,6,
Melissa Bank,OL:OL20867W,Top Ten Books,7,
Melissa Bank,OL:OL23166W,Top Ten Books,4,
Melissa Bank,OL:OL267096W,Top Ten Books,1,
Melissa Bank,OL:OL34381078W,Top Ten Books,5,
Melissa Bank,OL:OL40690787W,Top Ten Books,8,
Melissa Bank,OL:OL59048W,Top Ten Books,9,
Melissa Bank,OL:OL627084W,Top Ten Books,2,
Melissa Broder,OL:OL1002138W,Guardian Top 100,7,Author
Melissa Broder,OL:OL16246083W,Guardian Top 100,5,Author
Melissa Broder,OL:OL19350876W,Guardian Top 100,1,Author
Melissa Broder,OL:OL20422365W,Guardian Top 100,4,Author
Melissa Broder,OL:OL20867W,Guardian Top 100,8,Author
Melissa Broder,OL:OL267174W,Guardian Top 100,3,Author
Melissa Broder,OL:OL26733889W,Guardian Top 100,9,Author
Melissa Broder,OL:OL627084W,Guardian Top 100,6,Author
Melissa Broder,OL:OL74676W,Guardian Top 100,10,Author
Melissa Broder,OL:OL98491W,Guardian Top 100,2,Author
Melissa Harrison,OL:OL11376124W,Guardian Top 100,8,Author/Journalist
Melissa Harrison,OL:OL16547664W,Guardian Top 100,4,Author/Journalist
Melissa Harrison,OL:OL16846W,Guardian Top 100,10,Author/Journalist
Melissa Harrison,OL:OL2009202W,Guardian Top 100,9,Author/Journalist
Melissa Harrison,OL:OL20893680W,Guardian Top 100,7,Author/Journalist
Melissa Harrison,OL:OL23205W,Guardian Top 100,5,Author/Journalist
Melissa Harrison,OL:OL267096W,Guardian Top 100,2,Author/Journalist
Melissa Harrison,OL:OL27448W,Guardian Top 100,6,Author/Journalist
Melissa Harrison,OL:OL82870W,Guardian Top 100,3,Author/Journalist
Melissa Harrison,OL:OL86318W,Guardian Top 100,1,Author/Journalist
Merve Emre,OL:OL1875010W,Guardian Top 100,3,Author/Academic
Merve Emre,OL:OL20867W,Guardian Top 100,1,Author/Academic
Merve Emre,OL:OL276365W,Guardian Top 100,8,Author/Academic
Merve Emre,OL:OL3128704W,Guardian Top 100,5,Author/Academic
Merve Emre,OL:OL39396W,Guardian Top 100,7,Author/Academic
Merve Emre,OL:OL495470W,Guardian Top 100,9,Author/Academic
Merve Emre,OL:OL50548W,Guardian Top 100,4,Author/Academic
Merve Emre,OL:OL627084W,Guardian Top 100,2,Author/Academic
Merve Emre,OL:OL82870W,Guardian Top 100,10,Author/Academic
Merve Emre,OL:OL86318W,Guardian Top 100,6,Author/Academic
Michael Chabon,K:0bbe1409ea00,Top Ten Books,6,
Michael Chabon,K:7d6f4598f836,Top Ten Books,8,
Michael Chabon,K:ccbd99f8db96,Top Ten Books,3,
Michael Chabon,K:d4f54d0b665c,Top Ten Books,1,
Michael Chabon,K:fa6d27467a77,Top Ten Books,10,
Michael Chabon,OL:OL102749W,Guardian Top 100;Top Ten Books,1;4,Author
Michael Chabon,OL:OL1190289W,Top Ten Books,7,
Michael Chabon,OL:OL1503886W,Guardian Top 100,7,Author
Michael Chabon,OL:OL15165350W,Guardian Top 100;Top Ten Books,4;5,Author
Michael Chabon,OL:OL25687457W,Guardian Top 100,9,Author
Michael Chabon,OL:OL26099415W,Guardian Top 100,5,Author
Michael Chabon,OL:OL2636675W,Guardian Top 100,6,Author
Michael Chabon,OL:OL27448W,Guardian Top 100,8,Author
Michael Chabon,OL:OL274518W,Guardian Top 100;Top Ten Books,3;9,Author
Michael Chabon,OL:OL39360W,Guardian Top 100,2,Author
Michael Chabon,OL:OL59800W,Guardian Top 100,10,Author
Michael Chabon,OL:OL627081W,Top Ten Books,2,
Michael Connelly,K:08a7cf1a0712,Top Ten Books,2,
Michael Connelly,K:3b31f95c4a6f,Top Ten Books,10,
Michael Connelly,K:4f66351958b2,Top Ten Books,9,
Michael Connelly,K:c34e51144bbc,Top Ten Books,6,
Michael Connelly,K:d0a40c7217af,Top Ten Books,4,
Michael Connelly,K:fa6d27467a77,Top Ten Books,7,
Michael Connelly,OL:OL276798W,Top Ten Books,5,
Michael Connelly,OL:OL3140822W,Top Ten Books,3,
Michael Connelly,OL:OL34381078W,Top Ten Books,1,
Michael Connelly,OL:OL98459W,Top Ten Books,8,
Michael Cunningham,K:04ef5684be62,Top Ten Books,7,
Michael Cunningham,K:3b04f3eef439,Top Ten Books,10,
Michael Cunningham,K:bbf3fa01dd65,Top Ten Books,3,
Michael Cunningham,K:bc4aa7549271,Top Ten Books,1,
Michael Cunningham,OL:OL19350876W,Top Ten Books,2,
Michael Cunningham,OL:OL276386W,Top Ten Books,9,
Michael Cunningham,OL:OL34381078W,Top Ten Books,5,
Michael Cunningham,OL:OL39396W,Top Ten Books,4,
Michael Cunningham,OL:OL627084W,Top Ten Books,6,
Michael Cunningham,OL:OL82929W,Top Ten Books,8,
Michael Donkor,OL:OL19350876W,Guardian Top 100,2,Author
Michael Donkor,OL:OL20867W,Guardian Top 100,1,Author
Michael Donkor,OL:OL26733889W,Guardian Top 100,6,Author
Michael Donkor,OL:OL274505W,Guardian Top 100,3,Author
Michael Donkor,OL:OL43041145W,Guardian Top 100,7,Author
Michael Donkor,OL:OL501911W,Guardian Top 100,9,Author
Michael Donkor,OL:OL50565W,Guardian Top 100,10,Author
Michael Donkor,OL:OL627084W,Guardian Top 100,4,Author
Michael Donkor,OL:OL82870W,Guardian Top 100,5,Author
Michael Donkor,OL:OL891786W,Guardian Top 100,8,Author
Michael Griffith,K:87c8463799ea,Top Ten Books,7,
Michael Griffith,K:9d1689f04b64,Top Ten Books,10,
Michael Griffith,OL:OL14868508W,Top Ten Books,2,
Michael Griffith,OL:OL19350876W,Top Ten Books,5,
Michael Griffith,OL:OL20867W,Top Ten Books,9,
Michael Griffith,OL:OL26733889W,Top Ten Books,8,
Michael Griffith,OL:OL274505W,Top Ten Books,3,
Michael Griffith,OL:OL627081W,Top Ten Books,1,
Michael Griffith,OL:OL627084W,Top Ten Books,4,
Michael Griffith,OL:OL67334W,Top Ten Books,6,
Mona Simpson,K:102159e87fc4,Top Ten Books,8,
Mona Simpson,K:1d6d9be6aabe,Top Ten Books,2,
Mona Simpson,K:6b584d1b9428,Top Ten Books,6,
Mona Simpson,OL:OL1095427W,Top Ten Books,9,
Mona Simpson,OL:OL1190289W,Top Ten Books,4,
Mona Simpson,OL:OL20867W,Top Ten Books,7,
Mona Simpson,OL:OL267171W,Top Ten Books,5,
Mona Simpson,OL:OL39396W,Top Ten Books,1,
Mona Simpson,OL:OL53908W,Top Ten Books,10,
Mona Simpson,OL:OL8721462W,Top Ten Books,3,
Nadifa Mohamed,OL:OL1052133W,Guardian Top 100,10,Author
Nadifa Mohamed,OL:OL1858668W,Guardian Top 100,6,Author
Nadifa Mohamed,OL:OL20914620W,Guardian Top 100,9,Author
Nadifa Mohamed,OL:OL25451958W,Guardian Top 100,2,Author
Nadifa Mohamed,OL:OL2980902W,Guardian Top 100,3,Author
Nadifa Mohamed,OL:OL37871715W,Guardian Top 100,8,Author
Nadifa Mohamed,OL:OL3958400W,Guardian Top 100,7,Author
Nadifa Mohamed,OL:OL50548W,Guardian Top 100,1,Author
Nadifa Mohamed,OL:OL5846570W,Guardian Top 100,4,Author
Nadifa Mohamed,OL:OL816266W,Guardian Top 100,5,Author
Naoise Dolan,OL:OL12126363W,Guardian Top 100,7,Author
Naoise Dolan,OL:OL14867081W,Guardian Top 100,8,Author
Naoise Dolan,OL:OL14868508W,Guardian Top 100,5,Author
Naoise Dolan,OL:OL190034W,Guardian Top 100,4,Author
Naoise Dolan,OL:OL228702W,Guardian Top 100,6,Author
Naoise Dolan,OL:OL2883788W,Guardian Top 100,2,Author
Naoise Dolan,OL:OL468850W,Guardian Top 100,10,Author
Naoise Dolan,OL:OL50564W,Guardian Top 100,3,Author
Naoise Dolan,OL:OL671818W,Guardian Top 100,1,Author
Naoise Dolan,OL:OL672263W,Guardian Top 100,9,Author
Natalie Haynes,OL:OL11690127W,Guardian Top 100,1,Author/Journalist
Natalie Haynes,OL:OL15026613W,Guardian Top 100,3,Author/Journalist
Natalie Haynes,OL:OL16810597W,Guardian Top 100,6,Author/Journalist
Natalie Haynes,OL:OL17063057W,Guardian Top 100,8,Author/Journalist
Natalie Haynes,OL:OL17267887W,Guardian Top 100,10,Author/Journalist
Natalie Haynes,OL:OL17625869W,Guardian Top 100,7,Author/Journalist
Natalie Haynes,OL:OL17764501W,Guardian Top 100,9,Author/Journalist
Natalie Haynes,OL:OL19074847W,Guardian Top 100,4,Author/Journalist
Natalie Haynes,OL:OL35700703W,Guardian Top 100,2,Author/Journalist
Natalie Haynes,OL:OL35730490W,Guardian Top 100,5,Author/Journalist
Natasha Walter,OL:OL102389W,Guardian Top 100,1,Author/Journalist
Natasha Walter,OL:OL1449782W,Guardian Top 100,4,Author/Journalist
Natasha Walter,OL:OL16520879W,Guardian Top 100,7,Author/Journalist
Natasha Walter,OL:OL17661158W,Guardian Top 100,8,Author/Journalist
Natasha Walter,OL:OL267171W,Guardian Top 100,3,Author/Journalist
Natasha Walter,OL:OL31259W,Guardian Top 100,9,Author/Journalist
Natasha Walter,OL:OL39396W,Guardian Top 100,6,Author/Journalist
Natasha Walter,OL:OL50548W,Guardian Top 100,2,Author/Journalist
Natasha Walter,OL:OL81295W,Guardian Top 100,10,Author/Journalist
Natasha Walter,OL:OL891786W,Guardian Top 100,5,Author/Journalist
Nikesh Shukla,OL:OL16032925W,Guardian Top 100,1,Author
Nikesh Shukla,OL:OL16607777W,Guardian Top 100,2,Author
Nikesh Shukla,OL:OL17202418W,Guardian Top 100,7,Author
Nikesh Shukla,OL:OL17635446W,Guardian Top 100,10,Author
Nikesh Shukla,OL:OL17921667W,Guardian Top 100,3,Author
Nikesh Shukla,OL:OL1822527W,Guardian Top 100,4,Author
Nikesh Shukla,OL:OL20032812W,Guardian Top 100,8,Author
Nikesh Shukla,OL:OL27778127W,Guardian Top 100,5,Author
Nikesh Shukla,OL:OL2897798W,Guardian Top 100,6,Author
Nikesh Shukla,OL:OL501810W,Guardian Top 100,9,Author
Nina Allan,OL:OL1326310W,Guardian Top 100,3,Author
Nina Allan,OL:OL13632840W,Guardian Top 100,9,Author
Nina Allan,OL:OL166482W,Guardian Top 100,8,Author
Nina Allan,OL:OL1921191W,Guardian Top 100,6,Author
Nina Allan,OL:OL1992198W,Guardian Top 100,7,Author
Nina Allan,OL:OL21170W,Guardian Top 100,4,Author
Nina Allan,OL:OL46615W,Guardian Top 100,1,Author
Nina Allan,OL:OL505439W,Guardian Top 100,2,Author
Nina Allan,OL:OL59434W,Guardian Top 100,10,Author
Nina Allan,OL:OL627081W,Guardian Top 100,5,Author
Nina Stibbe,OL:OL1052133W,Guardian Top 100,3,Author
Nina Stibbe,OL:OL1337126W,Guardian Top 100,9,Author
Nina Stibbe,OL:OL16847W,Guardian Top 100,7,Author
Nina Stibbe,OL:OL20509686W,Guardian Top 100,1,Author
Nina Stibbe,OL:OL228705W,Guardian Top 100,6,Author
Nina Stibbe,OL:OL23199W,Guardian Top 100,4,Author
Nina Stibbe,OL:OL32013322W,Guardian Top 100,5,Author
Nina Stibbe,OL:OL33658335W,Guardian Top 100,8,Author
Nina Stibbe,OL:OL69271W,Guardian Top 100,2,Author
Nina Stibbe,OL:OL8662242W,Guardian Top 100,10,Author
Norman Mailer,K:d4f54d0b665c,Top Ten Books,10,
Norman Mailer,OL:OL102749W,Top Ten Books,7,
Norman Mailer,OL:OL10432709W,Top Ten Books,4,
Norman Mailer,OL:OL1217995W,Top Ten Books,6,
Norman Mailer,OL:OL14867081W,Top Ten Books,9,
Norman Mailer,OL:OL15165350W,Top Ten Books,5,
Norman Mailer,OL:OL166894W,Top Ten Books,3,
Norman Mailer,OL:OL19350876W,Top Ten Books,2,
Norman Mailer,OL:OL267096W,Top Ten Books,1,
Norman Mailer,OL:OL733640W,Top Ten Books,8,
Nussaibah Younis,OL:OL16509148W,Guardian Top 100,1,Author
Nussaibah Younis,OL:OL17343073W,Guardian Top 100,5,Author
Nussaibah Younis,OL:OL17616758W,Guardian Top 100,4,Author
Nussaibah Younis,OL:OL1916914W,Guardian Top 100,9,Author
Nussaibah Younis,OL:OL20878208W,Guardian Top 100,2,Author
Nussaibah Younis,OL:OL24511712W,Guardian Top 100,3,Author
Nussaibah Younis,OL:OL27344918W,Guardian Top 100,8,Author
Nussaibah Younis,OL:OL27811097W,Guardian Top 100,6,Author
Nussaibah Younis,OL:OL27847855W,Guardian Top 100,10,Author
Nussaibah Younis,OL:OL27853003W,Guardian Top 100,7,Author
Olivia Laing,OL:OL1190289W,Guardian Top 100,1,Author
Olivia Laing,OL:OL136820W,Guardian Top 100,2,Author
Olivia Laing,OL:OL14868508W,Guardian Top 100,5,Author
Olivia Laing,OL:OL2386322W,Guardian Top 100,3,Author
Olivia Laing,OL:OL26435W,Guardian Top 100,7,Author
Olivia Laing,OL:OL27217159W,Guardian Top 100,6,Author
Olivia Laing,OL:OL40756300W,Guardian Top 100,4,Author
Olivia Laing,OL:OL46611W,Guardian Top 100,9,Author
Olivia Laing,OL:OL59434W,Guardian Top 100,10,Author
Olivia Laing,OL:OL74293W,Guardian Top 100,8,Author
PD Smith,OL:OL1330246W,Guardian Top 100,1,Author
PD Smith,OL:OL1434640W,Guardian Top 100,2,Author
PD Smith,OL:OL14868508W,Guardian Top 100,4,Author
PD Smith,OL:OL15400582W,Guardian Top 100,6,Author
PD Smith,OL:OL15723133W,Guardian Top 100,9,Author
PD Smith,OL:OL262505W,Guardian Top 100,10,Author
PD Smith,OL:OL47266W,Guardian Top 100,5,Author
PD Smith,OL:OL498463W,Guardian Top 100,3,Author
PD Smith,OL:OL553752W,Guardian Top 100,7,Author
PD Smith,OL:OL7920206W,Guardian Top 100,8,Author
Parinoush Saniee,OL:OL1168007W,Guardian Top 100,2,Author
Parinoush Saniee,OL:OL1168083W,Guardian Top 100,3,Author
Parinoush Saniee,OL:OL15165350W,Guardian Top 100,6,Author
Parinoush Saniee,OL:OL274505W,Guardian Top 100,4,Author
Parinoush Saniee,OL:OL27905681W,Guardian Top 100,9,Author
Parinoush Saniee,OL:OL3440705W,Guardian Top 100,1,Author
Parinoush Saniee,OL:OL498463W,Guardian Top 100,7,Author
Parinoush Saniee,OL:OL676009W,Guardian Top 100,8,Author
Parinoush Saniee,OL:OL796465W,Guardian Top 100,5,Author
Parinoush Saniee,OL:OL8398736W,Guardian Top 100,10,Author
Patrick McGrath,K:93dc6897f134,Top Ten Books,5,
Patrick McGrath,K:93e28f48bab5,Top Ten Books,3,
Patrick McGrath,OL:OL102749W,Top Ten Books,1,
Patrick McGrath,OL:OL16246083W,Top Ten Books,8,
Patrick McGrath,OL:OL21170W,Top Ten Books,4,
Patrick McGrath,OL:OL267096W,Top Ten Books,9,
Patrick McGrath,OL:OL267171W,Top Ten Books,10,
Patrick McGrath,OL:OL34381078W,Top Ten Books,7,
Patrick McGrath,OL:OL38663W,Top Ten Books,2,
Patrick McGrath,OL:OL5721394W,Top Ten Books,6,
Paul Auster,K:009fc9ee2b85,Top Ten Books,9,
Paul Auster,OL:OL102749W,Top Ten Books,3,
Paul Auster,OL:OL1190289W,Top Ten Books,5,
Paul Auster,OL:OL166894W,Top Ten Books,4,
Paul Auster,OL:OL267171W,Top Ten Books,2,
Paul Auster,OL:OL32013322W,Top Ten Books,10,
Paul Auster,OL:OL44222301W,Top Ten Books,1,
Paul Auster,OL:OL455305W,Top Ten Books,7,
Paul Auster,OL:OL498434W,Top Ten Books,8,
Paul Auster,OL:OL86318W,Top Ten Books,6,
Paula Fox,K:04ef5684be62,Top Ten Books,4,
Paula Fox,K:0ed1a323eb37,Top Ten Books,9,
Paula Fox,K:81ff245a8bfa,Top Ten Books,6,
Paula Fox,K:8c4c6c09644e,Top Ten Books,10,
Paula Fox,K:9b18dd743820,Top Ten Books,7,
Paula Fox,K:ef3be8623dfc,Top Ten Books,5,
Paula Fox,OL:OL1190289W,Top Ten Books,2,
Paula Fox,OL:OL20933W,Top Ten Books,8,
Paula Fox,OL:OL267171W,Top Ten Books,1,
Paula Fox,OL:OL468485W,Top Ten Books,3,
Pearl Cleage,K:0bcd22fa5600,Top Ten Books,8,
Pearl Cleage,K:1853076a8c85,Top Ten Books,2,
Pearl Cleage,K:1bf59004ee1f,Top Ten Books,9,
Pearl Cleage,K:1deae2d6a81c,Top Ten Books,7,
Pearl Cleage,K:2646e0cbd1fb,Top Ten Books,6,
Pearl Cleage,K:477c9d08e620,Top Ten Books,5,
Pearl Cleage,OL:OL23205W,Top Ten Books,10,
Pearl Cleage,OL:OL274505W,Top Ten Books,1,
Pearl Cleage,OL:OL27778127W,Top Ten Books,3,
Pearl Cleage,OL:OL3140822W,Top Ten Books,4,
Percival Everett,K:5e80ea6b9d08,Top Ten Books,9,
Percival Everett,K:81ff245a8bfa,Top Ten Books,7,
Percival Everett,K:90e7c6ad9946,Top Ten Books,5,
Percival Everett,K:c38bae3f9782,Top Ten Books,2,
Percival Everett,K:ddb8f05c3627,Top Ten Books,6,
Percival Everett,K:ec96ab3c1683,Top Ten Books,8,
Percival Everett,OL:OL32013322W,Top Ten Books,1,
Percival Everett,OL:OL495470W,Top Ten Books,4,
Percival Everett,OL:OL53908W,Top Ten Books,3,
Percival Everett,OL:OL697429W,Top Ten Books,10,
Peter Blauner,K:3d8256fe2668,Top Ten Books,8,
Peter Blauner,K:7c9dee7eea81,Top Ten Books,4,
Peter Blauner,K:de786bfe883b,Top Ten Books,7,
Peter Blauner,K:f1f161897fa8,Top Ten Books,6,
Peter Blauner,K:f3ee75551dbf,Top Ten Books,5,
Peter Blauner,K:fcd0044b6f11,Top Ten Books,3,
Peter Blauner,OL:OL15400582W,Top Ten Books,10,
Peter Blauner,OL:OL267096W,Top Ten Books,1,
Peter Blauner,OL:OL74666W,Top Ten Books,9,
Peter Blauner,OL:OL98587W,Top Ten Books,2,
Peter Cameron,K:2b24f3659ce7,Top Ten Books,10,
Peter Cameron,K:44c5d47ee599,Top Ten Books,5,
Peter Cameron,K:587bd9af598e,Top Ten Books,1,
Peter Cameron,K:91b0a9fa0abe,Top Ten Books,4,
Peter Cameron,K:9a0ea9d7f91e,Top Ten Books,2,
Peter Cameron,K:c7e7d2f655c6,Top Ten Books,3,
Peter Cameron,K:f01b5be61f50,Top Ten Books,9,
Peter Cameron,K:f1ab318088af,Top Ten Books,6,
Peter Cameron,OL:OL2009202W,Top Ten Books,8,
Peter Cameron,OL:OL480955W,Top Ten Books,7,
Peter Carey,OL:OL1095427W,Top Ten Books,10,
Peter Carey,OL:OL19350876W,Top Ten Books,1,
Peter Carey,OL:OL20867W,Top Ten Books,5,
Peter Carey,OL:OL267096W,Top Ten Books,6,
Peter Carey,OL:OL274518W,Top Ten Books,8,
Peter Carey,OL:OL276365W,Top Ten Books,9,
Peter Carey,OL:OL32013322W,Top Ten Books,2,
Peter Carey,OL:OL44222301W,Top Ten Books,4,
Peter Carey,OL:OL46615W,Top Ten Books,7,
Peter Carey,OL:OL8721462W,Top Ten Books,3,
Philip Caputo,K:77a9e9d519f7,Top Ten Books,1,
Philip Caputo,K:aa2ae157f2a5,Top Ten Books,8,
Philip Caputo,K:addeb3f5ad0c,Top Ten Books,4,
Philip Caputo,K:bd646529eae4,Top Ten Books,6,
Philip Caputo,K:d2d9f9b0f145,Top Ten Books,10,
Philip Caputo,K:d6a7af191ac4,Top Ten Books,2,
Philip Caputo,OL:OL19350876W,Top Ten Books,5,
Philip Caputo,OL:OL267096W,Top Ten Books,7,
Philip Caputo,OL:OL38663W,Top Ten Books,9,
Philip Caputo,OL:OL93082W,Top Ten Books,3,
Philippe Sands,OL:OL14861980W,Guardian Top 100,8,Academic
Philippe Sands,OL:OL157104W,Guardian Top 100,4,Academic
Philippe Sands,OL:OL1647068W,Guardian Top 100,1,Academic
Philippe Sands,OL:OL17764836W,Guardian Top 100,3,Academic
Philippe Sands,OL:OL19663905W,Guardian Top 100,6,Academic
Philippe Sands,OL:OL1993508W,Guardian Top 100,10,Academic
Philippe Sands,OL:OL21678662W,Guardian Top 100,9,Academic
Philippe Sands,OL:OL498463W,Guardian Top 100,2,Academic
Philippe Sands,OL:OL676009W,Guardian Top 100,7,Academic
Philippe Sands,OL:OL712021W,Guardian Top 100,5,Academic
Porter Shreve,K:3b04f3eef439,Top Ten Books,7,
Porter Shreve,K:655dc7057956,Top Ten Books,4,
Porter Shreve,K:6d7a4faa0e0d,Top Ten Books,5,
Porter Shreve,K:9c46bcbe4006,Top Ten Books,10,
Porter Shreve,OL:OL15165350W,Top Ten Books,2,
Porter Shreve,OL:OL274505W,Top Ten Books,9,
Porter Shreve,OL:OL44222301W,Top Ten Books,1,
Porter Shreve,OL:OL495470W,Top Ten Books,6,
Porter Shreve,OL:OL50564W,Top Ten Books,8,
Porter Shreve,OL:OL8721462W,Top Ten Books,3,
Pratinav Anil,OL:OL1139069W,Guardian Top 100,8,Academic
Pratinav Anil,OL:OL1190289W,Guardian Top 100,1,Academic
Pratinav Anil,OL:OL1326348W,Guardian Top 100,3,Academic
Pratinav Anil,OL:OL14857300W,Guardian Top 100,9,Academic
Pratinav Anil,OL:OL14866824W,Guardian Top 100,6,Academic
Pratinav Anil,OL:OL2074162W,Guardian Top 100,2,Academic
Pratinav Anil,OL:OL2636675W,Guardian Top 100,4,Academic
Pratinav Anil,OL:OL276365W,Guardian Top 100,5,Academic
Pratinav Anil,OL:OL35997793W,Guardian Top 100,10,Academic
Pratinav Anil,OL:OL8972751W,Guardian Top 100,7,Academic
RF Kuang,OL:OL10432709W,Guardian Top 100,5,Author
RF Kuang,OL:OL1063588W,Guardian Top 100,4,Author
RF Kuang,OL:OL14867081W,Guardian Top 100,10,Author
RF Kuang,OL:OL274505W,Guardian Top 100,7,Author
RF Kuang,OL:OL34381078W,Guardian Top 100,2,Author
RF Kuang,OL:OL464512W,Guardian Top 100,6,Author
RF Kuang,OL:OL59048W,Guardian Top 100,8,Author
RF Kuang,OL:OL627081W,Guardian Top 100,1,Author
RF Kuang,OL:OL798425W,Guardian Top 100,9,Author
RF Kuang,OL:OL8996439W,Guardian Top 100,3,Author
Rachel Kushner,OL:OL102749W,Guardian Top 100,1,Author
Rachel Kushner,OL:OL1095427W,Guardian Top 100,7,Author
Rachel Kushner,OL:OL1921185W,Guardian Top 100,10,Author
Rachel Kushner,OL:OL20844W,Guardian Top 100,2,Author
Rachel Kushner,OL:OL3412512W,Guardian Top 100,5,Author
Rachel Kushner,OL:OL34381078W,Guardian Top 100,6,Author
Rachel Kushner,OL:OL495470W,Guardian Top 100,4,Author
Rachel Kushner,OL:OL627084W,Guardian Top 100,9,Author
Rachel Kushner,OL:OL62979W,Guardian Top 100,8,Author
Rachel Kushner,OL:OL82929W,Guardian Top 100,3,Author
Rebecca Liu,OL:OL1230613W,Guardian Top 100,10,Journalist
Rebecca Liu,OL:OL19350876W,Guardian Top 100,3,Journalist
Rebecca Liu,OL:OL21025633W,Guardian Top 100,5,Journalist
Rebecca Liu,OL:OL26582938W,Guardian Top 100,8,Journalist
Rebecca Liu,OL:OL267096W,Guardian Top 100,1,Journalist
Rebecca Liu,OL:OL2943602W,Guardian Top 100,7,Journalist
Rebecca Liu,OL:OL31259W,Guardian Top 100,4,Journalist
Rebecca Liu,OL:OL3198244W,Guardian Top 100,6,Journalist
Rebecca Liu,OL:OL50548W,Guardian Top 100,2,Journalist
Rebecca Liu,OL:OL59863W,Guardian Top 100,9,Journalist
Reynolds Price,K:93056a9c86fa,Top Ten Books,10,
Reynolds Price,K:fed4131b3954,Top Ten Books,9,
Reynolds Price,OL:OL19350876W,Top Ten Books,1,
Reynolds Price,OL:OL26099415W,Top Ten Books,5,
Reynolds Price,OL:OL267096W,Top Ten Books,3,
Reynolds Price,OL:OL39396W,Top Ten Books,8,
Reynolds Price,OL:OL43041145W,Top Ten Books,6,
Reynolds Price,OL:OL44927W,Top Ten Books,4,
Reynolds Price,OL:OL62979W,Top Ten Books,7,
Reynolds Price,OL:OL8721462W,Top Ten Books,2,
Richard Osman,OL:OL10426441W,Guardian Top 100,4,Author
Richard Osman,OL:OL112983W,Guardian Top 100,1,Author
Richard Osman,OL:OL134601W,Guardian Top 100,3,Author
Richard Osman,OL:OL16809803W,Guardian Top 100,6,Author
Richard Osman,OL:OL16810448W,Guardian Top 100,5,Author
Richard Osman,OL:OL20867W,Guardian Top 100,8,Author
Richard Osman,OL:OL228702W,Guardian Top 100,9,Author
Richard Osman,OL:OL26424W,Guardian Top 100,10,Author
Richard Osman,OL:OL274505W,Guardian Top 100,7,Author
Richard Osman,OL:OL59434W,Guardian Top 100,2,Author
Richard Powers,K:450eb07e587b,Top Ten Books,10,
Richard Powers,K:b57874a47c85,Top Ten Books,5,
Richard Powers,OL:OL102749W,Top Ten Books,25,
Richard Powers,OL:OL1190289W,Top Ten Books,35,
Richard Powers,OL:OL12791W,Top Ten Books,45,
Richard Powers,OL:OL14866824W,Top Ten Books,30,
Richard Powers,OL:OL27448W,Top Ten Books,15,
Richard Powers,OL:OL86318W,Top Ten Books,20,
Richard Powers,OL:OL8721462W,Top Ten Books,40,
Rick Moody,K:26a310599722,Top Ten Books,2,
Rick Moody,OL:OL102749W,Top Ten Books,5,
Rick Moody,OL:OL10432709W,Top Ten Books,6,
Rick Moody,OL:OL14866824W,Top Ten Books,10,
Rick Moody,OL:OL19350876W,Top Ten Books,7,
Rick Moody,OL:OL32013322W,Top Ten Books,4,
Rick Moody,OL:OL39396W,Top Ten Books,9,
Rick Moody,OL:OL44222301W,Top Ten Books,3,
Rick Moody,OL:OL86318W,Top Ten Books,8,
Rick Moody,OL:OL93082W,Top Ten Books,1,
Rishi Dastidar,OL:OL11927W,Guardian Top 100,1,
Rishi Dastidar,OL:OL16313W,Guardian Top 100,4,
Rishi Dastidar,OL:OL1707618W,Guardian Top 100,10,
Rishi Dastidar,OL:OL20867W,Guardian Top 100,3,
Rishi Dastidar,OL:OL267096W,Guardian Top 100,2,
Rishi Dastidar,OL:OL32013322W,Guardian Top 100,5,
Rishi Dastidar,OL:OL457179W,Guardian Top 100,7,
Rishi Dastidar,OL:OL464517W,Guardian Top 100,8,
Rishi Dastidar,OL:OL466942W,Guardian Top 100,9,
Rishi Dastidar,OL:OL754948W,Guardian Top 100,6,
Robb Forman Dew,K:11db7aaa5eac,Top Ten Books,4,
Robb Forman Dew,K:4d4b9f43727e,Top Ten Books,7,
Robb Forman Dew,K:addeb3f5ad0c,Top Ten Books,5,
Robb Forman Dew,K:c7f77816dbd2,Top Ten Books,1,
Robb Forman Dew,OL:OL151411W,Top Ten Books,9,
Robb Forman Dew,OL:OL15165350W,Top Ten Books,6,
Robb Forman Dew,OL:OL267171W,Top Ten Books,2,
Robb Forman Dew,OL:OL26733889W,Top Ten Books,8,
Robb Forman Dew,OL:OL276798W,Top Ten Books,10,
Robb Forman Dew,OL:OL468485W,Top Ten Books,3,
Robert B. Parker,K:04ef5684be62,Top Ten Books,7,
Robert B. Parker,K:a6094632e300,Top Ten Books,1,
Robert B. Parker,K:a7c3b274f87c,Top Ten Books,6,
Robert B. Parker,K:fbe28ea907ef,Top Ten Books,3,
Robert B. Parker,OL:OL1217995W,Top Ten Books,9,
Robert B. Parker,OL:OL15400582W,Top Ten Books,8,
Robert B. Parker,OL:OL276470W,Top Ten Books,10,
Robert B. Parker,OL:OL34381078W,Top Ten Books,2,
Robert B. Parker,OL:OL47266W,Top Ten Books,5,
Robert B. Parker,OL:OL53908W,Top Ten Books,4,
Robert Coover,K:0f8ff0529f09,Top Ten Books,10,
Robert Coover,K:58e8ae773c4c,Top Ten Books,5,
Robert Coover,K:6a405b4c5ae0,Top Ten Books,9,
Robert Coover,K:969b47058d9c,Top Ten Books,8,
Robert Coover,K:bc4aa7549271,Top Ten Books,5,
Robert Coover,K:daa94665cde4,Top Ten Books,2,
Robert Coover,K:ddf7db56b887,Top Ten Books,3,
Robert Coover,K:e0e175903a2c,Top Ten Books,1,
Robert Coover,K:ef6aa2e15e06,Top Ten Books,5,
Robert Coover,OL:OL102749W,Top Ten Books,6,
Robert Coover,OL:OL44222301W,Top Ten Books,4,
Robert Coover,OL:OL86318W,Top Ten Books,7,
Robert Goolrick,K:096e7d480771,Top Ten Books,8,
Robert Goolrick,K:0e16b3a111b7,Top Ten Books,3,
Robert Goolrick,K:3d8256fe2668,Top Ten Books,4,
Robert Goolrick,K:41363635176b,Top Ten Books,10,
Robert Goolrick,K:5fcc86b529ea,series_explode,,
Robert Goolrick,K:aa9d8baf7d95,Top Ten Books,6,
Robert Goolrick,OL:OL1190289W,Top Ten Books,1,
Robert Goolrick,OL:OL19350876W,Top Ten Books,5,
Robert Goolrick,OL:OL267096W,Top Ten Books,2,
Robert Goolrick,OL:OL3140822W,Top Ten Books,7,
Robert Goolrick,OL:OL42718662W,series_explode,,
Robert Goolrick,OL:OL463809W,series_explode,,
Robert Goolrick,OL:OL463820W,series_explode,,
Robert Morgan,K:13977efd1a72,Top Ten Books,3,
Robert Morgan,K:b88ea723aa90,Top Ten Books,9,
Robert Morgan,K:c99f3f06678b,Top Ten Books,1,
Robert Morgan,K:d2d9f9b0f145,Top Ten Books,2,
Robert Morgan,OL:OL20867W,Top Ten Books,5,
Robert Morgan,OL:OL23205W,Top Ten Books,10,
Robert Morgan,OL:OL267171W,Top Ten Books,4,
Robert Morgan,OL:OL40885W,Top Ten Books,7,
Robert Morgan,OL:OL53908W,Top Ten Books,8,
Robert Morgan,OL:OL8662242W,Top Ten Books,6,
Robert Pinsky,K:017afa232b50,Top Ten Books,6,
Robert Pinsky,K:1953ba5c8e84,Top Ten Books,8,
Robert Pinsky,K:450eb07e587b,Top Ten Books,2,
Robert Pinsky,K:bc4aa7549271,Top Ten Books,3,
Robert Pinsky,K:c254788e9d13,Top Ten Books,10,
Robert Pinsky,K:de8ae851971a,Top Ten Books,1,
Robert Pinsky,K:ef3be8623dfc,Top Ten Books,9,
Robert Pinsky,OL:OL151411W,Top Ten Books,7,
Robert Pinsky,OL:OL86318W,Top Ten Books,5,
Robert Pinsky,OL:OL93082W,Top Ten Books,4,
Robert Wilson,K:070d3b8bcaf9,Top Ten Books,3,
Robert Wilson,K:2ba7f9e2d3da,Top Ten Books,7,
Robert Wilson,K:79eacb04d3c3,Top Ten Books,10,
Robert Wilson,K:e196441b3ce0,Top Ten Books,1,
Robert Wilson,K:fa6d27467a77,Top Ten Books,5,
Robert Wilson,OL:OL274518W,Top Ten Books,9,
Robert Wilson,OL:OL34381078W,Top Ten Books,2,
Robert Wilson,OL:OL38663W,Top Ten Books,4,
Robert Wilson,OL:OL41368739W,Top Ten Books,6,
Robert Wilson,OL:OL953028W,Top Ten Books,8,
Ron Rash,K:3b04f3eef439,Top Ten Books,8,
Ron Rash,K:addeb3f5ad0c,Top Ten Books,1,
Ron Rash,K:d2d9f9b0f145,Top Ten Books,6,
Ron Rash,K:ee34a6c50dbf,Top Ten Books,3,
Ron Rash,K:fbe28ea907ef,Top Ten Books,2,
Ron Rash,OL:OL102749W,Top Ten Books,4,
Ron Rash,OL:OL166894W,Top Ten Books,5,
Ron Rash,OL:OL40885W,Top Ten Books,10,
Ron Rash,OL:OL82870W,Top Ten Books,9,
Ron Rash,OL:OL86318W,Top Ten Books,7,
Roxana Robinson,K:5ea8a38b90a2,Top Ten Books,6,
Roxana Robinson,K:5fcc86b529ea,series_explode,,
Roxana Robinson,K:6b584d1b9428,Top Ten Books,2,
Roxana Robinson,K:ac5b6d062e10,Top Ten Books,5,
Roxana Robinson,OL:OL103066W,Top Ten Books,9,
Roxana Robinson,OL:OL14867081W,Top Ten Books,4,
Roxana Robinson,OL:OL2386322W,Top Ten Books,7,
Roxana Robinson,OL:OL267171W,Top Ten Books,1,
Roxana Robinson,OL:OL39396W,Top Ten Books,3,
Roxana Robinson,OL:OL42718662W,series_explode,,
Roxana Robinson,OL:OL463809W,series_explode,,
Roxana Robinson,OL:OL463820W,series_explode,,
Roxana Robinson,OL:OL500451W,Top Ten Books,10,
Roxane Gay,OL:OL16607777W,Guardian Top 100,1,Author
Roxane Gay,OL:OL17762217W,Guardian Top 100,3,Author
Roxane Gay,OL:OL1815834W,Guardian Top 100,7,Author
Roxane Gay,OL:OL19663905W,Guardian Top 100,5,Author
Roxane Gay,OL:OL19721019W,Guardian Top 100,9,Author
Roxane Gay,OL:OL24314402W,Guardian Top 100,10,Author
Roxane Gay,OL:OL2980902W,Guardian Top 100,8,Author
Roxane Gay,OL:OL4112928W,Guardian Top 100,2,Author
Roxane Gay,OL:OL50548W,Guardian Top 100,6,Author
Roxane Gay,OL:OL98491W,Guardian Top 100,4,Author
Russell Banks,K:d3e96a7e3439,Top Ten Books,6,
Russell Banks,K:de8ae851971a,Top Ten Books,5,
Russell Banks,OL:OL102749W,Top Ten Books,2,
Russell Banks,OL:OL10432709W,Top Ten Books,9,
Russell Banks,OL:OL19350876W,Top Ten Books,8,
Russell Banks,OL:OL267171W,Top Ten Books,7,
Russell Banks,OL:OL274505W,Top Ten Books,10,
Russell Banks,OL:OL44222301W,Top Ten Books,1,
Russell Banks,OL:OL53908W,Top Ten Books,3,
Russell Banks,OL:OL82870W,Top Ten Books,4,
Saba Sams,OL:OL1052133W,Guardian Top 100,7,Author
Saba Sams,OL:OL11081469W,Guardian Top 100,6,Author
Saba Sams,OL:OL17351965W,Guardian Top 100,2,Author
Saba Sams,OL:OL1858668W,Guardian Top 100,10,Author
Saba Sams,OL:OL228715W,Guardian Top 100,9,Author
Saba Sams,OL:OL26437W,Guardian Top 100,3,Author
Saba Sams,OL:OL31259W,Guardian Top 100,4,Author
Saba Sams,OL:OL32028W,Guardian Top 100,1,Author
Saba Sams,OL:OL39396W,Guardian Top 100,5,Author
Saba Sams,OL:OL627084W,Guardian Top 100,8,Author
Salman Rushdie,OL:OL1190289W,Guardian Top 100,2,Author
Salman Rushdie,OL:OL274505W,Guardian Top 100,4,Author
Salman Rushdie,OL:OL44222301W,Guardian Top 100,7,Author
Salman Rushdie,OL:OL498463W,Guardian Top 100,3,Author
Salman Rushdie,OL:OL50548W,Guardian Top 100,6,Author
Salman Rushdie,OL:OL67334W,Guardian Top 100,5,Author
Salman Rushdie,OL:OL676009W,Guardian Top 100,9,Author
Salman Rushdie,OL:OL86318W,Guardian Top 100,1,Author
Salman Rushdie,OL:OL8721462W,Guardian Top 100,8,Author
Salman Rushdie,OL:OL98491W,Guardian Top 100,10,Author
Sam Leith,OL:OL102749W,Guardian Top 100,9,Author/Journalist
Sam Leith,OL:OL106073W,Guardian Top 100,4,Author/Journalist
Sam Leith,OL:OL20867W,Guardian Top 100,1,Author/Journalist
Sam Leith,OL:OL21784995W,Guardian Top 100,5,Author/Journalist
Sam Leith,OL:OL276365W,Guardian Top 100,3,Author/Journalist
Sam Leith,OL:OL32013322W,Guardian Top 100,7,Author/Journalist
Sam Leith,OL:OL34381078W,Guardian Top 100,8,Author/Journalist
Sam Leith,OL:OL38663W,Guardian Top 100,2,Author/Journalist
Sam Leith,OL:OL627084W,Guardian Top 100,10,Author/Journalist
Sam Leith,OL:OL98459W,Guardian Top 100,6,Author/Journalist
Samantha Ellis,OL:OL119436W,Guardian Top 100,10,Author
Samantha Ellis,OL:OL16520879W,Guardian Top 100,9,Author
Samantha Ellis,OL:OL1865528W,Guardian Top 100,5,Author
Samantha Ellis,OL:OL21170W,Guardian Top 100,1,Author
Samantha Ellis,OL:OL260101W,Guardian Top 100,2,Author
Samantha Ellis,OL:OL3032583W,Guardian Top 100,8,Author
Samantha Ellis,OL:OL40756300W,Guardian Top 100,7,Author
Samantha Ellis,OL:OL464512W,Guardian Top 100,6,Author
Samantha Ellis,OL:OL466987W,Guardian Top 100,3,Author
Samantha Ellis,OL:OL697429W,Guardian Top 100,4,Author
Samantha Harvey,OL:OL106084W,Guardian Top 100,7,Author
Samantha Harvey,OL:OL15202030W,Guardian Top 100,8,Author
Samantha Harvey,OL:OL17658187W,Guardian Top 100,6,Author
Samantha Harvey,OL:OL20877028W,Guardian Top 100,10,Author
Samantha Harvey,OL:OL25098381W,Guardian Top 100,3,Author
Samantha Harvey,OL:OL26733889W,Guardian Top 100,1,Author
Samantha Harvey,OL:OL2694535W,Guardian Top 100,2,Author
Samantha Harvey,OL:OL43226430W,Guardian Top 100,5,Author
Samantha Harvey,OL:OL44927W,Guardian Top 100,4,Author
Samantha Harvey,OL:OL500451W,Guardian Top 100,9,Author
Sandra Cisneros,K:03915260da83,Top Ten Books,4,
Sandra Cisneros,K:045279d14d64,Top Ten Books,10,
Sandra Cisneros,K:308cbc3a6913,Top Ten Books,7,
Sandra Cisneros,K:51b945ee82cf,Top Ten Books,6,
Sandra Cisneros,K:695a2abbc378,Top Ten Books,8,
Sandra Cisneros,K:cb2fc13975c7,Top Ten Books,2,
Sandra Cisneros,K:e17f60d00c46,Top Ten Books,9,
Sandra Cisneros,K:fbee4c090e26,Top Ten Books,3,
Sandra Cisneros,OL:OL1858631W,Top Ten Books,5,
Sandra Cisneros,OL:OL798425W,Top Ten Books,1,
Sandra Newman,OL:OL20867W,Guardian Top 100,2,Author
Sandra Newman,OL:OL26733889W,Guardian Top 100,4,Author
Sandra Newman,OL:OL2943602W,Guardian Top 100,7,Author
Sandra Newman,OL:OL32013322W,Guardian Top 100,1,Author
Sandra Newman,OL:OL3942386W,Guardian Top 100,3,Author
Sandra Newman,OL:OL464512W,Guardian Top 100,6,Author
Sandra Newman,OL:OL495470W,Guardian Top 100,5,Author
Sandra Newman,OL:OL505583W,Guardian Top 100,10,Author
Sandra Newman,OL:OL5703422W,Guardian Top 100,8,Author
Sandra Newman,OL:OL98491W,Guardian Top 100,9,Author
Sara Collins,OL:OL1168083W,Guardian Top 100,5,Author
Sara Collins,OL:OL15165350W,Guardian Top 100,3,Author
Sara Collins,OL:OL1846845W,Guardian Top 100,9,Author
Sara Collins,OL:OL1858668W,Guardian Top 100,4,Author
Sara Collins,OL:OL267096W,Guardian Top 100,8,Author
Sara Collins,OL:OL457179W,Guardian Top 100,6,Author
Sara Collins,OL:OL495470W,Guardian Top 100,10,Author
Sara Collins,OL:OL50548W,Guardian Top 100,1,Author
Sara Collins,OL:OL59048W,Guardian Top 100,7,Author
Sara Collins,OL:OL675783W,Guardian Top 100,2,Author
Sara Gruen,K:194791ccb5ba,Top Ten Books,10,
Sara Gruen,K:c539f3784713,Top Ten Books,1,
Sara Gruen,K:dc73aeed2ba3,Top Ten Books,4,
Sara Gruen,K:fd3d08694663,Top Ten Books,6,
Sara Gruen,OL:OL1095427W,Top Ten Books,5,
Sara Gruen,OL:OL166894W,Top Ten Books,8,
Sara Gruen,OL:OL23205W,Top Ten Books,7,
Sara Gruen,OL:OL2980902W,Top Ten Books,9,
Sara Gruen,OL:OL4082696W,Top Ten Books,2,
Sara Gruen,OL:OL62979W,Top Ten Books,3,
Sarah Bakewell,OL:OL1168083W,Guardian Top 100,6,Author
Sarah Bakewell,OL:OL1190289W,Guardian Top 100,2,Author
Sarah Bakewell,OL:OL14866824W,Guardian Top 100,1,Author
Sarah Bakewell,OL:OL151411W,Guardian Top 100,7,Author
Sarah Bakewell,OL:OL157104W,Guardian Top 100,5,Author
Sarah Bakewell,OL:OL20867W,Guardian Top 100,8,Author
Sarah Bakewell,OL:OL267171W,Guardian Top 100,4,Author
Sarah Bakewell,OL:OL2916988W,Guardian Top 100,10,Author
Sarah Bakewell,OL:OL32013322W,Guardian Top 100,3,Author
Sarah Bakewell,OL:OL88881W,Guardian Top 100,9,Author
Sarah Churchwell,OL:OL102749W,Guardian Top 100,10,Author/Academic/Journalist
Sarah Churchwell,OL:OL1095427W,Guardian Top 100,3,Author/Academic/Journalist
Sarah Churchwell,OL:OL14861047W,Guardian Top 100,2,Author/Academic/Journalist
Sarah Churchwell,OL:OL15165350W,Guardian Top 100,4,Author/Academic/Journalist
Sarah Churchwell,OL:OL190034W,Guardian Top 100,7,Author/Academic/Journalist
Sarah Churchwell,OL:OL21170W,Guardian Top 100,6,Author/Academic/Journalist
Sarah Churchwell,OL:OL276365W,Guardian Top 100,5,Author/Academic/Journalist
Sarah Churchwell,OL:OL34381078W,Guardian Top 100,1,Author/Academic/Journalist
Sarah Churchwell,OL:OL53908W,Guardian Top 100,9,Author/Academic/Journalist
Sarah Churchwell,OL:OL8662242W,Guardian Top 100,8,Author/Academic/Journalist
Sarah Crown,OL:OL115647W,Guardian Top 100,4,
Sarah Crown,OL:OL20867W,Guardian Top 100,1,
Sarah Crown,OL:OL23166W,Guardian Top 100,9,
Sarah Crown,OL:OL27494639W,Guardian Top 100,8,
Sarah Crown,OL:OL3140822W,Guardian Top 100,2,
Sarah Crown,OL:OL45865W,Guardian Top 100,10,
Sarah Crown,OL:OL55238W,Guardian Top 100,3,
Sarah Crown,OL:OL627081W,Guardian Top 100,7,
Sarah Crown,OL:OL74666W,Guardian Top 100,6,
Sarah Crown,OL:OL894246W,Guardian Top 100,5,
Sarah Moss,OL:OL1095427W,Guardian Top 100,5,Author/Academic
Sarah Moss,OL:OL12827W,Guardian Top 100,3,Author/Academic
Sarah Moss,OL:OL12996734W,Guardian Top 100,8,Author/Academic
Sarah Moss,OL:OL1518582W,Guardian Top 100,6,Author/Academic
Sarah Moss,OL:OL20867W,Guardian Top 100,2,Author/Academic
Sarah Moss,OL:OL2196010W,Guardian Top 100,4,Author/Academic
Sarah Moss,OL:OL26733889W,Guardian Top 100,7,Author/Academic
Sarah Moss,OL:OL40756300W,Guardian Top 100,10,Author/Academic
Sarah Moss,OL:OL464512W,Guardian Top 100,9,Author/Academic
Sarah Moss,OL:OL67238W,Guardian Top 100,1,Author/Academic
Sarah Waters,OL:OL14868508W,Guardian Top 100,1,Author
Sarah Waters,OL:OL1875010W,Guardian Top 100,3,Author
Sarah Waters,OL:OL26398W,Guardian Top 100,8,Author
Sarah Waters,OL:OL267096W,Guardian Top 100,4,Author
Sarah Waters,OL:OL27420W,Guardian Top 100,7,Author
Sarah Waters,OL:OL274505W,Guardian Top 100,9,Author
Sarah Waters,OL:OL40873W,Guardian Top 100,5,Author
Sarah Waters,OL:OL457179W,Guardian Top 100,2,Author
Sarah Waters,OL:OL46615W,Guardian Top 100,6,Author
Sarah Waters,OL:OL891786W,Guardian Top 100,10,Author
Sayaka Murata,OL:OL11334034W,Guardian Top 100,8,Author
Sayaka Murata,OL:OL11690127W,Guardian Top 100,7,Author
Sayaka Murata,OL:OL1230613W,Guardian Top 100,1,Author
Sayaka Murata,OL:OL17334243W,Guardian Top 100,2,Author
Sayaka Murata,OL:OL1845165W,Guardian Top 100,9,Author
Sayaka Murata,OL:OL25803691W,Guardian Top 100,10,Author
Sayaka Murata,OL:OL3923952W,Guardian Top 100,6,Author
Sayaka Murata,OL:OL498556W,Guardian Top 100,3,Author
Sayaka Murata,OL:OL59038W,Guardian Top 100,5,Author
Sayaka Murata,OL:OL9907660W,Guardian Top 100,4,Author
Scott Spencer,K:5fcc86b529ea,series_explode,,
Scott Spencer,K:bc4aa7549271,Top Ten Books,5,
Scott Spencer,K:c683eff1be4e,Top Ten Books,8,
Scott Spencer,OL:OL106084W,Top Ten Books,6,
Scott Spencer,OL:OL19350876W,Top Ten Books,2,
Scott Spencer,OL:OL267096W,Top Ten Books,9,
Scott Spencer,OL:OL42718662W,series_explode,,
Scott Spencer,OL:OL463809W,series_explode,,
Scott Spencer,OL:OL463820W,series_explode,,
Scott Spencer,OL:OL50564W,Top Ten Books,7,
Scott Spencer,OL:OL53908W,Top Ten Books,4,
Scott Spencer,OL:OL627084W,Top Ten Books,1,
Scott Spencer,OL:OL8721462W,Top Ten Books,3,
Scott Turow,K:4c91ce3a8a63,Top Ten Books,7,
Scott Turow,K:5fcc86b529ea,series_explode,,
Scott Turow,K:a6094632e300,Top Ten Books,8,
Scott Turow,K:ee0cb4357f1c,Top Ten Books,10,
Scott Turow,K:f4b1dfef3b9c,Top Ten Books,5,
Scott Turow,OL:OL15859552W,Top Ten Books,4,
Scott Turow,OL:OL267096W,Top Ten Books,2,
Scott Turow,OL:OL41225848W,Top Ten Books,1,
Scott Turow,OL:OL42718662W,series_explode,,
Scott Turow,OL:OL43161739W,Top Ten Books,6,
Scott Turow,OL:OL463809W,series_explode,,
Scott Turow,OL:OL463820W,series_explode,,
Scott Turow,OL:OL468485W,Top Ten Books,9,
Shahidha Bari,OL:OL1337129W,Guardian Top 100,10,Academic/Journalist
Shahidha Bari,OL:OL17616758W,Guardian Top 100,9,Academic/Journalist
Shahidha Bari,OL:OL21170W,Guardian Top 100,1,Academic/Journalist
Shahidha Bari,OL:OL228705W,Guardian Top 100,6,Academic/Journalist
Shahidha Bari,OL:OL39396W,Guardian Top 100,8,Academic/Journalist
Shahidha Bari,OL:OL40756300W,Guardian Top 100,7,Academic/Journalist
Shahidha Bari,OL:OL41368739W,Guardian Top 100,3,Academic/Journalist
Shahidha Bari,OL:OL43041145W,Guardian Top 100,2,Academic/Journalist
Shahidha Bari,OL:OL457179W,Guardian Top 100,4,Academic/Journalist
Shahidha Bari,OL:OL77746W,Guardian Top 100,5,Academic/Journalist
Sheila Heti,K:045ff572e567,Top Ten Books,10,
Sheila Heti,K:169fd6846378,Top Ten Books,4,
Sheila Heti,K:275b5f71a8ce,Top Ten Books,7,
Sheila Heti,K:6782b3c089d0,Top Ten Books,3,
Sheila Heti,K:77395a1b3d2c,Top Ten Books,9,
Sheila Heti,K:b21d24bb8eed,Top Ten Books,8,
Sheila Heti,K:c363338a638c,Top Ten Books,4,
Sheila Heti,OL:OL120601W,Top Ten Books,2,
Sheila Heti,OL:OL16520879W,Top Ten Books,4,
Sheila Heti,OL:OL166894W,Top Ten Books,6,
Sheila Heti,OL:OL17081245W,Top Ten Books,4,
Sheila Heti,OL:OL267096W,Top Ten Books,5,
Sheila Heti,OL:OL8193416W,Top Ten Books,1,
Sherman Alexie,K:6baf284ba2c5,Top Ten Books,3,
Sherman Alexie,K:936c038de83f,Top Ten Books,4,
Sherman Alexie,K:9ee9a85c69af,Top Ten Books,7,
Sherman Alexie,K:b76210de9d29,Top Ten Books,8,
Sherman Alexie,K:dd91428bf960,Top Ten Books,2,
Sherman Alexie,OL:OL23205W,Top Ten Books,9,
Sherman Alexie,OL:OL44222301W,Top Ten Books,5,
Sherman Alexie,OL:OL495470W,Top Ten Books,1,
Sherman Alexie,OL:OL50548W,Top Ten Books,10,
Sherman Alexie,OL:OL7972956W,Top Ten Books,6,
Sian Cain,OL:OL1168083W,Guardian Top 100,10,Journalist
Sian Cain,OL:OL15008W,Guardian Top 100,6,Journalist
Sian Cain,OL:OL20665410W,Guardian Top 100,2,Journalist
Sian Cain,OL:OL26860869W,Guardian Top 100,4,Journalist
Sian Cain,OL:OL276798W,Guardian Top 100,3,Journalist
Sian Cain,OL:OL37582070W,Guardian Top 100,7,Journalist
Sian Cain,OL:OL4321141W,Guardian Top 100,8,Journalist
Sian Cain,OL:OL59048W,Guardian Top 100,9,Journalist
Sian Cain,OL:OL675783W,Guardian Top 100,5,Journalist
Sian Cain,OL:OL98491W,Guardian Top 100,1,Journalist
Sinéad Gleeson,OL:OL112769W,Guardian Top 100,4,Author
Sinéad Gleeson,OL:OL159382W,Guardian Top 100,8,Author
Sinéad Gleeson,OL:OL166437W,Guardian Top 100,10,Author
Sinéad Gleeson,OL:OL26437W,Guardian Top 100,6,Author
Sinéad Gleeson,OL:OL27778127W,Guardian Top 100,3,Author
Sinéad Gleeson,OL:OL32028W,Guardian Top 100,7,Author
Sinéad Gleeson,OL:OL3846785W,Guardian Top 100,9,Author
Sinéad Gleeson,OL:OL39396W,Guardian Top 100,2,Author
Sinéad Gleeson,OL:OL457179W,Guardian Top 100,5,Author
Sinéad Gleeson,OL:OL86318W,Guardian Top 100,1,Author
Siri Hustvedt,K:655dc7057956,Top Ten Books,8,
Siri Hustvedt,K:7d6f4598f836,Top Ten Books,2,
Siri Hustvedt,K:b21d24bb8eed,Top Ten Books,4,
Siri Hustvedt,OL:OL102749W,Guardian Top 100,5,Author
Siri Hustvedt,OL:OL14868508W,Guardian Top 100,3,Author
Siri Hustvedt,OL:OL15165350W,Guardian Top 100,6,Author
Siri Hustvedt,OL:OL20867W,Guardian Top 100;Top Ten Books,3;4,Author
Siri Hustvedt,OL:OL21170W,Guardian Top 100;Top Ten Books,1,Author
Siri Hustvedt,OL:OL26099415W,Top Ten Books,9,
Siri Hustvedt,OL:OL39396W,Guardian Top 100;Top Ten Books,2;7,Author
Siri Hustvedt,OL:OL40756300W,Top Ten Books,5,
Siri Hustvedt,OL:OL41368739W,Top Ten Books,6,
Siri Hustvedt,OL:OL455305W,Guardian Top 100,7,Author
Siri Hustvedt,OL:OL500388W,Guardian Top 100,10,Author
Siri Hustvedt,OL:OL50548W,Guardian Top 100,9,Author
Siri Hustvedt,OL:OL505583W,Top Ten Books,10,
Siri Hustvedt,OL:OL86318W,Guardian Top 100,8,Author
Sophie Mackintosh,OL:OL106073W,Guardian Top 100,8,Author
Sophie Mackintosh,OL:OL1095427W,Guardian Top 100,3,Author
Sophie Mackintosh,OL:OL15196311W,Guardian Top 100,4,Author
Sophie Mackintosh,OL:OL17334243W,Guardian Top 100,9,Author
Sophie Mackintosh,OL:OL2009202W,Guardian Top 100,1,Author
Sophie Mackintosh,OL:OL228702W,Guardian Top 100,6,Author
Sophie Mackintosh,OL:OL50548W,Guardian Top 100,2,Author
Sophie Mackintosh,OL:OL697437W,Guardian Top 100,7,Author
Sophie Mackintosh,OL:OL86034W,Guardian Top 100,10,Author
Sophie Mackintosh,OL:OL953028W,Guardian Top 100,5,Author
Stanley Crawford,K:30ead11b9ea3,Top Ten Books,2,
Stanley Crawford,K:6b584d1b9428,Top Ten Books,6,
Stanley Crawford,K:969799e0bdc1,Top Ten Books,4,
Stanley Crawford,OL:OL1230613W,Top Ten Books,9,
Stanley Crawford,OL:OL190034W,Top Ten Books,3,
Stanley Crawford,OL:OL20600W,Top Ten Books,1,
Stanley Crawford,OL:OL20867W,Top Ten Books,5,
Stanley Crawford,OL:OL267171W,Top Ten Books,7,
Stanley Crawford,OL:OL276365W,Top Ten Books,8,
Stanley Crawford,OL:OL500451W,Top Ten Books,10,
Stephen King,K:5ea8a38b90a2,Top Ten Books,8,
Stephen King,K:5f36c5d443e5,Top Ten Books,1,
Stephen King,K:6e28afa38b7a,Top Ten Books,5,
Stephen King,K:9b6c22f83dd1,Top Ten Books,7,
Stephen King,OL:OL102749W,Guardian Top 100,1,Author
Stephen King,OL:OL11081469W,Guardian Top 100,4,Author
Stephen King,OL:OL118984W,Guardian Top 100,9,Author
Stephen King,OL:OL14868508W,Top Ten Books,6,
Stephen King,OL:OL1794911W,Guardian Top 100;Top Ten Books,10;4,Author
Stephen King,OL:OL19350876W,Guardian Top 100,8,Author
Stephen King,OL:OL19667678W,Guardian Top 100,6,Author
Stephen King,OL:OL40879W,Top Ten Books,10,
Stephen King,OL:OL457175W,Guardian Top 100;Top Ten Books,3;5,Author
Stephen King,OL:OL53908W,Guardian Top 100;Top Ten Books,2;7,Author
Stephen King,OL:OL82931W,Guardian Top 100;Top Ten Books,3;9,Author
Stephen King,OL:OL86318W,Guardian Top 100,2,Author
Steve Yarbrough,OL:OL102749W,Top Ten Books,3,
Steve Yarbrough,OL:OL1190289W,Top Ten Books,10,
Steve Yarbrough,OL:OL1434640W,Top Ten Books,8,
Steve Yarbrough,OL:OL15165350W,Top Ten Books,6,
Steve Yarbrough,OL:OL166894W,Top Ten Books,2,
Steve Yarbrough,OL:OL19350876W,Top Ten Books,7,
Steve Yarbrough,OL:OL267096W,Top Ten Books,1,
Steve Yarbrough,OL:OL274505W,Top Ten Books,5,
Steve Yarbrough,OL:OL39396W,Top Ten Books,9,
Steve Yarbrough,OL:OL82870W,Top Ten Books,4,
Steven Poole,OL:OL102749W,Guardian Top 100,3,Author/Journalist
Steven Poole,OL:OL10432709W,Guardian Top 100,1,Author/Journalist
Steven Poole,OL:OL1190289W,Guardian Top 100,2,Author/Journalist
Steven Poole,OL:OL15165350W,Guardian Top 100,5,Author/Journalist
Steven Poole,OL:OL20771W,Guardian Top 100,8,Author/Journalist
Steven Poole,OL:OL26860869W,Guardian Top 100,10,Author/Journalist
Steven Poole,OL:OL509889W,Guardian Top 100,6,Author/Journalist
Steven Poole,OL:OL545415W,Guardian Top 100,9,Author/Journalist
Steven Poole,OL:OL627081W,Guardian Top 100,4,Author/Journalist
Steven Poole,OL:OL63072W,Guardian Top 100,7,Author/Journalist
Stewart O'Nan,K:1e17977a66bd,Top Ten Books,10,
Stewart O'Nan,K:6b584d1b9428,Top Ten Books,3,
Stewart O'Nan,K:6d7a4faa0e0d,Top Ten Books,8,
Stewart O'Nan,K:addeb3f5ad0c,Top Ten Books,2,
Stewart O'Nan,K:ef6aa2e15e06,Top Ten Books,6,
Stewart O'Nan,K:fbe28ea907ef,Top Ten Books,1,
Stewart O'Nan,OL:OL151411W,Top Ten Books,9,
Stewart O'Nan,OL:OL267096W,Top Ten Books,4,
Stewart O'Nan,OL:OL38663W,Top Ten Books,5,
Stewart O'Nan,OL:OL39396W,Top Ten Books,7,
Stuart Kelly,OL:OL102749W,Guardian Top 100,3,
Stuart Kelly,OL:OL19341943W,Guardian Top 100,10,
Stuart Kelly,OL:OL20867W,Guardian Top 100,1,
Stuart Kelly,OL:OL21016756W,Guardian Top 100,6,
Stuart Kelly,OL:OL26427W,Guardian Top 100,8,
Stuart Kelly,OL:OL32013322W,Guardian Top 100,2,
Stuart Kelly,OL:OL32195W,Guardian Top 100,5,
Stuart Kelly,OL:OL3820668W,Guardian Top 100,7,
Stuart Kelly,OL:OL482454W,Guardian Top 100,9,
Stuart Kelly,OL:OL86318W,Guardian Top 100,4,
Sue Miller,K:0dc8a61b0116,Top Ten Books,6,
Sue Miller,K:231bca317353,Top Ten Books,5,
Sue Miller,K:6271ee36187d,Top Ten Books,4,
Sue Miller,K:8e2c404ad22c,Top Ten Books,10,
Sue Miller,K:baf4e47c178b,Top Ten Books,7,
Sue Miller,K:c4f21abbbc5f,Top Ten Books,1,
Sue Miller,K:d0df8db93983,Top Ten Books,3,
Sue Miller,OL:OL1095427W,Top Ten Books,9,
Sue Miller,OL:OL112623W,Top Ten Books,8,
Sue Miller,OL:OL20769W,Top Ten Books,2,
Sue Monk Kidd,K:0b4e8412f576,Top Ten Books,1,
Sue Monk Kidd,K:86720a12eae7,Top Ten Books,9,
Sue Monk Kidd,K:a66bfb050c76,Top Ten Books,7,
Sue Monk Kidd,K:ac0e26c055a2,Top Ten Books,2,
Sue Monk Kidd,OL:OL151411W,Top Ten Books,5,
Sue Monk Kidd,OL:OL1865528W,Top Ten Books,6,
Sue Monk Kidd,OL:OL21170W,Top Ten Books,4,
Sue Monk Kidd,OL:OL273644W,Top Ten Books,10,
Sue Monk Kidd,OL:OL3140822W,Top Ten Books,3,
Sue Monk Kidd,OL:OL455305W,Top Ten Books,8,
Sukhdev Sandhu,OL:OL103113W,Guardian Top 100,5,Author/Academic
Sukhdev Sandhu,OL:OL1057179W,Guardian Top 100,7,Author/Academic
Sukhdev Sandhu,OL:OL11728724W,Guardian Top 100,8,Author/Academic
Sukhdev Sandhu,OL:OL118986W,Guardian Top 100,4,Author/Academic
Sukhdev Sandhu,OL:OL1330246W,Guardian Top 100,6,Author/Academic
Sukhdev Sandhu,OL:OL1434640W,Guardian Top 100,2,Author/Academic
Sukhdev Sandhu,OL:OL1793164W,Guardian Top 100,1,Author/Academic
Sukhdev Sandhu,OL:OL32013322W,Guardian Top 100,9,Author/Academic
Sukhdev Sandhu,OL:OL44986W,Guardian Top 100,3,Author/Academic
Sukhdev Sandhu,OL:OL7922785W,Guardian Top 100,10,Author/Academic
Susan Minot,K:2ecba695b7ae,Top Ten Books,8,
Susan Minot,K:6b584d1b9428,Top Ten Books,10,
Susan Minot,K:751bbe356d28,Top Ten Books,9,
Susan Minot,OL:OL267096W,Top Ten Books,1,
Susan Minot,OL:OL39396W,Top Ten Books,2,
Susan Minot,OL:OL468485W,Top Ten Books,6,
Susan Minot,OL:OL627084W,Top Ten Books,3,
Susan Minot,OL:OL66530W,Top Ten Books,7,
Susan Minot,OL:OL82870W,Top Ten Books,4,
Susan Minot,OL:OL98491W,Top Ten Books,5,
Susan Vreeland,K:a138dd8423fd,Top Ten Books,8,
Susan Vreeland,K:fbe28ea907ef,Top Ten Books,2,
Susan Vreeland,OL:OL1209288W,Top Ten Books,5,
Susan Vreeland,OL:OL23205W,Top Ten Books,1,
Susan Vreeland,OL:OL26733889W,Top Ten Books,7,
Susan Vreeland,OL:OL3140822W,Top Ten Books,3,
Susan Vreeland,OL:OL34381078W,Top Ten Books,10,
Susan Vreeland,OL:OL41225848W,Top Ten Books,9,
Susan Vreeland,OL:OL53908W,Top Ten Books,4,
Susan Vreeland,OL:OL63072W,Top Ten Books,6,
Susanna Rustin,OL:OL1095427W,Guardian Top 100,8,Journalist
Susanna Rustin,OL:OL14868508W,Guardian Top 100,9,Journalist
Susanna Rustin,OL:OL16520879W,Guardian Top 100,10,Journalist
Susanna Rustin,OL:OL190034W,Guardian Top 100,2,Journalist
Susanna Rustin,OL:OL20883297W,Guardian Top 100,6,Journalist
Susanna Rustin,OL:OL26435W,Guardian Top 100,5,Journalist
Susanna Rustin,OL:OL26733889W,Guardian Top 100,1,Journalist
Susanna Rustin,OL:OL276365W,Guardian Top 100,3,Journalist
Susanna Rustin,OL:OL50548W,Guardian Top 100,7,Journalist
Susanna Rustin,OL:OL891786W,Guardian Top 100,4,Journalist
T.C. Boyle,K:01d151000e8d,Top Ten Books,3,
T.C. Boyle,K:1553218ce7b2,Top Ten Books,4,
T.C. Boyle,K:969b47058d9c,Top Ten Books,8,
T.C. Boyle,K:a63cc765d5fe,Top Ten Books,10,
T.C. Boyle,K:db767ae52941,Top Ten Books,5,
T.C. Boyle,K:dc60bff5362f,Top Ten Books,9,
T.C. Boyle,OL:OL1921196W,Top Ten Books,6,
T.C. Boyle,OL:OL26201952W,Top Ten Books,7,
T.C. Boyle,OL:OL479009W,Top Ten Books,1,
T.C. Boyle,OL:OL59048W,Top Ten Books,2,
Tahmima Anam,OL:OL10247572W,Guardian Top 100,8,Author
Tahmima Anam,OL:OL1095427W,Guardian Top 100,7,Author
Tahmima Anam,OL:OL12791W,Guardian Top 100,10,Author
Tahmima Anam,OL:OL17334243W,Guardian Top 100,9,Author
Tahmima Anam,OL:OL267096W,Guardian Top 100,3,Author
Tahmima Anam,OL:OL34381078W,Guardian Top 100,6,Author
Tahmima Anam,OL:OL40756300W,Guardian Top 100,5,Author
Tahmima Anam,OL:OL457179W,Guardian Top 100,1,Author
Tahmima Anam,OL:OL50548W,Guardian Top 100,2,Author
Tahmima Anam,OL:OL891786W,Guardian Top 100,4,Author
Tanjll Rashid,OL:OL102749W,Guardian Top 100,2,
Tanjll Rashid,OL:OL103095W,Guardian Top 100,3,
Tanjll Rashid,OL:OL10987860W,Guardian Top 100,4,
Tanjll Rashid,OL:OL14867079W,Guardian Top 100,5,
Tanjll Rashid,OL:OL2386322W,Guardian Top 100,6,
Tanjll Rashid,OL:OL24598751W,Guardian Top 100,7,
Tanjll Rashid,OL:OL457179W,Guardian Top 100,8,
Tanjll Rashid,OL:OL498463W,Guardian Top 100,1,
Tanjll Rashid,OL:OL74650W,Guardian Top 100,10,
Tanjll Rashid,OL:OL8640095W,Guardian Top 100,9,
Tessa Hadley,OL:OL1095427W,Guardian Top 100,3,Author
Tessa Hadley,OL:OL118276W,Guardian Top 100,6,Author
Tessa Hadley,OL:OL19350876W,Guardian Top 100,4,Author
Tessa Hadley,OL:OL20867W,Guardian Top 100,2,Author
Tessa Hadley,OL:OL267171W,Guardian Top 100,1,Author
Tessa Hadley,OL:OL276470W,Guardian Top 100,9,Author
Tessa Hadley,OL:OL40756300W,Guardian Top 100,5,Author
Tessa Hadley,OL:OL509919W,Guardian Top 100,7,Author
Tessa Hadley,OL:OL724067W,Guardian Top 100,10,Author
Tessa Hadley,OL:OL81293W,Guardian Top 100,8,Author
Thomas Keneally,K:a80f75f0262c,Top Ten Books,9,
Thomas Keneally,K:e3054b98467a,Top Ten Books,2,
Thomas Keneally,OL:OL21170W,Top Ten Books,1,
Thomas Keneally,OL:OL267171W,Top Ten Books,5,
Thomas Keneally,OL:OL26733889W,Top Ten Books,7,
Thomas Keneally,OL:OL34381078W,Top Ten Books,8,
Thomas Keneally,OL:OL41225848W,Top Ten Books,6,
Thomas Keneally,OL:OL455305W,Top Ten Books,3,
Thomas Keneally,OL:OL67334W,Top Ten Books,10,
Thomas Keneally,OL:OL8721462W,Top Ten Books,4,
Thomas Mallon,K:5fcc86b529ea,series_explode,,
Thomas Mallon,K:95fdf062893b,Top Ten Books,6,
Thomas Mallon,K:c04a7bb2098d,Top Ten Books,9,
Thomas Mallon,OL:OL16313W,Top Ten Books,1,
Thomas Mallon,OL:OL166894W,Top Ten Books,4,
Thomas Mallon,OL:OL19350876W,Top Ten Books,3,
Thomas Mallon,OL:OL26099415W,Top Ten Books,7,
Thomas Mallon,OL:OL32013322W,Top Ten Books,2,
Thomas Mallon,OL:OL39329W,Top Ten Books,8,
Thomas Mallon,OL:OL42718662W,series_explode,,
Thomas Mallon,OL:OL44986W,Top Ten Books,5,
Thomas Mallon,OL:OL463809W,series_explode,,
Thomas Mallon,OL:OL463820W,series_explode,,
Tom Bissell,K:4a1582700162,Top Ten Books,9,
Tom Bissell,K:79eacb04d3c3,Top Ten Books,5,
Tom Bissell,K:7b543bc3522c,Top Ten Books,6,
Tom Bissell,K:a6471b33c355,Top Ten Books,8,
Tom Bissell,K:ae7bc4876491,Top Ten Books,7,
Tom Bissell,K:e0f9a8053cb0,Top Ten Books,3,
Tom Bissell,K:f529982965ab,Top Ten Books,10,
Tom Bissell,OL:OL20867W,Top Ten Books,1,
Tom Bissell,OL:OL40879W,Top Ten Books,4,
Tom Bissell,OL:OL86318W,Top Ten Books,2,
Tom Crewe,OL:OL1063588W,Guardian Top 100,8,Author
Tom Crewe,OL:OL17644895W,Guardian Top 100,4,Author
Tom Crewe,OL:OL20867W,Guardian Top 100,5,Author
Tom Crewe,OL:OL267096W,Guardian Top 100,2,Author
Tom Crewe,OL:OL276470W,Guardian Top 100,10,Author
Tom Crewe,OL:OL28556190W,Guardian Top 100,7,Author
Tom Crewe,OL:OL41016555W,Guardian Top 100,9,Author
Tom Crewe,OL:OL43115667W,Guardian Top 100,1,Author
Tom Crewe,OL:OL66530W,Guardian Top 100,6,Author
Tom Crewe,OL:OL733640W,Guardian Top 100,3,Author
Tom LeClair,K:028967a6b1e9,Top Ten Books,10,
Tom LeClair,K:2953c272b0db,Top Ten Books,5,
Tom LeClair,K:c60a0eea87b7,Top Ten Books,9,
Tom LeClair,K:d2d9f9b0f145,Top Ten Books,2,
Tom LeClair,K:ff6d975a1944,Top Ten Books,7,
Tom LeClair,OL:OL102749W,Top Ten Books,3,
Tom LeClair,OL:OL19667678W,Top Ten Books,6,
Tom LeClair,OL:OL2636675W,Top Ten Books,1,
Tom LeClair,OL:OL32195W,Top Ten Books,8,
Tom LeClair,OL:OL86318W,Top Ten Books,4,
Tom Perrotta,K:132c540db579,Top Ten Books,7,
Tom Perrotta,K:5fcc86b529ea,series_explode,,
Tom Perrotta,K:a1f43a005993,Top Ten Books,3,
Tom Perrotta,K:a7d082925dfc,Top Ten Books,10,
Tom Perrotta,OL:OL12791W,Top Ten Books,6,
Tom Perrotta,OL:OL267096W,Top Ten Books,2,
Tom Perrotta,OL:OL34381078W,Top Ten Books,8,
Tom Perrotta,OL:OL42718662W,series_explode,,
Tom Perrotta,OL:OL44222301W,Top Ten Books,1,
Tom Perrotta,OL:OL463809W,series_explode,,
Tom Perrotta,OL:OL463820W,series_explode,,
Tom Perrotta,OL:OL509889W,Top Ten Books,5,
Tom Perrotta,OL:OL88881W,Top Ten Books,4,
Tom Wolfe,K:06f29fad4727,Top Ten Books,6,
Tom Wolfe,K:132c540db579,Top Ten Books,7,
Tom Wolfe,K:3d8256fe2668,Top Ten Books,6,
Tom Wolfe,K:492220bfdfb3,Top Ten Books,1,
Tom Wolfe,K:8c937ec47a21,Top Ten Books,8,
Tom Wolfe,K:dc87d80d15af,Top Ten Books,9,
Tom Wolfe,K:f2fd0db8a049,Top Ten Books,3,
Tom Wolfe,OL:OL118984W,Top Ten Books,1,
Tom Wolfe,OL:OL17644895W,Top Ten Books,2,
Tom Wolfe,OL:OL23205W,Top Ten Books,5,
Tom Wolfe,OL:OL267096W,Top Ten Books,4,
Tom Wolfe,OL:OL5721561W,Top Ten Books,10,
Troy Jollimore,K:2bd4e83e8ced,Top Ten Books,4,
Troy Jollimore,K:46174f5902ed,Top Ten Books,3,
Troy Jollimore,K:46995cafc66f,Top Ten Books,5,
Troy Jollimore,K:8d2e8c06fc69,Top Ten Books,6,
Troy Jollimore,K:9305502d9df8,Top Ten Books,7,
Troy Jollimore,K:a3b2c0f514f1,Top Ten Books,1,
Troy Jollimore,K:a7499dcf0afb,Top Ten Books,8,
Troy Jollimore,K:dd748adf6a89,Top Ten Books,2,
Troy Jollimore,K:e1f9510c3e82,Top Ten Books,10,
Troy Jollimore,OL:OL1875010W,Top Ten Books,9,
Uzma Aslam Khan,OL:OL1052133W,Guardian Top 100,2,Author/Academic
Uzma Aslam Khan,OL:OL19670981W,Guardian Top 100,4,Author/Academic
Uzma Aslam Khan,OL:OL20801026W,Guardian Top 100,9,Author/Academic
Uzma Aslam Khan,OL:OL21364937W,Guardian Top 100,6,Author/Academic
Uzma Aslam Khan,OL:OL39379W,Guardian Top 100,10,Author/Academic
Uzma Aslam Khan,OL:OL4112928W,Guardian Top 100,3,Author/Academic
Uzma Aslam Khan,OL:OL50548W,Guardian Top 100,8,Author/Academic
Uzma Aslam Khan,OL:OL53071W,Guardian Top 100,5,Author/Academic
Uzma Aslam Khan,OL:OL698192W,Guardian Top 100,1,Author/Academic
Uzma Aslam Khan,OL:OL7972956W,Guardian Top 100,7,Author/Academic
Valeria Luiselli,OL:OL1168083W,Guardian Top 100,8,Author
Valeria Luiselli,OL:OL1437339W,Guardian Top 100,5,Author
Valeria Luiselli,OL:OL1731119W,Guardian Top 100,2,Author
Valeria Luiselli,OL:OL2276498W,Guardian Top 100,6,Author
Valeria Luiselli,OL:OL274505W,Guardian Top 100,3,Author
Valeria Luiselli,OL:OL37487420W,Guardian Top 100,7,Author
Valeria Luiselli,OL:OL40873W,Guardian Top 100,1,Author
Valeria Luiselli,OL:OL4100647W,Guardian Top 100,10,Author
Valeria Luiselli,OL:OL500451W,Guardian Top 100,4,Author
Valeria Luiselli,OL:OL86318W,Guardian Top 100,9,Author
Valerie Martin,K:1805d8e86b3f,Top Ten Books,5,
Valerie Martin,K:6b584d1b9428,Top Ten Books,6,
Valerie Martin,K:9582f8788134,Top Ten Books,10,
Valerie Martin,K:fbe28ea907ef,Top Ten Books,1,
Valerie Martin,OL:OL19350876W,Top Ten Books,2,
Valerie Martin,OL:OL276365W,Top Ten Books,8,
Valerie Martin,OL:OL40756300W,Top Ten Books,7,
Valerie Martin,OL:OL500451W,Top Ten Books,9,
Valerie Martin,OL:OL627084W,Top Ten Books,3,
Valerie Martin,OL:OL668682W,Top Ten Books,4,
Vendela Vida,K:0bcd22fa5600,Top Ten Books,7,
Vendela Vida,K:338581d02713,Top Ten Books,9,
Vendela Vida,OL:OL1150725W,Top Ten Books,4,
Vendela Vida,OL:OL166894W,Top Ten Books,2,
Vendela Vida,OL:OL26733889W,Top Ten Books,5,
Vendela Vida,OL:OL34381078W,Top Ten Books,8,
Vendela Vida,OL:OL627081W,Top Ten Books,3,
Vendela Vida,OL:OL7180368W,Top Ten Books,6,
Vendela Vida,OL:OL93082W,Top Ten Books,1,
Vendela Vida,OL:OL953028W,Top Ten Books,10,
Wally Lamb,K:132c540db579,Top Ten Books,6,
Wally Lamb,K:312f2e675a9c,Top Ten Books,4,
Wally Lamb,K:3b04f3eef439,Top Ten Books,9,
Wally Lamb,K:bc4aa7549271,Top Ten Books,3,
Wally Lamb,K:de8ae851971a,Top Ten Books,1,
Wally Lamb,OL:OL23205W,Top Ten Books,8,
Wally Lamb,OL:OL274505W,Top Ten Books,10,
Wally Lamb,OL:OL34381078W,Top Ten Books,7,
Wally Lamb,OL:OL44222301W,Top Ten Books,2,
Wally Lamb,OL:OL53908W,Top Ten Books,5,
Walter Kirn,K:2484db8decc1,Top Ten Books,7,
Walter Kirn,K:2b69cf0b1a11,Top Ten Books,6,
Walter Kirn,K:3b04f3eef439,Top Ten Books,1,
Walter Kirn,K:5610cd9f092e,Top Ten Books,2,
Walter Kirn,K:ab3d90b147f7,Top Ten Books,3,
Walter Kirn,K:f5a6ea3da198,Top Ten Books,8,
Walter Kirn,OL:OL505439W,Top Ten Books,4,
Walter Kirn,OL:OL53908W,Top Ten Books,9,
Walter Kirn,OL:OL627084W,Top Ten Books,5,
Walter Kirn,OL:OL74676W,Top Ten Books,10,
William Boyd,K:3b88c3e85b6a,Top Ten Books,8,
William Boyd,K:9104123dca5b,Top Ten Books,9,
William Boyd,K:aa9d8baf7d95,Top Ten Books,10,
William Boyd,K:ca1e830c3408,Top Ten Books,5,
William Boyd,K:ecda3b6d23cc,Top Ten Books,1,
William Boyd,OL:OL1190289W,Guardian Top 100,2,Author
William Boyd,OL:OL190034W,Guardian Top 100,3,Author
William Boyd,OL:OL20938W,Guardian Top 100,7,Author
William Boyd,OL:OL21170W,Guardian Top 100,10,Author
William Boyd,OL:OL26424W,Top Ten Books,3,
William Boyd,OL:OL32013322W,Guardian Top 100,8,Author
William Boyd,OL:OL41368739W,Guardian Top 100;Top Ten Books,4;5,Author
William Boyd,OL:OL463834W,Top Ten Books,7,
William Boyd,OL:OL498463W,Guardian Top 100,9,Author
William Boyd,OL:OL5721472W,Guardian Top 100;Top Ten Books,6,Author
William Boyd,OL:OL627081W,Guardian Top 100;Top Ten Books,2;4,Author
William Boyd,OL:OL86318W,Guardian Top 100,1,Author
Xan Brooks,OL:OL12791W,Guardian Top 100,5,Author/Journalist
Xan Brooks,OL:OL14868508W,Guardian Top 100,6,Author/Journalist
Xan Brooks,OL:OL1937850W,Guardian Top 100,8,Author/Journalist
Xan Brooks,OL:OL20867W,Guardian Top 100,4,Author/Journalist
Xan Brooks,OL:OL23199W,Guardian Top 100,1,Author/Journalist
Xan Brooks,OL:OL34381078W,Guardian Top 100,2,Author/Journalist
Xan Brooks,OL:OL40879W,Guardian Top 100,9,Author/Journalist
Xan Brooks,OL:OL495470W,Guardian Top 100,7,Author/Journalist
Xan Brooks,OL:OL59798W,Guardian Top 100,10,Author/Journalist
Xan Brooks,OL:OL627081W,Guardian Top 100,3,Author/Journalist
Yael van der Wouden,OL:OL15165350W,Guardian Top 100,1,Author
Yael van der Wouden,OL:OL1835957W,Guardian Top 100,9,Author
Yael van der Wouden,OL:OL2056818W,Guardian Top 100,5,Author
Yael van der Wouden,OL:OL27052926W,Guardian Top 100,7,Author
Yael van der Wouden,OL:OL28856510W,Guardian Top 100,6,Author
Yael van der Wouden,OL:OL35616W,Guardian Top 100,2,Author
Yael van der Wouden,OL:OL42396177W,Guardian Top 100,10,Author
Yael van der Wouden,OL:OL479009W,Guardian Top 100,8,Author
Yael van der Wouden,OL:OL50548W,Guardian Top 100,4,Author
Yael van der Wouden,OL:OL88877W,Guardian Top 100,3,Author
Yagnishsing Dawoor,OL:OL1052133W,Guardian Top 100,4,
Yagnishsing Dawoor,OL:OL274505W,Guardian Top 100,1,
Yagnishsing Dawoor,OL:OL27871634W,Guardian Top 100,10,
Yagnishsing Dawoor,OL:OL3958403W,Guardian Top 100,8,
Yagnishsing Dawoor,OL:OL457179W,Guardian Top 100,2,
Yagnishsing Dawoor,OL:OL481143W,Guardian Top 100,7,
Yagnishsing Dawoor,OL:OL500388W,Guardian Top 100,5,
Yagnishsing Dawoor,OL:OL50548W,Guardian Top 100,3,
Yagnishsing Dawoor,OL:OL5731542W,Guardian Top 100,6,
Yagnishsing Dawoor,OL:OL59048W,Guardian Top 100,9,
Yan Lianke,OL:OL10432709W,Guardian Top 100,4,Author/Academic
Yan Lianke,OL:OL1190289W,Guardian Top 100,9,Author/Academic
Yan Lianke,OL:OL15165350W,Guardian Top 100,10,Author/Academic
Yan Lianke,OL:OL1731119W,Guardian Top 100,7,Author/Academic
Yan Lianke,OL:OL19350876W,Guardian Top 100,5,Author/Academic
Yan Lianke,OL:OL19926957W,Guardian Top 100,2,Author/Academic
Yan Lianke,OL:OL267171W,Guardian Top 100,3,Author/Academic
Yan Lianke,OL:OL44222301W,Guardian Top 100,1,Author/Academic
Yan Lianke,OL:OL498434W,Guardian Top 100,8,Author/Academic
Yan Lianke,OL:OL86318W,Guardian Top 100,6,Author/Academic
Yiyun Li,OL:OL102749W,Guardian Top 100,3,Author/Academic
Yiyun Li,OL:OL103066W,Guardian Top 100,8,Author/Academic
Yiyun Li,OL:OL1863366W,Guardian Top 100,7,Author/Academic
Yiyun Li,OL:OL1875010W,Guardian Top 100,9,Author/Academic
Yiyun Li,OL:OL20867W,Guardian Top 100,1,Author/Academic
Yiyun Li,OL:OL267171W,Guardian Top 100,4,Author/Academic
Yiyun Li,OL:OL39396W,Guardian Top 100,5,Author/Academic
Yiyun Li,OL:OL40756300W,Guardian Top 100,2,Author/Academic
Yiyun Li,OL:OL481143W,Guardian Top 100,10,Author/Academic
Yiyun Li,OL:OL63072W,Guardian Top 100,6,Author/Academic
